fecha,apertura,maximo,minimo,cierre,volumen
1993-01-29,24.070643239136608,24.070643239136608,23.950888795160804,24.05353546142578,1003200
1993-02-01,24.070629924030627,24.224599838256836,24.070629924030627,24.224599838256836,480500
1993-02-02,24.20749740923182,24.293036269335115,24.156174093169845,24.275928497314453,201300
1993-02-03,24.310161063860647,24.549670039859276,24.293053279860747,24.532562255859375,529400
1993-02-04,24.618088910314775,24.68652001221975,24.344364502694873,24.635196685791016,531500
1993-02-05,24.618080139160153,24.669403447302948,24.481217984112703,24.618080139160156,492100
1993-02-08,24.618080139160153,24.70361898606481,24.583864600398293,24.618080139160156,596100
1993-02-09,24.532543171695096,24.532543171695096,24.39568100616263,24.447004318237305,122100
1993-02-10,24.447027559633607,24.498350920500577,24.378596411810978,24.481243133544922,379600
1993-02-11,24.515443783310424,24.703629325261865,24.515443783310424,24.600982666015625,19500
1993-02-12,24.566769841173436,24.566769841173436,24.412799835205078,24.412799835205078,42500
1993-02-16,24.344361903768576,24.344361903768576,23.76269759967291,23.796913146972656,374800
1993-02-17,23.796921546167606,23.831137105543835,23.694274868038917,23.779813766479492,210900
1993-02-18,24.05352743655508,24.05352743655508,23.437647644438446,23.7626953125,378100
1993-02-19,23.762689615082706,23.848228454589844,23.728474079279852,23.848228454589844,34900
1993-02-22,23.91666908073289,23.967992404940475,23.84823798178945,23.93377685546875,513600
1993-02-23,24.00221255033654,24.019320328348183,23.796919214196812,23.91667366027832,373700
1993-02-24,23.933767778051777,24.224599838256836,23.933767778051777,24.224599838256836,26300
1993-02-25,24.20749740923182,24.293036269335115,24.156174093169845,24.275928497314453,44500
1993-02-26,24.327252196728722,24.327252196728722,24.190390018406763,24.310144424438477,66200
1993-03-01,24.39569019379545,24.39569019379545,24.20750464531596,24.24172019958496,66500
1993-03-02,24.25882713519482,24.600982666015625,24.224611582112743,24.600982666015625,182400
1993-03-03,24.635191729854682,24.720730590027788,24.600976185785438,24.703622817993164,280100
1993-03-04,24.737848342959264,24.737848342959264,24.56677055358887,24.566770553588867,89500
1993-03-05,24.600983454528468,24.703630117064748,24.481229014902805,24.498336791992188,40000
1993-03-08,24.549652885218133,25.04577827453613,24.549652885218133,25.045778274536133,50800
1993-03-09,24.99445495448593,25.011562726528698,24.908916094272083,24.96023941040039,169300
1993-03-10,24.96023332175739,25.01155662536621,24.857586714539742,25.01155662536621,194400
1993-03-11,25.02867317722985,25.09710427272467,24.90891876011392,24.943134307861328,70900
1993-03-12,24.73784868236391,24.75495646153567,24.5325553323028,24.686525344848633,643600
1993-03-15,24.669404623097385,24.80626678466797,24.669404623097385,24.80626678466797,310800
1993-03-16,24.80626678466797,24.87469786545326,24.80626678466797,24.80626678466797,30800
1993-03-17,24.77206195352145,24.77206195352145,24.618091955191556,24.652307510375977,21800
1993-03-18,24.754943474079,24.908913405845905,24.754943474079,24.80626678466797,59300
1993-03-19,24.906250235605867,24.906250235605867,24.768741607666016,24.768741607666016,66900
1993-03-22,24.528092246578026,24.682789394594288,24.51090367457622,24.631223678588867,183400
1993-03-23,24.699979329175605,24.71716790212562,24.648413610325548,24.682790756225586,55200
1993-03-24,24.648413610325548,24.785922193925693,24.528093599675426,24.682790756225586,37200
1993-03-25,24.699972002234013,24.88904624859767,24.66559486653153,24.837480545043945,110100
1993-03-26,24.82028637848219,24.837474942456208,24.682777866690046,24.699966430664062,101500
1993-03-29,24.717174863121365,24.923437796610557,24.717174863121365,24.803117752075195,87100
1993-03-30,24.837477650408424,24.87185478210449,24.803100518712355,24.871854782104492,56000
1993-03-31,24.940614325706722,25.009368603654917,24.854671478271484,24.854671478271484,111600
1993-04-01,24.889061657113388,24.889061657113388,24.71717587218857,24.768741607666016,129500
1993-04-02,24.562457346223418,24.562457346223418,24.253063201904297,24.253063201904297,59400
1993-04-05,24.442152122852665,24.442152122852665,24.30464353144421,24.373397827148438,172200
1993-04-06,24.4249636489566,24.4249636489566,24.23588933499564,24.304643630981445,129700
1993-04-07,24.339017323661306,24.390583038330078,24.28745160899253,24.390583038330078,28000
1993-04-08,24.49371547200937,24.49371547200937,24.25307546035454,24.3562068939209,180800
1993-04-12,24.596835046819955,24.717154994638083,24.562457918871917,24.699966430664062,348500
1993-04-13,24.682786856757268,24.837483988867866,24.66559828652276,24.751541137695312,146100
1993-04-14,24.76873452872328,24.78592310230324,24.699980234403437,24.7171688079834,119600
1993-04-15,24.699980234403437,24.76873452872328,24.61403736650363,24.7171688079834,148600
1993-04-16,24.734357381563356,24.76873452872328,24.682791660823476,24.7171688079834,47900
1993-04-19,24.717169913499713,24.785924210894706,24.59684989305848,24.614038467407227,157000
1993-04-20,24.579663889031664,24.614041041324015,24.3390238229852,24.49372100830078,279500
1993-04-21,24.545280547624223,24.545280547624223,24.40777197312773,24.476526260375977,67900
1993-04-22,24.373398128308747,24.579661017970036,24.16713523864746,24.16713523864746,97700
1993-04-23,24.11555915423802,24.184313421249392,24.02961632047381,24.063993453979492,106000
1993-04-26,24.081186545847817,24.167129395761624,23.806169426123645,23.874923706054688,62600
1993-04-27,23.840545784713875,24.13275146484375,23.840545784713875,24.13275146484375,156800
1993-04-28,24.098371046938954,24.14993674818062,24.046805345697287,24.0811824798584,85900
1993-04-29,24.13276425099322,24.184329986572266,23.99525562278243,24.184329986572266,85000
1993-04-30,24.270262307355893,24.356205162551912,24.21869659423828,24.21869659423828,88500
1993-05-03,24.253077809666042,24.373397827148438,24.149946366109702,24.373397827148438,80500
1993-05-04,24.424958186843238,24.54527817791143,24.39058104653804,24.459335327148438,149100
1993-05-05,24.45934665495479,24.614043857972774,24.45934665495479,24.528100967407227,109000
1993-05-06,24.493733035864203,24.510921620450777,24.42497869751792,24.442167282104492,54700
1993-05-07,24.45933732455511,24.45933732455511,24.356205895217563,24.390583038330078,68000
1993-05-10,24.42497869751792,24.57967595879706,24.42497869751792,24.442167282104492,113900
1993-05-11,24.442152824722417,24.545284271240234,24.373398527043875,24.545284271240234,42600
1993-05-12,24.442159532330315,24.528102428013614,24.442159532330315,24.510913848876953,31000
1993-05-13,24.407770875669524,24.407770875669524,24.201508023199075,24.21869659423828,129100
1993-05-14,24.21869613907554,24.287450421940196,24.18431899764321,24.201507568359375,63500
1993-05-17,24.27026793742467,24.287456512451175,24.16713648726564,24.287456512451172,34000
1993-05-18,24.304640815886152,24.32182938789173,24.184320811847112,24.270263671875,105200
1993-05-19,24.270272831384048,24.768741607666016,24.115575624951713,24.768741607666016,50200
1993-05-20,24.76872627363898,24.837480545043945,24.717160570085255,24.837480545043945,98200
1993-05-21,24.854678508289698,24.889055656987196,24.59684989305848,24.614038467407227,221400
1993-05-24,24.665603087243515,24.803111675883198,24.665603087243515,24.7171688079834,30500
1993-05-25,24.82030734314346,24.82030734314346,24.768741607666016,24.768741607666016,191800
1993-05-26,24.83748689590046,25.09531547959493,24.820298323654164,25.078126907348633,102400
1993-05-27,25.11249602316498,25.11249602316498,24.957798922406266,24.992176055908203,53800
1993-05-28,24.97498617719269,24.97498617719269,24.751534821168256,24.871854782104492,79100
1993-06-01,24.957800220904655,25.19844016793817,24.92342308561415,25.112497329711914,28300
1993-06-02,25.043749762856038,25.164069768580124,24.94061832937825,25.078126907348633,20300
1993-06-03,25.026553189410137,25.026553189410137,24.940610355655295,24.992176055908203,21600
1993-06-04,24.923429035005114,24.923429035005114,24.80310903276716,24.906240463256836,32000
1993-06-07,24.957803895268743,24.957803895268743,24.820295333862305,24.820295333862305,121400
1993-06-08,24.75155620454992,24.75155620454992,24.596858978271484,24.596858978271484,104500
1993-06-09,24.682790756225586,24.785922193925693,24.648413610325548,24.682790756225586,43300
1993-06-10,24.66558930271603,24.717154994638083,24.61402361079397,24.699966430664062,17900
1993-06-11,24.78592917428443,24.837494907656726,24.6999862853306,24.803117752075195,647400
1993-06-14,24.83749592163594,24.854684500128425,24.768741607666016,24.768741607666016,64200
1993-06-15,24.803111675883198,24.82030024946316,24.717168807983395,24.7171688079834,142400
1993-06-16,24.71717587218857,24.768741607666016,24.648421558218644,24.768741607666016,330900
1993-06-17,24.820294339297387,24.854671478271484,24.768728630836243,24.854671478271484,37400
1993-06-18,24.84042355183805,24.84042355183805,24.65000915527344,24.650009155273438,58500
1993-06-21,24.719235666832393,24.719235666832393,24.667304499465097,24.70192527770996,29300
1993-06-22,24.736552489571878,24.736552489571878,24.68462130869804,24.719242095947266,137500
1993-06-23,24.71924442790001,24.71924442790001,24.49420928955078,24.49420928955078,227600
1993-06-24,24.563454612029645,24.823110580444336,24.563454612029645,24.823110580444336,243700
1993-06-25,24.805788040161133,24.875029597844765,24.788477650740223,24.805788040161133,44800
1993-06-28,24.926972004197403,25.082765579223636,24.892351209747126,25.082765579223633,439900
1993-06-29,25.048126477308973,25.048126477308973,24.926953785297112,24.96157455444336,207500
1993-06-30,24.996195323589603,25.048126477308973,24.926953785297112,24.96157455444336,437600
1993-07-01,24.99620587238848,24.99620587238848,24.857722737361396,24.892343521118164,605700
1993-07-02,24.805787826751498,24.823098216023478,24.667304712575632,24.753856658935547,285400
1993-07-06,24.71924442790001,24.78848600893054,24.459588499035515,24.49420928955078,246400
1993-07-07,24.476894085637444,24.59806682863565,24.476894085637444,24.563446044921875,343700
1993-07-08,24.580748714221063,24.892335669753443,24.546127941384132,24.840404510498047,248200
1993-07-09,24.840413047838247,24.90965461730957,24.78848187073475,24.90965461730957,378200
1993-07-12,24.87503312923978,24.90965391299655,24.84041234548301,24.892343521118164,373700
1993-07-13,24.909653207703272,24.978894773256304,24.73654929382069,24.875032424926758,389600
1993-07-14,24.892333016150868,25.03081609273585,24.875022631577743,24.96157455444336,617300
1993-07-15,24.944279025192046,24.944279025192046,24.80579586613477,24.85772705078125,443800
1993-07-16,24.87504037265671,24.892350769575746,24.753867594223447,24.788488388061523,216400
1993-07-19,24.788489596982004,24.788489596982004,24.701937608165725,24.77117919921875,188200
1993-07-20,24.753852578405716,24.840404510498047,24.63267987347646,24.840404510498047,68500
1993-07-21,24.805800182550023,24.823110580444336,24.736558590972773,24.823110580444336,142700
1993-07-22,24.788492352774977,24.82311315215036,24.65000915527344,24.650009155273438,632400
1993-07-23,24.701937608165725,24.771179199218746,24.68462721040247,24.77117919921875,286200
1993-07-26,24.840413047838247,24.961585794413065,24.840413047838247,24.90965461730957,121300
1993-07-27,24.926964304874936,24.94427469675332,24.805791561726238,24.892343521118164,92800
1993-07-28,24.840404510498047,24.892335669753443,24.805783737661116,24.840404510498047,30800
1993-07-29,24.89233752678272,25.04813101617148,24.857716751362993,24.97888946533203,331000
1993-07-30,24.97888760184577,24.97888760184577,24.805783737661116,24.840404510498047,75300
1993-08-02,24.87503383257391,24.99620657914873,24.87503383257391,24.90965461730957,41300
1993-08-03,24.961584589216443,25.030826155344645,24.840411848492092,24.926963806152344,81600
1993-08-04,24.926963806152344,24.978894980748493,24.85772224002414,24.926963806152344,434000
1993-08-05,24.92696359909153,24.92696359909153,24.84041164215024,24.875032424926758,36800
1993-08-06,24.944275402045236,24.961585794413065,24.87503383257391,24.90965461730957,402300
1993-08-09,24.978888487272123,25.117371583528655,24.926957326175923,25.04813003540039,828200
1993-08-10,25.03083419799805,25.0481445950921,24.996213403809946,25.030834197998047,604900
1993-08-11,25.013523800903997,25.100075786374255,25.013523800903997,25.030834197998047,542200
1993-08-12,25.100057631028342,25.100057631028342,24.875022631577743,24.96157455444336,303700
1993-08-13,24.978884455239676,25.013505223715406,24.978884455239676,24.99619483947754,103500
1993-08-16,25.01352417895945,25.203938549871946,25.01352417895945,25.13469696044922,241800
1993-08-17,25.117376746424437,25.22123908996582,25.117376746424437,25.22123908996582,369300
1993-08-18,25.307777641739047,25.411639930282437,25.29046726031515,25.359708786010742,414300
1993-08-19,25.37701916743464,25.37701916743464,25.325088023162944,25.359708786010742,28500
1993-08-20,25.307795473855972,25.377037048339844,25.290485080235,25.377037048339844,80700
1993-08-23,25.273168776349834,25.342410334641205,25.273168776349834,25.32509994506836,15600
1993-08-24,25.325101695083298,25.602067947387695,25.325101695083298,25.602067947387695,273400
1993-08-25,25.602055309914252,25.72322798548518,25.567434545465417,25.619365692138672,242300
1993-08-26,25.636682510375977,25.77516560293709,25.532820190955142,25.636682510375977,120000
1993-08-27,25.567434545465417,25.619365692138672,25.567434545465417,25.619365692138672,25700
1993-08-30,25.63669365026749,25.75786640891156,25.63669365026749,25.72324562072754,183500
1993-08-31,25.705928520868287,25.79248046875,25.671307741715605,25.79248046875,66500
1993-09-01,25.70593282099693,25.80979517582924,25.70593282099693,25.757863998413086,136500
1993-09-02,25.775176603249097,25.80979739116481,25.654003845544096,25.671314239501953,472400
1993-09-03,25.654002642053158,25.723244214636296,25.61938185576159,25.688623428344727,630500
1993-09-07,25.688606748749155,25.723227512561483,25.480882165875173,25.5155029296875,196400
1993-09-08,25.51551848451161,25.51551848451161,25.255862597627164,25.428966522216797,269900
1993-09-09,25.3251024743785,25.49820638739544,25.3251024743785,25.48089599609375,239200
1993-09-10,25.550122024073744,25.723225831824923,25.51550126252351,25.705915451049805,106500
1993-09-13,25.792487197095582,25.792487197095582,25.72324562072754,25.72324562072754,66900
1993-09-14,25.653986456587507,25.653986456587507,25.532813781016582,25.619365692138672,184500
1993-09-15,25.515519496886878,25.70593382149051,25.428967531157955,25.688623428344727,101000
1993-09-16,25.65399458734205,25.67130497505281,25.567442648788266,25.584753036499023,54300
1993-09-17,25.569988932485956,25.58740718107757,25.50031593811951,25.535152435302734,200900
1993-09-20,25.56998728525196,25.622242027660512,25.32613182067871,25.32613182067871,57800
1993-09-21,25.360971939160628,25.395808439077054,24.977770440079905,25.239044189453125,318200
1993-09-22,25.326131352000985,25.48289557632561,25.29129485770662,25.44805908203125,439700
1993-09-23,25.51773887333049,25.604830132283837,25.48290236974915,25.587411880493164,88500
1993-09-24,25.552571025236475,25.569989274060767,25.482898029939307,25.51773452758789,53500
1993-09-27,25.709339329876023,25.796430587768555,25.709339329876023,25.796430587768555,274600
1993-09-28,25.813840311176882,25.813840311176882,25.726749082056852,25.74416732788086,158300
1993-09-29,25.744169024165114,25.813842012051893,25.62224129536325,25.65707778930664,221000
1993-09-30,25.657086454119,25.70934121268136,25.552576936994278,25.60483169555664,99300
1993-10-01,25.569981414237052,25.761582092409128,25.535144927296674,25.72674560546875,22700
1993-10-04,25.7615909576416,25.7615909576416,25.691917959784558,25.7615909576416,1038500
1993-10-05,25.813836822819695,25.813836822819695,25.63965438811781,25.72674560546875,436500
1993-10-06,25.74414890568431,25.848658305842704,25.709312438964847,25.709312438964844,209200
1993-10-07,25.744171279927958,25.744171279927958,25.622243540442508,25.63966178894043,59400
1993-10-08,25.709320730884812,25.726738969862378,25.48288362417648,25.674484252929688,54400
1993-10-11,25.72674560546875,25.779000335879317,25.72674560546875,25.72674560546875,467100
1993-10-12,25.7615909576416,25.77900920710586,25.744172708177338,25.7615909576416,26200
1993-10-13,25.77900920710586,25.77900920710586,25.726754458713078,25.7615909576416,139100
1993-10-14,25.866095908334323,26.092533111572266,25.796422922722645,26.092533111572266,108100
1993-10-15,26.214458128687237,26.28413110710235,26.14478515027212,26.231876373291016,1502500
1993-10-18,26.2144594789345,26.2144594789345,26.127368251429733,26.16220474243164,722400
1993-10-19,26.127364314058177,26.17961904268629,25.970600128173828,25.970600128173828,880100
1993-10-20,26.05770022679078,26.05770022679078,25.95319073390258,26.00544548034668,230400
1993-10-21,26.022854856801942,26.022854856801942,25.935763642421747,25.970600128173828,56200
1993-10-22,26.005450487779477,26.109960000791318,25.84868621826172,25.84868621826172,390700
1993-10-25,25.86610690239937,25.95319817143102,25.796433887174054,25.91836166381836,114500
1993-10-26,25.900928497314453,25.91834674109207,25.813837278426377,25.900928497314453,186200
1993-10-27,25.86610690239937,25.93577991762469,25.86610690239937,25.91836166381836,118400
1993-10-28,25.953184907797418,26.179622091556723,25.953184907797418,26.109949111938477,129600
1993-10-29,26.092530867033915,26.12736735684304,26.075112622129353,26.109949111938477,80700
1993-11-01,26.075128376364948,26.197056164363982,26.075128376364948,26.179637908935547,36400
1993-11-02,26.14478649693069,26.19704123343355,26.005440532923064,26.16220474243164,262100
1993-11-03,26.14480264526079,26.14480264526079,25.70934623877743,25.831274032592773,479100
1993-11-04,25.83126617306824,25.83126617306824,25.535155906755254,25.552574157714844,130400
1993-11-05,25.48288362417648,25.674484252929684,25.378374190311092,25.674484252929688,363200
1993-11-08,25.691894205605113,25.778985372403774,25.622221272166186,25.709312438964844,367600
1993-11-09,25.88350979670045,25.900928040170637,25.709327361998564,25.72674560546875,246900
1993-11-10,25.726760871948734,25.91836166381836,25.657087856723418,25.91836166381836,46500
1993-11-11,25.91835922693628,25.988032235610838,25.83126796609308,25.84868621826172,88900
1993-11-12,25.90092715666967,26.05769134255402,25.883508913793634,25.970600128173828,108200
1993-11-15,26.02286093027,26.02286093027,25.88351495473977,25.953187942504883,243300
1993-11-16,26.005426999323355,26.092518181504612,25.900917580705848,26.07509994506836,492600
1993-11-17,26.092518908293798,26.092518908293798,25.866081828315277,25.935754776000977,39600
1993-11-18,25.90092344059286,25.953178161723848,25.796413998330884,25.866086959838867,240800
1993-11-19,25.77901389756505,25.84868690809901,25.76159564493156,25.81385040283203,106000
1993-11-22,25.744169024165114,25.761587271136808,25.569986554448164,25.65707778930664,165300
1993-11-23,25.796430587768555,25.813848839347063,25.6570845751405,25.796430587768555,89700
1993-11-24,25.866092009759225,25.91834674109207,25.831255522203993,25.900928497314453,77200
1993-11-26,25.97061642523735,25.97061642523735,25.90094341001203,25.91836166381836,1019800
1993-11-29,25.988032929166927,26.040287687067398,25.813850402832028,25.81385040283203,517500
1993-11-30,25.796437520074104,25.95320182640811,25.77901926381477,25.831274032592773,230000
1993-12-01,25.970596402100842,25.98801464247784,25.866086959838867,25.866086959838867,379200
1993-12-02,25.91833653907955,25.953173012922402,25.866081828315277,25.935754776000977,352000
1993-12-03,25.91834976043191,26.0402774810791,25.91834976043191,26.0402774810791,306000
1993-12-06,26.07511418914795,26.162205418904623,26.07511418914795,26.127368927001953,99500
1993-12-07,26.12736735684304,26.1447856017476,26.075112622129353,26.109949111938477,88800
1993-12-08,26.109949111938477,26.109949111938477,26.075112622129353,26.109949111938477,146700
1993-12-09,26.10995271726146,26.14478921188089,25.98802498609346,26.02286148071289,416500
1993-12-10,26.040273099677982,26.040273099677982,25.91834539954571,25.970600128173828,412900
1993-12-13,25.97060471343994,26.127368927001953,25.93576822153727,26.127368927001953,273200
1993-12-14,26.144773619058068,26.144773619058068,25.935754776000977,25.935754776000977,41900
1993-12-15,25.970601472424917,25.988019716202533,25.900928497314453,25.900928497314453,82600
1993-12-16,26.005424826777972,26.005424826777972,25.95317012183468,25.988006591796875,78200
1993-12-17,26.043164323640347,26.14838922999849,26.025626839247323,26.13085174560547,104700
1993-12-20,26.11329829980477,26.18344819449867,26.095760826131293,26.165910720825195,68800
1993-12-21,26.1308346936265,26.1308346936265,26.04314732888279,26.078222274780273,205700
1993-12-22,26.148378119917812,26.271140458508977,26.095765689093028,26.253602981567383,410300
1993-12-23,26.2360897064209,26.288702185778696,26.201014720182368,26.2360897064209,533800
1993-12-27,26.236065844272044,26.376365661621094,26.236065844272044,26.376365661621094,447100
1993-12-28,26.358843276258646,26.44653071230741,26.341305789048892,26.428993225097656,880600
1993-12-29,26.4465238095914,26.464061292223754,26.37637387906198,26.393911361694336,266700
1993-12-30,26.376376080147182,26.376376080147182,26.236076207380442,26.28868865966797,219900
1993-12-31,26.341304070353107,26.37637904248407,26.13085423756733,26.148391723632812,312900
1994-01-03,26.148372166575243,26.183447112472727,26.04314732888279,26.078222274780273,960900
1994-01-04,26.113321722072797,26.1834716796875,26.078246743265446,26.1834716796875,164300
1994-01-05,26.218552213301635,26.253627199540166,26.113327254586043,26.2360897064209,710900
1994-01-06,26.27116469265943,26.288702185778696,26.201014720182368,26.2360897064209,201000
1994-01-07,26.288686465900206,26.41144884432669,26.218536535370784,26.393911361694336,775500
1994-01-10,26.428981702107,26.70958137512207,26.35883178385323,26.70958137512207,593700
1994-01-11,26.69204784945438,26.69204784945438,26.569285474325483,26.656972885131836,295200
1994-01-12,26.67450932795458,26.67450932795458,26.481597031697184,26.569284439086914,158400
1994-01-13,26.499130249023438,26.551742684991055,26.46405529171169,26.499130249023438,244300
1994-01-14,26.586834534737495,26.656984493932054,26.586834534737495,26.604372024536133,137200
1994-01-17,26.604372024536133,26.639447004133412,26.551759555140215,26.604372024536133,17700
1994-01-18,26.639436721801754,26.674511687860743,26.586824272713272,26.639436721801758,166400
1994-01-19,26.604359402042803,26.639434364998692,26.516671994653077,26.569284439086914,200800
1994-01-20,26.60436175574277,26.65697420483125,26.586824272713272,26.639436721801758,281100
1994-01-21,26.67452714185287,26.67452714185287,26.56930218271341,26.58683967590332,85600
1994-01-24,26.56926617401325,26.692028459965787,26.481578826904297,26.481578826904297,373800
1994-01-25,26.499116296326086,26.51665376574788,26.428966418638925,26.481578826904297,310400
1994-01-26,26.4816002486719,26.56928766671386,26.446525281455113,26.55175018310547,145100
1994-01-27,26.60435943204071,26.832346691511066,26.56928446904527,26.797271728515625,344500
1994-01-28,26.90249897730257,26.955111426410728,26.86742401123047,26.86742401123047,356500
1994-01-31,26.972661056073548,27.11296098354337,26.93758607420609,27.060348510742188,313800
1994-02-01,27.025251639549428,27.025251639549428,26.884951825716595,26.920026779174805,303600
1994-02-02,27.007731490150626,27.09541893005371,26.990194002170007,27.09541893005371,307600
1994-02-03,27.04280046430769,27.04280046430769,26.884963107512117,26.9726505279541,466100
1994-02-04,26.97266074743417,27.007735728900272,26.358848571777344,26.358848571777344,1403200
1994-02-07,26.288666663264596,26.55172870459146,26.288666663264596,26.481578826904297,516400
1994-02-08,26.534205206335184,26.534205206335184,26.393905377088203,26.499130249023438,188200
1994-02-09,26.516684575542936,26.621909514334774,26.48160959594566,26.604372024536133,144600
1994-02-10,26.586815387644666,26.604352864813297,26.376365661621094,26.376365661621094,883900
1994-02-11,26.393904196181147,26.53420401915088,26.271141851082632,26.464054107666016,519400
1994-02-14,26.411442855744074,26.5868176423028,26.37636789843233,26.499130249023438,2742100
1994-02-15,26.551749306654283,26.65697420483125,26.516674340595294,26.639436721801758,374700
1994-02-16,26.674513010168265,26.674513010168265,26.569288106775097,26.62190055847168,287600
1994-02-17,26.74465375360548,26.7621912314767,26.393904196181147,26.464054107666016,342400
1994-02-18,26.481611175537108,26.499148666381835,26.236086303710938,26.306236267089844,313300
1994-02-22,26.376372142829513,26.56928443908691,26.376372142829513,26.569284439086914,154500
1994-02-23,26.604355120958672,26.621892599614547,26.411442855744074,26.499130249023438,391700
1994-02-24,26.411454014615035,26.411454014615035,26.13085423756733,26.148391723632812,770800
1994-02-25,26.183455566538672,26.27114295959473,26.13084313070504,26.271142959594727,531300
1994-02-28,26.341292874039574,26.411442788484422,26.27114295959473,26.271142959594727,333000
1994-03-01,26.271135562866046,26.323747983886474,26.02561093143739,26.165910720825195,423600
1994-03-02,25.832713062025935,26.201000213623047,25.76256312838839,26.201000213623047,581500
1994-03-03,26.165926714391514,26.165926714391514,26.06070180803337,26.13085174560547,223200
1994-03-04,26.130850279985502,26.27115014726059,26.043162862938573,26.201000213623047,595800
1994-03-07,26.288688512362747,26.376375932350616,26.288688512362747,26.34130096435547,539800
1994-03-08,26.358852158255758,26.358852158255758,26.201014720182368,26.2360897064209,880300
1994-03-09,26.271161118112083,26.376386062510395,26.14839868298072,26.358848571777344,2500100
1994-03-10,26.341304070353107,26.341304070353107,26.060704293305406,26.148391723632812,207400
1994-03-11,26.183463755092912,26.323763627859655,26.043163882326173,26.28868865966797,576600
1994-03-14,26.39388987892552,26.39388987892552,26.288665068776982,26.323740005493164,345900
1994-03-15,26.37638623046875,26.42899870300293,26.288698776245116,26.306236267089844,748600
1994-03-16,26.341308687099076,26.516683578491214,26.253621241403007,26.51668357849121,455500
1994-03-17,26.428996132795145,26.55175855676964,26.428996132795145,26.51668357849121,133000
1994-03-18,26.387407121385486,26.546154891500773,26.369768480261566,26.51087760925293,365500
1994-03-21,26.42271282610852,26.49326746649866,26.369796845815912,26.440351486206055,324800
1994-03-22,26.44032304475725,26.563793532624693,26.387407121385486,26.51087760925293,435700
1994-03-23,26.49324607849121,26.563800661922613,26.47560743263336,26.49324607849121,698500
1994-03-24,26.387420253290962,26.44033620299676,26.052285905154246,26.175756454467773,1200500
1994-03-25,26.19338788791579,26.263942468085258,25.928808212280277,25.928808212280273,100900
1994-03-28,25.964082717895508,25.999360004196998,25.734780356935836,25.964082717895508,1117200
1994-03-29,25.96408493454392,25.98172357920054,25.452564239501953,25.452564239501953,338400
1994-03-30,25.470215647972893,25.540770261956197,25.099803924560543,25.099803924560547,1123900
1994-03-31,25.09980404351922,25.223274618575182,24.570644436136522,25.170358657836914,788800
1994-04-04,24.464803395661594,24.85285362976726,24.464803395661594,24.782299041748047,2627300
1994-04-05,25.029243501160437,25.293823242187504,25.029243501160437,25.2938232421875,1179000
1994-04-06,25.32910054099111,25.346739190392913,25.117436748169457,25.2938232421875,516500
1994-04-07,25.276178664419902,25.470203762332407,25.135069502301718,25.417287826538086,666100
1994-04-08,25.364371949309238,25.364371949309238,25.099792269726734,25.223262786865234,242400
1994-04-11,25.2938185481972,25.434927717224802,25.232083286747628,25.3290958404541,203300
1994-04-12,25.35555851509382,25.399655138598327,25.24090729398209,25.2938232421875,1409200
1994-04-13,25.285007734863626,25.346743017090358,24.976331323729955,25.161537170410156,364100
1994-04-14,25.117442697098642,25.302648559682588,25.064526736360374,25.170358657836914,419900
1994-04-15,25.1615393310472,25.276190579313454,25.126262023888355,25.170358657836914,387300
1994-04-18,25.19681947698038,25.26737409924704,24.92342031569708,25.00279426574707,369100
1994-04-19,24.97632206792183,25.13506987767557,24.826393580932187,25.038057327270508,472200
1994-04-20,25.064522167523254,25.12625744379794,24.87931633869919,25.011606216430664,508000
1994-04-21,25.117440156664546,25.382019933595704,25.029246897687493,25.346742630004883,200300
1994-04-22,25.408479060083682,25.42611771267659,25.24973118674751,25.32028579711914,301800
1994-04-25,25.311472115948956,25.602509948641053,25.311472115948956,25.584871292114258,394600
1994-04-26,25.549579877043858,25.59367649402184,25.505483260065873,25.558399200439453,399000
1994-04-28,25.505472089749553,25.540749367881986,25.293808420954953,25.37318229675293,287000
1994-04-29,25.32909372690562,25.487841528815192,25.29381643759238,25.452564239501953,481900
1994-05-02,25.452587805503658,25.805361025261156,25.36439450056428,25.61133575439453,275000
1994-05-03,25.620148605167845,25.628967933431245,25.434942711636513,25.584871292114258,183400
1994-05-04,25.637776424871625,25.637776424871625,25.443751285089316,25.54076385498047,401900
1994-05-05,25.567209332150874,25.61130593327566,25.505474090576175,25.505474090576172,659800
1994-05-06,25.382021212711013,25.382021212711013,25.170357380499386,25.2585506439209,216300
1994-05-09,25.187985814260152,25.258540396372926,24.993960713450022,25.038057327270508,499300
1994-05-10,25.161529687016795,25.311458184976587,25.143891040197996,25.232084274291992,583400
1994-05-11,25.205638804763712,25.240916115897043,24.93223964348041,25.00279426574707,210600
1994-05-12,25.161530422720837,25.187988393722645,25.064517862380868,25.126253128051758,305200
1994-05-13,25.196807717389916,25.196807717389916,25.002782596709977,25.126253128051758,321300
1994-05-16,25.179176969695508,25.258550907603478,25.126261011090193,25.135080337524414,450400
1994-05-17,25.152701281577887,25.505474090576175,25.117424000678056,25.505474090576172,470200
1994-05-18,25.523138996337725,25.787718875359882,25.40848771542812,25.690706253051758,824800
1994-05-19,25.637774820982656,25.88471589252979,25.637774820982656,25.81416130065918,531000
1994-05-20,25.77007141427248,25.787710066848984,25.68187815138996,25.71715545654297,370400
1994-05-23,25.690698116516096,25.69951744302365,25.59368552493296,25.673059463500977,262700
1994-05-24,25.743611400028716,25.8759012838932,25.743611400028716,25.778888702392578,549600
1994-05-25,25.681876248607292,25.867082086938595,25.59368299225905,25.849443435668945,738200
1994-05-26,25.84062461840021,25.928817876483485,25.814166640975227,25.867082595825195,369600
1994-05-27,25.822990531817446,25.893545150756836,25.778893894980325,25.893545150756836,162000
1994-05-31,25.814170195331027,25.911182792580306,25.770073560217718,25.858266830444336,160000
1994-06-01,25.796527231083658,25.972913742065426,25.717153301141863,25.97291374206543,200500
1994-06-02,25.99054971768855,25.99054971768855,25.902356471276303,25.946453094482422,55100
1994-06-03,25.96408467810071,26.184567734130777,25.884710777929886,26.09637451171875,550400
1994-06-06,26.14928062740736,26.22865449777723,26.06990675703749,26.08754539489746,99300
1994-06-07,26.043463009632188,26.087559628341353,25.981727743439357,26.052282333374023,120600
1994-06-08,26.114015237463214,26.114015237463214,25.84061622619629,25.84061622619629,131900
1994-06-09,25.955275345237094,25.981733322143555,25.902359391424177,25.981733322143555,80500
1994-06-10,26.00817160378549,26.078726155440386,26.00817160378549,26.02581024169922,83100
1994-06-13,25.990547322823513,26.069921237280727,25.981727998994934,26.06110191345215,109700
1994-06-14,26.140472202032022,26.272762041111132,26.140472202032022,26.26394271850586,161000
1994-06-15,26.272764685020523,26.281584008513313,26.140474832628676,26.158113479614258,142800
1994-06-16,26.158124533508218,26.22867915126549,26.13166655184924,26.211040496826172,44000
1994-06-17,26.224528998704958,26.25116189883905,26.029221064388267,26.06473159790039,403800
1994-06-20,25.87829540702167,25.922683563809017,25.81615198751939,25.842784881591797,137400
1994-06-21,25.82502940687469,25.82502940687469,25.51431231191401,25.6208438873291,139200
1994-06-22,25.69186724108748,25.80727645813452,25.665234344845853,25.7185001373291,279900
1994-06-23,25.762873713175455,25.79838422139486,25.53205540974935,25.56756591796875,922500
1994-06-24,25.443298523814963,25.443298523814963,24.99941683289007,25.034927368164062,353800
1994-06-27,25.132571163556435,25.469921112060547,25.008284340423337,25.469921112060547,371200
1994-06-28,25.478796997337543,25.478796997337543,25.141447071937257,25.345632553100586,5382300
1994-06-29,25.381150855032427,25.57645876647374,25.354517958017702,25.425539016723633,311800
1994-06-30,25.469926889731866,25.478804521969483,25.176965025890404,25.2657413482666,271900
1994-07-01,25.390025108091294,25.390025108091294,25.212472484957786,25.31900405883789,406900
1994-07-05,25.37228024192999,25.487689494255072,25.292381528781853,25.452178955078125,112000
1994-07-06,25.35451498241471,25.461046557971077,25.265738669451075,25.416658401489258,174800
1994-07-07,25.41667696480129,25.523208618164062,25.390044051460595,25.523208618164062,66700
1994-07-08,25.363396801878867,25.55870472264937,25.35451916911657,25.51431655883789,148400
1994-07-11,25.532070604782533,25.57645876647374,25.301252163988252,25.425539016723633,124000
1994-07-12,25.434401893216695,25.469912401968134,25.292359858210947,25.461034774780273,257300
1994-07-13,25.469923512013665,25.585332715797623,25.469923512013665,25.505434036254883,532700
1994-07-14,25.629725614526713,25.833911166703405,25.611970349120043,25.7806453704834,494200
1994-07-15,25.762887368390974,25.842786054233674,25.754009736630675,25.789520263671875,49100
1994-07-18,25.78951230655421,25.89604385480848,25.78951230655421,25.833900451660156,72300
1994-07-19,25.878299330220077,25.887176962923412,25.7806453704834,25.7806453704834,609500
1994-07-20,25.798409592936252,25.798409592936252,25.603101605653183,25.665245056152344,185300
1994-07-21,25.665234344845853,25.736255401490187,25.611968552362605,25.7185001373291,86300
1994-07-22,25.780637492647177,25.798392752628338,25.70961645272253,25.762882232666016,151600
1994-07-25,25.771764169786195,25.825029958631777,25.745131275363406,25.798397064208984,120900
1994-07-26,25.78952574458896,25.807281011883,25.74513757635387,25.771770477294922,489600
1994-07-27,25.771770477294925,25.771770477294925,25.6652388735307,25.771770477294922,83200
1994-07-28,25.771765488945526,25.896052335946983,25.771765488945526,25.825031280517578,828200
1994-07-29,26.00259220819233,26.162389633848687,25.993714573433643,26.082490921020508,459100
1994-08-01,26.100245956482926,26.22453284198999,26.0736130524457,26.206777572631836,486300
1994-08-02,26.295550576082263,26.348816377384253,26.15350843927696,26.242284774780273,505500
1994-08-03,26.233413933014443,26.26892447640939,26.189025753770764,26.251169204711914,144100
1994-08-04,26.23340520080255,26.26003809948357,26.09136307450379,26.10024070739746,231700
1994-08-05,25.967082619260196,26.04698133501177,25.940449714009674,26.011470794677734,138400
1994-08-08,26.0380731042973,26.100216476861256,26.01144023034132,26.073583602905273,328600
1994-08-09,25.975944603324177,26.117986679077145,25.975944603324177,26.11798667907715,105900
1994-08-10,26.135755663599515,26.242287276358752,26.100245126013103,26.215654373168945,840300
1994-08-11,26.153497198015387,26.268906384564676,25.984822233058736,26.11798667907715,876200
1994-08-12,26.1623824127609,26.331057426619893,26.1623824127609,26.322179794311523,184100
1994-08-15,26.34881925389834,26.410962695534895,26.313308715820312,26.313308715820312,325900
1994-08-16,26.33105037312212,26.526358231587626,26.22451881395912,26.499725341796875,1089500
1994-08-17,26.535243257195848,26.552998522004945,26.464222197959458,26.481977462768555,133700
1994-08-18,26.393205642700195,26.455349080136756,26.366572740941667,26.393205642700195,620000
1994-08-19,26.402067761596143,26.42870064770401,26.31329147456993,26.37543487548828,103200
1994-08-22,26.384324541631734,26.384324541631734,26.295548214102688,26.348814010620117,79700
1994-08-23,26.464214822075874,26.624012160820378,26.428704302354873,26.499725341796875,268600
1994-08-24,26.52636783740202,26.7838191986084,26.517490204256973,26.7838191986084,254700
1994-08-25,26.75718532903284,26.819328758795027,26.641776102331637,26.712797164916992,147400
1994-08-26,26.774952349781522,27.147813092053013,26.774952349781522,27.094547271728516,339500
1994-08-29,27.165558561731558,27.263212530417523,27.067904593045597,27.0767822265625,350300
1994-08-30,27.067903654024914,27.19219051894992,27.032393121189198,27.147802352905273,36000
1994-08-31,27.10341512711322,27.209946729316087,27.041271692494877,27.0767822265625,356200
1994-09-01,26.98800468444824,27.00575995068801,26.89035072012951,26.988004684448242,294600
1994-09-02,27.112288997714415,27.112288997714415,26.828204764601495,26.87259292602539,99600
1994-09-06,26.85483873599114,26.90810453183112,26.774940042231165,26.881471633911133,229800
1994-09-07,26.943615653298117,26.943615653298117,26.828206426447085,26.854839324951172,27900
1994-09-08,26.908105986369282,27.023515216927777,26.899228353249395,26.988004684448242,284800
1994-09-09,26.721669904729154,26.774935691914663,26.597383067962973,26.703914642333984,488400
1994-09-12,26.703916401495814,26.739426928625463,26.57962955654204,26.6240177154541,129400
1994-09-13,26.677281748741233,26.774935691914663,26.624015961555727,26.703914642333984,389200
1994-09-14,26.61514344559045,26.76606320495504,26.61514344559045,26.730552673339844,423500
1994-09-15,26.801570746577266,27.067899703979492,26.801570746577266,27.067899703979492,779800
1994-09-16,26.866335401348042,26.94672004849303,26.777019126742495,26.875267028808594,571300
1994-09-19,26.937789881530193,27.05390104481265,26.87526848591656,26.902063369750977,167300
1994-09-20,26.759152459210753,26.785947338175248,26.392955780029297,26.392955780029297,355600
1994-09-21,26.473340416922788,26.473340416922788,26.14287024302733,26.392955780029297,397500
1994-09-22,26.455477569611134,26.455477569611134,26.303639919819307,26.330434799194336,266400
1994-09-23,26.339374936949728,26.392964713016767,26.196468867437623,26.241127014160156,176600
1994-09-26,26.339372667828698,26.392962439279014,26.285782896378386,26.375099182128906,223000
1994-09-27,26.375088668120025,26.446541668236843,26.294704042988606,26.35722541809082,479500
1994-09-28,26.500119796116717,26.598367628188605,26.48225655392183,26.562641143798828,324000
1994-09-29,26.562654805288158,26.562654805288158,26.348295788702107,26.428680419921875,195900
1994-09-30,26.41975065899379,26.544793427494778,26.392955780029297,26.392955780029297,5200
1994-10-03,26.41081943731942,26.43761431669445,26.285776666902624,26.330434799194336,72600
1994-10-04,26.464408731329208,26.464408731329208,25.919579526938023,25.937442779541016,84200
1994-10-05,25.892785134372943,25.94637489318848,25.72308423145708,25.946374893188477,461900
1994-10-06,25.964233744868917,25.982096994779386,25.82132774558515,25.865985870361328,345200
1994-10-07,25.865988397319608,26.053552539703485,25.839193519836197,25.982099533081055,188700
1994-10-10,26.09821242896878,26.303639836862782,26.089280802538603,26.258981704711914,213600
1994-10-11,26.375098962886085,26.723432474417596,26.375098962886085,26.651979446411133,461400
1994-10-12,26.687698364257812,26.72342486809216,26.625176982547703,26.687698364257812,162400
1994-10-13,26.991382408014847,27.053903810018852,26.75022842885654,26.777023315429688,1564500
1994-10-14,26.86633637275303,26.90206288388701,26.68770381708313,26.893131256103516,72800
1994-10-17,26.8663334546589,26.90205996191244,26.812743693778597,26.83953857421875,282300
1994-10-18,26.812749830860547,26.812749830860547,26.687707026852536,26.777023315429688,132100
1994-10-19,26.678772671130865,27.000311277143823,26.66984104318606,26.902063369750977,136700
1994-10-20,26.90205359076434,26.90205359076434,26.6430364745186,26.723421096801758,290300
1994-10-21,26.65197941312854,26.68770592708716,26.500141728804415,26.616252899169922,87800
1994-10-24,26.62517806438827,26.732357580246255,26.3840241537078,26.392955780029297,149600
1994-10-25,26.303625780638207,26.473326592126195,26.294694158980946,26.419736862182617,91800
1994-10-26,26.518007278442383,26.544802166227942,26.392964468776437,26.518007278442383,201000
1994-10-27,26.61625248155827,26.678773880004883,26.553731083111657,26.678773880004883,210300
1994-10-28,26.73236370524422,27.26826140732062,26.73236370524422,27.241466522216797,192100
1994-10-31,27.17894359825865,27.20573848185864,27.134285458925326,27.143217086791992,36300
1994-11-01,27.027102737299813,27.027102737299813,26.830606947405364,26.83953857421875,435200
1994-11-02,26.759151371926507,27.000305272808355,26.687698364257812,26.687698364257812,115600
1994-11-03,26.777016700663356,26.875264593827897,26.741290194058067,26.83060646057129,87000
1994-11-04,26.95564931576811,26.95564931576811,26.48227310180664,26.48227310180664,124400
1994-11-07,26.54477790160394,26.63409411257838,26.473324932824386,26.562641143798828,115000
1994-11-08,26.651974331509244,26.857401747603316,26.60731619757575,26.768085479736328,308300
1994-11-09,27.053888446088635,27.053888446088635,26.580512385460477,26.812734603881836,318500
1994-11-10,26.83059901736879,26.88418876241014,26.607308413029838,26.625171661376953,172100
1994-11-11,26.589443591467862,26.616238462403167,26.455469236791334,26.52692222595215,302200
1994-11-14,26.64304888256396,26.7859549442874,26.64304888256396,26.777023315429688,181400
1994-11-15,26.750219745967918,26.919920639181072,26.48227096721031,26.687698364257812,316900
1994-11-16,26.732365171141108,26.777023315429684,26.64304888256396,26.777023315429688,106900
1994-11-17,26.794886412918366,26.794886412918366,26.491211033571958,26.598390579223633,104700
1994-11-18,26.607299249286047,26.651957354773266,26.446530069532052,26.562641143798828,269300
1994-11-21,26.54479571788207,26.625180361711458,26.294710159301758,26.294710159301758,283100
1994-11-22,26.19644414583842,26.29469197591146,25.723068237304688,25.723068237304688,483600
1994-11-23,25.740943120988035,25.874917495316563,25.49978924719668,25.865985870361328,601600
1994-11-25,25.88384453685013,26.0267505108286,25.88384453685013,25.991024017333984,77300
1994-11-28,25.982098736993017,26.116073120305117,25.919577358114037,26.107141494750977,79900
1994-11-29,26.098207473754886,26.15179722216095,26.00889122641144,26.098207473754883,105500
1994-11-30,26.232193314759513,26.26791982931826,26.062492370605465,26.06249237060547,218800
1994-12-01,26.08927303550564,26.08927303550564,25.749871332202247,25.8034610748291,439000
1994-12-02,25.74988629494184,26.04463005065918,25.74988629494184,26.04463005065918,318500
1994-12-05,26.09821173343482,26.187527995356223,26.008895471513412,26.0714168548584,139200
1994-12-06,25.97317373503646,26.098216524682442,25.928515595877183,26.089284896850586,249900
1994-12-07,25.9285111111608,26.008895747743804,25.874921353438804,25.901716232299805,531900
1994-12-08,26.00890125072766,26.044627763434704,25.580183098243136,25.651636123657227,261500
1994-12-09,25.651624342818824,25.767735455791193,25.544444853921252,25.7498722076416,235900
1994-12-12,25.69628412127084,25.919574737548828,25.69628412127084,25.919574737548828,151100
1994-12-13,25.90172064087459,26.02676343017536,25.90172064087459,26.017831802368164,70900
1994-12-14,25.982101161623262,26.267913206027504,25.982101161623262,26.15180206298828,203300
1994-12-15,26.18750628899018,26.31254895203447,26.18750628899018,26.23216438293457,130100
1994-12-16,26.315312547761884,26.41434383001484,26.288304016238353,26.360326766967773,266100
1994-12-19,26.360328039400898,26.414345105055407,26.279302440919132,26.396339416503906,1120200
1994-12-20,26.42333980786079,26.44134549086444,26.315305709838867,26.315305709838867,675600
1994-12-21,26.333316048820357,26.657418400190455,26.333316048820357,26.594398498535156,544500
1994-12-22,26.59438461536867,26.621393130550157,26.486350554642733,26.51335906982422,222000
1994-12-23,26.495356743500707,26.603390817888073,26.495356743500707,26.54037094116211,125800
1994-12-27,26.630391167242998,26.73842520848942,26.61238549370193,26.68440818786621,95200
1994-12-28,26.711438170284605,26.711438170284605,26.486367070096836,26.549386978149414,358200
1994-12-29,26.648410291681447,26.648410291681447,26.54037619590436,26.567384719848633,220100
1994-12-30,26.621395691268564,26.648404209048003,26.252279281616207,26.25227928161621,2209500
1995-01-03,26.3332969743644,26.414322503516292,26.324294137791966,26.378311157226562,324300
1995-01-04,26.49536117263462,26.50436401367187,26.36031855707583,26.504364013671875,351800
1995-01-05,26.522369695746377,26.56738390093264,26.477355490560115,26.504364013671875,89800
1995-01-06,26.558374865078545,26.648403254451694,26.45034079783077,26.5313663482666,448400
1995-01-09,26.522364954544326,26.55837631225586,26.504359275688557,26.55837631225586,36800
1995-01-10,26.621401455779417,26.72943555029053,26.58539009094238,26.585390090942383,229800
1995-01-11,26.675422015892067,26.675422015892067,26.396333901652223,26.6033992767334,222400
1995-01-12,26.57638487861024,26.63040192104644,26.52236783617404,26.612396240234375,40300
1995-01-13,26.756457148647275,26.927511215209957,26.720445766213025,26.92751121520996,170600
1995-01-16,26.918501716073706,27.09855858373975,26.918501716073706,27.089555740356445,105100
1995-01-17,27.0355252021967,27.116550752253232,26.999513846616015,27.09854507446289,89500
1995-01-18,27.080537948887493,27.125552140956785,27.00851524157662,27.071535110473633,84500
1995-01-19,26.98150550752978,27.00851402155133,26.900479965465127,26.918485641479492,139100
1995-01-20,26.88247979411586,26.891482633966536,26.765442876057083,26.819459915161133,78700
1995-01-23,26.639394187544244,26.900476455688477,26.621388513879126,26.900476455688477,53700
1995-01-24,26.891486343852975,26.936500549316406,26.873480661667603,26.936500549316406,32400
1995-01-25,26.80143777084351,27.107534137725832,26.80143777084351,27.008502960205078,15700
1995-01-26,26.99050827102585,27.07153381286682,26.93649124313187,27.0355224609375,9800
1995-01-27,27.2155926857817,27.2155926857817,27.035535837050098,27.143569946289062,91200
1995-01-30,27.08954346521468,27.10754914382233,26.990512232872582,27.02652359008789,26600
1995-01-31,27.080534977397146,27.179566189083108,27.035520790267167,27.134552001953125,127500
1995-02-01,27.170580698412753,27.26961197332413,27.080552266675134,27.125566482543945,380200
1995-02-02,27.116557029087293,27.287611007690433,27.116557029087293,27.28761100769043,131700
1995-02-03,27.458662139803227,27.719744501132503,27.41364793957404,27.67473030090332,405100
1995-02-06,27.665721664082703,27.87278694175075,27.638713149604264,27.79176139831543,405400
1995-02-07,27.836792150156196,27.836792150156196,27.737760871484877,27.827789306640625,702900
1995-02-08,27.791777932578324,27.92682058531194,27.773772245547175,27.827789306640625,521500
1995-02-09,27.78277508906275,27.82778930664062,27.728758027969302,27.827789306640625,390700
1995-02-10,27.79175637573341,27.863779067993164,27.710730846941182,27.863779067993164,148300
1995-02-13,27.8457922990932,27.926817882892696,27.8457922990932,27.872800827026367,79700
1995-02-14,27.962820979702858,27.962820979702858,27.800769860052295,27.908803939819336,170200
1995-02-15,27.908808916549024,28.097868589854677,27.881800391791074,28.061857223510742,431500
1995-02-16,28.02585220336914,28.05286073424293,27.94482661074777,28.02585220336914,99300
1995-02-17,27.998832184743282,28.016837864604852,27.908803785435424,27.91780662536621,49100
1995-02-21,27.917806779799925,27.962820979702858,27.89980109983875,27.908803939819336,168000
1995-02-22,27.935824091603198,28.115880966186523,27.917818404144864,28.115880966186523,386400
1995-02-23,28.223902828553147,28.32293406654807,28.151880110011383,28.1608829498291,402800
1995-02-24,28.196894981423206,28.241909181585118,28.124872261164143,28.232906341552734,307600
1995-02-27,28.15188466326212,28.232910234726575,27.962824996511717,28.00783920288086,280900
1995-02-28,27.980820998440205,28.241903305053707,27.980820998440205,28.24190330505371,493500
1995-03-01,28.214905530472464,28.2509168968164,28.034848698752793,28.061857223510742,242600
1995-03-02,28.052849950182328,28.097864151000977,27.971824388708757,28.097864151000977,488600
1995-03-03,28.007841297176537,28.106872558593746,27.935818561600385,28.10687255859375,290000
1995-03-06,27.917808780596904,28.124874114990238,27.881797418093715,28.124874114990234,85700
1995-03-07,28.025840859566966,28.088860739431073,27.78276418009112,27.908803939819336,180900
1995-03-08,27.953824527475362,28.016844421740203,27.854793265059186,27.980833053588867,155900
1995-03-09,27.97183609008789,27.99884462187748,27.899813338648976,27.97183609008789,63500
1995-03-10,27.99881297824423,28.457957499752414,27.96280164322398,28.385934829711914,192100
1995-03-13,28.367937238784066,28.457965601966496,28.33192589351109,28.35893440246582,261300
1995-03-14,28.43997736515174,28.602028518229528,28.43997736515174,28.566017150878906,223300
1995-03-15,28.521001971780517,28.566016179438,28.403965031871067,28.511999130249023,278500
1995-03-16,28.484983874055775,28.701052019750257,28.484983874055775,28.683046340942383,20400
1995-03-17,28.639171520969157,28.74779037629521,28.621068378414815,28.711584091186523,89900
1995-03-20,28.74779037629521,28.74779037629521,28.6572746635235,28.711584091186523,91700
1995-03-21,28.711578434246075,28.892609824121525,28.593908030827034,28.6391658782959,104400
1995-03-22,28.693492691863927,28.693492691863927,28.57582221710234,28.666337966918945,74900
1995-03-23,28.630117837695828,28.765891396837606,28.59391155525802,28.68442726135254,220500
1995-03-24,28.77493477342436,29.091739654541016,28.77493477342436,29.091739654541016,134000
1995-03-27,29.137008586017053,29.209421157836914,29.064596014197193,29.209421157836914,132100
1995-03-28,29.137008586017053,29.209421157836914,29.100802300107123,29.209421157836914,121900
1995-03-29,29.182269551040072,29.48097144160593,29.03744439197784,29.20037269592285,246100
1995-03-30,29.263725630837197,29.263725630837197,29.028384812278034,29.146055221557617,298400
1995-03-31,28.9197663217086,29.06459144256849,28.702528640418773,29.028385162353516,541300
1995-04-03,29.019339228937078,29.100803375244137,29.001236085313288,29.10080337524414,193300
1995-04-04,29.109850700765072,29.290882110595703,29.109850700765072,29.290882110595703,66900
1995-04-05,29.227521117154982,29.318036822070297,29.20941797617192,29.290882110595703,107200
1995-04-06,29.363297422531204,29.426658421901646,29.308987994499393,29.399503707885742,352500
1995-04-07,29.462866411370747,29.462866411370747,29.23657711481644,29.372350692749023,361400
1995-04-10,29.3270780386759,29.426645278930664,29.308974904084124,29.426645278930664,285400
1995-04-11,29.499059561741202,29.50811112957236,29.308976637286904,29.32707977294922,250300
1995-04-12,29.372335875155336,29.426645278930664,29.318026471380012,29.426645278930664,150900
1995-04-13,29.48096170247458,29.59863210533985,29.462858563572233,29.589580535888672,243400
1995-04-17,29.698205060518706,29.725359774076022,29.327090641902043,29.417606353759766,178900
1995-04-18,29.444743696132093,29.444743696132093,29.245609247526218,29.318021774291992,329500
1995-04-19,29.318036822070297,29.38139781551102,29.137005412239667,29.290882110595703,223000
1995-04-20,29.372330682949315,29.417588511428434,29.218454066120305,29.336124420166016,207900
1995-04-21,29.345179713866738,29.49000478339847,29.345179713866738,29.480953216552734,145000
1995-04-24,29.462869189758763,29.824932098388672,29.462869189758763,29.824932098388672,169000
1995-04-25,29.779646885663503,29.82490470767819,29.72533749924588,29.743440628051758,293200
1995-04-26,29.68915049157704,29.788717764567085,29.61673792940246,29.770614624023438,204400
1995-04-27,29.72534530264774,29.86111880433462,29.70724216908949,29.843015670776367,502200
1995-04-28,29.833973358357625,29.933540623813307,29.643890397033136,29.888282775878906,130800
1995-05-01,29.86113506807153,29.9244960700347,29.806825637817383,29.806825637817383,518700
1995-05-02,29.833977661132813,29.91544179916382,29.770616664886475,29.87018394470215,228400
1995-05-03,29.969741825279332,30.28654670715332,29.969741825279332,30.28654670715332,724700
1995-05-04,30.32275920279288,30.521893740841072,30.196037224034942,30.268449783325195,311400
1995-05-05,30.395174672931965,30.395174672931965,30.168885403478928,30.23224639892578,314900
1995-05-08,30.20508389410593,30.549043494937823,30.177929188777096,30.44947624206543,183100
1995-05-09,30.576192231023644,30.612398497727046,30.377057764154927,30.42231559753418,180600
1995-05-10,30.5037959128574,30.512847484344892,30.31371291162001,30.458538055419922,330300
1995-05-11,30.503785105661734,30.53999137878418,30.404217854575002,30.53999137878418,351700
1995-05-12,30.42233569362152,30.63052186468766,30.41328412096647,30.558109283447266,94600
1995-05-15,30.639563739862083,30.70292472839356,30.576202751330612,30.702924728393555,147200
1995-05-16,30.693893627623073,30.793460961714448,30.639584172664144,30.72104835510254,221600
1995-05-17,30.721025807093813,30.73007737627681,30.576200700165852,30.603355407714844,189200
1995-05-18,30.549049520549797,30.567152661006418,30.159832000732422,30.159832000732422,577800
1995-05-19,30.114564139326674,30.232234513180373,30.0693063032291,30.17792510986328,363900
1995-05-22,30.27749946795667,30.558098117734446,30.259396329261328,30.512840270996094,216000
1995-05-23,30.567160091142245,30.79344940185547,30.476644366856956,30.79344940185547,136800
1995-05-24,30.847755512910734,30.94732279889724,30.585259940764484,30.77534294128418,370800
1995-05-25,30.684806533396472,30.829631578981825,30.539981487811122,30.80247688293457,379900
1995-05-26,30.68481702158199,30.693868590024934,30.331805852307152,30.44947624206543,518600
1995-05-30,30.521899554263683,30.603363698981468,30.34086812155749,30.4404354095459,61500
1995-05-31,30.38613133773559,31.074050903320312,30.38613133773559,31.074050903320312,564500
1995-06-01,30.938253849466275,31.227903973276373,30.84773818577562,30.992563247680664,810100
1995-06-02,30.865868111202168,31.236982654474687,30.757249220488262,31.019744873046875,112900
1995-06-05,31.019734888784846,31.309385170792762,30.992580174846605,31.20981788635254,257200
1995-06-06,31.182660845945495,31.29127969359465,31.155506134033203,31.155506134033203,165800
1995-06-07,31.09213047774039,31.11023361047852,30.956356982204404,30.992563247680664,41900
1995-06-08,30.983515544015855,31.07403121899107,30.920154571533207,30.920154571533203,141100
1995-06-09,30.856790850384357,30.892997117149253,30.55808914957395,30.739120483398438,304900
1995-06-12,30.83869356236381,31.03782806731597,30.82059042554998,30.91110610961914,378500
1995-06-13,31.055945873813034,31.264132045511577,31.028791155765397,31.246028900146484,120000
1995-06-14,31.20076892617199,31.255078358593522,31.101201633399175,31.2188720703125,389400
1995-06-15,31.264140468271446,31.418017245330105,31.20983101754486,31.354656219482422,274500
1995-06-16,31.292943047731683,31.447723388671875,31.292943047731683,31.447723388671875,325100
1995-06-19,31.538775483619304,31.821022030961164,31.520566028952086,31.802812576293945,134600
1995-06-20,31.711766244075875,31.821022975321615,31.69355678886825,31.720870971679688,287800
1995-06-21,31.82102871653268,31.848342904272194,31.702667236328125,31.702667236328125,158200
1995-06-22,31.839240040638547,32.13969612337834,31.839240040638547,32.12148666381836,297000
1995-06-23,32.04861927763775,32.066828720409134,31.957572063780823,32.05772399902344,315400
1995-06-26,31.966695724118882,32.021324084798096,31.675344467163086,31.675344467163086,132900
1995-06-27,31.66624641418457,31.87565517425537,31.593408584594727,31.611618041992188,127700
1995-06-28,31.611608554435666,31.902959785352124,31.511456568808136,31.775493621826172,212600
1995-06-29,31.775499337302556,31.85744188573686,31.502357509188208,31.720870971679688,89200
1995-06-30,31.784609799546665,31.893866550504715,31.638934131602593,31.702667236328125,714100
1995-07-03,31.739071877933878,31.821014404296875,31.739071877933878,31.821014404296875,9500
1995-07-05,31.912062654745345,32.085052438037835,31.839224851253775,31.939376831054688,409300
1995-07-06,31.948475108427157,32.349082946777344,31.884742043235082,32.349082946777344,202500
1995-07-07,32.28535754288502,32.50387096111098,32.26714809136619,32.49476623535156,481700
1995-07-10,32.52208232639284,32.60402486304948,32.45834924232656,32.512977600097656,400400
1995-07-11,32.48566242275979,32.51297660080583,32.312672628468185,32.35819625854492,420500
1995-07-12,32.42194455938249,32.81344796181255,32.358211447359,32.758819580078125,203400
1995-07-13,32.71329212348109,32.78612995732129,32.64955901887091,32.685977935791016,215600
1995-07-14,32.51297004301966,32.68595980241965,32.485655870482816,32.65864562988281,543700
1995-07-17,32.70418453613146,32.87717437638382,32.67687035082845,32.840755462646484,171500
1995-07-18,32.7861203613964,32.7861203613964,32.53118801756993,32.558502197265625,221200
1995-07-19,32.431040743632884,32.467459655192265,31.584301049877165,32.20342254638672,486600
1995-07-20,32.23983100461288,32.38550660361707,32.06684123079542,32.321773529052734,318900
1995-07-21,32.29447078651045,32.41283225260141,32.15789986409781,32.28536605834961,94000
1995-07-24,32.330891609191895,32.558509826660156,32.330891609191895,32.522090911865234,108400
1995-07-25,32.558516459718085,32.81344891521923,32.45836442362835,32.76792526245117,107400
1995-07-26,32.74970531357541,32.90448568341995,32.73149585829959,32.7406005859375,167800
1995-07-27,32.895360081878344,33.04103563164586,32.895360081878344,33.01372146606445,187700
1995-07-28,33.041040276012055,33.041040276012055,32.77700330494445,32.804317474365234,415600
1995-07-31,32.83166125620745,32.8589754502642,32.649566629162486,32.72240447998047,342500
1995-08-01,32.767910933946425,32.767910933946425,32.485664410203064,32.66775894165039,141000
1995-08-02,32.858977410513596,33.0957004397941,32.54031179417445,32.594940185546875,240400
1995-08-03,32.3673057875909,32.604028699117585,32.31267742339244,32.585819244384766,1193600
1995-08-04,32.649533251827066,32.67684741796078,32.58580019751508,32.62221908569336,240500
1995-08-07,32.695072174072266,32.79522416346653,32.67686272145513,32.695072174072266,193100
1995-08-08,32.7132816266894,32.813433616083664,32.594920184678,32.695072174072266,951900
1995-08-09,32.80433941578134,32.80433941578134,32.658663748100935,32.685977935791016,107100
1995-08-10,32.722373892114796,32.795211674846264,32.47654637539607,32.61311721801758,280800
1995-08-11,32.58583359501457,32.62225252051892,32.29448219097979,32.431053161621094,257200
1995-08-14,32.51299565887876,32.72240447998047,32.440157808060775,32.72240447998047,254800
1995-08-15,32.71327397495649,32.71327397495649,32.431027525409135,32.65864562988281,44400
1995-08-16,32.63134480556714,32.74970626831055,32.594925893953786,32.74970626831055,374900
1995-08-17,32.76790998454082,32.76790998454082,32.57671073206087,32.695072174072266,353800
1995-08-18,32.858938109460226,32.868042830465896,32.70415785236385,32.73147201538086,85400
1995-08-21,32.86806388014364,33.00463478269271,32.63134098239191,32.640445709228516,266700
1995-08-22,32.68597984101565,32.75881767910148,32.52209470532254,32.70418930053711,220200
1995-08-23,32.73149488224734,32.749704336980166,32.585819244384766,32.585819244384766,176500
1995-08-24,32.594904919559646,32.68595214000535,32.48564825502481,32.62221908569336,167400
1995-08-25,32.67685135040156,32.85894581320681,32.67685135040156,32.804317474365234,195000
1995-08-28,32.895386708081595,32.895386708081595,32.63134956041086,32.685977935791016,293000
1995-08-29,32.72240160968311,32.77702999300479,32.4947833458428,32.76792526245117,1133100
1995-08-30,32.795231820474804,32.87717437638382,32.75881290673747,32.840755462646484,437400
1995-08-31,32.831657403327746,32.9227047061656,32.8043432124764,32.86807632446289,491900
1995-09-01,32.85894119443646,33.06834979722728,32.83162702885505,33.01372146606445,629900
1995-09-05,33.11390585873296,33.341524128314575,33.05927747403337,33.32331466674805,272200
1995-09-06,33.35061264974336,33.42345046060821,33.34150792338525,33.38703155517578,214500
1995-09-07,33.42344474012698,33.44165418972661,33.35971166652826,33.405235290527344,258800
1995-09-08,33.532711029052734,33.532711029052734,33.31419757135595,33.532711029052734,107300
1995-09-11,33.58734893282352,33.68750096271266,33.58734893282352,33.6237678527832,260700
1995-09-12,33.632858317495995,33.778533935546875,33.55091578234238,33.778533935546875,139500
1995-09-13,33.74211222958495,33.97883508926363,33.73300750421269,33.933311462402344,239800
1995-09-14,34.05168248820387,34.27019595871641,33.960635208823646,34.242881774902344,457600
1995-09-15,34.215129933892726,34.31581651208235,34.096136705123165,34.233436584472656,431200
1995-09-18,34.11443133720198,34.13273798133248,33.94051821796215,34.10527801513672,307500
1995-09-19,34.169355863179916,34.28834906602518,34.05036266033466,34.270042419433594,549600
1995-09-20,34.324978337143406,34.434818267822266,34.29751835447369,34.434818267822266,290800
1995-09-21,34.38902930017132,34.416489265010426,34.0137431140369,34.15104293823242,508500
1995-09-22,33.87644522545294,34.19681150021405,33.848985259044845,34.16019821166992,449900
1995-09-25,34.19681123578926,34.19681123578926,33.98628482828842,34.10527801513672,130000
1995-09-26,34.205958773209744,34.28833865786559,34.01373904234611,34.09611892700195,466600
1995-09-27,33.9496751659215,34.08697501156421,33.739148735936006,34.068668365478516,654400
1995-09-28,34.09612195332845,34.324954986572266,34.06866198933919,34.324954986572266,456200
1995-09-29,34.29750043709521,34.508026860915116,34.2151205321222,34.260887145996094,606600
1995-10-02,34.260884401749585,34.34326430012408,34.00459138458449,34.086971282958984,293100
1995-10-03,34.08697526956321,34.17850850068449,33.94967542288129,34.12358856201172,839700
1995-10-04,34.141891215208645,34.141891215208645,34.04120467275093,34.086971282958984,248800
1995-10-05,34.123586958511126,34.187660217285156,34.032053731691086,34.187660217285156,268800
1995-10-06,34.20598034070353,34.31582025616739,34.20598034070353,34.21513366699219,75300
1995-10-09,34.08695711805263,34.10526375452849,33.8672774803423,33.93135070800781,358200
1995-10-10,33.58354340835139,33.913063049316406,33.546930114910836,33.913063049316406,360800
1995-10-11,34.0320567658809,34.0320567658809,33.903910236907706,34.02290344238281,228100
1995-10-12,34.05037007867334,34.25174323505259,34.05037007867334,34.233436584472656,199800
1995-10-13,34.38903596507969,34.480569198950015,34.34326934814453,34.34326934814453,488100
1995-10-16,34.24257055526758,34.30664379608203,34.178497314453125,34.178497314453125,443600
1995-10-17,34.21510225434543,34.443935201471874,34.151029029150024,34.40732192993164,146000
1995-10-18,34.57209555932002,34.61786216715603,34.39818244954319,34.50802230834961,228100
1995-10-19,34.489705078705065,34.67277145385742,34.44393848491697,34.67277145385742,500600
1995-10-20,34.64533149546995,34.67279146759317,34.46226501464844,34.46226501464844,748400
1995-10-23,34.29749723733471,34.453103709988746,34.29749723733471,34.38903045654297,533000
1995-10-24,34.434801058577776,34.47141435050609,34.343267828757,34.4256477355957,172200
1995-10-25,34.45310443131598,34.4988710418783,34.14189147949219,34.14189147949219,302700
1995-10-26,34.19680604480562,34.224266006833034,33.55607359749931,33.83067321777344,606800
1995-10-27,33.794064977627436,34.086971282958984,33.638458502920045,34.086971282958984,905800
1995-10-30,34.16934843480651,34.32495489700627,34.16934843480651,34.30664825439453,488700
1995-10-31,34.39818458720674,34.471411164295,34.16019821166992,34.16019821166992,508200
1995-11-01,34.141911786011974,34.434818267822266,34.114451803342256,34.434818267822266,415700
1995-11-02,34.37987651311086,34.654476165771484,34.37987651311086,34.654476165771484,326000
1995-11-03,34.700252532958984,34.70940585728844,34.59956596533499,34.700252532958984,615000
1995-11-06,34.69109675062593,34.69109675062593,34.57210354277418,34.58125686645508,311200
1995-11-07,34.5629343160534,34.5629343160534,34.34325464879035,34.453094482421875,358200
1995-11-08,34.49886643830069,34.78261938592269,34.49886643830069,34.764312744140625,357200
1995-11-09,34.90159029625396,34.90159029625396,34.72767731025112,34.89243698120117,503700
1995-11-10,34.70024003757266,34.91991974237397,34.691086716539274,34.87415313720703,795600
1995-11-13,34.81009114496469,34.94739100485805,34.746017877014445,34.83755111694336,818500
1995-11-14,34.773474875154776,34.84670146083554,34.60871505737305,34.60871505737305,341800
1995-11-15,34.645322403629336,34.96568866099447,34.62701576035133,34.95653533935547,584700
1995-11-16,34.95654575228691,35.1853788614273,34.947392427921294,35.148765563964844,577700
1995-11-17,35.203666966280835,35.26774020308894,35.15790036856076,35.25858688354492,267000
1995-11-20,35.31352506649519,35.3226783907737,35.06638531097539,35.075538635253906,448800
1995-11-21,35.11213617327298,35.359275817871094,35.10298285310268,35.359275817871094,119200
1995-11-22,35.33183059949932,35.36844389545735,35.24945068359375,35.24945068359375,351600
1995-11-24,35.28606059112193,35.340980529785156,35.25860062179032,35.340980529785156,62400
1995-11-27,35.41418996047381,35.52402978459521,35.35011672973633,35.35011672973633,273000
1995-11-28,35.3226794399972,35.725425720214844,35.240299519043596,35.725425720214844,479000
1995-11-29,35.78950679360188,35.78950679360188,35.643053568871025,35.762046813964844,549200
1995-11-30,35.76201778096746,35.85355097211404,35.643024632476916,35.67963790893555,286200
1995-12-01,35.725425720214844,35.78034566751725,35.64304579926124,35.725425720214844,465200
1995-12-04,35.80781516941913,36.164794921875,35.76204853448889,36.164794921875,631700
1995-12-05,36.128182622934965,36.43939574915229,36.100722641209906,36.40278244018555,567700
1995-12-06,36.494291260561866,36.63159107719302,36.32037815949573,36.485137939453125,272800
1995-12-07,36.4393876209235,36.48515424692315,36.26547444212482,36.29293441772461,289700
1995-12-08,36.44852811334839,36.457681435325625,36.183081776008585,36.41191482543945,296900
1995-12-11,36.48514024641397,36.640746715101635,36.4119136729139,36.56752014160156,186500
1995-12-12,36.40277124606513,36.53091778804273,36.40277124606513,36.45769119262695,299400
1995-12-13,36.50345315761909,36.73228623909865,36.50345315761909,36.686519622802734,390700
1995-12-14,36.72313358664483,36.7872068506295,36.3295406793104,36.42107391357422,395000
1995-12-15,36.47126119708147,36.47126119708147,36.305482737094735,36.43442153930664,416700
1995-12-18,36.11205375415763,36.11205375415763,35.72523757010391,35.73444747924805,862300
1995-12-19,35.752862692426525,36.158098642572526,35.70681315263721,36.1120491027832,1022600
1995-12-20,36.22259597326412,36.25943563354712,35.76210021972656,35.76210021972656,1349800
1995-12-21,35.97391880044197,36.05680801426787,35.80814037279016,35.9462890625,857600
1995-12-22,36.13969903653272,36.17653868896547,36.03838999234264,36.07522964477539,332800
1995-12-26,36.222572451684535,36.26862199713544,36.14889317896308,36.25020217895508,432200
1995-12-27,36.34231521614203,36.34231521614203,36.16732687627718,36.23179626464844,151800
1995-12-28,36.15811427070288,36.34231250947365,36.10285479907165,36.19495391845703,256200
1995-12-29,36.23179884526448,36.26863849838625,36.10286005933827,36.24100875854492,339200
1996-01-02,36.19496451750274,36.627830505371094,36.158124858960754,36.627830505371094,514400
1996-01-03,36.7475496156285,36.83964873747218,36.5449315475724,36.729129791259766,610300
1996-01-04,36.77518429719949,36.913332998541335,36.08444079049026,36.37915802001953,1129700
1996-01-05,36.13969111333699,36.397568623829706,36.05680191353576,36.30546951293945,302400
1996-01-08,36.43440123570818,36.48966069157629,36.38835168915142,36.44361114501953,179900
1996-01-09,36.554145348044464,36.58177508753656,35.734463076445586,35.817352294921875,415500
1996-01-10,35.771281486380026,35.84496074793797,35.15421767083228,35.347625732421875,787700
1996-01-11,35.40289882451442,35.55946731567383,35.23712042211035,35.55946731567383,513200
1996-01-12,35.65157768160453,35.660787595756325,35.17266214571111,35.50421905517578,390400
1996-01-15,35.51341593033126,35.633144770345346,35.28316816107341,35.43052673339844,154200
1996-01-16,35.60552195395698,35.891029243292905,35.30159483950262,35.863399505615234,454600
1996-01-17,35.780506016113655,36.02917362549206,35.63314743277831,35.75287628173828,407600
1996-01-18,35.89102419264356,35.900234103906755,35.58709712095836,35.87260437011719,425600
1996-01-19,35.87259149587875,36.20414818236184,35.835751864047296,36.1120491027832,169800
1996-01-22,36.08442577301757,36.20415459768557,36.01995640588864,36.12126541137695,288200
1996-01-23,36.102853569781864,36.20416259765625,36.02917427678231,36.20416259765625,362200
1996-01-24,36.25941699555267,36.572553947000166,36.24099717487929,36.49887466430664,1506500
1996-01-25,36.52651404320182,36.5449338687405,36.323895962276346,36.36994552612305,298400
1996-01-26,36.34232714569452,36.701513855953536,36.29627756745618,36.6830940246582,726300
1996-01-29,36.65545597825237,36.8304443359375,36.627826237565245,36.8304443359375,254800
1996-01-30,36.9041312180114,37.21726834339508,36.8580816407491,37.14358901977539,272100
1996-01-31,37.1343579251342,37.53959397392039,37.11593810473483,37.5303840637207,498000
1996-02-01,37.49354123159842,37.66852951049805,37.465911503351116,37.66852951049805,373900
1996-02-02,37.650115367384586,37.73300456462198,37.42907750808487,37.511966705322266,496200
1996-02-05,37.447491080483395,37.871146906775145,37.392231624880125,37.815887451171875,295300
1996-02-06,37.8343088736724,38.211915169636505,37.779049415726426,38.17507553100586,301600
1996-02-07,38.16585143472,38.39609909057617,38.12901180978301,38.39609909057617,585100
1996-02-08,38.34086424398038,38.84740941174856,38.26718494685046,38.810569763183594,1526600
1996-02-09,38.7921626129259,39.12371955833552,38.617174225070826,38.80137252807617,804600
1996-02-12,38.87503528123189,39.27106146391205,38.838195636331406,39.096073150634766,626500
1996-02-13,38.93030581325714,39.30791228080944,38.902676071728926,39.0131950378418,1045900
1996-02-14,38.985565200991,39.11450399447407,38.65400830346308,38.672428131103516,431400
1996-02-15,38.58954049573652,38.847418093321394,38.386922383348406,38.4329719543457,889500
1996-02-16,38.359283097554446,38.45138221663621,38.15666503557457,38.27639389038086,606100
1996-02-20,37.98165472315699,38.09217360207985,37.650098086388404,37.898765563964844,492300
1996-02-21,37.972469698850546,38.3961256789978,37.972469698850546,38.36849594116211,434000
1996-02-22,38.58033397562788,39.09608921617101,38.552704230598785,38.97636032104492,721400
1996-02-23,39.1973786123556,39.26184798507329,38.50663533323749,38.865821838378906,1430400
1996-02-26,38.75529660444993,38.83818578444995,38.29480116000543,38.3132209777832,1408400
1996-02-27,38.40533614129884,38.41454605404256,38.01851980606274,38.19350814819336,601000
1996-02-28,38.49743582481562,38.74610347248787,38.01852035522461,38.01852035522461,865900
1996-02-29,37.79747454200938,38.28559982240083,37.650115966796875,37.650115966796875,914300
1996-03-01,38.10140924800484,38.2487678527832,37.493555003294105,38.2487678527832,1452600
1996-03-04,38.33166177688902,38.70005833409122,38.20272298186825,38.469810485839844,652600
1996-03-05,38.37770899604349,38.82899475097656,38.35928916931152,38.82899475097656,402000
1996-03-06,38.77372362876686,38.884242555974744,38.488216400146484,38.488216400146484,624700
1996-03-07,38.561907934461324,38.70005663735526,38.45138897214617,38.681636810302734,534200
1996-03-08,37.8343324999171,38.23956877791037,36.54494434266579,37.42909622192383,2289900
1996-03-11,37.281729195014144,37.917213215383704,37.17121023494987,37.86195373535156,1511400
1996-03-12,37.61328742234664,37.751436127374845,37.079112429570905,37.567237854003906,1385300
1996-03-13,37.815905290245574,37.98168373525883,37.60407727717308,37.82511520385742,1019300
1996-03-14,37.88037154873935,38.202718498461174,37.86195172304096,37.99089050292969,725600
1996-03-15,37.928351649531606,38.08561554661503,37.7433353000217,37.965354919433594,869200
1996-03-18,38.31687594565825,38.69615936279297,38.23361861018966,38.69615936279297,917600
1996-03-19,39.03845267485476,39.03845267485476,38.48340358469095,38.6129150390625,858300
1996-03-20,38.797909268831916,38.797909268831916,38.270612933990854,38.5666389465332,744300
1996-03-21,38.612902394336245,38.63140402461623,38.34462875527641,38.47414016723633,650800
1996-03-22,38.49265891699483,38.67767530208012,38.4464048207235,38.5759162902832,344500
1996-03-25,38.927441151081396,38.96444442213756,38.4001445385311,38.50190353393555,802400
1996-03-26,38.43715187466812,38.78868298687928,38.40014859969852,38.68692398071289,969400
1996-03-27,38.74243957931931,38.77019204320135,38.29840015720677,38.33540344238281,809600
1996-03-28,38.19660796752343,38.50188480523916,38.18735715425931,38.48338317871094,1001300
1996-03-29,38.59441178916157,38.59441178916157,38.113369264464446,38.29838562011719,457700
1996-04-01,38.48339732988971,38.751671013199044,38.36313671323381,38.7424201965332,773400
1996-04-02,38.78868431040397,38.816436767578125,38.65917284359127,38.816436767578125,638800
1996-04-03,38.67767448170737,38.84418922475228,38.585166291126875,38.816436767578125,288000
1996-04-04,38.816433485100724,38.90894166785836,38.77943021199768,38.78868103027344,934900
1996-04-08,37.81733129325928,38.12260818481445,37.650816625138276,38.12260818481445,2217200
1996-04-09,38.27064325144462,38.27064325144462,37.90061044263201,37.97461700439453,1180900
1996-04-10,37.9098513069607,38.07636602719625,37.151284248109846,37.29929733276367,939500
1996-04-11,37.39181022748244,37.57682660663871,36.781256176266744,37.253047943115234,1276000
1996-04-12,37.512065635819596,37.78033934813495,37.401055823827036,37.72483444213867,411300
1996-04-15,37.91910322630916,38.085617951382,37.79884259153433,38.039363861083984,484200
1996-04-16,38.11335684834581,38.2798715141881,38.030099515424666,38.150360107421875,429700
1996-04-17,38.113362410141534,38.224372203569125,37.798834662096674,38.057857513427734,525300
1996-04-18,38.150356985295865,38.23361431140344,37.94683907703289,38.11335372924805,818600
1996-04-19,38.29837974566813,38.4001387256687,38.14111586748543,38.20587158203125,885100
1996-04-22,38.55740844051979,38.64991661816019,38.24288063654242,38.50190353393555,828900
1996-04-23,38.437145520969786,38.64991431687407,38.353888166050716,38.622161865234375,225400
1996-04-24,38.81641245621901,38.81641245621901,38.40012585933392,38.48338317871094,699000
1996-04-25,38.566644841559516,38.81641682782051,38.33537448391044,38.65915298461914,475500
1996-04-26,38.760921829864884,38.96443979651334,38.6221595798773,38.7424201965332,563300
1996-04-29,38.5759054965481,38.81642672985991,38.5759054965481,38.7424201965332,219900
1996-04-30,38.742420724301354,38.81642725863622,38.55740438846419,38.71466827392578,184400
1996-05-01,38.70541207200297,38.95518409063206,38.64990717897429,38.79792022705078,561900
1996-05-02,38.492659858914614,38.70542870696918,37.94686150955726,38.13187789916992,1299600
1996-05-03,38.353890961182714,38.47415159371898,37.743336980613954,38.07636642456055,1329300
1996-05-06,38.224380222276025,38.224380222276025,37.70633441093831,38.039363861083984,647500
1996-05-07,38.03937454689408,38.03937454689408,37.75259910648705,37.882110595703125,582100
1996-05-08,37.6970814209426,38.35388946533203,37.345550354931355,38.35388946533203,1694700
1996-05-09,38.22437854852476,38.52040471346977,38.18737527790663,38.32613754272461,593400
1996-05-10,38.705413818359375,38.83492524126976,38.52039749991598,38.705413818359375,925100
1996-05-13,38.79792992232799,39.45473798729825,38.76092665106206,39.28822326660156,867500
1996-05-14,39.445467351890684,39.63048361526728,39.408464099215365,39.528724670410156,632300
1996-05-15,39.538003086708585,39.85253095403383,39.45474571006367,39.48249816894531,466100
1996-05-16,39.26048825727547,39.63052113434687,39.2419866134219,39.565765380859375,514400
1996-05-17,39.66750885719477,39.84327440483626,39.66750885719477,39.77851867675781,427700
1996-05-20,40.05604189464968,40.11154680258684,39.65825672110004,40.046791076660156,788500
1996-05-21,40.11153638999881,40.1855429147036,39.96352334058922,39.991275787353516,352700
1996-05-22,40.03753032736774,40.37055969238281,39.89876809194479,40.37055969238281,1218100
1996-05-23,40.42608309384595,40.51859129314537,39.98204373720874,40.204063415527344,967900
1996-05-24,40.241063660283494,40.453832502625225,40.222562021819,40.361324310302734,659100
1996-05-28,40.48157745170549,40.48157745170549,39.85252186059124,39.954280853271484,456400
1996-05-29,40.03752028814285,40.074523541643906,39.55647799262912,39.68598937988281,649600
1996-05-30,39.630518628405284,40.09305969549685,39.51950877230331,39.88954162597656,895800
1996-05-31,39.88028125228169,40.04679599655009,39.593505859375,39.593505859375,923500
1996-06-03,39.60276215474181,39.732273640414874,39.49175230987919,39.70452117919922,503100
1996-06-04,39.88951318432809,40.01902459077071,39.815506666360875,39.98202133178711,627100
1996-06-05,40.000520191717584,40.379803570038675,39.91726286476905,40.33354949951172,428000
1996-06-06,40.55559397360754,40.55559397360754,39.96354150683955,40.03754806518555,523300
1996-06-07,39.18647264420655,40.0467988849788,39.18647264420655,40.03754806518555,1422800
1996-06-10,39.98203036892342,40.10229098780265,39.84326811637047,39.908023834228516,548800
1996-06-11,40.056037610755446,40.278057218759635,39.87102127075195,39.87102127075195,688700
1996-06-12,40.0005417934189,40.10230080353166,39.732268039485234,39.79702377319336,1120600
1996-06-13,39.88953196420497,39.94503687881193,39.565753295664344,39.79702377319336,1502000
1996-06-14,39.815520969536905,39.815520969536905,39.50099315518648,39.6305046081543,1468200
1996-06-17,39.64899913820812,39.79701220078659,39.50098607562965,39.602745056152344,1101000
1996-06-18,39.57499879719343,39.6860086114913,39.26972180787426,39.27897262573242,718000
1996-06-19,39.46399325049916,39.667511265386864,39.32523096762117,39.454742431640625,552100
1996-06-20,39.49173477903211,39.621246207213524,39.18645784117592,39.426979064941406,1234400
1996-06-21,39.6172968487075,39.76609420776367,39.50569882941536,39.76609420776367,573300
1996-06-24,39.85908046868447,40.00787778261329,39.784681811720056,39.84048080444336,416500
1996-06-25,39.95208444258799,39.97998394289706,39.74748810698814,39.79398727416992,454400
1996-06-26,39.74748415778665,39.83118265039781,39.51498834497789,39.524288177490234,838200
1996-06-27,39.524292500219616,39.905585674927615,39.3754951637482,39.803287506103516,1090500
1996-06-28,39.97068285514645,40.17527918432589,39.859084857412206,39.94278335571289,1060800
1996-07-01,40.04508860333585,40.29618414265077,39.98928959459919,40.28688430786133,471300
1996-07-02,40.249693897943786,40.25899373479636,40.072996997744866,40.13809585571289,389400
1996-07-03,40.119481157808146,40.17528015802763,39.91488482367004,40.05438232421875,308300
1996-07-05,39.35690446498708,39.54290117795961,38.91051235385301,39.031410217285156,842900
1996-07-08,39.05930295515289,39.27319913800253,38.76170826597077,38.87330627441406,942000
1996-07-09,39.05000988858241,39.17090775201455,38.91051235385301,39.031410217285156,716300
1996-07-10,39.02209429928744,39.189491271972656,38.64080119483777,39.189491271972656,1132300
1996-07-11,39.02211788636658,39.09651658586394,38.01773544315218,38.39902877807617,1587400
1996-07-12,38.46411736960101,38.631514398772396,38.138623146212225,38.426918029785156,1312000
1996-07-15,38.51990181597094,38.51990181597094,37.29232406616211,37.29232406616211,1951300
1996-07-16,37.4039489499372,37.79454215130402,35.93457452574772,37.38534927368164,4141000
1996-07-17,37.94333173813722,38.09212911750246,37.496939600041486,37.83173370361328,1340500
1996-07-18,37.94333101822033,38.41762265594808,37.692235445305634,38.35252380371094,1432500
1996-07-19,38.25952117502485,38.31532018500301,37.86892810517774,38.073524475097656,1216000
1996-07-22,37.81312481437142,37.943322489580765,37.50623029423511,37.794525146484375,519800
1996-07-23,37.85034185392431,38.054938296377955,37.245852364856724,37.310951232910156,1479800
1996-07-24,36.864558338525875,37.6085453887484,36.67856157597024,37.38534927368164,2463400
1996-07-25,37.757326442109054,37.83172511490139,37.57132976012822,37.72012710571289,1989800
1996-07-26,37.83172623511329,37.980523585103896,37.72942805699474,37.92472457885742,642300
1996-07-29,37.868930618963375,37.924729632645544,37.459737851960824,37.5062370300293,1297900
1996-07-30,37.75732518179243,37.90612252241033,37.45973050055663,37.86892318725586,1868200
1996-07-31,37.89682318558639,38.25021687418818,37.80382484648066,38.147918701171875,767100
1996-08-01,38.18511839393231,38.91980527973861,38.12931938994703,38.78030776977539,1168600
1996-08-02,39.282500275088026,39.63589398021429,39.13370292556118,39.61729431152344,1098500
1996-08-05,39.626591821375534,39.635891655175435,39.263898303179424,39.384796142578125,710200
1996-08-06,39.37550526958401,39.58940149565874,39.16160904350927,39.50570297241211,640000
1996-08-07,39.6545047083772,39.72890340389011,39.35690992632559,39.60800552368164,917800
1996-08-08,39.61729494670821,39.61729494670821,39.39409891883943,39.54289627075195,925100
1996-08-09,39.6824073899518,39.738206416045,39.31971372034595,39.41271209716797,648800
1996-08-12,39.4312898122502,39.79398327986288,39.28249249220397,39.700984954833984,764200
1996-08-13,39.626591821375534,39.654491322775236,39.282497970779225,39.384796142578125,805200
1996-08-14,39.39409052231733,39.56148750753964,39.28249253216912,39.524288177490234,533800
1996-08-15,39.422009698741,39.65450562760831,39.403410024431615,39.44990921020508,632600
1996-08-16,39.5615024218887,39.80329815836474,39.5615024218887,39.784698486328125,475100
1996-08-19,39.793987672574055,39.831187006691906,39.654490169632105,39.803287506103516,436400
1996-08-20,39.81259377983259,39.82189361486642,39.682396089358946,39.775394439697266,645700
1996-08-21,39.67307884040879,39.766077149926865,39.50568188327627,39.63587951660156,266400
1996-08-22,39.728893753541236,40.0822874713864,39.710294084180966,40.00788879394531,584800
1996-08-23,39.93348477571527,39.99858360976977,39.66378960606093,39.79398727416992,757100
1996-08-26,39.70099202340172,39.74749119419511,39.53359500854549,39.59869384765625,784700
1996-08-27,39.71029821600265,39.78469690118485,39.58010051693379,39.74749755859375,389400
1996-08-28,39.84048547022846,39.87768480306714,39.67308847245439,39.68238830566406,227600
1996-08-29,39.63587994276419,39.63587994276419,39.059290417552695,39.291786193847656,680200
1996-08-30,39.28249937402835,39.291799208160455,38.76170866263024,38.882606506347656,1500900
1996-09-03,38.371118679699336,39.189504148389,38.315319670470494,39.133705139160156,1782000
1996-09-04,39.13369148160204,39.72888070565683,38.97559434396249,39.17089080810547,930200
1996-09-05,38.98491203896675,39.14300924904843,38.696617126464844,38.696617126464844,616600
1996-09-06,38.83611513833864,39.38480546237168,38.77101628633472,39.24530792236328,804900
1996-09-09,39.39408709416624,39.71958120377337,39.328988272244814,39.71028137207031,719200
1996-09-10,39.65451588224001,39.82191299431326,39.50571844928602,39.691715240478516,669900
1996-09-11,39.61730315323089,39.95209726438496,39.524304789021436,39.91489791870117,713500
1996-09-12,40.026488777665506,40.31478365501393,39.97068976914645,40.193885803222656,713300
1996-09-13,40.65886185054032,40.84485847382733,40.54726387656811,40.80765914916992,2008800
1996-09-16,40.86347214597447,41.161066845262404,40.80767313985798,40.95647048950195,1220200
1996-09-17,40.99368114584296,41.05878000428691,40.61238783209987,40.86348342895508,604700
1996-09-18,40.807660962086736,40.91925894101678,40.60306466738165,40.76116180419922,225500
1996-09-19,40.69609251542525,40.947188150232485,40.640293485468085,40.919288635253906,410000
1996-09-20,41.03637189928068,41.148544214267325,40.90550419846293,41.064414978027344,948400
1996-09-23,40.96159964875879,41.12985815941093,40.774645748034196,41.055076599121094,466800
1996-09-24,41.01767988037721,41.42897840242293,40.8681167814515,41.04572296142578,1269800
1996-09-25,41.24203094287954,41.24203094287954,40.98029547905347,41.07377243041992,1353300
1996-09-26,41.12985815941093,41.39159362042536,40.91486117357765,41.055076599121094,773200
1996-09-27,41.11116365219269,41.11116365219269,40.90551435697935,41.09246826171875,407600
1996-09-30,41.14855354948339,41.316812060135526,41.0270335140124,41.055076599121094,578200
1996-10-01,41.10180895138478,41.30745821154636,40.94289815944174,41.279415130615234,561400
1996-10-02,41.42899247348389,41.63464180435407,41.372906292337476,41.55986022949219,609000
1996-10-03,41.57854710715893,41.59724249704525,41.40094090323897,41.5224609375,342200
1996-10-04,41.690717448874715,42.08332061767578,41.57854511493156,42.08332061767578,754100
1996-10-07,42.06462061957983,42.251574489000184,42.02722984569576,42.13005447387695,235100
1996-10-08,42.14876500225513,42.288980454691114,41.887029491041304,41.96181106567383,386200
1996-10-09,42.027246839217554,42.10202841722328,41.58790506843392,41.6346435546875,528800
1996-10-10,41.63462056180356,41.793531327306624,41.503752872565734,41.55049133300781,1562200
1996-10-11,41.70941239929199,42.06462478637695,41.70941239929199,42.06462478637695,331300
1996-10-14,42.06462611212394,42.28897078472194,42.05527841743236,42.12071228027344,201600
1996-10-15,42.55070489501953,42.55070489501953,41.849627815246585,42.06462478637695,776900
1996-10-16,42.17680578219158,42.27028274536133,41.84028871478048,42.27028274536133,590100
1996-10-17,42.40113404504938,42.494610971956455,42.204832498544526,42.38243865966797,792500
1996-10-18,42.401146962800645,42.66288243787966,42.30767000741528,42.60679626464844,695800
1996-10-21,42.644178077080966,42.849827335672764,42.43852881848917,42.55070114135742,879200
1996-10-22,42.51333008487667,42.52267778278452,42.23289914764134,42.25159454345703,848900
1996-10-23,42.158096153654625,42.41048386898693,41.98983767676643,42.391788482666016,735900
1996-10-24,42.39178934979694,42.46657089661025,42.0085339223787,42.02722930908203,379300
1996-10-25,42.017886314392086,42.21418789672852,41.95245245361328,42.06462478637695,568300
1996-10-28,42.10200887590447,42.317005812881774,41.765491931070414,41.78418731689453,975400
1996-10-29,41.91506299705861,42.22353692188086,41.7000660191522,42.12071228027344,815900
1996-10-30,42.251593947171685,42.251593947171685,41.9337722227903,41.98051071166992,495400
1996-10-31,42.03657403011179,42.40113404504938,41.98983556665825,42.38243865966797,726300
1996-11-01,42.4665911574446,42.56941583337061,42.03659705811762,42.2328987121582,821300
1996-11-04,42.28896104314396,42.5133056640625,42.19548411776124,42.5133056640625,1608400
1996-11-05,42.65351922802911,42.95264537646148,42.6441715358906,42.756343841552734,764000
1996-11-06,42.83114096086356,43.597651995082416,42.79375017870654,43.578956604003906,1665000
1996-11-07,43.44808558327927,43.85003646109361,43.391999414281926,43.68177795410156,1446300
1996-11-08,43.69111997641308,43.934160010513786,43.522861491266426,43.92481231689453,1355700
1996-11-11,43.82196943415547,43.98088015949264,43.80327405470404,43.878055572509766,655900
1996-11-12,43.99960688811082,44.02764997726832,43.68178521099254,43.74721908569336,719900
1996-11-13,43.79395645391533,44.00895346532196,43.68178410013796,43.943519592285156,481900
1996-11-14,43.78460605327899,44.23329544067383,43.76591066213754,44.23329544067383,558800
1996-11-15,44.345457651082754,44.5698022934997,44.10241762179773,44.289371490478516,2250900
1996-11-18,44.37349522226997,44.420233683637434,44.11175983861217,44.29871368408203,1518200
1996-11-19,44.354796010993844,44.625879063537326,44.28936217072473,44.61653137207031,1029300
1996-11-20,44.607212123300364,44.87829534869343,44.45764896446281,44.691341400146484,730000
1996-11-21,44.7473935397739,44.77543661072007,44.49500590125836,44.62587356567383,653000
1996-11-22,44.69130999688621,45.01847917695126,44.69130999688621,44.97174072265625,965100
1996-11-25,45.01850215868018,45.56066850527558,44.91567750673968,45.54197311401367,2058800
1996-11-26,45.635442696057595,45.8784827431894,45.149362601793975,45.39240264892578,2861800
1996-11-27,45.50458255403431,45.579364119447675,45.25219477076419,45.30828094482422,872000
1996-11-29,45.46719191610997,45.59805965600009,45.38306265475203,45.476539611816406,1073400
1996-12-02,45.42045387674069,45.541973922099324,45.10263221964886,45.495235443115234,1350600
1996-12-03,45.504570393259314,45.81304426815199,44.719364166259766,44.719364166259766,1777800
1996-12-04,44.794154316876515,44.9063266565682,44.3267695681612,44.84089279174805,2365100
1996-12-05,44.775450325331164,44.953056495723914,44.588496461759846,44.719364166259766,1697700
1996-12-06,43.8219682005296,44.719346388936344,43.466756000951925,44.457611083984375,3401800
1996-12-09,44.68196753491221,45.121309056699005,44.616533691241834,45.111961364746094,1864600
1996-12-10,45.20545422889381,45.270888095643656,44.85024180939464,44.89698028564453,1331600
1996-12-11,44.04632663907161,44.64457895335441,43.85937279085823,44.48566818237305,1847900
1996-12-12,44.73807490259154,44.794161080906534,43.635046729063376,43.74721908569336,2540200
1996-12-13,43.70983092234059,44.01830492157867,43.31722765058304,43.85939407348633,1678300
1996-12-16,43.97155698469883,44.08372932394551,43.11156905047428,43.29852294921875,1831100
1996-12-17,43.1676274534721,43.840661056038144,42.999369052830595,43.64435958862305,2023200
1996-12-18,43.896772690240844,44.13046504911138,43.831338829757094,43.99024963378906,1666800
1996-12-19,44.382857046895744,44.943718761894424,44.20525083714616,44.89698028564453,2269300
1996-12-20,45.164587867434186,45.52154592462273,44.939140673420376,44.99550247192383,1543200
1996-12-23,45.145799889929776,45.21155532048107,44.685511876070734,44.88277816772461,1263700
1996-12-24,44.99547155092145,45.211524963378906,44.9672906710357,45.211524963378906,633000
1996-12-26,45.352456454247545,45.587297260245094,45.314881925287935,45.55911636352539,1384300
1996-12-27,45.55910910177466,45.70940719365681,45.39002374840725,45.61547088623047,410400
1996-12-30,45.76578181622976,45.76578181622976,45.1833765468114,45.220951080322266,694100
1996-12-31,45.25855924272961,45.314921084874975,44.394344329833984,44.394344329833984,1378100
1997-01-02,44.71369806549729,44.71369806549729,43.73676012457046,44.50703811645508,2031900
1997-01-03,44.71366796600685,45.1645620967565,44.53518903925178,45.145774841308594,2123200
1997-01-06,45.14577596553927,45.35243578061248,44.676094567645606,44.751243591308594,1374100
1997-01-07,44.75125479965178,45.37123440015074,44.56338219343998,45.296085357666016,939000
1997-01-08,45.540328724114964,45.55911598844009,44.90156173706055,44.90156173706055,1802200
1997-01-09,45.12701129517614,45.615480193458644,45.05186223390191,45.27730941772461,1415700
1997-01-10,44.63853424523264,45.84091900604699,44.63853424523264,45.765769958496094,2369500
1997-01-13,45.99123010743192,45.99123010743192,45.47458025941133,45.70002746582031,1364600
1997-01-14,46.10394395835216,46.52665738095319,45.99122037899189,46.27302932739258,2111200
1997-01-15,46.12273049732995,46.41393307277134,45.916070605081224,46.16030502319336,1583900
1997-01-16,46.31064245272707,46.47033432325372,45.99125871167378,46.34821701049805,1308400
1997-01-17,46.41393608628118,46.742713208932436,46.35757429382668,46.62998962402344,1604000
1997-01-20,46.74273266552439,46.949392657212805,46.57364721777933,46.686370849609375,1889900
1997-01-21,46.5172499117975,47.22177207322415,46.35755822187412,47.06208038330078,2785800
1997-01-22,47.080877478709546,47.40026092529297,46.817855816817314,47.40026092529297,1201600
1997-01-23,47.53179843019442,47.90754387233035,46.23547665482548,46.742733001708984,2601100
1997-01-24,46.81786297353937,46.83665023797498,46.14152145385742,46.14152145385742,2176000
1997-01-27,46.216677334319336,46.43273090722368,45.91608105897417,46.01001739501953,2108500
1997-01-28,46.66756485805449,46.79907570910376,45.69062710740279,46.14152145385742,4376000
1997-01-29,46.21668092666134,46.59242630004883,46.04759550863697,46.59242630004883,1122700
1997-01-30,46.81787718633178,47.21240985925031,46.53606813424712,47.19362258911133,2126300
1997-01-31,47.45661330270597,47.73842217029923,47.118442661594045,47.137229919433594,3208100
1997-02-03,47.32510917295217,47.42843910564421,47.10905567732337,47.278141021728516,755000
1997-02-04,47.34389644098508,47.616311718125665,47.156023836060534,47.56934356689453,654100
1997-02-05,47.6350988294786,47.776003282730855,46.36695875020832,46.67694854736328,2255400
1997-02-06,46.761514129089576,47.01514226920316,46.53606689343306,46.986961364746094,2483100
1997-02-07,47.38150169176934,47.64452350924942,46.761521693423425,47.625736236572266,2321000
1997-02-10,47.644520810095734,47.81360625461106,47.14665811235617,47.17483901977539,1670000
1997-02-11,47.36268846857266,47.71964645385742,46.96815595852108,47.71964645385742,1664300
1997-02-12,47.719658294819894,48.480542610150685,47.65390286016168,48.395999908447266,2675400
1997-02-13,48.58386446693526,49.034758800735126,48.50871541130195,48.922035217285156,1104800
1997-02-14,48.80931854248047,48.97840394158837,48.64023314337257,48.80931854248047,1112900
1997-02-18,48.903246072958446,49.26020407349099,48.5462880724259,49.22262954711914,833100
1997-02-19,49.091110836325875,49.29777069824688,48.79051467353168,48.89384460449219,648100
1997-02-20,48.71537131625175,48.912637571099665,48.18932796999064,48.30205154418945,1193900
1997-02-21,48.33961474209514,48.555668208684374,48.17992304939875,48.32082748413086,1844400
1997-02-24,48.07659878689549,48.92202549475414,48.07659878689549,48.89384460449219,787300
1997-02-25,48.94083971070062,49.01598879278999,48.62145611182081,48.93144607543945,1653900
1997-02-26,48.88445765956422,48.959606710539724,47.869945471394935,48.45235061645508,1597800
1997-02-27,48.583854760881536,48.583854760881536,47.719640793750614,47.729034423828125,1813100
1997-02-28,47.64450037098194,48.02024564204647,47.53177678966258,47.588138580322266,2961200
1997-03-03,47.3439250272863,47.945117726045495,47.306350483613855,47.90754318237305,1210400
1997-03-04,48.03900634603169,48.17051711819525,47.5505377637099,47.644474029541016,1478700
1997-03-05,47.92630725962656,48.45235061645508,47.766615526303625,48.45235061645508,1254800
1997-03-06,48.47113221000397,48.64021755492259,48.020237956887655,48.170536041259766,1528500
1997-03-07,48.3584304502861,48.790537637681815,48.24570683618287,48.602664947509766,1859300
1997-03-10,48.65901849246153,49.10991287231445,48.42417766962146,49.10991287231445,1074900
1997-03-11,49.147481900728664,49.175662796313944,48.846885681152344,48.846885681152344,624600
1997-03-12,48.88446126633667,48.903248530466705,48.273875182110714,48.41477966308594,1055600
1997-03-13,48.24569329249375,48.37720413869603,47.531777270252796,47.66328811645508,2514100
1997-03-14,47.87936227461871,48.114203172571514,47.6445213766659,47.90754318237305,1642700
1997-03-17,47.644499455385954,48.114181035190626,47.156030612389095,48.039031982421875,3013500
1997-03-18,48.09541164261712,48.161167088222264,47.32513356552833,47.52239990234375,1352500
1997-03-19,47.40026449788331,47.79479702045784,46.93058292338982,47.36268997192383,1510000
1997-03-20,47.34390496066883,47.49420307165508,46.817861572216955,47.11845779418945,1808200
1997-03-21,47.48750167481928,47.52522010347283,47.280050317224756,47.33662796020508,2810600
1997-03-24,47.37433868588071,48.024981474361155,47.12916893949677,47.9966926574707,2145600
1997-03-25,47.88352096648443,48.26070506232125,47.39318164189656,47.52519607543945,2125800
1997-03-26,47.71382968259018,48.07215488574007,47.4875190279692,47.732688903808594,1335300
1997-03-27,47.90240114385431,47.90240114385431,45.95990219983187,46.46910095214844,2898500
1997-03-31,46.41253552033534,46.54455004639887,45.412996965854326,45.488433837890625,4270700
1997-04-01,45.41296904668995,45.9787452391321,45.29038420499415,45.780723571777344,3210900
1997-04-02,45.63927375230213,45.8278657926009,44.92262399916681,44.96034240722656,2672700
1997-04-03,44.922636306629016,45.33753890895724,44.77176263305511,45.20552444458008,2284200
1997-04-04,44.960370252787655,45.780746136175345,44.752918879976974,45.77131652832031,3706700
1997-04-07,45.9787702397989,46.242799273169354,45.950481414794915,45.95048141479492,2596200
1997-04-08,45.94105546573555,46.33709904733672,45.77132250219219,46.280521392822266,1822700
1997-04-09,46.469104375032096,46.497393196688975,45.7713134408291,45.90332794189453,2453200
1997-04-10,45.92218512308966,46.19564372033187,45.67701534625181,45.73359298706055,1996500
1997-04-11,45.29983453246966,45.45070825281094,44.28143692016601,44.281436920166016,4221600
1997-04-14,44.49829274943256,44.93205445031705,44.24369349021775,44.8754768371582,3988500
1997-04-15,45.41298312352709,45.6487232767846,44.960362029272666,45.6392936706543,2760400
1997-04-16,45.48845672607422,46.233396212259926,45.41301981608073,46.167388916015625,2273300
1997-04-17,46.167363380388316,46.46911085346275,45.86561590731388,45.9787712097168,1386000
1997-04-18,46.35592888656928,46.45965452077438,46.01646317462532,46.205055236816406,1702100
1997-04-21,46.318230659528744,46.41252673171834,45.54500286757407,45.90332794189453,2809400
1997-04-22,45.93159099176301,46.912269592285156,45.86558377826633,46.912269592285156,3215000
1997-04-23,46.86515749123202,47.09146811090798,46.58226921663705,46.95945358276367,2047700
1997-04-24,47.10087036533144,47.242314420482586,46.393650089575715,46.72368621826172,2689900
1997-04-25,46.50681339823114,46.59167984603813,46.12019958044373,46.18620681762695,1606200
1997-04-28,46.16734045563176,46.95942717913525,46.0919036248219,46.63882064819336,1666500
1997-04-29,47.43091641571512,48.14756644505793,47.25175390837941,48.10984802246094,3197400
1997-04-30,47.82695627082292,48.694479925577596,47.80809706093695,48.33615493774414,3372200
1997-05-01,48.4116089373827,48.600201103091244,47.86469165682793,48.27959442138672,2149500
1997-05-02,48.44930780986045,49.2885426084353,48.31729334716328,49.147098541259766,1448300
1997-05-05,49.2791079030759,50.42951953035781,49.062227022522755,50.31636428833008,3636200
1997-05-06,50.07123507866713,50.37298263469676,49.78834674488935,50.2786865234375,1721100
1997-05-07,50.0900680916441,50.0900680916441,49.12824826006509,49.1848258972168,2327200
1997-05-08,49.07167089248738,50.22208285422517,48.99623404253737,49.5242919921875,2923700
1997-05-09,50.071213256212665,50.16550932637502,49.27912626684885,49.86376190185547,2558200
1997-05-12,50.05235964911324,50.844446727207725,50.01464121682303,50.693572998046875,2357900
1997-05-13,50.655885698548616,50.75018183722797,50.099538480340435,50.48615264892578,1195100
1997-05-14,50.83503238626774,50.995335771644584,50.35412223013722,50.5804328918457,2772000
1997-05-15,50.58042162577311,51.051902065983526,50.40125905849316,50.91988754272461,884100
1997-05-16,50.76898193932368,50.88213717395813,50.09005053151697,50.22206497192383,1934200
1997-05-19,50.2786630696904,50.63698812532586,50.12778936205442,50.37295913696289,1375800
1997-05-20,50.25982435835409,51.10848930999609,49.939217598844884,50.97647476196289,1756400
1997-05-21,51.10846244011449,51.28762494682338,50.486108469441504,50.8632926940918,1208000
1997-05-22,50.91988359178815,50.97646124022347,50.42954397201538,50.693572998046875,907600
1997-05-23,50.91986932132326,51.4290680145365,50.78785484530502,51.1650390625,644400
1997-05-27,50.91987265364189,51.617663501117725,50.853865411313095,51.372493743896484,1531000
1997-05-28,51.37249341824306,51.57051514397417,51.00473878474242,51.36306381225586,716700
1997-05-29,51.35364674491566,51.447942827811204,50.99532162991257,51.06132888793945,1282700
1997-05-30,50.22206753092075,51.63650803592227,50.16548991072069,51.39133834838867,2143300
1997-06-02,51.50450485797549,51.598800912274235,51.1273206407805,51.1650390625,1479100
1997-06-03,50.93875315062393,51.56110740977632,50.901034710675304,50.995330810546875,1562100
1997-06-04,51.01418427739572,51.14619880232798,50.74072561860746,50.93874740600586,1063100
1997-06-05,51.05189392163013,51.48565585742529,50.948168241331295,51.1273307800293,1180800
1997-06-06,51.05190891260348,52.1646029007245,51.05190891260348,52.12688446044922,1511100
1997-06-09,52.16458907652622,52.42861808848261,52.108011431106995,52.390899658203125,1823400
1997-06-10,52.40973773670864,52.74920347231885,52.20228645383574,52.55118179321289,1217500
1997-06-11,52.504038023001144,52.74920774078096,52.40031237317122,52.673770904541016,1673800
1997-06-12,53.03210439571465,53.711036030937166,52.8435122748195,53.692176818847656,4273300
1997-06-13,53.74875482222379,54.314531188773515,53.65445876113217,54.144798278808594,2132900
1997-06-16,54.16365814208985,54.31453184164999,53.99392523008469,54.163658142089844,800400
1997-06-17,53.97510529362507,54.45601556091628,53.67335767493255,54.088260650634766,2048100
1997-06-18,53.786502867499124,54.08825042916813,53.69220675447756,53.899658203125,1971900
1997-06-19,54.0787941276253,54.61628170657467,53.93735002790178,54.45597839355469,2029900
1997-06-20,54.488141634608574,54.73426597138756,54.2230846565389,54.270416259765625,1396900
1997-06-23,54.166286510785305,54.4692087701955,52.91673219071826,52.95459747314453,3991500
1997-06-24,53.465829271984234,54.45032754469782,53.31436799925906,54.298866271972656,4895100
1997-06-25,54.21366032991517,54.67751040083639,53.27649386009474,53.920204162597656,4708900
1997-06-26,53.82550318979762,54.2988192572422,53.12499540997965,53.65510940551758,2569900
1997-06-27,53.90124572593005,54.355629251543796,53.7308519038249,53.863380432128906,2617900
1997-06-30,53.863367052341474,54.20415461189935,53.23858985981871,53.50364685058594,2384900
1997-07-01,53.61723668677859,54.260946449261105,53.55097244652304,54.12841796875,1749000
1997-07-02,54.26095146814545,55.01825714111328,54.052692408079295,55.01825714111328,1961800
1997-07-03,55.661966436506525,55.83236021131216,55.41584209512062,55.77556228637695,2539100
1997-07-07,55.964909400469,56.04063999505691,55.075074914061,55.207603454589844,1158600
1997-07-08,55.283311565197856,55.851290793607426,55.245446283303885,55.78502655029297,3396500
1997-07-09,55.927017654387534,55.96488293377439,54.54493495676726,55.16971206665039,5390300
1997-07-10,55.20759249922762,55.64304333169753,54.81947327898271,55.41585159301758,2072200
1997-07-11,55.49159057586015,55.851310883243755,55.35906204156093,55.605186462402344,2258900
1997-07-14,55.671432757329065,55.92702341953751,55.26438096196005,55.77556228637695,3186400
1997-07-15,55.92702274908692,56.201546049649465,55.41584143079804,56.05955123901367,2983100
1997-07-16,56.41932047526041,57.00623286946614,56.27732554117838,56.7979736328125,2621300
1997-07-17,56.722217118919794,56.835813014351544,56.21103558947693,56.51395797729492,1794800
1997-07-18,56.353036698669925,56.47609893234752,55.16974599023154,55.31174087524414,3961900
1997-07-21,55.30227248853073,55.49159899482492,54.94255212657179,55.321205139160156,3810300
1997-07-22,55.54840903863209,56.826363234306136,55.51054372913063,56.78849792480469,4243400
1997-07-23,56.911539919741514,57.24286125992631,56.66541549560424,56.741146087646484,3204300
1997-07-24,56.911577542095,57.11037047762128,56.154271121042505,57.00624084472656,4152700
1997-07-25,57.290189193466965,57.44165036780527,56.72220978969829,56.96833419799805,2364800
1997-07-28,57.1008671620061,57.29019364463875,56.64648360368775,56.93047332763672,2794700
1997-07-29,56.722177067378276,57.23335823587601,56.59911493422142,57.1197624206543,2737100
1997-07-30,57.252337088711414,57.93391253024369,57.195539135250385,57.80138397216797,4839800
1997-07-31,57.80137344360352,58.18002639770508,57.574181671142576,57.74457550048828,2138700
1997-08-01,57.858190419722575,57.99071899725466,56.83582710733219,57.51740264892578,7077700
1997-08-04,57.422710309745604,57.88656009628988,57.195518577560655,57.6688346862793,2339500
1997-08-05,57.61203995902394,57.97176022166655,57.49844408661048,57.706703186035156,1466700
1997-08-06,57.82032944455505,58.48297238186986,57.59313758033283,58.180049896240234,2478200
1997-08-07,58.46401611328125,58.53974670410156,57.63097961425781,57.74457550048828,3641900
1997-08-08,57.13874603179564,57.40380317044545,55.983854213392874,56.57076644897461,7113100
1997-08-11,56.79795147968685,57.11980653807174,56.11637606193061,56.98727798461914,6355900
1997-08-12,57.08190192248997,57.280694615752374,56.021674225090486,56.07847213745117,6132500
1997-08-13,56.76008850883073,56.85475176518301,55.41587026862827,55.908119201660156,6982300
1997-08-14,56.4003455513402,56.532874057167454,55.56730922899748,56.116355895996094,3462700
1997-08-15,55.81345780369632,55.81345780369632,54.298845651628575,54.39350891113281,4907100
1997-08-18,54.75321731333591,55.605186462402344,54.12843993735386,55.605186462402344,5638900
1997-08-19,55.87024459017121,56.286762848722134,55.453726331620295,56.248897552490234,3802800
1997-08-20,56.305704506385865,57.13874115678297,56.106911669359285,57.10087585449219,3564600
1997-08-21,57.025126977019966,57.100857557334734,55.794505046904995,56.09742736816406,5392600
1997-08-22,55.13184026477307,56.18260164344577,54.8667833404232,56.07847213745117,8087800
1997-08-25,56.21102689137422,56.5896798175539,55.643047502104686,55.8702392578125,3888000
1997-08-26,55.73773377042132,56.07852154483287,54.95202862386137,55.04669189453125,4290000
1997-08-27,55.131854926215276,55.71876684335562,54.77213471893571,55.37797927856445,5484300
1997-08-28,55.24545850656116,55.699841989822794,54.52601799139689,54.535484313964844,4287900
1997-08-29,54.60178504511199,55.19816376526491,54.35566049393776,54.75324630737305,2652300
1997-09-02,54.94253667025301,56.561277843687414,54.885738734343036,56.53287887573242,7294000
1997-09-03,56.5234250919586,56.94940970578177,56.19210372565169,56.2299690246582,2812500
1997-09-04,56.38144341293646,56.779029145532725,56.19211687360491,56.58970260620117,2473700
1997-09-05,56.930498820386305,57.2144886715023,56.09746192377939,56.42878341674805,3663300
1997-09-08,56.77901818737555,56.949412039888514,56.53289373374571,56.674888610839844,803500
1997-09-09,56.47608202518724,57.11979197787124,56.286755568515474,56.70327377319336,1885200
1997-09-10,56.41928768060413,56.64647944307636,55.52945327758789,55.52945327758789,3623700
1997-09-11,55.60518462041864,55.68091520893811,54.677484911055174,55.24546432495117,7055900
1997-09-12,55.737702723176646,56.32461467440575,55.09399284118344,56.13528823852539,6708000
1997-09-15,56.13527828293878,56.532863727775776,55.85128867948377,56.04061508178711,2060500
1997-09-16,56.532913379002814,57.72567076107822,56.36251946727775,57.441680908203125,6979000
1997-09-17,57.78246873165324,57.858199359086605,57.25235433961973,57.441680908203125,2220000
1997-09-18,57.555272772463184,58.38830961522252,57.53634011694592,57.687801361083984,5045400
1997-09-19,57.55731813957016,57.984865071937385,57.40530145250626,57.785343170166016,1566400
1997-09-22,58.07038281617249,58.49792981007429,57.89936401861178,58.1083869934082,3259000
1997-09-23,58.10839070785062,58.19390011209696,57.61433637220506,57.84236145019531,1872800
1997-09-24,57.994374682390756,58.440923766609686,57.3293015782349,57.367305755615234,2793100
1997-09-25,57.310318502129675,57.61435202203487,56.93027660224818,56.96828079223633,6327800
1997-09-26,57.42431151011193,57.652336572362536,57.27229480194485,57.44331359863281,3995800
1997-09-29,57.46233752889371,58.10840878417889,57.25331447571321,57.9943962097168,2065000
1997-09-30,57.766375409056806,58.1844215468855,57.386333465576165,57.38633346557617,4137600
1997-10-01,57.918405749751074,58.260443578981885,57.63337422539206,58.14643096923828,3567500
1997-10-02,58.089406178065005,58.48845018517634,57.95639150902789,58.46944808959961,2577500
1997-10-03,59.26752870601324,59.43854754485714,57.975386368081566,58.763973236083984,6499900
1997-10-06,59.17254366631145,59.353063629326854,58.9255163485009,59.153541564941406,2272100
1997-10-07,59.30551169678939,59.894576375610434,59.10598978944678,59.70455551147461,1832800
1997-10-08,59.809106334661834,59.81860738411928,58.820997191086796,59.28654861450195,4439400
1997-10-09,58.84948950344514,59.35304503196994,58.507451785956604,59.0775146484375,3607600
1997-10-10,58.56444884761687,58.97299383471089,58.52644466277092,58.90648651123047,2858100
1997-10-13,59.19156441179891,59.31507810960844,58.811522264692655,58.963539123535156,1760300
1997-10-14,59.26754873683772,59.28655083646479,58.488462652127765,58.98251724243164,2235700
1997-10-15,58.56444069921181,59.02049085391041,58.5454386094327,58.84947204589844,2601700
1997-10-16,59.1725266974742,59.2865392729992,57.76637159933255,57.91838836669922,9488100
1997-10-17,57.7758413092917,57.99436529385241,56.5502067871903,57.32929229736328,8151300
1997-10-20,57.671378428639926,58.22243937573402,57.253332192913376,58.14643096923828,3636400
1997-10-21,58.50746121523491,59.28654725285253,58.39344862436404,59.27704620361328,5225400
1997-10-22,59.19149981655971,59.22000294648743,58.69744556447928,58.88746643066406,4485200
1997-10-23,57.72838592529296,58.22244057771483,57.32934178295223,57.72838592529297,8054100
1997-10-24,58.46947028789114,58.46947028789114,56.95880311600705,57.1583251953125,6778700
1997-10-27,56.55973705031966,57.12029886553364,52.8068232027006,53.015846252441406,10840700
1997-10-28,51.30565440359862,56.4742240324056,51.30565440359862,56.07518005371094,19548000
1997-10-29,56.24622683277189,57.006310979160695,55.5051447900428,55.92319107055664,10134400
1997-10-30,55.10607633928693,56.2842062472303,54.57401767118347,54.68803024291992,9772900
1997-10-31,55.82812781505494,56.24617370066801,54.99203604382879,55.98014450073242,7072700
1997-11-03,56.664270522746634,57.386350428804434,56.474249494836684,57.1583251953125,5548500
1997-11-04,57.08231678414852,57.424354634386425,56.72127683111962,57.1583251953125,3455700
1997-11-05,57.27233067911298,57.93740419396666,57.06330757444469,57.34833908081055,4774900
1997-11-06,57.17730030901674,57.367321247232155,56.854264714050544,57.12979507446289,3679800
1997-11-07,56.17016946347512,56.70222790223605,55.60010685051698,56.51220703125,10606800
1997-11-10,56.93029971503437,57.063314433994734,55.942190374185984,56.17021560668945,4347900
1997-11-11,56.36021640327358,56.58824155392742,55.96117238962936,56.1891975402832,3212400
1997-11-12,55.714139005755854,56.37921228856672,54.95405525397201,55.03006362915039,6775300
1997-11-13,55.619124870222386,56.037170906144794,54.78303279837757,55.828147888183594,8589600
1997-11-14,56.13217992379091,56.78775209961041,55.704632852604284,56.58823013305664,5827900
1997-11-17,57.38634594352262,57.956408982696686,57.1773228291588,57.63337326049805,5149900
1997-11-18,57.652338689893945,57.82335749286331,57.09177705793881,57.27229690551758,3433600
1997-11-19,56.96829271993451,57.804385074730085,56.39822975075572,57.55735778808594,4387900
1997-11-20,57.95641637042286,58.69749841581515,57.93741426669485,58.43146896362305,4822700
1997-11-21,58.75446267830309,58.868475219076,58.165397884309755,58.83047103881836,5436500
1997-11-24,58.37443590666118,58.58345895189988,57.5383437257064,57.7663688659668,4337200
1997-11-25,58.14641351774922,58.26042609327421,57.557348544203386,57.91838836669922,4525000
1997-11-26,58.298401308168884,58.364908610834654,57.95636375160205,58.089378356933594,2681100
1997-11-28,58.22243937573402,58.52647300171696,58.12742886761435,58.14643096923828,1564700
1997-12-01,58.50744595243582,59.6475715637207,58.39343339130733,59.6475715637207,4850900
1997-12-02,59.40056120799139,59.58108114768298,59.13453182318272,59.28654861450195,1974900
1997-12-03,59.362543390748904,59.91360413285253,58.90649312142177,59.45755386352539,3302500
1997-12-04,59.89461686713377,60.02763156195291,59.21054129377818,59.40056228637695,2872500
1997-12-05,59.21051331433931,60.198622008930336,59.058496592094535,60.16061782836914,3458800
1997-12-08,60.179641178676064,60.198643275669646,59.74259294782367,59.989620208740234,2289200
1997-12-09,59.72356956365231,59.951594646300684,59.36252984945906,59.62855911254883,1703000
1997-12-10,59.32456267359018,59.49558159225204,58.6594891010163,59.11553955078125,3558400
1997-12-11,58.56443712023679,58.7354559177975,57.95637028446535,58.1083869934082,5072800
1997-12-12,58.640481201849155,58.678485402239204,57.7093782922929,58.222434997558594,4478400
1997-12-15,58.5264500631847,59.04900765303456,58.2984249330684,58.81148147583008,4674700
1997-12-16,59.115524835898924,59.47656468542708,58.906501765119465,59.17253112792969,2885800
1997-12-17,59.49556128081389,59.514563376400226,58.80198479191267,58.868492126464844,2236300
1997-12-18,58.94450652708131,58.94450652708131,57.89939116312597,58.29843521118164,4658300
1997-12-19,57.71009113149521,58.530432922785884,56.393728722214824,57.86271286010742,8556000
1997-12-22,58.26329290966437,58.54945839546822,57.729117336163846,58.234676361083984,5136800
1997-12-23,58.26331306442251,58.377779298340826,57.0995730195863,57.19496154785156,4436500
1997-12-24,57.65285330625951,57.65285330625951,56.92790015416227,57.02328872680664,2019200
1997-12-26,57.46208266678035,57.46208266678035,57.02329518293707,57.252227783203125,941800
1997-12-29,57.748254345912564,58.43505221722173,57.652865752675176,58.3778190612793,2080000
1997-12-30,58.568565142814414,59.369828900468555,58.51133201726769,59.29351806640625,3616000
1997-12-31,59.14090101901593,59.59876605916315,59.02643475897912,59.255367279052734,4359500
1998-01-02,59.40798243217787,59.61783721918941,58.931039734424346,59.560604095458984,2360900
1998-01-05,59.732331153720885,60.09480777202836,59.083688784118046,59.694175720214844,4191800
1998-01-06,59.36982542200885,59.388903129406664,58.72118337048305,58.74026107788086,3154900
1998-01-07,58.663916610999514,59.045470540176744,58.129741110151386,58.89284896850586,4424200
1998-01-08,58.797528871523795,58.797528871523795,58.22519731209948,58.3778190612793,3831000
1998-01-09,58.14888094499778,58.30150267976155,56.1075652425323,56.35557556152344,10258800
1998-01-12,55.630604251902156,57.500219895484605,55.49706027736055,57.3857536315918,12097900
1998-01-13,57.76730970038742,58.225174770667905,57.5192994539855,58.18701934814453,5224900
1998-01-14,58.41596901696904,58.5876684686845,57.82455979439359,58.454124450683594,3770400
1998-01-15,58.30148460560181,58.45410629305103,57.881774965116456,57.96762466430664,2875400
1998-01-16,58.7593604402833,59.02644844228459,58.396883866138694,58.797515869140625,4374800
1998-01-20,59.02641671766571,59.837219145106175,58.9119504926153,59.75136947631836,5091700
1998-01-21,59.35077277281298,59.63693850460089,58.702130447427045,59.179073333740234,4699400
1998-01-22,58.70208267755364,59.1408697758909,58.530383378204284,58.654388427734375,4543400
1998-01-23,58.91202551627393,59.08372507250659,57.99629454969972,58.568626403808594,6350300
1998-01-26,58.83567328123568,59.05506700456065,58.24426411401184,58.53042984008789,4362900
1998-01-27,58.492231518578315,59.52242737702686,58.39684301316642,59.121795654296875,7044200
1998-01-28,59.46523254048073,59.89448109106168,59.33168854696665,59.656009674072266,4268600
1998-01-29,59.732302150046856,60.78157606197677,59.56060278264014,59.98031234741211,8007700
1998-01-30,60.30465938813052,60.41912568244522,59.82771649515258,60.01849365234375,3649100
1998-02-02,60.9914317831835,61.35390823106604,60.89604324426705,61.0105094909668,5756300
1998-02-03,61.048640056399364,61.544660256857604,60.876940756240735,61.46834945678711,2759600
1998-02-04,61.220371380290906,61.75454726020619,61.010516570324185,61.39207077026367,3374000
1998-02-05,61.84991740705954,62.021616745944044,61.067731529919065,61.35389709472656,5076200
1998-02-06,61.65914868194092,62.04070281982421,61.46837161299927,62.04070281982422,5701200
1998-02-09,62.097925099646815,62.117002803210454,61.48743858561035,61.83083724975586,2322200
1998-02-10,61.926266369434906,62.55583099980809,61.77364464085959,62.42228698730469,3660400
1998-02-11,62.32685771532545,62.479479344257996,62.08838642011836,62.365013122558594,4073200
1998-02-12,62.09796506967117,62.84199598755663,61.58286674190431,62.63214111328125,5024700
1998-02-13,62.38409284283133,62.58440873728079,62.19331580049851,62.26962661743164,2101300
1998-02-17,62.76562132486483,62.937320592926774,62.36498969938697,62.57484436035156,3055500
1998-02-18,62.460438138840786,63.17585244250802,62.44136042407632,63.14723587036133,3007400
1998-02-19,63.03268688899963,63.12807533768152,62.727443853217544,62.81329345703125,3387800
1998-02-20,62.97554494416747,63.31894385631379,62.498602010630904,63.28078842163086,3707000
1998-02-23,63.64319466255807,63.64319466255807,63.089941471546624,63.52872848510742,3227800
1998-02-24,63.433377217438256,63.54784346204115,62.84196828698996,63.032745361328125,3386800
1998-02-25,63.338032721047625,64.0248306662156,63.261721838251184,63.81497573852539,3481800
1998-02-26,63.75771191627602,64.23465470439898,63.605090224076676,64.17742156982422,3187600
1998-02-27,64.08203301219963,64.42543181964815,63.814945050850774,64.17742156982422,3442900
1998-03-02,64.25374678042733,64.55899023306594,63.872192464629066,64.04389190673828,4252300
1998-03-03,63.81490993273766,64.4826294686557,63.81490993273766,64.40631866455078,3349200
1998-03-04,64.15832119977537,64.34909824764863,63.75768939924154,63.98662185668945,4404100
1998-03-05,63.185378334947714,63.75770966044543,62.97552351559855,63.395233154296875,7268000
1998-03-06,63.834027288656316,64.67344665527344,63.75771643714567,64.67344665527344,6896300
1998-03-09,64.4254184472201,64.84512801365149,64.25371907913451,64.44449615478516,3362800
1998-03-10,64.84514546548166,65.22669971947097,64.67344605118647,65.05500030517578,5481900
1998-03-11,65.3030039892514,65.51285880779706,65.18853772459013,65.36023712158203,3439600
1998-03-12,65.37934712032938,65.68459064350571,65.0168704365575,65.62735748291016,3191300
1998-03-13,65.83712954002182,65.93251802095492,65.24572095823663,65.37926483154297,2879400
1998-03-16,65.83717197964428,66.16149302387898,65.64639489480034,66.0851821899414,3223600
1998-03-17,66.12336398900482,66.27598571777344,65.72273195098718,66.27598571777344,4581900
1998-03-18,66.08517666973424,66.52396392822266,65.95163272149863,66.52396392822266,1944100
1998-03-19,66.5239793092217,66.77198955614453,66.33320219620416,66.6956787109375,2554800
1998-03-20,67.07861802900746,67.46126844560192,66.65770257075356,67.26994323730469,3123300
1998-03-23,67.17427225015047,67.53779010055003,66.98294706572965,67.11687469482422,4453100
1998-03-24,67.38472901339448,67.84390944960158,67.30819894069329,67.69084930419922,3333600
1998-03-25,68.20747811608281,68.28400824580632,66.84906831349042,67.44217681884766,4597600
1998-03-26,67.26998767100238,67.80569860808659,67.11692740326404,67.40391540527344,3333500
1998-03-27,67.80564535873917,67.82477787718126,66.73422432598258,67.11687469482422,2611300
1998-03-30,67.11687832020108,67.40386611233421,66.7150954112147,67.07861328125,3108700
1998-03-31,67.44209406659168,68.07346686210872,67.19337145017589,67.30816650390625,5926500
1998-04-01,67.53782129549903,68.00656821383889,66.98297800440285,67.85350799560547,2929000
1998-04-02,67.9204496545938,68.72401553783124,67.80565452841701,68.590087890625,3920900
1998-04-03,68.78141857933872,69.06840641763917,68.47529821848492,68.93447875976562,3787600
1998-04-06,69.33624937018003,69.41277944674755,68.37962341308594,68.37962341308594,4550500
1998-04-07,68.4179092106349,68.53270436031718,67.44215043833557,67.92046356201172,5583700
1998-04-08,68.09262371981787,68.13088875141091,67.19339547738137,67.53778076171875,4854800
1998-04-09,67.69088155865468,68.13092968636781,67.67174903136281,68.07353210449219,4481200
1998-04-13,68.1883149001886,68.1883149001886,67.34648385203812,67.88219451904297,4350200
1998-04-14,68.0352536111387,68.45616912841797,67.90132594654985,68.45616912841797,3279100
1998-04-15,68.55182884156771,68.64749145507812,68.05438325131352,68.64749145507812,3867200
1998-04-16,68.15005350301175,68.26484865209038,67.65260785700437,67.84393310546875,7177900
1998-04-17,67.78652274187249,68.83881140989479,67.61433005074157,68.74314880371094,5688800
1998-04-20,68.57096934159242,68.91535479029461,68.49443924188083,68.72402954101562,3688300
1998-04-21,68.8388281040292,69.27887619919115,68.51357516412689,69.04928588867188,4573200
1998-04-22,69.10668815450465,69.4510736436467,69.06842310015553,69.24061584472656,2386100
1998-04-23,68.95361912250519,69.18320941925049,68.41790843009949,68.57096862792969,5062000
1998-04-24,68.41790885086188,68.85795692232995,67.55694523277218,67.84393310546875,11039700
1998-04-27,66.96381751200563,67.15514270489707,65.89239643181354,66.5620346069336,14510200
1998-04-28,67.21255328453472,67.23168580753061,66.19852956575296,66.46638488769531,6511400
1998-04-29,66.75337491436233,67.3273506229983,66.38985696555956,66.92556762695312,7703100
1998-04-30,67.69087630793047,68.52314118056896,67.59521367889155,68.169189453125,8684500
1998-05-01,68.41790065082483,68.93447875976562,68.15004533507776,68.93447875976562,4008800
1998-05-04,69.01102142249073,69.37453941723076,68.66663595378964,68.76229858398438,4537200
1998-05-05,68.57093855071449,68.66660113239796,68.03522809328703,68.28395080566406,5146400
1998-05-06,68.64753817024804,68.64753817024804,67.46132095548903,67.48045349121094,5526100
1998-05-07,67.65261325361934,67.6908783063646,66.94470977783203,66.94470977783203,6940400
1998-05-08,67.34646191076702,68.1882926846516,67.34646191076702,68.03523254394531,7951000
1998-05-11,68.30311736457773,68.70490040789878,67.57608138142535,67.80567169189453,6336300
1998-05-12,67.84392873486082,68.55183210857483,67.55694088065245,68.53269958496094,6045200
1998-05-13,68.60922477890011,68.91534513485728,68.32223694519027,68.70488739013672,4441500
1998-05-14,68.28395119642231,68.99185430493102,68.16915609774522,68.36048126220703,4187500
1998-05-15,68.57095236419927,68.7048800055356,67.84391659694492,67.97784423828125,6716100
1998-05-18,67.78651390064904,68.32222442540721,67.2412371165202,67.7099838256836,4847200
1998-05-19,67.9587316692394,68.37964723701059,67.82480398858493,68.169189453125,5918700
1998-05-20,68.62834643866904,68.87706918851647,67.88217818912679,68.81967163085938,5716600
1998-05-21,68.80053883420733,69.0492615830518,68.15003318338334,68.37962341308594,6301500
1998-05-22,68.41789861100443,68.60922383083387,67.9204530394479,68.11177825927734,4862200
1998-05-26,68.6283490210644,68.6283490210644,66.84902466674073,67.0212173461914,6899300
1998-05-27,66.44723654935135,67.28906736080296,65.86369473686784,67.11687469482422,10202600
1998-05-28,67.26995159413298,67.57607196543734,66.77250599076339,67.42301177978516,4907600
1998-05-29,67.72913085727576,67.84392599432199,66.75337219238281,66.75337219238281,4772600
1998-06-01,66.71510859991447,67.48040953022607,66.46638579756319,67.05949401855469,6092200
1998-06-02,67.34646491612921,67.5569226189921,66.82988691819298,67.11687469482422,6701100
1998-06-03,67.26997600922303,67.46130131072822,66.04549407958984,66.04549407958984,6445100
1998-06-04,66.27505215415911,67.38473836228302,66.16025702918077,67.26994323730469,6566300
1998-06-05,67.57607734203339,68.57096862792969,67.26995694637299,68.57096862792969,8463200
1998-06-08,68.53270322064448,68.85795613933541,68.36051049898457,68.49443817138672,4159900
1998-06-09,68.39876703417956,68.82924878474432,68.20744181170633,68.70488739013672,2725300
1998-06-10,68.34138453701686,69.22148075445885,68.1117942194233,68.26485443115234,6186900
1998-06-11,68.22657756701908,68.49443289117451,66.96383103885776,66.98296356201172,8056600
1998-06-12,67.2699411129911,67.61432647705078,66.27505006126313,67.61432647705078,9779000
1998-06-15,66.61944009813588,67.2890783529994,65.81587419229966,65.83500671386719,10234200
1998-06-16,66.37071650766549,66.86816206234964,65.96893355965138,66.84902954101562,7471500
1998-06-17,67.44215382158104,68.43704516873629,67.30822614023323,68.24571990966797,12057700
1998-06-18,68.07351047319278,68.2265706428908,67.80565517622126,67.93958282470703,3844600
1998-06-19,68.21333268364339,68.31889636674975,67.33043642493556,67.5991439819336,3549100
1998-06-22,67.71431814745074,68.21334656917232,67.59915774243807,67.92544555664062,5438300
1998-06-23,68.23256169041919,68.82755730572242,68.17498146958339,68.7315902709961,5004600
1998-06-24,68.88514903098238,69.82562612836833,68.54926435334454,69.65288543701172,8291900
1998-06-25,69.95998239372436,70.28627037745368,69.28821301545815,69.53772735595703,5854800
1998-06-26,69.59527123164449,69.92155904492027,69.48011082695893,69.82559204101562,4833100
1998-06-29,70.17107840010122,70.43978603073619,69.89277406837215,70.07511138916016,5953400
1998-06-30,69.95995051809523,70.13269113665842,69.44172866240564,69.59527587890625,4284800
1998-07-01,70.05592406511047,70.59333937300721,69.78721641116209,70.40140533447266,3489500
1998-07-02,70.45901584132189,70.55498290185216,70.17111465973109,70.5357894897461,3503900
1998-07-06,70.49737549033658,71.24591827392578,70.36302165738466,71.24591827392578,3144400
1998-07-07,71.23632176717122,71.32269208859175,70.8044701600686,71.11156463623047,4920700
1998-07-08,71.16917983665344,71.82175591929806,71.09240617987172,71.62982177734375,6875000
1998-07-09,71.41867109061509,71.68737880232393,71.01560952305182,71.14996337890625,6942500
1998-07-10,71.26512103417235,71.82172984375785,70.67012541013267,71.53382873535156,7849700
1998-07-13,71.5914263745746,71.76416708164462,71.28433178422789,71.55303955078125,6555100
1998-07-14,71.8217231365983,72.57026594855108,71.8217231365983,72.35913848876953,6983600
1998-07-15,72.51270125300651,72.64705511980668,72.18641329077752,72.22480010986328,4977500
1998-07-16,72.28238274258905,72.83899163784531,71.89851453896404,72.72383117675781,6315600
1998-07-17,72.85816525231554,73.0884861119119,72.66623120265191,72.81977844238281,3539500
1998-07-20,72.934938872181,73.23243664915964,72.43591034305555,72.81977844238281,2338400
1998-07-21,73.08851250251476,73.08851250251476,71.41868566750458,71.55303955078125,5518600
1998-07-22,71.45707249129791,71.85053743517962,70.95804378198453,71.55303955078125,10417300
1998-07-23,71.43788061366423,71.61062132444418,69.9599878658802,70.13272857666016,15110900
1998-07-24,70.61252665043008,70.68930025918293,69.32656870381992,70.07511138916016,11540500
1998-07-27,69.78725065885435,70.63176084284488,69.30741532704154,70.57418060302734,9600000
1998-07-28,70.28628390194798,70.42063780345363,68.71242391288197,69.38419342041016,13693000
1998-07-29,69.84482048180857,70.09433481713792,68.94273019254092,69.11547088623047,7462400
1998-07-30,69.78721892934817,70.38221447027496,69.652865097526,70.15189361572266,6821600
1998-07-31,70.22869062970263,70.32465768440296,68.3669297685162,68.65483093261719,7680500
1998-08-03,68.65480627309466,69.04827105604083,68.19416457598696,68.36690521240234,10486500
1998-08-04,68.92354644793215,68.92354644793215,65.71824645996094,65.71824645996094,15091600
1998-08-05,66.29400485738557,66.8698068683067,64.85449983008276,66.62029266357422,21718400
1998-08-06,66.40915192753435,67.25366137401167,66.06367079033909,66.9081802368164,13084400
1998-08-07,67.36886545554879,67.92547431543794,66.6203225060427,67.02338409423828,12083800
1998-08-10,66.7930430750693,67.34965176736155,66.44756181778446,66.63949584960938,6273000
1998-08-11,65.58388400161475,65.98694562410053,64.79695416723776,65.64146423339844,14287100
1998-08-12,66.17887454611464,66.86983727339427,66.02532727338584,66.75467681884766,11158400
1998-08-13,66.8314363659469,67.34965830215614,65.94853973388672,65.94853973388672,9073900
1998-08-14,66.54354868283401,66.77386958972585,64.96968915240645,65.18081665039062,8628500
1998-08-17,65.10405248094183,66.90823318059057,64.79695789376758,66.56275177001953,11290000
1998-08-18,66.94657474573985,67.92543808061161,66.81222095467902,67.79108428955078,7603900
1998-08-19,68.23255135598184,68.23255135598184,67.33046136618405,67.61836242675781,6258600
1998-08-20,67.36884110046074,67.81028934698797,67.04255326607104,67.21529388427734,7402800
1998-08-21,66.447596521987,66.77388454650281,64.79696298620107,66.67791748046875,16685400
1998-08-24,67.10013580322266,67.52239066239625,66.52433372253138,67.10013580322266,7201700
1998-08-25,67.79110797899499,68.32852333103685,66.72587397762629,67.25369262695312,9688300
1998-08-26,66.50516014011527,67.33047670173863,66.1788721971479,66.86983489990234,9339700
1998-08-27,65.71822899508189,66.0637103390981,63.54937389098018,63.72211456298828,24887800
1998-08-28,64.47064678787176,64.93128850353384,62.74324035413896,63.491783142089844,23735900
1998-08-31,63.72210348645846,63.88524742610752,58.3479501803716,58.96213912963867,22563100
1998-09-01,59.00052350941931,61.76437366731013,57.503438007228446,61.457279205322266,24748500
1998-09-02,61.303735884828136,62.49372700093939,60.67035351657537,61.01583480834961,13843200
1998-09-03,59.96020470560542,61.03503551979041,59.422789298512924,60.536006927490234,17311300
1998-09-04,61.07343145892444,61.3037523820882,58.8086090478141,60.0369873046875,17783800
1998-09-08,61.956319091389474,63.26147079467773,61.30374323974535,63.261470794677734,14746500
1998-09-09,63.10790765107567,63.33822848191902,61.687595860875064,61.725982666015625,12109700
1998-09-10,60.45928237401894,61.01589164031943,59.46122437927323,60.4976692199707,19889300
1998-09-11,60.305676245147204,62.45533752441407,59.5763268825388,62.45533752441406,20379800
1998-09-14,63.1846739754576,64.15394069348937,62.70483896653098,63.530155181884766,10686800
1998-09-15,63.184705295505466,64.06760214957389,62.820030507955465,63.91405487060547,8337900
1998-09-16,64.33632085890997,64.64341546921503,63.357456788562594,64.4898681640625,11024900
1998-09-17,62.80085184994866,63.28068720943787,62.51295063425513,62.64730453491211,12945200
1998-09-18,63.09966603849217,63.11892723081161,62.30995715339504,62.92631530761719,7019200
1998-09-21,61.40469382316741,63.73529857617973,60.98094750443791,62.8878059387207,8834600
1998-09-22,63.79309525147967,63.88940125276512,62.96486364042483,63.40787124633789,7270100
1998-09-23,64.02424273981111,65.95036315917969,63.96645912723006,65.95036315917969,13688500
1998-09-24,65.52659943632024,65.8347786223817,63.639001921693726,64.33240509033203,11129500
1998-09-25,63.56195271443978,64.97765075217048,63.25377354976371,64.25535583496094,10247400
1998-09-28,64.910197515822,65.52655547442922,64.25531718480184,64.8331527709961,8847800
1998-09-29,64.94874913554735,65.29545064338835,63.716032663223785,64.67909240722656,10618100
1998-09-30,63.79307775474005,64.29386882407074,62.48331649649055,62.71445083618164,7908400
1998-10-01,61.655098355924835,62.589266512832786,60.46090401101158,60.90391159057617,13335600
1998-10-02,60.94243520747938,62.17515197526657,59.92159163415561,62.0788459777832,14351800
1998-10-05,61.38542936903681,61.61656371244077,59.38226505953576,60.82685470581055,12807200
1998-10-06,62.098134993902285,62.4255755320215,60.114230557062356,60.76911163330078,12621000
1998-10-07,60.78836074298873,61.65511493609218,59.01632994819945,59.86382293701172,14348500
1998-10-08,58.28437638321342,59.63266004045894,56.839786750450365,59.536354064941406,20625000
1998-10-09,59.786746532320414,60.88463459686367,57.97619428552978,60.73054504394531,12708500
1998-10-12,62.021035459422436,62.52182642897057,61.44319972532844,61.61655044555664,9508500
1998-10-13,61.36615214952112,61.88620428638147,60.86536120291486,61.4046745300293,6256800
1998-10-14,60.98092772991781,62.75295721543658,60.923144159737845,61.98250961303711,8176900
1998-10-15,61.71286183534137,66.10441380115218,61.59729467834635,65.31470489501953,20541100
1998-10-16,65.41101389111213,65.79623776561809,64.71761091700141,65.33396911621094,16573900
1998-10-19,65.14137053349604,65.83477364976034,65.02580334745198,65.56511688232422,7915900
1998-10-20,66.29706483466602,67.0578824003166,65.39178823756279,65.95036315917969,14611600
1998-10-21,65.87328970082899,66.33555840048393,65.2569314346224,65.71920013427734,9178400
1998-10-22,65.81553038096725,66.85563533869983,65.43030632254776,66.70154571533203,8277500
1998-10-23,66.54746837454185,66.56672958101784,65.81554252845427,65.85406494140625,6237200
1998-10-26,66.39330907150428,66.85557754197602,65.81547348341459,66.33552551269531,5838600
1998-10-27,66.83637855208923,67.16381902338188,65.50735546272492,65.95036315917969,10089700
1998-10-28,65.68065779470017,66.27775468374288,65.35321756522512,65.83474731445312,5650600
1998-10-29,66.00810531751321,67.45269472481216,65.71918743605342,67.43343353271484,9625600
1998-10-30,67.87642982656305,68.35795955007727,67.49120604775169,67.79938507080078,9872800
1998-11-02,68.30018238088938,68.95506286621094,67.91495856599434,68.95506286621094,6501400
1998-11-03,68.78177096700158,68.91659941751097,68.26171837217967,68.45433044433594,6866000
1998-11-04,69.32103899380147,69.70626288373646,68.47354643594448,69.18621063232422,8233600
1998-11-05,68.74322139925434,70.22633376903372,68.49282580435653,70.1300277709961,6841500
1998-11-06,69.93738055150845,70.61152219824567,69.84107460197457,70.34186553955078,5224800
1998-11-09,70.22631888118687,70.41893083642874,69.34030388707426,69.84109497070312,6188700
1998-11-10,69.64852905273438,70.2263653004064,69.18626005459676,69.64852905273438,14015200
1998-11-11,70.1492703571617,70.2648375241422,68.9647068956116,69.18621063232422,10922400
1998-11-12,69.22477438936266,69.72556574554613,68.83955026922152,69.10920715332031,5457400
1998-11-13,69.16697437856003,69.78333282470703,69.10919077423374,69.78333282470703,5524600
1998-11-16,70.39967359778,70.4863489825105,69.58107274199186,70.3033676147461,6023700
1998-11-17,70.05297205885796,71.26642744508509,69.64848693011558,70.3033676147461,9058900
1998-11-18,70.45745507200819,70.88120138463371,69.95666397526892,70.72711181640625,4567700
1998-11-19,71.05455738009952,71.43978132902932,70.65007223372325,71.34347534179688,5249300
1998-11-20,71.71906943183237,71.95983440239714,71.40125967068688,71.8827896118164,5562000
1998-11-23,72.40285602190107,73.73187891775402,72.21024400800935,73.57778930664062,7151300
1998-11-24,73.34661279965754,73.75109779671446,73.00954196877674,73.115478515625,5323700
1998-11-25,73.30809041898544,73.4621799416738,72.86508304125641,73.115478515625,4393500
1998-11-27,73.63554684986131,73.78963640643963,73.35625952856311,73.6548080444336,4557900
1998-11-30,73.3562763858791,73.57778017436213,71.57461547851562,71.57461547851562,8705400
1998-12-01,71.5746155839164,72.74954872455658,71.01604081213664,72.49915313720703,8950600
1998-12-02,72.24876245040751,72.67250885774128,71.49757563740674,72.28728485107422,7495500
1998-12-03,72.26801163831787,72.92289234079729,70.93898903622727,71.09307861328125,12145300
1998-12-04,71.88280609517565,73.03847821889231,71.80576128692788,72.96143341064453,10339500
1998-12-07,72.76882232168882,73.6355764255734,72.73029991707172,73.30813598632812,4290000
1998-12-08,73.0577271683734,73.80891392280698,72.4221076069296,72.98068237304688,10102600
1998-12-09,73.15400089629709,73.32735160932148,72.65320994755993,73.115478515625,5327900
1998-12-10,73.25029484076131,73.25029484076131,71.94053411260676,72.04647064208984,5966600
1998-12-11,71.76722501105408,72.32579976288461,71.22791145756253,72.19097137451172,8198200
1998-12-14,71.59383690173809,71.74792640811793,70.11072540283203,70.11072540283203,9521400
1998-12-15,70.68859380263342,71.95983281924754,70.5922878165263,71.92131042480469,9631500
1998-12-16,72.19097499381955,72.19097499381955,71.34348222441506,71.82501220703125,7260000
1998-12-17,72.24875154428531,73.0962442310218,72.13318435973034,72.9710464477539,6914700
1998-12-18,73.16516154325461,73.66761642971119,72.89460891208569,73.28111267089844,4802400
1998-12-21,73.74489049229418,75.03967761571758,73.59028904472123,74.3053207397461,8580700
1998-12-22,74.45993868937954,74.96239350534734,73.70625646542787,74.63386535644531,5461100
1998-12-23,74.94311150384681,76.19924926757812,74.71120914746565,76.19924926757812,7791000
1998-12-24,76.1605518999843,76.218527453321,75.75472302662737,75.87067413330078,1507100
1998-12-28,76.21852672915902,76.25717709768294,75.44551935868074,75.67742156982422,4203600
1998-12-29,75.89001054030199,76.98188362294194,75.5228319815381,76.87559509277344,3935800
1998-12-30,76.64370596064448,77.14616091651355,76.08327543294435,76.2572021484375,6810700
1998-12-31,76.2572021484375,76.64370596064448,75.73542200195807,76.2572021484375,6790500
1999-01-04,76.29582133352498,77.43600711333197,75.27158664996956,76.08324432373047,9450400
1999-01-05,76.02526451198975,77.22342577272777,76.02526451198975,76.95287322998047,8031000
1999-01-06,77.803203367614,79.00136496940041,77.76455299336283,78.80811309814453,7737700
1999-01-07,78.15105535620947,78.67283539938892,77.78387680730542,78.4216079711914,5504900
1999-01-08,79.27191062822735,79.4651624825136,77.89982246279483,79.00135803222656,6224400
1999-01-11,78.96272796758988,78.96272796758988,77.43603792612156,78.24769592285156,7578300
1999-01-12,78.0544313780019,78.0544313780019,76.52774158378003,76.83694458007812,7768800
1999-01-13,74.45992976674677,77.37803238672568,74.440604583833,76.29582214355469,10810600
1999-01-14,76.45042622018703,76.62435287235631,74.7691352492173,74.96238708496094,11400700
1999-01-15,75.67742610912227,77.16546538654883,75.48417425491103,76.91423797607422,7817700
1999-01-19,77.48434806381889,77.68726255556851,76.3731496566186,77.41670989990234,6535100
1999-01-20,77.97711203746597,79.11729781446981,77.32005582698919,78.03508758544922,6534400
1999-01-21,77.65826966046255,77.82253376202134,75.81271416647868,75.96731567382812,6937500
1999-01-22,75.52282052669885,76.58570566717184,75.31024349860425,75.79337310791016,7522300
1999-01-25,76.23786281179383,76.68234211335816,75.38755458271426,76.56639099121094,5700300
1999-01-26,76.75962523960156,77.9577865600586,76.4504223181933,77.9577865600586,6047000
1999-01-27,78.15105034660989,78.3056518309751,76.77896217286872,77.04951477050781,7399400
1999-01-28,77.4553332712242,78.51821833357883,77.4166829053204,78.34429168701172,5961700
1999-01-29,78.75012279870022,79.33954089572117,77.55196142114944,78.94337463378906,6456800
1999-02-01,79.58108070747396,79.58108070747396,78.47954559326172,78.47954559326172,9426800
1999-02-02,78.58586282985299,78.67282616017005,77.15579917575016,77.99644470214844,9194500
1999-02-03,77.72591760376666,79.11733134505735,77.7065924129154,78.78880310058594,10290700
1999-02-04,78.76941965110748,78.84672035734016,77.16542999677924,77.60990905761719,7761100
1999-02-05,77.70654667775035,77.70654667775035,76.19918267853014,76.72096252441406,7516100
1999-02-08,77.35872477535749,77.35872477535749,76.27651428636922,76.87559509277344,8528400
1999-02-09,76.9142626024022,76.99156336883678,75.1460075702113,75.15567016601562,8985700
1999-02-10,75.52278948098223,76.0638944209688,75.0299974820659,75.63874053955078,6936700
1999-02-11,76.10258186256493,77.97712488965198,75.75472851733228,77.37804412841797,9181800
1999-02-12,77.18478115070215,77.60993517807208,75.83201833634332,76.45042419433594,10676600
1999-02-16,77.14617547377686,77.68728091297169,75.98666381835938,75.98666381835938,6915500
1999-02-17,76.17990019850721,77.52300092499028,75.60014448923395,75.90934753417969,7858100
1999-02-18,76.1799022369115,76.9142594883074,75.58082132129906,76.50843048095703,9048900
1999-02-19,76.68234308192908,77.76455356897243,76.29583933655645,76.83694458007812,5312200
1999-02-22,76.95287307671973,78.98201714328316,76.85624716878814,78.88539123535156,10695800
1999-02-23,78.9047391723184,79.46516959994446,78.28633318321377,78.84676361083984,7770700
1999-02-24,79.05936673444188,79.677772927427,77.30077412314043,77.45537567138672,7271000
1999-02-25,77.0108402165718,77.47464452402417,75.87065462741803,76.72096252441406,11633000
1999-02-26,77.14610752844726,77.20408306015702,75.947946539779,76.41175079345703,9621300
1999-03-01,76.46976526363801,76.87559419225474,75.67743259348154,76.6243667602539,7607200
1999-03-02,76.99153512270395,77.49398992019148,75.63877220639138,75.9479751586914,9651500
1999-03-03,76.12190332318583,76.41178109669379,75.3102455573636,76.35380554199219,7881400
1999-03-04,76.72101788090576,77.60031418155593,76.22822544867324,77.32009887695312,8256400
1999-03-05,78.84676752787924,79.23327129027079,78.26701188429189,78.8757553100586,10703100
1999-03-08,79.32991047332675,79.6487761305277,78.69217915892484,79.38788604736328,4802200
1999-03-09,79.23329149937851,80.35415269619898,79.00138918279495,79.19464111328125,7893400
1999-03-10,79.4458253673153,79.92895493048312,79.02067135172763,79.89030456542969,3950000
1999-03-11,80.19952600652522,81.12713498202237,79.69707114479759,80.77928161621094,6583700
1999-03-12,81.01115787524533,81.03048305603618,79.90962257016685,80.0062484741211,5286500
1999-03-15,80.35415147207668,81.16580956775422,80.0835987735175,81.146484375,5394400
1999-03-16,81.08850777608026,81.41703604876695,80.68267873334963,80.8372802734375,4547500
1999-03-17,80.81793094557158,80.97253243948946,80.1608745964206,80.4894027709961,4524100
1999-03-18,80.25748264586768,81.86147278783903,80.23815746343429,81.78417205810547,3506300
1999-03-19,82.02128810285086,82.21500866993365,80.39403533935547,80.39403533935547,5526700
1999-03-22,80.62649182002667,80.9558167505746,80.22936469789535,80.54900360107422,4603800
1999-03-23,80.16154745630017,80.29715181400778,77.92407555412456,78.2243423461914,9713800
1999-03-24,78.63117776178896,78.83458435614689,77.87566755417384,78.669921875,6280900
1999-03-25,79.38672464510648,80.27783966064453,79.19300398955474,80.27783966064453,6639600
1999-03-26,79.73539176054469,80.04534469255847,79.17360207126971,79.69664764404297,6159700
1999-03-29,80.0647155728998,81.4788758044076,80.0647155728998,81.30452728271484,5863900
1999-03-30,80.54903188739708,81.34328641057728,80.3165671489053,80.87835693359375,5401400
1999-03-31,81.30448020259037,81.58537488044064,79.54162394849561,79.58036804199219,7413600
1999-04-01,80.39405428288956,80.39405428288956,79.42545121924029,80.18096160888672,7683600
1999-04-05,81.1689351351722,82.195654362419,80.74274979556031,82.07942199707031,5791100
1999-04-06,81.94380495546557,82.43779243214745,81.30452704446547,81.88568878173828,5381300
1999-04-07,82.2537459557226,82.67993116792842,81.4401196415115,82.54432678222656,6248600
1999-04-08,82.56368952073753,83.6485244839382,82.00189998622288,83.59040832519531,5909100
1999-04-09,83.33860103900615,83.99725107046274,82.81555542579063,83.60980987548828,4365800
1999-04-12,82.73805080975265,84.55902406569196,82.58307436243868,84.50090789794922,8213200
1999-04-13,84.46218493241123,84.59778935776144,83.37734952960963,83.95851135253906,10071400
1999-04-14,84.34592790655115,84.34592790655115,82.2537459557226,82.54432678222656,11551700
1999-04-15,82.7186994069597,82.79618764996388,81.20767866837824,82.2343978881836,11150000
1999-04-16,82.38938093378019,82.38938093378019,81.32391750764383,81.5370101928711,6476200
1999-04-19,82.25379034727236,83.39674221502767,79.58044530065823,80.27783966064453,12487200
1999-04-20,80.4715449112273,81.32391563248248,79.96787130321287,81.28517150878906,9049600
1999-04-21,81.24641858614407,84.07473930945763,80.8396053314209,83.60980987548828,5772200
1999-04-22,83.76478242206552,84.53966477564614,83.3095390393369,84.40406036376953,6897400
1999-04-23,84.22969259515754,84.77211011876942,83.68727507154568,84.19094848632812,4593100
1999-04-26,84.61716152759308,84.81088213548593,83.9778835215467,84.67527770996094,3606500
1999-04-27,85.00458117347816,85.23704584396168,84.21032688265942,85.08206939697266,5147200
1999-04-28,84.57842705850786,85.08210069651089,83.68731216050251,83.9197769165039,5544300
1999-04-29,84.03599741071234,84.34595037488278,82.95116203611578,83.28048706054688,9824300
1999-04-30,83.74539882380788,84.07472377870141,81.51761236423398,82.60244750976562,10991900
1999-05-03,82.71869887848814,84.21034754678875,82.50560621158806,84.11348724365234,10709700
1999-05-04,83.76476975200332,84.19095498200888,82.5249581738053,82.91239929199219,10509300
1999-05-05,83.02861980425853,83.72601371768674,81.73069224315603,83.57103729248047,10032300
1999-05-06,83.33860361527424,83.76478894292092,82.06004763233418,83.05770874023438,13507200
1999-05-07,83.37735626785843,83.76479751445629,82.71870614864207,83.68730926513672,8680700
1999-05-10,83.59046734584352,84.13288521042837,82.77684054896625,83.27082824707031,5580100
1999-05-11,83.88102251612497,84.84962554748901,83.51295336420665,84.11348724365234,7000600
1999-05-12,84.15226483388618,85.0627520454867,81.51766354074425,84.77217102050781,13865800
1999-05-13,85.08208157796503,85.54701098549488,84.81087275690594,85.14019775390625,4485700
1999-05-14,83.41605636856875,84.22968255702203,82.75740659696369,82.93175506591797,8370100
1999-05-17,82.83493479074407,83.36766648081552,82.06005233245835,83.18363189697266,6268100
1999-05-18,83.39670218655955,83.67759700228665,82.21500675488008,83.02863311767578,8218600
1999-05-19,83.35798728435658,83.68731235612839,82.60247682558598,83.62919616699219,5052400
1999-05-20,83.76475072223751,84.05533149486321,83.10610097095257,83.12547302246094,4670400
1999-05-21,83.14486199417634,83.49355899228797,82.19563127709463,82.66056060791016,6418200
1999-05-24,82.9705408894527,82.9705408894527,80.8299280553914,81.28517150878906,7952000
1999-05-25,81.44011826478233,82.04065196273862,79.61914511614067,79.96784210205078,15406400
1999-05-26,80.16156898575305,81.20766002616645,79.40605878989892,80.85896301269531,12575900
1999-05-27,80.49090203232828,80.76211084784033,79.34795059552746,79.69664764404297,14515400
1999-05-28,79.96785224924622,81.05268745417786,79.71601550524424,80.71367645263672,8748000
1999-06-01,80.66526503369988,80.68463709542748,79.58042957695463,80.43280029296875,6705300
1999-06-02,80.43278855882778,80.70399738344811,79.3576392897972,80.5102767944336,6981900
1999-06-03,81.0139496112503,81.13018196363373,80.45215990806373,80.9558334350586,6076600
1999-06-04,81.49824884724734,82.67025836834515,81.16892385784796,82.58308410644531,9787200
1999-06-07,82.71866199955741,83.1835912473301,82.38933711571842,82.79615020751953,5299100
1999-06-08,82.67994568073007,82.9414684704887,81.5757383461936,81.98255157470703,4895700
1999-06-09,82.0794236247226,82.50560897278582,81.71135446048618,81.90507507324219,7409700
1999-06-10,81.47886105863198,81.49823311309194,80.33590984549377,81.1495361328125,7040700
1999-06-11,81.34326968975921,81.96317553164354,80.02596977575502,80.47152709960938,12824800
1999-06-14,81.01393291478894,81.05267702426517,80.3068529168478,80.54900360107422,6823500
1999-06-15,80.87833803689942,81.61447620346281,80.63618732421409,81.0914306640625,5700900
1999-06-16,82.06003548022564,82.98989423920837,82.06003548022564,82.64119720458984,7865800
1999-06-17,82.37000819311217,84.03600553662291,82.21503169604141,83.41609954833984,8162800
1999-06-18,83.35697640924468,83.7455870218752,82.92950473535112,83.51242065429688,2875100
1999-06-21,83.60957342092927,84.09533668737667,83.10437962382395,83.70672607421875,4646400
1999-06-22,83.31813041469437,84.05649071221265,83.00724186837088,83.12382507324219,5862400
1999-06-23,82.69633637657462,83.08494697984798,82.15228153199189,82.71576690673828,9629200
1999-06-24,82.61867222893169,82.6575333165276,81.23910361927642,82.09404754638672,9176900
1999-06-25,82.44378506425917,82.7060973664905,81.60827180530015,81.8900146484375,4087000
1999-06-28,82.5020752239272,83.08499144077078,82.3854919805585,82.89068603515625,5028900
1999-06-29,82.69641839012787,84.05655685049182,82.56040454409147,83.6679458618164,6956200
1999-06-30,83.706765905784,85.49437557693817,83.22100240818776,85.18348693847656,16856100
1999-07-01,85.18349155031342,86.11615751619276,84.60057532163883,85.82469940185547,9939500
1999-07-02,85.88298199877454,86.73792571097954,85.74696822637829,86.67963409423828,3772800
1999-07-06,86.5824951171875,87.51516113281251,86.17445373535156,86.66021728515625,11221100
1999-07-07,86.46588297740152,86.87392422291285,86.12584860614207,86.77677154541016,3230700
1999-07-08,86.46587692313659,87.43740363013812,86.27157158173628,86.84477233886719,7101500
1999-07-09,87.04880683871775,87.41798704629267,86.77677931734677,87.35969543457031,2976800
1999-07-12,87.63173823488728,87.63173823488728,86.73793336597268,86.97109985351562,4436300
1999-07-13,86.66021728515625,87.00025177001953,86.21331481933595,86.66021728515625,6477600
1999-07-14,87.048828125,87.18484191894532,86.2716064453125,87.14598083496094,4382500
1999-07-15,87.5346084278631,87.9037887963713,87.24315024219875,87.69976806640625,3348600
1999-07-16,87.8260163685045,88.38950187175375,87.51512781498766,88.17576599121094,2281500
1999-07-19,88.40894758331109,88.44780865917188,87.39855961093039,87.59286499023438,4287000
1999-07-20,87.12653169836062,87.3014065389684,85.51379705720008,85.79553985595703,7060100
1999-07-21,85.8635543617393,86.36874839057053,85.3777908724785,85.69839477539062,4793700
1999-07-22,85.45554680909184,85.80529665960655,84.23142233229039,84.57145690917969,7804100
1999-07-23,84.96973555478822,85.1834714548803,84.01763927255986,84.40625,4603000
1999-07-26,83.86223756581379,84.63945941535795,83.70679319590496,83.78451538085938,4333400
1999-07-27,84.5617004226081,85.3097761271739,84.1730896669895,84.48397827148438,5908500
1999-07-28,84.71715851039964,85.37779690245323,84.30911715060185,84.75601959228516,3955500
1999-07-29,83.9010512159747,84.0953565684897,82.89066338289673,83.57073211669922,7760600
1999-07-30,83.82334730719442,84.15366647831688,82.4243484647934,82.54093170166016,5994300
1999-08-02,82.5409393382218,83.78449397985227,82.385495008018,82.73524475097656,6065500
1999-08-03,83.14327069688035,83.22099284756685,81.68598037150852,82.34661865234375,5445400
1999-08-04,82.52147308240097,83.24040279844732,81.10304418317439,81.2196273803711,6497900
1999-08-05,81.3751144083601,82.0357528729934,80.11212910832586,81.9580307006836,10322000
1999-08-06,81.58883353916363,82.07459701581976,80.52015389052013,81.064208984375,7537700
1999-08-09,81.2002472392991,81.94832321889064,80.6756225263388,80.88935852050781,5565900
1999-08-10,80.75332789853097,80.92820276645367,78.96571813754328,79.99553680419922,9793300
1999-08-11,80.63672951207849,81.1613540173378,79.9760912461964,80.96704864501953,8003400
1999-08-12,81.25849136863668,81.95799057697502,80.77272802951283,80.91845703125,7036800
1999-08-13,81.84145192108477,82.8518402164068,81.53056321483183,82.79354858398438,5857700
1999-08-16,82.77407091800298,83.29869531114524,82.23001599178136,83.16268157958984,3927000
1999-08-17,83.59014289027137,83.84273978882402,82.77406060263971,83.70672607421875,4808000
1999-08-18,83.44445798908241,83.55132596415282,82.85182649096457,83.10442352294922,4355500
1999-08-19,82.30776368914096,82.84210351479048,81.88029182862134,82.42434692382812,6448100
1999-08-20,82.73525538405572,83.39589387232671,82.5020888587836,83.25988006591797,3663700
1999-08-23,83.82332348501433,84.90171811955729,83.72617081523569,84.85314178466797,5637800
1999-08-24,84.60053890784418,85.78580139598807,84.1730671908087,85.16402435302734,9279500
1999-08-25,85.30006119229283,86.29101862300055,84.65885344301135,86.03842163085938,6005300
1999-08-26,85.98017146519253,86.06760892769951,84.87263027343751,85.0086441040039,4322300
1999-08-27,85.10574609137751,85.22232930520131,83.97877502441406,83.97877502441406,6247400
1999-08-30,84.15366490502112,84.25081760059376,82.07459721976662,82.42434692382812,4652000
1999-08-31,82.65749645097753,83.16269036440617,81.37508113227408,82.11344146728516,11453700
1999-09-01,82.65749225375696,83.15297087446001,82.2688815708526,83.12382507324219,6863900
1999-09-02,82.15233917326563,82.49237368971127,81.23910361481164,82.14262390136719,10896300
1999-09-03,83.8622283199085,84.87261661291944,83.74564505533031,84.54229736328125,9160800
1999-09-07,84.60058749681801,84.95033728435652,84.07596281551022,84.23140716552734,4560800
1999-09-08,83.8427948012195,84.60058599409263,83.33760067263741,83.8233642578125,6159600
1999-09-09,83.78451538085938,84.09540412067703,83.12387680874684,83.78451538085938,6177800
1999-09-10,84.71714472485553,84.78515160708879,83.90106213805647,84.48397827148438,2934500
1999-09-13,84.01766510204101,84.23140106784176,83.62905425513055,83.91079711914062,2320500
1999-09-14,83.35699462890625,83.66788318696278,82.92952286157853,83.35699462890625,3736000
1999-09-15,84.21194863149985,84.21194863149985,81.99686738000216,82.03572845458984,6984500
1999-09-16,82.38548430910478,82.57978969662626,81.02534659645447,82.35633850097656,15377600
1999-09-17,82.69546496667596,83.51384609971092,82.40318599059204,83.39693450927734,8542300
1999-09-20,83.51382189238802,83.55279241123655,82.98771988793294,83.27999877929688,2803900
1999-09-21,82.46161381737909,82.59801062662333,81.156101500327,81.52632141113281,9335200
1999-09-22,81.83810757398463,82.20832758443836,80.90281491599623,81.43865966796875,13009100
1999-09-23,82.1888469796726,82.1888469796726,79.57782149478021,79.73370361328125,12204100
1999-09-24,79.65576934814453,80.04547467763643,78.75944709031316,79.65576934814453,13792900
1999-09-27,80.27927292074062,80.9028012541056,79.98699401447578,80.18184661865234,6970300
1999-09-28,79.77266966004949,80.31825704414362,78.29178961750827,80.0259780883789,11063400
1999-09-29,80.08443891620213,80.51311474495066,79.03223460927393,79.07120513916016,7580300
1999-09-30,79.46090814164542,80.7079650619655,79.1686291759454,80.27928924560547,7498900
1999-10-01,79.77267049623795,80.16237577467585,78.95428941151836,80.10391998291016,11127100
1999-10-04,80.55205848795963,81.60426244498667,80.27926486947113,81.52632141113281,6341600
1999-10-05,81.50688110059528,82.28629186894905,80.24033860202042,81.44842529296875,11976000
1999-10-06,81.52634918184127,82.81237667849555,81.48737865163963,82.69546508789062,10308200
1999-10-07,82.84162259305258,82.92930630507628,81.99401337682353,82.22783660888672,6535600
1999-10-08,82.14984833248079,83.47484588623047,81.82834157311504,83.47484588623047,9674300
1999-10-11,83.29950755852695,83.63075706226847,83.12414017419322,83.3384780883789,4282000
1999-10-12,83.00719921335816,83.12411076154598,81.79911321541726,82.05242156982422,8686100
1999-10-13,81.48739513172166,81.87710051255246,79.92857360839844,79.92857360839844,10469300
1999-10-14,80.11366051239258,80.5520789391295,79.0322283931082,79.90906524658203,10562200
1999-10-15,78.56455979905687,79.03220598833697,77.62926742049666,77.86309051513672,14238700
1999-10-18,77.90207482379417,78.5256031865659,76.96678227963656,78.42817687988281,9758800
1999-10-19,79.30499900983074,79.96749777305783,78.52558870015181,79.1880874633789,14392900
1999-10-20,79.65575745045325,80.7274469464843,79.26605217916924,79.96752166748047,9759400
1999-10-21,79.32449789379919,80.4351577758789,78.95427793310594,80.4351577758789,9105400
1999-10-22,80.9028190706259,81.81862651193597,80.78590748237355,81.11715698242188,8309600
1999-10-25,80.6300286035616,81.35098342674472,80.27929382471575,80.70796966552734,8114300
1999-10-26,81.17566718215757,81.48743162644814,79.69478607177734,79.69478607177734,6256300
1999-10-27,80.04546762955636,81.25355404460808,79.96752657052076,81.13664245605469,5433300
1999-10-28,82.57855871318387,84.08866685388035,82.42267658253132,83.90355682373047,10509700
1999-10-29,84.70243095133426,85.85206136912326,84.62448990606045,85.42338562011719,10988600
1999-11-01,85.1116423336467,85.4234065912791,84.52708435058594,84.52708435058594,4006500
1999-11-02,84.78039401807003,85.57928993963769,83.92304229736328,83.92304229736328,6516900
1999-11-03,84.7998853169684,85.03370853015856,84.25429781952467,84.48812103271484,7222300
1999-11-04,85.26753854784329,85.64750129959899,84.65375256423792,85.13114166259766,7907500
1999-11-05,86.4366558694018,86.73867754793555,85.28702496401526,85.96900939941406,7431500
1999-11-08,85.42336964261703,86.28072098027104,85.2674875812254,86.0468978881836,4649200
1999-11-09,86.35865293087066,86.47556446462184,84.97519978148172,85.23825073242188,4533700
1999-11-10,84.95575172765363,86.29049232245737,84.84858277478618,85.8715591430664,6405600
1999-11-11,86.16379765741232,86.35865020751953,85.71563679216571,86.35865020751953,4794100
1999-11-12,86.82638106235238,87.28428500197656,85.5013824285463,87.13814544677734,11802900
1999-11-15,87.1965500448113,87.4498584583493,86.92375636869346,87.34268951416016,2187500
1999-11-16,87.64470377559157,89.16455413008158,87.35242486126656,88.07337951660156,7544800
1999-11-17,88.69694108281215,89.12561698435474,88.11238303525407,88.30723571777344,9459000
1999-11-18,88.81382115904853,89.1645558630553,88.30720436437207,88.93073272705078,4491000
1999-11-19,88.79432742470189,89.14506209524055,88.54101905153509,88.852783203125,4832100
1999-11-22,88.81381247006479,89.1645471397579,88.22925468724296,88.83329772949219,4155400
1999-11-23,89.06714304455299,89.06714304455299,87.5278071660757,88.05390930175781,5918000
1999-11-24,87.76163531871664,88.8138396498025,87.29398894934515,88.52156066894531,4459700
1999-11-26,88.8333367193056,89.08664520304129,88.07341126809857,88.19032287597656,1693900
1999-11-29,87.83955425930658,88.4923104855015,87.56676061253854,87.87852478027344,7348600
1999-11-30,87.76164806041585,88.73591147138849,86.67047304012648,86.84584045410156,7682000
1999-12-01,86.86530277974722,87.6057427765239,86.67045014901652,87.54728698730469,6980200
1999-12-02,87.68367429750157,88.15132056042157,87.52779220986156,88.07337951660156,6698300
1999-12-03,89.18407211618633,90.62598195594988,89.18407211618633,89.69068908691406,10045400
1999-12-06,89.49581404226983,89.61272562168494,88.69691824959989,89.02816772460938,3138900
1999-12-07,89.33995493512603,89.35944020337797,88.15135357175795,88.30723571777344,10714200
1999-12-08,88.13183933116584,88.58000035363253,87.60573726131365,87.74213409423828,4611400
1999-12-09,88.42413058286213,88.6774390221696,86.90427994701744,88.17082214355469,6474700
1999-12-10,88.71641269633423,89.04766220563309,87.83957575995491,88.46310424804688,5127300
1999-12-13,88.19033497094898,88.98923106768095,88.09290861768898,88.61901092529297,4210800
1999-12-14,88.3072222545346,88.84306704976842,87.68369376553522,87.76163482666016,5739000
1999-12-15,87.52779389775684,88.66768168560607,87.31345602311852,88.22926330566406,6879100
1999-12-16,88.65798146659696,88.95026052637695,88.01496753508098,88.61901092529297,5854900
1999-12-17,89.38344129845599,89.57877224534947,88.79744845777554,89.1881103515625,4775400
1999-12-20,89.10997013316732,89.50063199258497,88.19191476353582,88.54351043701172,4608700
1999-12-21,88.50447679343092,90.04759170552121,88.3482119922066,89.89132690429688,7981300
1999-12-22,89.77409098889335,90.12568664550781,89.36389605617647,90.12568664550781,5377500
1999-12-23,90.64332305745442,91.5613784790039,90.63355651041667,91.5613784790039,5721700
1999-12-27,91.57111882643933,91.74691662282115,90.67259675604339,91.43438720703125,2691000
1999-12-28,91.18046256037235,91.57112435369014,90.93629893954873,91.37579345703125,4084500
1999-12-29,91.45394997497273,91.7664794921875,90.82889094054318,91.7664794921875,3001000
1999-12-30,91.96178234752723,92.2352455915513,91.37578968176133,91.65901947021484,3641300
1999-12-31,91.78601652591786,92.19621153486536,91.41488770829869,91.80554962158203,3172700
2000-01-03,92.665014603848,92.665014603848,89.93038095196378,90.90703582763672,8164300
2000-01-04,89.71554095587278,90.04760370271576,87.28366966281679,87.35203552246094,8089800
2000-01-05,87.46919644560131,88.46538425683974,85.7893503325326,87.50826263427734,12177900
2000-01-06,87.27385317046067,88.44583866514009,86.10186767578125,86.10186767578125,6227200
2000-01-07,87.70359004954736,91.10234832763672,87.54732530112946,91.10234832763672,8066500
2000-01-10,91.41487121582031,91.8250661507631,90.65308062235515,91.41487121582031,5741700
2000-01-11,91.14141963839944,91.31721749025233,89.69597063427565,90.32102966308594,7503700
2000-01-12,90.3795759101891,90.3795759101891,89.30525633485728,89.42245483398438,6907700
2000-01-13,90.30147476360716,91.10233145088986,89.55921734612564,90.63353729248047,5158300
2000-01-14,91.59069526213268,92.17668819407211,91.23909950296903,91.8641586303711,7437300
2000-01-18,90.8483992264703,91.64925589563505,90.75073377901118,91.14139556884766,6488500
2000-01-19,90.82884983140596,91.88363647460939,90.63351897155347,91.88363647460938,6157900
2000-01-20,91.8641291570581,91.8641291570581,89.89128691915403,90.47727966308594,5800100
2000-01-21,90.94607703730122,90.94607703730122,90.04755479853063,90.28195190429688,6244800
2000-01-24,91.04377124474644,91.16096983463456,87.13715158180946,87.72314453125,7896900
2000-01-25,87.8305512289285,88.71930694580078,86.88319623402067,88.71930694580078,9942500
2000-01-26,88.13334239243508,88.47517162378873,87.56688252333477,88.01614379882812,5158100
2000-01-27,88.66069256175648,88.89508963396204,86.33625492905125,87.66450500488281,10922700
2000-01-28,87.15665057128794,87.54731238469577,84.71501423748897,84.92987823486328,11916200
2000-01-31,84.89083084673611,87.30316807857501,84.38297037687528,87.23480224609375,10768700
2000-02-01,87.35196571096348,88.563017113933,86.59017531232135,88.09422302246094,8419900
2000-02-02,88.30905669740095,88.91458219123405,87.74259736446031,88.17232513427734,6205900
2000-02-03,88.055161821223,89.53967652805817,87.50823535028371,89.5006103515625,7997500
2000-02-04,89.50061477905247,90.00847509861933,88.83648974577272,89.12948608398438,4925400
2000-02-07,89.10998880455011,89.24672048399593,88.4067973102573,88.99279022216797,5845800
2000-02-08,89.9889324282402,90.36006108379405,89.77406846976166,90.20379638671875,4936400
2000-02-09,90.30143340375935,90.30143340375935,88.2992926025728,88.3090591430664,8511500
2000-02-10,88.52395234434283,89.10994496798146,88.05515824543193,88.4848861694336,6690600
2000-02-11,88.66070859203364,88.71930787068005,86.27767126041256,86.6878662109375,9849800
2000-02-14,87.37148409505043,87.37148409505043,86.45342915374317,87.19568634033203,8528800
2000-02-15,87.03945074821841,88.27003544236962,86.13116204539251,88.18213653564453,11078300
2000-02-16,87.7426500251825,88.09424568423265,86.75622887062512,86.88319396972656,8845400
2000-02-17,87.7817127499338,87.7817127499338,86.39486326056011,86.43392944335938,7584200
2000-02-18,86.80506545280474,86.80506545280474,84.14856479988363,84.57829284667969,9409200
2000-02-22,84.50011200495246,85.22283603273407,83.46485866785987,84.3633804321289,16415400
2000-02-23,84.77363390889812,85.92608653577024,84.07044247555243,85.35962677001953,12119000
2000-02-24,85.43773020032074,85.65259417659041,83.19142499386513,83.64068603515625,17375000
2000-02-25,84.5001631025607,85.45728469110104,83.2109789220778,83.33794403076172,10559900
2000-02-28,83.36723897914693,85.43774678884459,82.95704403571627,85.08615112304688,13397800
2000-02-29,85.04709140904224,85.90654754638672,84.85176046873669,85.90654754638672,8242500
2000-03-01,86.02374812485671,86.88320428232575,85.76981789651357,86.53160858154297,6868000
2000-03-02,86.6878525217419,86.96131577890829,85.84792966044517,86.5901870727539,7600200
2000-03-03,87.78172062011394,88.58257743930056,87.3324594776434,88.2114486694336,12770300
2000-03-06,88.01616101614691,88.34822376298989,86.7269762342859,87.35203552246094,11967100
2000-03-07,87.50823804120112,87.60590348544353,84.5196754473833,85.66236114501953,20062000
2000-03-08,85.30100147822132,86.16045741251071,84.4024793651006,85.554931640625,11808500
2000-03-09,85.78936691758055,88.05520629882812,85.08617538546923,88.05520629882812,5500900
2000-03-10,87.62543092127042,88.75835000139385,87.21523608191539,87.58636474609375,7924600
2000-03-13,85.43772362125229,87.80122717821881,84.81266482932726,86.62924194335938,10540500
2000-03-14,87.05899452705069,87.56685493936914,85.10568524890282,85.398681640625,8263900
2000-03-15,85.55496403400419,87.78173707050567,85.04710351690737,87.39107513427734,10300800
2000-03-16,88.52396084746564,91.78598676571957,88.05516670352496,91.47345733642578,25601400
2000-03-17,91.37303974211648,92.74383116559443,91.13804692666311,92.07801818847656,10272900
2000-03-20,92.03884472139578,92.33258571518746,90.72680161579291,91.60802459716797,12502300
2000-03-21,91.19681098404217,93.84048061746405,90.55058062920573,93.48799133300781,13612600
2000-03-22,93.72295598052527,94.52584799790964,93.17463948084816,94.05586242675781,8260000
2000-03-23,93.46839294902135,96.17081034415332,93.46839294902135,95.66165924072266,11654500
2000-03-24,95.79876346300907,97.6003755314058,95.0742020876756,96.22958374023438,11462900
2000-03-27,96.11206374801955,96.36663930399435,95.13292699427038,95.21125793457031,8798600
2000-03-28,94.78046794444704,95.86731008719845,94.36923037691949,94.66297149658203,6334400
2000-03-29,94.97625907114356,95.55394971910206,93.78171230756836,94.76084899902344,6747500
2000-03-30,94.09504063443107,95.20146514969545,92.19551536043735,93.17465209960938,9491900
2000-03-31,93.76213867111396,95.44625394381985,93.01799471340671,94.23212432861328,9249100
2000-04-03,94.07545522264212,94.78043365478514,93.17464944823713,94.78043365478516,8508200
2000-04-04,95.09377231010292,95.8770818019489,88.60209489642929,94.07546997070312,19585500
2000-04-05,92.66551633594322,94.50629371032586,92.50885443174045,93.48799133300781,8387200
2000-04-06,94.15378105156444,95.05458677709937,93.37047172501232,94.30065155029297,6378500
2000-04-07,94.97628017146874,95.32876945870306,94.31046707335948,94.89794921875,6023600
2000-04-10,95.09378599898277,95.94563519399013,94.19297995368763,94.52588653564453,9624200
2000-04-11,93.99712580592276,95.0154280021536,92.97882360969193,94.25170135498047,9006400
2000-04-12,94.23208536670849,94.72165355751642,91.58841713634573,91.666748046875,10779200
2000-04-13,92.41094296354562,92.8417632104619,90.10017982099457,90.3939208984375,12225800
2000-04-14,89.37563175313613,89.49312820154078,83.6574712641099,85.22409057617188,29604000
2000-04-17,84.7148963562337,88.20062255859375,84.40157265265077,88.20062255859375,23918200
2000-04-18,88.08312627522945,90.53096771240234,87.59355798779487,90.53096771240234,11069200
2000-04-19,90.55059014865925,90.94224495034031,89.31687752336394,89.68894958496094,6553700
2000-04-20,89.96310432099199,90.19809719253136,89.21896022778395,90.11976623535156,8537600
2000-04-24,88.67062410109911,89.80642273136937,88.04397658095,89.14060974121094,12893100
2000-04-25,90.62894662254799,92.841796875,90.51145014896646,92.841796875,14102000
2000-04-26,92.72426267903646,93.21383111979166,91.49055020833333,91.79408264160156,7711100
2000-04-27,89.61059695727205,92.33259717079058,89.61059695727205,91.49053955078125,15595300
2000-04-28,92.1172234138589,92.65574884835743,90.9030933433531,90.92267608642578,8743400
2000-05-01,91.84305584182448,93.04739442056055,91.3926527961183,92.15637969970703,7328300
2000-05-02,91.1772072916949,92.19550943498703,90.31556701660156,90.31556701660156,9411900
2000-05-03,90.23722663188276,90.23722663188276,87.59355788290182,88.20062255859375,12630700
2000-05-04,88.98392093502093,89.20912231942955,88.20061177186054,88.86642456054688,5963600
2000-05-05,88.3964457313609,90.23722240365774,88.3181148091355,89.9434814453125,7862400
2000-05-08,89.45396512546102,89.84561996401384,88.88606560955945,89.26792907714844,5064100
2000-05-09,89.64978747766453,89.86519762669343,87.89713217420211,88.55315399169922,5620300
2000-05-10,88.04397478060486,88.33771579966826,86.32069413543287,86.5556869506836,10293900
2000-05-11,87.80893227168612,88.67057210664468,87.18228511898899,88.53349304199219,7091100
2000-05-12,88.86641759893304,89.90430215881482,88.74892123366341,89.4930648803711,5960800
2000-05-15,89.4539141639583,91.24573402954547,88.98392862544364,91.04011535644531,4441300
2000-05-16,91.8430100169952,92.56757107683076,91.0597007631189,91.92134094238281,8192200
2000-05-17,91.29474438686802,91.60806826292763,90.53101743897273,90.96183776855469,5907200
2000-05-18,91.25559985585699,91.68642028436103,89.84564208984375,89.84564208984375,4325600
2000-05-19,89.33645972496012,89.75748863422945,87.9852506673051,88.43565368652344,6518400
2000-05-22,88.51396512155394,88.65104427107846,85.85071307364876,87.76982116699219,10839400
2000-05-23,88.00480149103247,88.23979428540105,86.20319006754004,86.47734832763672,7979200
2000-05-24,86.47734942920705,88.16146447696788,85.53737823975915,87.8873062133789,11081500
2000-05-25,88.16149247506124,88.86647109103241,86.30113223847066,86.37946319580078,8278900
2000-05-26,86.98649938210197,87.5348159022953,86.05631957105967,86.47734832763672,4814000
2000-05-30,87.73066042180648,89.5714376717283,87.39775389788444,89.29727935791016,5362700
2000-05-31,89.33640306001158,90.23720852707878,89.0426621468375,89.4930648803711,6056500
2000-06-01,90.04148097540744,91.13811493248069,89.6106604922715,91.05978393554688,8961600
2000-06-02,93.33131552861322,93.42922920415728,92.4207183460533,92.64591979980469,8962200
2000-06-05,92.41094387803122,92.88092960659081,92.03887184292154,92.1955337524414,6998100
2000-06-06,91.88222309468217,92.6067845299983,91.43182004029649,91.78430938720703,4858900
2000-06-07,91.8821901341012,92.74383045078928,91.49053544469753,92.42071533203125,4919500
2000-06-08,92.43052080321175,92.58718270287821,91.5297148801296,92.0584487915039,5723100
2000-06-09,92.43050150158714,92.72424250212185,91.25553749944832,91.86260223388672,3085300
2000-06-12,92.09760386949989,92.09760386949989,90.78556060791016,90.78556060791016,3678900
2000-06-13,90.74643930358046,92.58721731275969,90.62894283490945,92.48930358886719,6558700
2000-06-14,92.90049535621928,93.29215005839558,92.23468236251956,92.64591979980469,6420500
2000-06-15,92.82221412940308,93.21386904134148,92.01932155992934,92.841796875,5881200
2000-06-16,93.15849729012234,93.15849729012234,91.62744739787001,92.07891082763672,5567900
2000-06-19,92.0004291939901,93.6885104636046,91.86302723018427,93.25667572021484,5106900
2000-06-20,93.07995857525638,93.5117930519868,92.33406266090384,92.92292785644531,6480000
2000-06-21,92.29477149273315,93.23695546373511,92.26532824363935,92.88363647460938,3115000
2000-06-22,92.68744792365209,92.76596333908932,91.07788190718884,91.470458984375,7490500
2000-06-23,91.5881991696048,91.78448763760653,90.3712106679941,90.68527221679688,4863300
2000-06-26,91.31337152646766,91.8629790936949,90.99931005948068,91.85316467285156,5201300
2000-06-27,91.69614397588921,92.15742180601517,91.08764981699966,91.17597961425781,4159500
2000-06-28,91.47041766312871,92.32427242028453,91.27412921320783,91.43115997314453,5347700
2000-06-29,90.92081648847682,91.54893957302588,90.14547705598656,90.56749725341797,6345700
2000-06-30,90.41042320495987,91.4507515657638,90.38097994946541,91.25446319580078,7420200
2000-07-03,91.35263285241308,92.60887877045228,91.19560211265818,92.51073455810547,1436600
2000-07-05,91.94151580467653,92.11817542086827,90.68526964509086,90.84230041503906,2748200
2000-07-06,91.03857736931043,92.00039071366062,90.5871139627787,91.5489273071289,5963200
2000-07-07,92.13780481902374,93.45293752521772,91.86300096996827,93.02110290527344,3034800
2000-07-10,92.8836882919218,93.53144013334898,92.66777101144606,92.86405944824219,2816100
2000-07-11,92.62853672886116,93.66886570674411,92.43224824246816,93.06037139892578,5431600
2000-07-12,93.76698271566744,94.2969614749982,93.3940346998421,93.66883850097656,5883000
2000-07-13,94.20867273978145,94.45403338344167,93.70813702671458,94.08108520507812,5356000
2000-07-14,94.49322079745207,95.00357055664062,94.0123142936013,95.00357055664062,5341900
2000-07-17,94.83673556829919,95.46485841590047,94.65026159791756,94.84654998779297,4208300
2000-07-18,94.61099817856066,94.61099817856066,93.806215828909,94.07120513916016,4262100
2000-07-19,93.8847730489754,94.15957690067636,93.11924803352275,93.31553649902344,8506800
2000-07-20,93.59030802240015,94.61100769042967,93.47253498378136,94.61100769042969,4538900
2000-07-21,94.06140312359487,94.06140312359487,92.76589965820312,92.76589965820312,5656900
2000-07-24,93.04073703113984,93.50201494680056,92.05929465739365,92.23595428466797,5628500
2000-07-25,92.80517644157943,92.86406297485455,92.19668226440326,92.5303726196289,4757100
2000-07-26,92.31450473455251,92.43227786413092,91.48027840003869,91.62749481201172,12062500
2000-07-27,91.66671953012691,92.09855418315964,90.88156561552198,91.31340026855469,7652600
2000-07-28,91.52931130826408,91.64708438736542,88.8892314517422,89.25236511230469,6229500
2000-07-31,89.78231367031178,90.52820958624353,89.23270615330942,89.82157135009766,5265500
2000-08-01,90.21415457240816,90.90116401758533,89.90009311175574,90.37118530273438,3946600
2000-08-02,90.37121411866237,91.333027648596,90.21418333826504,90.82267761230469,7439800
2000-08-03,89.74305840054406,91.58816940003031,89.58602767718352,91.45076751708984,4607100
2000-08-04,91.90227062248145,92.15744565838327,91.33303400393127,91.9415283203125,3686600
2000-08-07,92.15738989431647,93.23697593141708,91.94147268689633,93.04068756103516,4159800
2000-08-08,92.64813930259727,93.47255071164581,92.64813930259727,93.39403533935547,3658700
2000-08-09,93.67865100761954,93.72772311396193,92.56962140428156,92.60887908935547,5383800
2000-08-10,92.66776721210906,92.87387006229486,91.88261349711554,92.15741729736328,4193400
2000-08-11,92.09855036910417,92.96221963940269,91.43116956932806,92.58927154541016,5089400
2000-08-14,92.82474569888052,93.9435891128869,92.37328256691303,93.76692962646484,2966700
2000-08-15,93.80619615882092,94.10062866402752,93.31547531680994,93.68842315673828,5564600
2000-08-16,93.7866013433073,94.1791781593111,92.86404582569838,93.35476684570312,5191600
2000-08-17,93.39400510752246,94.49321996376905,93.17808790361688,94.33618927001953,5652200
2000-08-18,94.45398263314074,94.45398263314074,93.72771551813113,94.02214813232422,4626400
2000-08-21,94.2380685964692,94.66990311201229,93.84549176415732,94.53250122070312,2380600
2000-08-22,94.57176908915135,95.04286133866144,94.27733643320754,94.37548065185547,3075300
2000-08-23,94.10068408119672,95.02323980748297,93.76699371211446,94.7484359741211,5483200
2000-08-24,94.9446948546607,95.1606120850517,94.53248923300515,95.04283905029297,4529000
2000-08-25,94.94468404596503,95.23911659934305,94.80728218772195,95.00357055664062,2822200
2000-08-28,95.00362340078213,96.04395233471632,95.00362340078213,95.32749938964844,5518700
2000-08-29,95.12139045687846,95.39619430879681,94.78770006526334,95.34712219238281,3561900
2000-08-30,95.04286613456425,95.16063920288465,94.43437194824217,94.43437194824219,3964800
2000-08-31,94.88583776855468,96.16171270751953,94.78769354248047,95.69062042236328,4863100
2000-09-01,96.25981123877352,96.47572843364027,95.47465780289446,95.7887191772461,3191200
2000-09-05,95.39625612671428,95.60235914921026,94.72887491101298,95.02330780029297,3470800
2000-09-06,94.9643337761464,95.44524038580238,93.92400519199266,93.94363403320312,4322200
2000-09-07,94.37548791455858,94.89565231342209,94.11049850381679,94.7484359741211,4265500
2000-09-08,94.3951560678112,94.53255804170904,93.79647603868493,94.10072326660156,3518200
2000-09-11,94.06136284886557,94.96428911995235,93.39398256154057,93.96321868896484,3937500
2000-09-12,94.061398695615,94.375460126986,93.23698743826613,93.2762451171875,4769100
2000-09-13,92.9621996832039,93.80623992526002,92.74628241198025,93.52162170410156,7691600
2000-09-14,94.13993789084934,94.17919557971123,93.06035144714693,93.99272155761719,3397100
2000-09-15,93.3138266720184,93.35318298862404,91.93635559082031,91.93635559082031,4085700
2000-09-18,92.17241620739327,92.54630090165895,90.80478535205299,91.09011840820312,5109300
2000-09-19,91.38534634099531,92.1331161861628,91.11969126442264,91.91665649414062,6588200
2000-09-20,91.73954771468263,91.9560073939751,90.1456173489835,91.23775482177734,6508100
2000-09-21,90.97212652840533,91.66086207426174,89.81111517967595,89.85047149658203,5972300
2000-09-22,89.8110911106135,91.50341228403875,89.68318311494765,91.48373413085938,7791300
2000-09-25,91.8970248356229,91.97573749072836,90.49987520750102,90.83440399169922,9726300
2000-09-26,90.9131098452801,91.30667309136356,89.67338562011719,89.67338562011719,5302400
2000-09-27,90.40144590299947,90.65726192318645,89.49625075464554,90.1456298828125,7186200
2000-09-28,90.1653000831604,92.14295452627643,89.97835762336337,91.30663299560547,7036400
2000-09-29,91.60183789524645,91.91668846588533,90.44082641601561,90.44082641601562,9333600
2000-10-02,90.85405408323471,91.24761723715818,90.13580132732436,90.57855987548828,5517800
2000-10-03,91.01149471182572,91.77894299155787,89.59466711847405,89.73241424560547,9347200
2000-10-04,89.9685163327848,90.83435507264538,89.26010281835343,90.48014831542969,6148900
2000-10-05,90.30304434271565,91.20823938297822,90.2440098835681,90.79499816894531,4566900
2000-10-06,90.59819708855004,91.08031173422107,88.00068144656727,88.82716369628906,10014900
2000-10-09,88.98457846641541,88.98457846641541,87.7645333835057,88.15809631347656,4508000
2000-10-10,88.21721456963205,88.94530668185074,86.70199584960938,86.70199584960938,6104700
2000-10-11,86.66257406781756,87.2922748784829,85.0883220411542,85.97383880615234,10346000
2000-10-12,86.44617533079335,86.6429569727938,83.61251968598701,83.8289794921875,12336900
2000-10-13,83.71087069340263,86.68227207438613,83.67151438372073,86.62323760986328,11778800
2000-10-16,86.52483088762067,87.04630189478962,86.07223340970043,87.01678466796875,5659000
2000-10-17,87.17424914655527,87.25296178686818,84.6357664964637,84.85222625732422,7831700
2000-10-18,83.51414221935876,85.71809696218821,81.95956699897013,84.53740692138672,10897300
2000-10-19,86.17065289182051,87.81377906593949,85.91483684076006,87.72522735595703,8767300
2000-10-20,87.13487617538686,88.9059102439923,87.13487617538686,88.09910583496094,7373500
2000-10-23,88.11876799091647,88.80750333698214,87.48906710308499,88.4926528930664,5290000
2000-10-24,88.76816741075723,89.37819028589212,87.52844350322505,87.90232849121094,5750700
2000-10-25,87.37098578409775,87.88261768283346,85.71802118818239,85.83609008789062,9137600
2000-10-26,86.34778280654997,86.68231159135202,84.39964458917339,86.0722885131836,9345800
2000-10-27,86.82000381849741,87.70552062988281,86.0328777639326,87.70552062988281,9762900
2000-10-30,87.17421665916926,88.8468596424716,86.99711328446665,88.4926528930664,10154100
2000-10-31,88.79765485437701,90.48013673582837,88.19747125923939,90.0177001953125,7752400
2000-11-01,89.57492996553863,90.20463070343345,88.9255510795846,89.71267700195312,6753600
2000-11-02,90.14563141487311,90.61790715247558,89.74222922233766,89.86029815673828,11395100
2000-11-03,90.34244257826126,90.51954603790062,89.65370690188593,89.9095230102539,5187100
2000-11-06,90.14564428762674,90.86389707446332,90.06693165345287,90.5392074584961,4042500
2000-11-07,90.13576916487321,90.67691830842391,89.77172337739364,90.51949310302734,5231300
2000-11-08,90.71623524436426,90.71623524436426,88.51228332519531,88.51228332519531,6123300
2000-11-09,88.15814014205813,88.92558823704479,86.4264623892677,88.17781829833984,10635300
2000-11-10,87.52845332781764,87.82362571988537,85.97387872959426,86.03291320800781,8569500
2000-11-13,85.40317160789732,86.2591711389903,83.7600460712016,85.36381530761719,17285300
2000-11-14,86.56423514229911,87.92202832820924,86.26906271057952,87.607177734375,7668900
2000-11-15,87.56779415747323,88.22701238315308,86.7413116058746,87.88264465332031,8837700
2000-11-16,87.26278172632692,88.07942519044747,86.46581641796831,86.50517272949219,6684100
2000-11-17,86.46583556954421,87.52845621605204,85.48192756351844,86.04275512695312,6551100
2000-11-20,85.48193131378245,85.87549453345916,84.576735908526,84.81287384033203,5458500
2000-11-21,84.930922813803,85.75740538057309,84.0749230125054,85.24577331542969,7684300
2000-11-22,84.59638581372357,84.93091443871387,83.19923685052878,83.20907592773438,5736900
2000-11-24,84.14375376961046,84.98991406242928,84.14375376961046,84.91120147705078,3411600
2000-11-27,85.93449836694151,86.07224544469938,85.20640667022137,85.65900421142578,5992000
2000-11-28,85.08835413122691,86.01322754569676,84.1536416378797,84.18315887451172,5336100
2000-11-29,84.61607868274984,85.58030841657653,83.91750407967133,84.0257339477539,6914100
2000-11-30,83.43540796342539,84.06510915560219,81.7037296849392,83.29766082763672,11201600
2000-12-01,83.86831609860742,84.41930456664144,82.49084492852236,83.25829315185547,7587200
2000-12-04,83.04183938504941,84.30124168851935,82.8057014531488,83.96671295166016,6996600
2000-12-05,84.9309441220444,87.05618554122437,84.63577170271384,86.7216567993164,8883400
2000-12-06,86.76098632108763,87.11519311486843,85.02930866260368,85.33432006835938,12888000
2000-12-07,84.93090004036854,85.5606008747735,84.1634521484375,84.1634521484375,6529100
2000-12-08,86.30842099146379,87.82363950864179,84.30124841026696,84.36028289794922,10276300
2000-12-11,86.5051635866019,87.88263434435034,86.09192235927736,87.29228973388672,6405600
2000-12-12,87.0167714784608,87.41033444308522,86.50513962444904,86.91838073730469,5022900
2000-12-13,87.68584320338054,87.78423396101451,85.65899359612108,85.72786712646484,6070500
2000-12-14,85.56063858383452,85.95420177879235,84.39962715870888,84.6357650756836,7678400
2000-12-15,84.0860399315847,84.0860399315847,82.46748235543683,82.72408294677734,9065300
2000-12-18,83.4149741686342,84.30320744776068,83.22745825415194,83.82948303222656,7235400
2000-12-19,83.67156665730026,85.25064788697331,82.1220932006836,82.1220932006836,9616600
2000-12-20,81.24371827380492,81.44110340080638,79.64489874509302,79.74359130859375,9994300
2000-12-21,79.58570848313053,81.39178296879682,79.28963069859508,80.29629516601562,14331500
2000-12-22,81.4805958313134,82.81294569047368,81.38190324915338,82.70438385009766,10182900
2000-12-26,82.64516447533403,83.59261322021484,82.28987119600372,83.59261322021484,4665300
2000-12-27,83.2175801595052,84.47097587585449,82.90176391601562,84.20450592041016,4854100
2000-12-28,83.88868083628464,84.5597902829749,83.75051124431899,84.46109771728516,8358700
2000-12-29,84.67823288450927,84.81640249527655,82.86228942871094,82.86228942871094,8774600
2001-01-02,83.37548046306405,83.47417302990006,80.57261156492127,81.36215209960938,8737500
2001-01-03,81.04634348551431,85.90201822916666,80.63183466593424,85.2703857421875,19431600
2001-01-04,85.23090293012167,85.56645766606704,84.00711506961507,84.3525390625,9219000
2001-01-05,84.30320637873191,84.40189896405003,81.59902954101562,81.59902954101562,12911400
2001-01-08,82.03328193155437,82.23066711425781,80.6515856526302,82.23066711425781,6625300
2001-01-09,82.77346741714202,83.05967590111688,81.74706457805978,82.01353454589844,5702400
2001-01-10,81.48060075223954,83.45445251464844,81.362169646495,83.45445251464844,8746100
2001-01-11,82.80309150710222,84.31308828905534,82.80309150710222,83.53341674804688,7245100
2001-01-12,83.80974328517914,84.46111434698105,82.92151001908563,83.37549591064453,7244000
2001-01-16,83.37548449078157,84.12554803496948,83.0695375188102,83.9084243774414,8542200
2001-01-17,85.17167582108256,85.29997614387214,83.78011078159558,84.2933120727539,7851400
2001-01-18,84.28343858017934,85.71448057012383,83.96762241688124,85.13219451904297,8107000
2001-01-19,86.02042412310335,86.02042412310335,84.55977442482211,84.64859771728516,7782500
2001-01-22,84.79667276537526,85.76386014095799,84.36242537225648,85.211181640625,7050900
2001-01-23,84.93484481639682,86.31654110669378,84.73745963206868,85.88229370117188,8463100
2001-01-24,86.05993905491397,86.73104867139725,85.80333831919977,86.1388931274414,6199900
2001-01-25,86.05989196342681,86.69152419802077,85.68486032413665,85.92172241210938,10818300
2001-01-26,85.36908843699352,85.9809824812818,84.92497179194558,85.82307434082031,7136800
2001-01-29,85.5861986660736,86.47048025836735,85.50408336180828,86.28099822998047,6705900
2001-01-30,86.0915371754473,87.1147790443593,85.76939833675283,87.03898620605469,7069100
2001-01-31,86.78630133195182,87.60742550658104,86.28100304413111,86.5462875366211,9706900
2001-02-01,86.59683950651863,87.13372147213445,86.05994790295351,87.12108612060547,8239100
2001-02-02,86.78634351340837,87.15901419303674,85.11252043607988,85.14410400390625,8276600
2001-02-05,85.14407618740806,85.86413696402805,85.1124926299,85.7693862915039,4352900
2001-02-06,85.45986377237769,86.34414525779603,85.40933202493302,85.51670837402344,7106700
2001-02-07,85.09353316534582,85.5230386491974,84.43662995269983,85.0745849609375,5748700
2001-02-08,85.14405615773106,85.52302984483038,84.07028292069687,84.0829086303711,5943300
2001-02-09,84.22820059703852,84.22820059703852,82.90808130226608,83.27442932128906,9913000
2001-02-12,83.18599581408706,84.32293620739411,83.18599581408706,84.22819519042969,5804400
2001-02-13,84.44927105326562,84.74613912647798,83.37549763255713,83.53971862792969,6587600
2001-02-14,83.78602900575603,83.78602900575603,82.52908677303624,83.41336822509766,8400100
2001-02-15,83.90604658963113,84.33556163790203,83.36916482672457,84.22186279296875,5929800
2001-02-16,82.74385915622169,82.92702834419133,81.67008581231819,82.36487579345703,6434900
2001-02-20,82.7691210880493,82.832288195158,80.9121295771904,81.09529876708984,5760000
2001-02-21,80.78580163569404,81.37953293761585,79.26988259830618,79.3456802368164,10910800
2001-02-22,79.806772772531,79.92678450067234,77.70343519696684,79.46569061279297,21281600
2001-02-23,79.00462304086435,79.29517351844582,76.93286845708317,78.92882537841797,20173000
2001-02-26,79.45939926760853,80.60897064208984,78.6382747919896,80.60897064208984,11503700
2001-02-27,80.09097443039214,80.74786775596597,79.2761682170318,79.86358642578125,11415000
2001-02-28,80.05939733075208,80.1162419269927,77.86131471564283,78.29082489013672,14825800
2001-03-01,78.35398302040575,78.70137786865234,76.90122690891157,78.70137786865234,14672000
2001-03-02,77.37496798197239,79.36461097958907,77.24864343122356,78.07608032226562,12564300
2001-03-05,78.41714185089704,78.81506841859552,78.20238438811191,78.78980255126953,5293200
2001-03-06,79.8067538398859,80.6910401754664,79.26354958312814,79.63621520996094,6917000
2001-03-07,80.15418014809379,80.24260832905182,79.4341193494502,80.2047119140625,6371700
2001-03-08,79.96465455842682,80.3688988769708,79.6741042556591,80.29310607910156,6055000
2001-03-09,79.64882280696467,79.64882280696467,77.7602437988257,77.91815185546875,10020300
2001-03-12,77.27390324677555,77.3749667409318,74.37471292852831,74.5831527709961,13972900
2001-03-13,75.41689327776714,76.07379141053732,74.23573920937677,75.80850219726562,12888000
2001-03-14,73.93259824456037,75.34745392856678,73.11147393156216,74.31157684326172,19883400
2001-03-15,74.81685254786969,75.07582413353826,74.12837557538555,74.33049774169922,10370300
2001-03-16,74.18227746263489,74.35328004374533,72.71294539475886,72.83961486816406,58514600
2001-03-19,73.31463515598111,74.5369681346759,72.71930054328537,74.3216323852539,10067800
2001-03-20,74.66998048727709,75.02464551044878,72.26964723242915,72.32664489746094,15083900
2001-03-21,72.31399062275796,72.99799169190062,70.86999158697849,71.09799194335938,19004600
2001-03-22,70.94596480183682,71.31329912360191,68.42530201609192,70.37596893310547,28624800
2001-03-23,71.72498817570506,72.61799034782423,70.6166550250871,72.50399017333984,12861700
2001-03-26,73.27666930204734,73.63766913127454,72.68766907205033,73.42867279052734,9943800
2001-03-27,73.22600869836646,75.14500810762216,73.01067283195525,74.92967224121094,12880700
2001-03-28,74.03665031858426,74.06831407867601,72.76998394814467,72.85865020751953,10953300
2001-03-29,72.6433250856684,73.78332691934797,71.02199343950139,73.1373291015625,12060300
2001-03-30,73.18161873737459,73.90361785888672,72.51661725769138,73.90361785888672,9183600
2001-04-02,73.65664839825187,74.34064453837605,72.07331549916604,72.32664489746094,10561000
2001-04-03,72.18730342418063,72.29496888339965,69.70463418698857,69.91363525390625,12836000
2001-04-04,70.02764643339744,70.99664538298454,69.2233154562995,70.2049789428711,14884300
2001-04-05,71.75664956563799,73.14364591200439,71.24998110058772,72.86498260498047,21522800
2001-04-06,72.19364177442469,72.45331067576024,70.97130864636455,71.75664520263672,14937800
2001-04-09,72.19999190175983,72.82699047848719,71.42732454864665,72.55465698242188,9034300
2001-04-10,73.11829339431016,74.5749612365937,72.94096092626467,73.8782958984375,17873600
2001-04-11,75.22731573956284,75.3603151299905,73.5553164999741,73.92898559570312,12722300
2001-04-12,73.6566554100407,75.3286547240864,73.44131960265275,75.27165222167969,9233200
2001-04-16,74.91698958020609,75.29698855802307,74.04299144803213,74.47998809814453,7350000
2001-04-17,74.29633103664464,75.78466822050423,74.11266379199921,75.53133392333984,10924700
2001-04-18,76.67131639353465,79.79998397827148,76.43698619969655,78.53331756591797,32481600
2001-04-19,78.69163321988316,79.69863047253706,78.2673012265742,79.57830047607422,13809900
2001-04-20,79.10331746112848,79.41998406038684,78.31798564791342,78.84998321533203,7626700
2001-04-23,78.31164216564513,78.46364076326832,77.20964387696748,77.41864013671875,8451800
2001-04-24,77.59597839670985,78.31164797618545,76.69664644878424,77.00064849853516,10044700
2001-04-25,76.89931913727222,78.32431889569845,76.60165174795577,78.00765228271484,8249000
2001-04-26,78.36229934400431,79.30596422281151,78.21663061841508,78.35596466064453,10590400
2001-04-27,79.11597004685892,79.69863534180236,78.65996943970383,79.66063690185547,7938700
2001-04-30,80.08494475000695,80.6042775443122,78.95761294031607,80.21794891357422,10766900
2001-05-01,79.2109642570472,80.52829815883247,78.91329695086087,80.4649658203125,10578000
2001-05-02,80.69299746490643,80.87033001445958,79.79999519929282,80.31932830810547,9572900
2001-05-03,79.88229444747722,79.89496381414439,78.67263085593451,79.29962921142578,9926200
2001-05-04,78.31163997535198,80.65497054829986,78.17864060215801,80.64863586425781,12145300
2001-05-07,80.34463357457975,80.67396464462684,79.9456354803394,79.95196533203125,7185200
2001-05-08,80.3446223085791,80.49662087098378,79.5212875009884,79.91395568847656,6952600
2001-05-09,79.32496628402708,80.14830120019333,79.20463145561645,79.57830047607422,9507400
2001-05-10,80.59798157815021,80.74998018791123,79.65431166401,79.8126449584961,6872400
2001-05-11,79.79997465199993,80.11030653381218,78.78664260693564,79.26164245605469,7734400
2001-05-14,79.10333911240703,79.44533971304848,78.82467088256209,79.42000579833984,7914000
2001-05-15,79.5149971173227,80.11666181477239,79.07166091166805,79.7873306274414,9782200
2001-05-16,79.06529752978112,81.82663008024392,78.92596831429171,81.66829681396484,14909000
2001-05-17,81.69997917054094,82.38398015582244,81.42131102869692,81.79497528076172,11824600
2001-05-18,81.75695263971865,82.16862487792969,81.12995917003316,82.16862487792969,6683100
2001-05-21,82.23196457285809,83.4986307295462,81.79496320257735,83.3782958984375,11531500
2001-05-22,83.49228502491319,83.65694811501521,83.01095545576524,83.27061462402344,8342700
2001-05-23,82.99829297791806,82.99829297791806,81.85829162597656,81.85829162597656,12330800
2001-05-24,81.99767861574563,82.33334455505029,81.41501302933186,82.09901428222656,7902800
2001-05-25,82.11161750041468,82.14328608238985,81.00328961049185,81.12995910644531,7425000
2001-05-29,81.20596998176913,81.28830637633041,80.36997049203795,80.48397064208984,9003900
2001-05-30,80.17364687599789,80.490313473657,79.16664941477735,79.35665130615234,10041800
2001-05-31,79.4390098172794,80.28134441232918,79.33134429723708,79.76834106445312,9874200
2001-06-01,79.92664320767325,80.49664402054798,79.24264706417216,80.26231384277344,8848300
2001-06-04,80.30664023715796,80.7056383567399,79.85063962509395,80.64863586425781,5623500
2001-06-05,80.74365625156415,81.84565477493685,80.60432216075681,81.57332611083984,9115400
2001-06-06,81.5923183332952,81.5923183332952,80.66131774457185,80.8956527709961,12064900
2001-06-07,80.46498933020331,81.2883244673643,80.43332073571669,81.1869888305664,7355300
2001-06-08,80.87664274240781,80.98431305207933,79.88864455728215,80.43331146240234,8170600
2001-06-11,80.24966072042183,80.4269932687847,79.4263303413157,79.86332702636719,7012200
2001-06-12,79.07797087301704,80.26863535580107,78.55863792678753,79.72396850585938,9364400
2001-06-13,79.90766447857918,80.16733346123982,78.94499995036004,79.04000091552734,7629400
2001-06-14,78.6473138534462,78.72331557393677,77.10831404513999,77.26664733886719,12603000
2001-06-15,76.79410547697502,77.74045441126623,76.47018556417264,77.39112854003906,16821100
2001-06-18,77.26409758711934,77.76585432419783,76.79409950702572,77.01639556884766,11368300
2001-06-19,77.72772368805902,78.05164349533891,76.78137506205721,77.35299682617188,7732300
2001-06-20,76.97196356816427,78.0326371850421,76.91479893452039,77.75952911376953,8787200
2001-06-21,77.62612753774414,78.95355611455743,77.58166832334587,78.64234161376953,12259100
2001-06-22,78.43273833677019,78.49625080167012,77.58801334678913,78.02625274658203,12212000
2001-06-25,78.29931729773006,78.40094106178225,77.16877957393228,77.30850982666016,8406800
2001-06-26,76.78775369164885,77.73410263722539,76.57815816641309,77.20059204101562,8005800
2001-06-27,77.23234859227519,77.6388342549431,76.79410911434056,77.15613555908203,10105100
2001-06-28,77.48636343337115,78.71852518940749,77.4419042383435,77.58163452148438,10269300
2001-06-29,77.99451484779102,78.76302697494414,77.65154165253657,77.86748504638672,9824200
2001-07-02,77.99452340227238,78.95992577037372,77.88019899131507,78.83924865722656,8522200
2001-07-03,78.74397739097965,78.8201904296875,78.15330211253548,78.8201904296875,3303100
2001-07-05,78.16596294919957,78.53434193472901,77.27042627962126,77.28312683105469,5517900
2001-07-06,77.04816289977201,77.16248730101101,75.61276245117188,75.61276245117188,11665900
2001-07-09,75.892218957053,76.5591121107413,75.70802937321821,76.02559661865234,8339300
2001-07-10,76.40031443564637,76.62261049742482,75.07923377466196,75.11099243164062,8630700
2001-07-11,75.00938083398839,75.51113765276578,74.36789365483102,75.18721771240234,15328600
2001-07-12,75.8985829748733,77.14979888374475,75.77790585299464,76.97196197509766,12002800
2001-07-13,76.74962028678581,77.68962110696297,76.60989482245157,77.63880920410156,10433800
2001-07-16,77.3403093565281,77.66422923889594,76.40031321158504,76.66706848144531,6915300
2001-07-17,76.34311558871863,77.45460024489367,76.10811907693943,77.38473510742188,7469800
2001-07-18,76.57180683273465,77.25775319356075,76.25423961150308,76.85762023925781,7709300
2001-07-19,77.60067262305061,78.10878176335048,76.69878350242186,77.53080749511719,10082900
2001-07-20,76.94651224069784,77.44826885936205,76.80042923700996,77.06718444824219,6705800
2001-07-23,77.35936934055046,77.41017640817181,75.54923248291016,75.54923248291016,8065200
2001-07-24,75.58099172022895,75.70801665879334,74.15193935577084,74.81883239746094,12269000
2001-07-25,74.89503444568038,75.88584723489387,74.60287325324887,75.64449310302734,12088500
2001-07-26,75.61909920905363,76.75599035294051,75.3015320128514,76.43842315673828,12898200
2001-07-27,76.74330385346913,77.07357166590718,76.15898126839853,76.73059844970703,8478800
2001-07-30,76.9719296334282,77.07354860466067,76.40666047744371,76.7559814453125,8547700
2001-07-31,76.85123610967644,77.91826173048133,76.72421121140722,77.07353210449219,11918100
2001-08-01,77.46734073015769,77.93098611173394,77.20058545481048,77.55625915527344,11940800
2001-08-02,78.26761012496644,78.28031068019402,77.4165275539987,77.87382507324219,11070100
2001-08-03,77.71503558522863,77.71503558522863,76.78774006186956,77.44828033447266,10816300
2001-08-06,77.07359630360972,77.17522018342498,76.27967791390279,76.40670776367188,8550100
2001-08-07,76.38760251780293,76.97827762910302,76.15895862068739,76.70516967773438,8865100
2001-08-08,76.29235226225389,76.95289267505983,75.2189734857328,75.28248596191406,15183800
2001-08-09,75.39043637904972,75.56192534660137,74.85692591486672,75.5047607421875,14118500
2001-08-10,75.45395280251961,76.1144881755079,74.5266525091728,75.76516723632812,11173300
2001-08-13,75.96209288405173,76.1208765250492,75.46033599701666,75.78425598144531,7431600
2001-08-14,76.30506360887453,76.43844128142239,75.45398564718101,75.75249481201172,13178100
2001-08-15,75.72704525644347,75.96839448395932,74.99664003004668,75.09825897216797,8520600
2001-08-16,74.81884787357136,75.4222237250954,74.31073832283084,75.35871124267578,10734700
2001-08-17,74.72354593087533,74.86327624202575,73.6819261422683,74.15192413330078,11604600
2001-08-20,74.18370294112451,74.88234984101996,74.02491933452595,74.837890625,10417400
2001-08-21,74.8188322484077,75.28883033498863,73.54856348253111,73.56126403808594,14480800
2001-08-22,74.15197919617526,74.58387100330833,73.53589773717874,74.3234634399414,11752300
2001-08-23,74.28536583524328,74.64103977362058,73.98685170309348,74.05671691894531,8744100
2001-08-24,74.44413489726007,75.66359231393018,74.14562082380901,75.5937271118164,11687700
2001-08-27,75.56192163905766,75.70799980131123,75.11097690816537,75.14273071289062,7425100
2001-08-28,75.12367924194575,75.25705685460926,74.04395294189453,74.04395294189453,12046600
2001-08-29,74.3932918692383,74.42505052808743,73.14842900427003,73.38343048095703,16180000
2001-08-30,72.94518163239519,73.51045083564428,71.16045559825079,71.97342681884766,17692600
2001-08-31,72.02422911870943,72.89435999070336,71.85274014762402,72.50057983398438,15985400
2001-09-04,72.3100724854786,73.78358454825795,72.0052105942511,72.0369644165039,24473400
2001-09-05,72.21479034423828,72.52600973655257,71.10330497489439,72.21479034423828,21477100
2001-09-06,71.54791512140062,71.96075358897652,70.3538589477539,70.3538589477539,21653000
2001-09-07,69.87751389509705,70.65873166720795,68.99467709607906,69.05184173583984,33133900
2001-09-10,68.40395323541026,70.08705987966671,68.40395323541026,69.89652252197266,23408700
2001-09-17,64.14856917768589,67.57829562761115,63.51343482939197,66.24451446533203,32388700
2001-09-18,66.26354540047392,66.87962628611082,65.647464514837,66.08570861816406,22029200
2001-09-19,66.11753206849781,66.3715869590108,62.59888467598179,64.75199127197266,42771800
2001-09-20,63.7674933484388,64.66303031328928,62.59884355798323,62.694114685058594,36210900
2001-09-21,60.10516992164219,63.10787780208791,59.79916413951512,62.017723083496094,49782100
2001-09-24,63.57327151566495,64.4912986423206,63.15250746132294,64.19803619384766,25549600
2001-09-25,64.22991388494319,65.02681107954545,63.68802476538854,64.867431640625,25466200
2001-09-26,65.24992524656273,65.28180307204333,64.02589262453102,64.63790893554688,18587500
2001-09-27,64.54865540775783,65.21167427906774,63.75175842741515,65.19892120361328,20536800
2001-09-28,65.6515613592235,69.88467762592016,65.3455507861695,66.58233642578125,21687200
2001-10-01,66.23809006950115,66.50584633644111,65.55594632436893,66.47396850585938,20457400
2001-10-02,66.30182601078636,67.3091049194336,66.07869583833235,67.3091049194336,19833100
2001-10-03,66.68432694294243,68.77538348368607,66.52494757411903,68.4375,32045800
2001-10-04,69.03677725970294,69.47028939570866,68.05499963216434,68.49488830566406,32674100
2001-10-05,68.37376353189373,68.60964679810306,67.2708559287575,68.36101531982422,29796100
2001-10-08,67.74901603995534,68.40566347486653,67.49401280513052,67.9147720336914,12970300
2001-10-09,67.96574847695503,68.05500054757971,67.32185436984288,67.55136108398438,15976300
2001-10-10,67.44938084930187,69.20255468659222,67.27087179112318,69.05592346191406,19987400
2001-10-11,69.45752730971117,70.3181797964456,69.45752730971117,70.12692260742188,23006300
2001-10-12,69.58504395587764,70.05680559726845,68.40563742046406,69.80817413330078,31360500
2001-10-15,69.25352364483746,69.77628779553324,68.89013886769371,69.6806640625,16873000
2001-10-16,69.99944988785019,70.51583770147654,69.45755591705165,70.12057495117188,15877100
2001-10-17,70.80910150715079,70.86010409823275,68.62879180908203,68.62879180908203,28542300
2001-10-18,68.73713228517451,68.95389075060685,68.05498879809974,68.48212432861328,16510000
2001-10-19,68.21436985642168,68.79451309359764,67.58322891776523,68.4375,21912500
2001-10-22,68.40562784163866,69.85279038731414,68.34824873898002,69.7890396118164,17540600
2001-10-23,70.10144325555898,70.30544871786608,69.09416415747285,69.43205261230469,22062500
2001-10-24,69.47665327568731,69.77628238909625,68.9921386557462,69.24714660644531,16065200
2001-10-25,68.50125429287999,70.50943541596676,68.0486174458394,70.49031066894531,27467900
2001-10-26,70.09505698758169,71.26809188093365,69.9165528408239,70.33094024658203,18623300
2001-10-29,70.22893569202013,70.47756714758505,68.50125885009766,68.50125885009766,18727500
2001-10-30,68.43752151079715,68.66065172450818,67.29636428767637,67.67887878417969,26178600
2001-10-31,68.15061667499096,68.7626328459954,67.44934844970703,67.44934844970703,28124200
2001-11-01,67.95936408949284,69.49578358925544,67.38559737041402,69.1770248413086,29806800
2001-11-02,69.13239324906547,69.7316563395582,68.76900850019729,69.6487808227539,17575900
2001-11-05,70.20345457727251,70.82184269322987,70.09507286601257,70.56046295166016,15929500
2001-11-06,70.35004686705828,71.70796209501421,70.03128815459868,71.6569595336914,23245800
2001-11-07,71.25532978783488,72.1159823154429,71.17245426272065,71.56134033203125,19716000
2001-11-08,71.95660205344608,72.72799764561168,71.33820929956086,71.78446960449219,22563500
2001-11-09,71.56135075139248,72.01398766468526,71.04496305073948,71.8609848022461,15895800
2001-11-12,70.76446956264493,71.81637481270238,70.12695181883733,71.42111206054688,26068800
2001-11-13,72.32001905442749,73.02766418457031,72.15426306851685,73.02766418457031,15296200
2001-11-14,73.42288583978423,73.56951699796251,72.492110917411,73.0977554321289,17571300
2001-11-15,72.91288489759108,73.42927256340184,72.63237561548502,73.23164367675781,19470200
2001-11-16,73.36552282617711,73.3782710374214,72.29449311835434,72.90650939941406,18134900
2001-11-19,73.26353843820466,73.85643013844313,72.96390431840277,73.80542755126953,13625400
2001-11-20,73.55039650303415,73.8245292254852,73.08500658301352,73.18701171875,16209700
2001-11-21,72.99574920834327,73.10412600927087,72.36460828449597,72.7024917602539,11470200
2001-11-23,72.70249568454214,73.79265001689375,72.67699440108758,73.7480239868164,6717100
2001-11-26,73.79267154966342,74.16880464666097,73.35915933218172,73.90742492675781,13726000
2001-11-27,73.70981402743966,74.52583608016455,72.73440765167076,73.58868408203125,19261400
2001-11-28,73.14878960858432,73.42292245188693,72.19888946666936,72.25626373291016,20195500
2001-11-29,72.4602480148391,73.2635166363507,72.03948409168,73.23164367675781,16354700
2001-11-30,72.93203834148818,73.25717378604836,72.68977846112476,72.70890808105469,13680300
2001-12-03,72.45386422767453,72.72799694488326,72.04585342027632,72.27536010742188,15220400
2001-12-04,72.6260040416231,73.50578144513014,72.26261920309251,73.49940490722656,17239900
2001-12-05,73.70340927077775,75.22707592800633,73.67153144559795,74.84456634521484,25204000
2001-12-06,74.80631256103516,75.18882701065957,74.54493287525663,74.80631256103516,17972900
2001-12-07,74.52577942499683,74.64690441444985,73.76075568423886,74.30902099609375,18857800
2001-12-10,73.85639427162735,74.20065427205486,72.90011811395276,72.91924285888672,13862700
2001-12-11,73.25078230229985,73.77354660461357,72.61326462319171,72.77264404296875,20833300
2001-12-12,73.02763936411138,73.17426568099083,72.10961250969967,72.85550689697266,16171500
2001-12-13,72.32636508184909,72.48574447150841,71.42746785338448,71.44021606445312,19026700
2001-12-14,71.61232637053183,72.35184398051315,71.40194447394909,72.1223373413086,16721900
2001-12-17,72.03311188556084,72.90651274398951,71.97573763651994,72.8682632446289,13925900
2001-12-18,73.07863042229039,73.41014225126806,72.89374976072067,73.30176544189453,13663700
2001-12-19,72.73437820878388,73.90103654496697,72.67700396136821,73.81816101074219,20143400
2001-12-20,73.63328918066692,73.82454642278957,73.02764935373473,73.09140014648438,14867900
2001-12-21,73.58589175209305,73.61148075558097,73.05493091107614,73.53471374511719,14037700
2001-12-24,73.45793673026039,73.59227531089805,73.31719967989642,73.39396667480469,5728800
2001-12-26,73.3427804942913,74.34072691373157,73.3427804942913,73.7969741821289,10304800
2001-12-27,73.75861272269047,74.2575860649592,73.7266252497335,74.24478912353516,9407300
2001-12-28,74.39193753635607,74.6862037921774,74.15524288509361,74.2064208984375,10593800
2001-12-31,74.30235192759203,74.45588103221026,73.07410932944173,73.11888885498047,14619500
2002-01-02,73.63703883947994,74.0464529621704,72.8054136574267,73.90571594238281,18651900
2002-01-03,73.9825222181476,74.81414296133418,73.91215367087591,74.7437744140625,15743000
2002-01-04,74.95484141580262,75.47300998591813,74.55822422357262,75.24271392822266,20140700
2002-01-07,75.29390295920376,75.47941953828574,74.5646335824553,74.7117691040039,13106500
2002-01-08,74.71179470869446,74.88451440739027,74.18723226002035,74.53907012939453,12683700
2002-01-09,74.64142213163802,75.34510271302545,73.7842075145777,73.93134307861328,16610300
2002-01-10,74.0080817477269,74.43028798259215,73.75859513607882,74.257568359375,12823400
2002-01-11,74.34075043242095,74.38552996847008,73.37478629124293,73.5283203125,13708400
2002-01-14,73.34281713176104,73.4643588200986,72.90141528084955,73.06774139404297,12301100
2002-01-15,73.27882581102386,73.81618018628629,72.86301308886917,73.66265106201172,20219900
2002-01-16,73.11890030472613,73.18287036828399,72.08896617545462,72.17212677001953,17067000
2002-01-17,72.77343491633307,73.08049308425005,72.54313885009455,72.71585845947266,17283400
2002-01-18,72.28724410427841,72.83099673425237,72.07613859174471,72.3832015991211,17028000
2002-01-22,72.76708388212535,72.88223199030587,71.66038234902342,71.88428497314453,11689300
2002-01-23,72.05057995414631,72.63911722617,71.66035622316882,72.43441009521484,12438900
2002-01-24,72.69668336611566,73.08690706782315,72.49197625051524,72.6583023071289,12142800
2002-01-25,72.36404632638676,73.04213782721332,72.31286832012728,72.63912200927734,12810700
2002-01-28,72.86302949729809,73.04854613451701,72.23611103770983,72.83744049072266,10589200
2002-01-29,72.83101434285719,73.01013244021568,70.40011820918845,70.54724884033203,27720800
2002-01-30,70.61761118219803,72.5367418527111,69.34458920399283,71.56438446044922,34711800
2002-01-31,71.74348134236064,72.4791488581256,71.40443580498555,72.40238189697266,19909200
2002-02-01,72.34483131856499,72.47917476875925,71.75629904779828,72.06336212158203,15838500
2002-02-04,71.79468456149839,71.79468456149839,70.00989235206109,70.27217102050781,24243400
2002-02-05,69.98430133540147,70.68158315534163,69.42775166876348,69.83716583251953,33614000
2002-02-06,70.14424205348374,70.20181364327927,69.12710004167148,69.53651428222656,29486000
2002-02-07,69.54932462031145,70.2785941818217,69.08873229080947,69.10152435302734,23445400
2002-02-08,69.49174355522595,70.8479314492399,69.28064281863122,70.42572021484375,19277800
2002-02-11,70.40014751936089,71.41728494451932,70.25301194635723,71.28934478759766,18792400
2002-02-12,70.98220050399448,71.46198286536118,70.38727018067581,71.06536102294922,13942500
2002-02-13,71.31493023020975,71.99302181308558,71.23176473982421,71.82029724121094,16781100
2002-02-14,71.97382386283937,72.2680900832134,71.38528654148791,71.68595123291016,20453800
2002-02-15,71.74350576683527,71.80107734684955,70.82232144179139,70.93746948242188,18366800
2002-02-19,70.4641179266836,70.55367701306758,69.4789630958557,69.57492065429688,15988100
2002-02-20,69.7604402185099,70.74559020996094,68.97359406308883,70.74559020996094,29242800
2002-02-21,70.32338135257862,70.77117678785763,69.25506589941001,69.28065490722656,26288600
2002-02-22,69.31264351719445,70.32978592353867,69.00558515797685,70.13787078857422,26572900
2002-02-25,70.2018112379718,71.52601144452825,70.1762222387385,71.29571533203125,17458700
2002-02-26,71.39170124453912,71.67317546741761,70.7328001142595,71.14861297607422,22346500
2002-02-27,71.62196892148657,72.19770920232702,70.78394993974261,71.42366027832031,28597900
2002-02-28,71.53882412223814,72.12735659226698,71.02705378619346,71.10382080078125,23755400
2002-03-01,71.46844542609642,72.83102679738472,71.33410683010486,72.76065826416016,26273600
2002-03-04,72.86300750859596,74.19999975460627,72.70307992621562,74.04647064208984,27184600
2002-03-05,73.777824222287,74.46231436491513,73.54752801723411,73.80980682373047,22718900
2002-03-06,73.63067967173538,74.94208818634102,73.61148913708521,74.68620300292969,20143200
2002-03-07,75.07640401567453,75.16596307058703,73.93132195003328,74.52625274658203,19330800
2002-03-08,75.08919304675176,75.42184513495768,74.51345768284548,74.83970642089844,19930100
2002-03-11,74.7757818011362,75.42189096147331,74.48151547083545,74.99967956542969,15621800
2002-03-12,74.27039726564779,75.00606540781547,74.1680461108947,74.95488739013672,17153600
2002-03-13,74.60941375010214,74.68618074643013,73.97610189235421,74.23198699951172,17175300
2002-03-14,74.23197939770806,74.48146600947202,73.96969584756535,74.12962341308594,11168100
2002-03-15,74.39971113626397,75.02842027031771,74.35480334097441,74.8359603881836,21220100
2002-03-18,75.12467192885236,75.41978107282232,74.48312903467841,74.84880828857422,17548900
2002-03-19,75.25296226692188,75.53523773260409,74.945019610762,75.34918975830078,17912000
2002-03-20,74.73975726952412,74.79108188269275,73.89933753087205,73.93141174316406,17114500
2002-03-21,73.96990251762038,74.35482730050643,73.21288165695802,73.96348571777344,25846800
2002-03-22,74.09821741161254,74.38049790135246,73.58498104746445,73.80310821533203,15235400
2002-03-25,73.83516952653362,74.00838884936262,72.68681205031167,72.88568878173828,17499600
2002-03-26,72.82796290379471,73.79027745265059,72.79588868891713,73.30912017822266,19947600
2002-03-27,73.1551303000136,73.78384444575069,72.98191588437268,73.5015640258789,19020300
2002-03-28,73.75821026837936,74.27144180660592,73.45668423119625,73.46951293945312,17532900
2002-04-01,73.28344180658418,73.84158095276982,72.81511337312267,73.5015640258789,17711000
2002-04-02,73.12305915297348,73.74535163118254,72.98833084179294,73.09739685058594,15669500
2002-04-03,73.14229622143093,73.27060282398877,71.95544301672986,72.58415222167969,25658500
2002-04-04,72.23768499392679,72.75092095511859,72.0003173999048,72.2825927734375,23549000
2002-04-05,72.61621198941762,72.89848741882074,71.96825256144392,72.29544067382812,19404900
2002-04-08,71.41654049906111,72.51357804132115,71.35880399953405,72.44942474365234,16470100
2002-04-09,72.60982451696522,72.60982451696522,71.80789590412304,71.94261932373047,15122700
2002-04-10,71.9169456138434,72.8407687955745,71.91052881547498,72.75736999511719,17199300
2002-04-11,72.42378534392788,72.52643456831892,70.89049804032383,70.94823455810547,25453700
2002-04-12,71.22412514483818,71.6283005003785,70.59541553890965,71.48074340820312,14950600
2002-04-15,71.6090162522417,71.76298516914089,70.69802166534443,70.93539428710938,17394900
2002-04-16,71.6603057386226,72.6996065021783,71.64106024394998,72.62261962890625,15040900
2002-04-17,72.74452964589888,72.92416082687618,72.23771030266575,72.46866607666016,12920100
2002-04-18,72.43019102254003,72.78945346357554,71.30749099972036,72.15432739257812,25204800
2002-04-19,72.62265192387453,72.64831422637712,72.21206487300047,72.4173583984375,10499200
2002-04-22,72.09660077371282,72.12867988163379,71.10862396368002,71.21127319335938,13922900
2002-04-23,71.26897656946164,71.51918272679697,70.6787584570487,70.9032974243164,16967000
2002-04-24,70.92898598152398,71.73091465767031,70.18479871524397,70.19121551513672,18902700
2002-04-25,70.06291088839649,70.40292789742617,69.74855618688024,70.2297134399414,25451500
2002-04-26,70.43499038545914,70.57613059618686,68.83113325370513,68.8952865600586,19769800
2002-04-29,69.24169485022368,69.45340508853828,68.40768749027134,68.55524444580078,17724400
2002-04-30,68.65794720576346,69.69724889270879,68.41416256567867,69.19684600830078,19473500
2002-05-01,69.26737396890721,70.08854793503569,68.51677009936004,70.04364013671875,24575600
2002-05-02,69.99233796148818,70.51199110228708,69.14550142582027,69.77421569824219,15666800
2002-05-03,69.67155295383824,69.77420215986119,68.77339197947165,69.01718139648438,18185500
2002-05-06,69.05569089218824,69.28022997225784,67.560894467663,67.66354370117188,23630400
2002-05-07,68.06768256047218,68.20882274396982,67.29783324359016,67.42613983154297,21910000
2002-05-08,68.67714722196388,70.15910927606319,68.5103447513531,69.9345703125,27917400
2002-05-09,69.70363314778614,69.9923254787331,69.01718247913607,69.1262435913086,18085600
2002-05-10,69.26740062748584,69.31872524376763,67.74694190858511,67.82392883300781,18958900
2002-05-13,68.14468508697185,69.2545515217312,67.8688214544473,69.20323181152344,14677700
2002-05-14,70.32592884630344,70.80708598289522,69.92817051800418,70.71085357666016,34201200
2002-05-15,70.24894952501305,71.15352738884505,70.11422609957543,70.43499755859375,29535300
2002-05-16,70.37726136121832,70.87766898578553,70.13989359650483,70.8006820678711,28092000
2002-05-17,70.99313344392922,71.37164137236914,70.63386612308639,71.14710235595703,27823700
2002-05-20,70.98031022842557,71.012389333141,70.24253487122789,70.37725830078125,13833800
2002-05-21,70.64028023945043,70.87765284469101,69.49191800531348,69.73570251464844,16877200
2002-05-22,69.42774458759426,70.0051339367196,69.28660442507675,69.88965606689453,15844200
2002-05-23,70.09497929409213,70.80067551191678,69.59457661044527,70.63387298583984,13879800
2002-05-24,70.55689240573726,70.69802773650767,69.67797684440163,69.72930145263672,11877000
2002-05-28,69.9602914563081,70.01161119501826,68.93381836872187,69.35082244873047,24236900
2002-05-29,69.04283315897698,69.29944634569664,68.72847368445463,68.83753967285156,14773300
2002-05-30,68.35638826017521,68.97226876949578,67.93938445538788,68.64508056640625,18217900
2002-05-31,68.90171755708866,69.64590487438775,68.5488669575603,68.78623962402344,19826300
2002-06-03,68.70281703527044,69.03000523819544,66.80385090884114,66.95782470703125,26056300
2002-06-04,66.81671111799106,67.49032839867662,66.43178625837285,67.12464904785156,25856200
2002-06-05,67.32993620224312,67.79184794750392,66.94501137938735,67.75335693359375,19695900
2002-06-06,67.70841818999884,67.74690918632635,66.17513150490889,66.37400817871094,22998500
2002-06-07,65.2962299458895,66.6691312418853,65.25773894147689,66.29703521728516,24011600
2002-06-10,66.23287849655607,67.01556150981132,66.09173829487618,66.55364990234375,18759900
2002-06-11,66.80388292199942,67.06691794901941,65.2641833589228,65.41173553466797,19990700
2002-06-12,65.25131948679302,65.95701560827513,64.65468446976348,65.80946350097656,31266000
2002-06-13,65.52079581129847,66.07894007691151,65.01397616898939,65.1487045288086,21043900
2002-06-14,64.35316022256596,65.15508876644037,63.191969257302524,65.05244445800781,39267500
2002-06-17,65.38604244723409,66.93857488286653,65.34113464602433,66.79743957519531,17647200
2002-06-18,66.5536582676723,67.38124918597688,66.4830881579622,67.34275817871094,21628500
2002-06-19,66.39971048188201,66.9963457573577,65.59136480987954,65.77099609375,21540700
2002-06-20,65.6041484292687,66.11096767666584,64.77014108148472,64.93052673339844,25691000
2002-06-21,64.68142351427761,64.97756559885464,63.52904165002507,63.915313720703125,31190700
2002-06-24,63.48396662147686,64.823047505748,62.60841411343151,64.25007629394531,37169700
2002-06-25,64.57199036356478,64.95182323181656,62.79513267740772,62.808006286621094,33355000
2002-06-26,61.28867217897372,63.18785147814477,61.28223782947063,62.9110221862793,37913600
2002-06-27,63.41314045996893,64.0504894304287,62.17062898342178,64.0118637084961,31616400
2002-06-28,63.88956096530003,64.70073574393729,63.65779674283225,63.70930099487305,28184200
2002-07-01,63.850931423723154,64.2500819856582,62.37665545107053,62.4667854309082,20270200
2002-07-02,62.35734657030297,62.57623227483407,61.01182622237743,61.140586853027344,34213900
2002-07-03,60.915252815711476,61.700670442966775,60.33584234337961,61.488224029541016,30565800
2002-07-05,62.30582871778092,64.07624648111066,62.228577267969435,63.93461227416992,19013500
2002-07-08,63.72214096510078,64.18566421791265,62.807958235415775,63.13629150390625,19118600
2002-07-09,62.91741440136846,63.31012063125193,61.16630994933873,61.546142578125,28620400
2002-07-10,61.803659376200116,61.848724348026714,59.254259016337485,59.305763244628906,50522500
2002-07-11,59.07400706524561,60.09762795355833,58.14695047831016,59.788612365722656,59476500
2002-07-12,60.08475140688332,60.44527121226675,58.91949147297364,59.13194274902344,39018600
2002-07-15,58.99675315662351,59.48603358796712,56.582547287888765,59.44740295410156,77317200
2002-07-16,58.661996528063455,59.473166316885276,57.85726108634037,58.30147171020508,53282400
2002-07-17,59.52466357807499,60.065448285537684,57.779997934581424,58.4173469543457,48880600
2002-07-18,58.39160631423185,58.649122658334285,56.49243248594341,56.52462387084961,32656700
2002-07-19,55.85506906487943,56.36366236376861,54.27135058424812,54.535301208496094,77572600
2002-07-22,54.14258637376372,55.30784635004983,52.4365466697362,52.91938781738281,78134000
2002-07-23,53.144728366190144,53.58893897191782,51.34211908564447,51.47087478637695,74484100
2002-07-24,50.29919799232772,54.7992835244917,50.009495107504094,54.54176712036133,107022800
2002-07-25,54.25204105745797,55.26922780984751,52.53312737459055,54.07822036743164,87176600
2002-07-26,54.49667191469675,55.320720021833864,53.94945292902421,55.10826873779297,41206800
2002-07-29,56.33149469762584,58.15985171075913,56.20273896014646,57.79289245605469,53492900
2002-07-30,57.50316570854505,58.84224643373391,57.116893744817546,58.546104431152344,47532200
2002-07-31,58.25639467079229,58.93881352417207,57.45809865302191,58.68773651123047,44669900
2002-08-01,58.507495291912896,58.81007666337577,56.86583761500635,57.155540466308594,66571900
2002-08-02,56.97527099118572,57.239226581649675,55.12116224579182,55.874393463134766,51772900
2002-08-05,55.68126209102943,55.9645305829448,53.7885273735221,53.93015670776367,47191300
2002-08-06,54.87005072089922,56.588963418123924,54.792794396456436,55.74559783935547,64730000
2002-08-07,56.569670570652406,56.9752553660581,55.21771142920513,56.71773910522461,43289400
2002-08-08,56.92376374338697,58.649116688006366,56.52461811679014,58.552547454833984,48339800
2002-08-09,58.00535525120774,59.18992889819467,57.52251377312601,58.77146530151367,41879200
2002-08-12,57.934494396855335,58.7585424451664,57.65123095006953,58.340084075927734,25841700
2002-08-13,58.03747904686867,59.00960013238019,57.07179721551216,57.277809143066406,49690500
2002-08-14,57.31002991340875,59.63410597236674,56.66624164027279,59.370155334472656,57423600
2002-08-15,59.76930360084419,60.50966113049694,59.35727948049596,60.19420623779297,45551500
2002-08-16,59.75643402738086,60.56760871791702,59.22852778058771,60.01395034790039,36517300
2002-08-19,60.168457050940845,61.642732923851845,59.93669285797662,61.41740798950195,33669900
2002-08-20,61.04399525256807,61.417393577133936,60.271451398451276,60.76716613769531,30508300
2002-08-21,61.19852278143771,61.66205120811059,60.23927945562143,61.642738342285156,39628900
2002-08-22,61.475364243012415,62.54405554111566,61.20497424411277,62.24147415161133,38399800
2002-08-23,61.81012590216317,61.90025588558008,60.61267908052055,60.902381896972656,33716400
2002-08-26,61.101964604455546,61.57192742591209,60.19422052553761,61.32728958129883,33830100
2002-08-27,61.61053591327945,61.96462142898813,60.194203673874185,60.61910629272461,35335700
2002-08-28,60.05254727703422,60.18774217533462,59.09974373328488,59.292877197265625,38970600
2002-08-29,58.75854040712511,59.90448740325641,58.46239845701712,59.31863784790039,42965700
2002-08-30,59.02249427200836,60.123371353514315,58.842234386622145,59.08687210083008,30366700
2002-09-03,58.41091779048987,58.58473847976966,56.74994270752651,56.83363342285156,76586400
2002-09-04,57.04606370762352,58.10187579449782,56.691978289342885,57.6447868347168,51099500
2002-09-05,56.96884121770987,57.57400396063562,56.331491997815164,57.155540466308594,67250900
2002-09-06,57.77999760309855,58.30790379141593,57.516042053082494,57.94094467163086,38622200
2002-09-09,57.3615542174095,58.81007833861538,57.16842061494525,58.365867614746094,33998400
2002-09-10,58.674880421273045,59.08690464673705,58.301481932034974,59.035400390625,41416600
2002-09-11,59.53110926794805,60.084767639630634,58.649117463822236,58.66843032836914,27711200
2002-09-12,58.42376417877603,58.48170274430634,57.29069586184743,57.58683776855469,43601700
2002-09-13,57.09760562360709,57.87658914630784,56.81433710200076,57.728515625,41131000
2002-09-16,57.49671887667562,57.87011718750001,56.949499924171676,57.8701171875,28167600
2002-09-17,58.51391681896957,58.707055269116736,56.49242199741246,56.54392623901367,47609700
2002-09-18,56.01603237896485,56.975275759407765,55.54606466634807,55.97740173339844,54719400
2002-09-19,55.35935329186476,55.88082514305758,54.528865814208984,54.528865814208984,48510500
2002-09-20,54.91559368392151,55.09666174241664,54.35299006413085,54.54698944091797,46325600
2002-09-23,54.094308547635045,54.359442456689685,53.473501784531216,54.10077667236328,46893800
2002-09-24,53.31181966977537,54.09429481632631,52.93027934739711,53.22774887084961,69507000
2002-09-25,53.913251236185005,54.81859152866067,53.05317302459856,54.54698944091797,59294400
2002-09-26,54.98024141089515,55.594584895748504,54.611637293476285,55.43938446044922,53638000
2002-09-27,54.96729617392548,55.374699063541776,53.51227951049805,53.51227951049805,64648300
2002-09-30,53.02726517411371,53.544606320036415,52.3159247987681,52.89146423339844,73096400
2002-10-01,53.305363302053614,55.46525311837828,52.684556559629755,55.43292236328125,67198100
2002-10-02,54.76686395296174,55.31006815454469,53.4153117078588,53.7709846496582,56749100
2002-10-03,53.76448961117431,54.70863329875807,52.99494577706377,53.22774887084961,55547000
2002-10-04,53.54463806555158,53.62223582983453,51.46234587257415,52.25128936767578,68483700
2002-10-07,51.772740582660276,52.50994885726038,50.79626598526295,51.17133331298828,53188000
2002-10-08,51.611094975997304,52.58110681451615,50.569948541288255,51.973236083984375,79531000
2002-10-09,51.14547048869772,51.539942225446005,50.298328693582675,50.50526428222656,79956400
2002-10-10,50.401817625504684,52.42590725590599,49.83920897278003,52.1413688659668,76749000
2002-10-11,53.09196546785124,54.79272224024722,52.910897431337744,54.42411804199219,82308300
2002-10-14,53.80328318277734,54.870296435243006,53.69981789224815,54.72802734375,40631900
2002-10-15,56.25417333565261,57.3729215952469,56.163639364787336,57.3599853515625,82320300
2002-10-16,56.52578658573811,56.77798909511052,55.56223860507742,55.96964645385742,62977800
2002-10-17,57.46994055256244,57.7480106686004,56.81033007557341,57.081932067871094,68534100
2002-10-18,56.68100278504248,57.62514666105508,56.215396504546774,57.32120895385742,47448700
2002-10-21,56.98492884041653,58.5240115673706,56.62925607839262,58.31060791015625,45859100
2002-10-22,57.58635648723263,58.207163310492675,57.24361491569465,57.890289306640625,40966800
2002-10-23,57.405276442052106,58.375287908981726,56.70040381094198,58.330020904541016,54905800
2002-10-24,58.68569952420762,58.78270166719277,56.97201144391647,57.1401481628418,54987400
2002-10-25,57.043140406526426,58.45289060248014,56.86854051332181,58.330020904541016,43672100
2002-10-28,58.944361494749714,59.034895499075965,57.45700868013293,57.948482513427734,39416100
2002-10-29,57.60575671079877,57.87089064914059,56.26067277529327,57.27595138549805,59508200
2002-10-30,57.34707513288167,58.17481741878297,57.05607368146528,57.83208084106445,41688600
2002-10-31,57.98085844283203,58.394729873782985,57.030245803894594,57.24364471435547,41620600
2002-11-01,57.13366891358783,58.73095509804822,56.9396695991236,58.375282287597656,51878900
2002-11-04,59.36469100302943,60.101899164906776,58.782683261091414,58.93141555786133,49080600
2002-11-05,58.74387994625694,59.53929135583514,58.74387994625694,59.39702224731445,37270800
2002-11-06,59.80444415452143,60.185979640680195,58.711562959026665,60.16658020019531,65013100
2002-11-07,59.506971503291396,59.63630933350368,58.34296063378331,58.69216537475586,51572000
2002-11-08,58.54342156374961,59.215963404524786,57.89027916190579,57.97434997558594,37905400
2002-11-11,57.88379729817156,57.9161280413829,56.7779852322191,57.07545471191406,33505100
2002-11-12,57.334164516841625,58.15543897501678,57.14662831659234,57.52816390991211,37724500
2002-11-13,57.11423345077269,58.032509121074405,56.55162543285156,57.586307525634766,63891500
2002-11-14,58.24596397460152,58.847371373903975,58.039028360526174,58.67277145385742,31896800
2002-11-15,58.20066576065521,59.20301253335912,58.16833008396222,59.10601043701172,39152100
2002-11-18,59.591026386861756,59.591026386861756,58.42701089497261,58.51108169555664,28934800
2002-11-19,58.2136075223051,58.912016820915426,58.045475787764886,58.43347930908203,32806600
2002-11-20,58.1877519860133,59.76563382277317,58.16834761391076,59.73330307006836,36688400
2002-11-21,59.8820339980303,60.9102486113662,59.77210056066388,60.845577239990234,55128200
2002-11-22,60.451138269542476,60.96200681529636,60.31533227423197,60.41233444213867,32513800
2002-11-25,60.41879802990933,60.95553904276545,59.991990496678724,60.451133728027344,33846400
2002-11-26,60.185986913216624,60.431721411940856,59.24831099576455,59.30004119873047,42284700
2002-11-27,59.83027809530987,61.20769691401873,59.77207980176336,60.96842575073242,37764000
2002-11-29,61.30470954030462,61.4017067128867,60.638631041604526,60.774436950683594,19385700
2002-12-02,61.7379984910959,62.11307078304767,60.28298126234528,60.87145233154297,49911900
2002-12-03,60.30235591744678,60.39935801290748,59.72034827841413,60.05662155151367,34407700
2002-12-04,59.34527654634037,60.23122178813198,59.12540973327575,59.78501510620117,64040800
2002-12-05,59.96610961880228,60.01137662215776,58.91202735908662,59.125431060791016,36724900
2002-12-06,58.278286274056285,59.603965551063666,58.18775227206488,59.513431549072266,49824100
2002-12-09,58.89263607045654,59.144838686018545,57.86442616604745,57.877357482910156,36789600
2002-12-10,58.21360836916239,58.912017677932766,58.045476632176296,58.65334701538086,33319900
2002-12-11,58.47227503797731,59.24828697263033,58.30414331247485,58.705078125,39201000
2002-12-12,58.976720631140985,59.164256854278555,58.33004604117788,58.69865036010742,34465600
2002-12-13,58.14246606067473,58.5110700709188,57.728590130659825,57.77385711669922,36862200
2002-12-16,58.084266357291966,59.35821509940162,57.980801068805064,59.26768112182617,37098400
2002-12-17,59.08663197707546,59.325898308096676,58.679224014554684,58.75035858154297,32353900
2002-12-18,58.40763388670616,58.45936902481839,57.76742758720386,58.07136535644531,35612600
2002-12-19,57.7803392619019,58.65334845238733,57.295333607884146,57.657474517822266,39264200
2002-12-20,57.96679138789194,58.4996697833429,57.90180718512511,58.48017501831055,31176900
2002-12-23,58.220265763480015,58.79213896634602,58.03830791092433,58.49970245361328,22599300
2002-12-24,58.22021397264156,58.39567671579109,57.99926676479426,58.06425094604492,10937000
2002-12-26,58.291715877547205,58.8830835110357,57.73284282360434,58.09026336669922,17485600
2002-12-27,57.810844234346476,58.02529662472967,56.78407669067383,56.78407669067383,22205700
2002-12-30,57.050508553651355,57.4924081187766,56.680093106265296,57.258460998535156,29968000
2002-12-31,57.18047680305254,57.46641327316213,56.60860882081072,57.33644485473633,34036600
2003-01-02,57.73935728894479,59.33149788654896,57.53790472730452,59.182029724121094,44516300
2003-01-03,59.07805542303918,59.383481738266305,58.811613688378436,59.36398696899414,32222600
2003-01-06,59.29252765841217,60.75469546151338,59.247038191746,60.410274505615234,40984500
2003-01-07,60.37126163195957,60.676692915020475,59.916362183025726,60.26078796386719,38640400
2003-01-08,59.91635890662385,60.04633229548824,59.1690329920594,59.38998031616211,38702200
2003-01-09,59.669377149029,60.55317577254992,59.40294055583604,60.31272888183594,34804900
2003-01-10,59.753883679187645,60.852135040285305,59.65640985492901,60.4752197265625,37768900
2003-01-13,60.787160180275144,60.99511263394772,60.07232393064926,60.45573425292969,31649900
2003-01-14,60.234798443402866,60.97562951096578,60.052840631437036,60.65070343017578,30733000
2003-01-15,60.7871797361932,60.806674510312696,59.727922359207525,60.046348571777344,33511800
2003-01-16,60.11133158309942,60.39076824175083,59.428984754910445,59.799400329589844,44812100
2003-01-17,59.13003195565259,59.98134144511749,58.58415865673826,58.915584564208984,35618300
2003-01-21,59.05206801724901,59.08455765071124,57.8043480924101,57.999305725097656,36826200
2003-01-22,57.687349715040035,58.35670132204559,57.18696594453498,57.29743957519531,42286500
2003-01-23,57.67436732615219,58.0837723177927,57.15448372199307,57.648372650146484,55919800
2003-01-24,57.57040043022179,57.62888970272556,55.99775939414809,56.13422775268555,68633900
2003-01-27,55.71184995735478,56.407191846054715,54.91252930198022,55.36742401123047,57884400
2003-01-28,55.64684390278195,56.147232889450976,55.32191779226196,55.776817321777344,46929100
2003-01-29,55.51037206725861,56.654113293149216,55.08796715834652,56.19921875,53712200
2003-01-30,56.40069079852775,56.45917513511981,54.84754394794262,54.86703872680664,49845900
2003-01-31,54.68508818220945,56.02378272890166,54.68508818220945,55.92630386352539,55317000
2003-02-03,55.97825009204385,56.413649735974424,55.83528186078851,56.036739349365234,39696000
2003-02-04,55.43890460548924,55.7248412374596,54.78255727552844,55.48439407348633,43633400
2003-02-05,55.72480226065663,56.23818587352542,54.89949250197939,55.13993453979492,55270600
2003-02-06,54.82805478545221,55.16597588899812,54.36016021286488,54.88003921508789,53638000
2003-02-07,55.17893054224591,55.23091492932417,53.91821619353234,54.21064758300781,43165000
2003-02-10,54.2366536245627,54.67205332521928,53.71027502997721,54.59407424926758,45455900
2003-02-11,54.82802952878179,55.15945056671047,53.827256589085465,54.217166900634766,46861000
2003-02-12,54.041713862143276,54.34064529318223,53.34636721592644,53.352867126464844,35873600
2003-02-13,53.38535138648512,53.7167773480774,52.63802047457151,53.51531982421875,57934100
2003-02-14,53.52830764135442,54.7175329581209,53.17088708075601,54.68504333496094,59580900
2003-02-18,54.932006517150114,55.757321600305175,54.84102760438987,55.64684295654297,39492700
2003-02-19,55.44540627652703,55.542885127607704,54.76955918914276,55.354427337646484,31432000
2003-02-20,55.373877445288194,55.51034574351788,54.62005185154661,54.80200958251953,29280100
2003-02-21,54.83454343720311,55.71834309316866,54.23668042227944,55.354427337646484,60955800
2003-02-24,55.19194221419446,55.2374316654822,54.321137772142826,54.457611083984375,30628600
2003-02-25,53.90523493628546,54.906007862237395,53.430845633775526,54.89301300048828,56770600
2003-02-26,54.600595926739736,54.932022035697955,53.98973804820495,54.093711853027344,37787200
2003-02-27,54.392627699333715,55.074974499331134,54.04171187085496,54.80853271484375,51126000
2003-02-28,54.89299540695981,55.38688428076693,54.691542887554796,55.17243194580078,43666800
2003-03-03,55.40639553970262,55.74431647523134,54.40562263659061,54.64606475830078,42923100
2003-03-04,54.555069846982484,54.59406433585543,53.71026527704889,53.77524948120117,31440500
2003-03-05,53.68430899290477,54.28867194385112,53.52184588735984,54.23018264770508,43974700
2003-03-06,53.85323350097009,54.2756333069484,53.593291726383995,53.77524948120117,41217700
2003-03-07,53.034414240381494,54.58105998581393,52.9174406994344,54.145660400390625,63538000
2003-03-10,53.67776838621777,53.846731276124764,52.70299049194755,52.8459587097168,41014100
2003-03-11,52.94997348031908,53.2878945324281,52.3001211079724,52.32611083984375,48102700
2003-03-12,52.235106173981634,52.7030004448691,51.58525412174409,52.677005767822266,62459800
2003-03-13,53.404823138323394,54.52906897627243,52.98241846078268,54.49657440185547,72117800
2003-03-14,54.717547556410565,55.08796307350204,54.16517423555182,54.67205810546875,63951800
2003-03-17,54.23665991139948,56.50464252948213,54.08069678343975,56.394168853759766,88217500
2003-03-18,56.63459562156446,56.764564021919334,56.06922266826976,56.7255744934082,50792300
2003-03-19,56.71910338603735,57.29097653712061,56.329193029012785,57.16100311279297,49630800
2003-03-20,56.75157968738178,57.57038968579099,56.11472250841924,57.28445816040039,67321600
2003-03-21,57.93952409345899,58.644190173610056,57.371871578091564,58.507171630859375,71165300
2003-03-24,57.43060860919876,57.5089070758407,56.34098108276631,56.56282424926758,65398900
2003-03-25,56.59545389196101,57.587214715528866,56.39971516112975,57.1043815612793,61040100
2003-03-26,57.130475188125445,57.319692759745195,56.6345998052276,56.817291259765625,45740800
2003-03-27,56.373599036375595,57.19571540163466,56.10608304513714,56.862953186035156,53120200
2003-03-28,56.4192595406487,56.94776031363875,56.27571489169665,56.57585144042969,32583000
2003-03-31,55.68853987456189,56.49760456952892,55.06869284610602,55.290531158447266,61119500
2003-04-01,55.62325259467246,56.36707047160134,55.401414445889415,56.13870620727539,53574000
2003-04-02,57.11738802764303,57.91992563910575,57.09128855551896,57.49582290649414,50431200
2003-04-03,57.98524429286169,58.06353782238828,57.18922688953398,57.22184753417969,48755500
2003-04-04,57.69812239863284,57.80251537213752,57.16962145871369,57.56110382080078,36250100
2003-04-07,58.94433311936215,59.27709531803568,57.39797727099281,57.45017623901367,69776200
2003-04-08,57.61334115102961,57.84170559944371,57.22837967115587,57.541568756103516,39712700
2003-04-09,57.65245351818038,58.135281632144064,56.615019960185464,56.784664154052734,55647300
2003-04-10,56.823827639769355,57.17616338715178,55.923417381772126,57.097869873046875,41812400
2003-04-11,57.5219515014077,57.874282108550894,56.673735650810656,56.862953186035156,47730100
2003-04-14,57.07175824364782,58.070040160036314,56.76509543733887,58.03741455078125,36711700
2003-04-15,57.965649982451176,58.578975677490234,57.69161274857107,58.578975677490234,49709800
2003-04-16,58.66377171578292,58.76163855310604,57.437120923015264,57.580665588378906,51788000
2003-04-17,57.613313189394525,58.53982277499283,57.541540829301915,58.4354248046875,37403100
2003-04-21,58.63115538217232,58.82689904368206,58.1091756034584,58.494136810302734,32052700
2003-04-22,58.1352879123987,59.74036936570078,57.99826931030856,59.596824645996094,59763600
2003-04-23,59.77954489413442,60.255847132278326,59.53160210575759,60.144927978515625,44227100
2003-04-24,59.72080911811328,60.07967099625675,59.348899979841995,59.60988998413086,49692400
2003-04-25,59.570734407116724,59.681653524679035,58.73556552143403,58.872589111328125,43917200
2003-04-28,59.00961643029827,60.151443342785655,58.9182706755369,59.89045333862305,46432900
2003-04-29,60.11879364720692,60.549427728296486,59.63596556856541,60.099220275878906,52017100
2003-04-30,59.96875762939453,60.39938694660949,59.642521337152296,59.96875762939453,48709100
2003-05-01,59.975251234884404,60.50375717068597,59.04874178501429,59.96220397949219,50240400
2003-05-02,59.740390032935416,60.98661509607752,59.69471714977147,60.81697082519531,50201500
2003-05-05,60.9865904603552,61.18885529295135,60.35369149362273,60.699501037597656,35437800
2003-05-06,60.70606668963472,61.580377805836335,60.67996718166229,61.273719787597656,44401000
2003-05-07,60.95396057939832,61.42374142808223,60.66035003795515,60.93438720703125,41413100
2003-05-08,60.3667330410589,60.895238971877326,60.21014108798639,60.32106018066406,40570700
2003-05-09,60.56901241650724,61.20191142352999,60.42546769599043,61.1562385559082,33608100
2003-05-12,61.006164205996555,62.063171196073014,60.86261949374271,61.90657424926758,35662300
2003-05-13,61.678220499709916,62.10232859191363,61.502055126809495,61.7956657409668,39253600
2003-05-14,62.043595138024614,62.14146698890414,61.27368252196077,61.665164947509766,32195100
2003-05-15,61.91310353479514,62.20019297399393,61.49552161121646,62.05664825439453,43879200
2003-05-16,61.913064033594,62.27844673911495,61.502008489882925,61.90001678466797,38905000
2003-05-19,61.43029658171984,61.606461994261856,60.24279664311431,60.45158767700195,41606000
2003-05-20,60.56247371996167,60.69949229436811,59.759930666474574,60.32758331298828,55404600
2003-05-21,60.09925187394701,60.60165358806165,59.968759344506324,60.45158767700195,49333800
2003-05-22,60.647280533357545,61.36500383554835,60.47111525425344,61.051815032958984,38421800
2003-05-23,61.02571809777405,61.31933354582264,60.77125436291236,61.17578887939453,26155900
2003-05-27,60.87568135317219,62.532956989487445,60.72561049991528,62.245872497558594,43719200
2003-05-28,62.53948809573526,62.9440228375867,62.265450840595626,62.42204284667969,37727100
2003-05-29,62.55905548595928,63.172381169870626,62.03708052298697,62.25891876220703,50844200
2003-05-30,62.572112834888024,63.34855171356766,62.35026959957238,63.257205963134766,52529500
2003-06-02,63.63561842314185,64.23589170481671,63.07449188393371,63.51817321777344,50305500
2003-06-03,63.38766583539408,63.83786820168333,63.19192221320426,63.77914810180664,38254500
2003-06-04,63.72047177567355,64.82314700280554,63.66174665748766,64.69918060302734,49360700
2003-06-05,64.32071476397122,65.01885986328125,64.118444984081,65.01885986328125,46262400
2003-06-06,65.5082223482594,66.16069467248913,64.67957970882512,64.764404296875,60356800
2003-06-09,64.4447141522986,64.66003129712861,63.79224157618636,64.10543060302734,37808500
2003-06-10,64.24241226996173,64.76439202159834,64.0662469661159,64.75786590576172,29965900
2003-06-11,64.6991598335004,65.50169802663866,64.40554429276752,65.44297790527344,37610200
2003-06-12,65.73659415064085,65.83446600601235,64.99930213238501,65.64524841308594,36442000
2003-06-13,65.64525740523433,65.73660315530185,64.56215068590498,64.96015930175781,48628300
2003-06-16,65.22115411439114,66.35645493342899,65.11676109715464,66.33036041259766,36326300
2003-06-17,66.59787156386714,66.66964394107929,66.04979702294212,66.33036041259766,36801800
2003-06-18,66.08894544465326,66.64354611872253,65.89972780705871,66.27163696289062,35521000
2003-06-19,66.3172992109638,66.37602431982317,65.14284681347364,65.26029205322266,43551700
2003-06-20,65.73828121428166,65.81031280209915,65.10309630131758,65.11619567871094,41545000
2003-06-23,65.1227535239391,65.26027203459992,64.12086577679383,64.44828033447266,34237500
2003-06-24,64.31731768710097,64.8870158304826,64.18634886406227,64.51376342773438,36213600
2003-06-25,64.5203538325576,65.11625111252953,63.86552429199219,63.86552429199219,47743400
2003-06-26,64.02921480161622,64.81501304076176,63.492254919711655,64.6971435546875,33477300
2003-06-27,64.6643685648958,64.95249494505323,63.89821977687622,63.95060729980469,54208800
2003-06-30,64.31734406796066,64.6120152977501,63.82622202101039,63.930992126464844,33349000
2003-07-01,63.6821516031098,64.72987751975478,63.1451917585823,64.52033233642578,51322800
2003-07-02,64.67747672000606,65.34540528969919,64.54651288074673,65.33230590820312,34662100
2003-07-03,64.87393175946765,65.38469776064305,64.10778275770456,64.6578369140625,30792800
2003-07-07,65.25369401643708,66.07223005528866,65.25369401643708,65.9412612915039,31391100
2003-07-08,65.81035233772866,66.32766814467377,65.59425744445697,66.23599243164062,30952500
2003-07-09,66.08534853110642,66.39966868285627,65.50255105860818,65.86270904541016,36528500
2003-07-10,65.37813180398882,65.50910061526443,64.58578923058133,65.02452850341797,49777700
2003-07-11,65.08349457321187,65.77761214817927,65.08349457321187,65.64009857177734,39976300
2003-07-14,66.26868765069199,66.72707091263207,65.77756593886586,65.96092224121094,42114900
2003-07-15,66.38658513104748,66.4389726681538,65.45017913806177,65.81688690185547,42573600
2003-07-16,66.0133242706706,66.05261741647482,64.97869802222388,65.43052673339844,39894200
2003-07-17,64.92632669362779,65.40434928930857,64.2780470795088,64.50068664550781,52253500
2003-07-18,64.84120124348077,65.35197234256974,64.47449839937218,65.16207122802734,35698100
2003-07-21,65.1227621263246,65.14895589391294,64.07503640254305,64.35661315917969,34786000
2003-07-22,64.62510733086702,65.09658524165054,64.1208859556314,64.93942260742188,49968300
2003-07-23,64.9656083025227,65.1227659212605,64.35661690946934,64.9852523803711,37275400
2003-07-24,65.47637689439425,65.70556613825481,64.41555668111089,64.49413299560547,40896200
2003-07-25,64.60544055996165,65.67281018047423,64.1994447247243,65.6335220336914,43241100
2003-07-28,65.72523793846354,66.12468432842918,65.26685429629757,65.39127349853516,34382800
2003-07-29,65.57462983450857,65.65321117796975,64.61857930418559,65.09005737304688,53472100
2003-07-30,65.22100574846874,65.31923115541159,64.782271259536,64.9328842163086,28363300
2003-07-31,65.46983270268571,66.07882412445967,64.93941759601104,65.08348083496094,54937200
2003-08-01,64.95249372244409,65.17513319677559,64.33040314026377,64.50720977783203,49321000
2003-08-04,64.37624097297608,64.82807460681822,63.5184165339532,64.50720977783203,55214100
2003-08-05,64.44173582429974,64.67092501613902,63.08623475552952,63.13862228393555,61415600
2003-08-06,63.31542809112645,64.21254077224407,63.13862143412324,63.50532913208008,50096900
2003-08-07,63.62975409826292,64.21910139535939,63.36127671599982,64.17326354980469,43427400
2003-08-08,64.38280692676803,64.53341984141333,64.01610417243207,64.35661315917969,27357300
2003-08-11,64.34350926062234,64.85427516320578,64.06847723958161,64.59889221191406,34631400
2003-08-12,64.63818856470748,65.21443645175464,64.44828750062426,65.18824768066406,43285600
2003-08-13,65.36506756226503,65.3847116440274,64.52033707482143,64.85430145263672,36152000
2003-08-14,64.89356101624253,65.31920091866179,64.46792111382327,65.03107452392578,35525100
2003-08-15,65.06385092481544,65.34542777245755,64.90669326444251,65.2341079711914,12567000
2003-08-18,65.43708314710157,65.8758175187196,65.31266399851273,65.7972412109375,22873800
2003-08-19,65.93479223060135,66.09849962615179,65.4829582201771,66.04611206054688,37437700
2003-08-20,65.67282543893981,66.06572198590239,65.58769943581562,65.77759552001953,21295300
2003-08-21,66.17047791377266,66.47824337259577,65.7448380294269,65.98712158203125,46494200
2003-08-22,66.62886989905141,66.6747077423872,65.30611713711144,65.33230590820312,52040300
2003-08-25,65.29301716385108,66.02642764652681,65.01144041564031,65.43708038330078,23473000
2003-08-26,65.15553863098286,65.73833651654859,64.71680404224513,65.55498504638672,45065800
2003-08-27,65.51569847586214,65.71869403765713,65.20137809364292,65.57463073730469,18919500
2003-08-28,65.74484430925371,66.13774078004424,65.26027216181039,65.98058319091797,27402400
2003-08-29,65.88238609188423,66.45208946633605,65.79726006873932,66.42589569091797,28706600
2003-09-02,66.5568476630144,67.36883457187872,66.17050078561839,67.31645202636719,49419100
2003-09-03,67.46707160504815,67.90580609961332,67.30336425669232,67.68316650390625,44912400
2003-09-04,67.5129037438273,67.80757994347724,67.29026416697972,67.71590423583984,28381000
2003-09-05,67.40812933953255,67.80757560983137,67.05452092012288,67.33609771728516,31637300
2003-09-08,67.47361743657532,68.02367169751638,67.40158580774474,67.89270782470703,32632800
2003-09-09,67.68972216715959,67.74865441970884,67.23788824713974,67.44743347167969,35053200
2003-09-10,67.13965574619463,67.31646247709152,66.49792574948074,66.76640319824219,45904900
2003-09-11,66.85807738123533,67.29026716157497,66.68782034692413,66.96285247802734,38396300
2003-09-12,66.73363879398492,67.2116612594169,66.36693108527092,67.08724212646484,42524800
2003-09-15,67.13310882819594,67.20514046287899,66.75985626481655,66.85153198242188,21312800
2003-09-16,66.9431910552659,67.86649762580016,66.90389790617168,67.82720947265625,37892600
2003-09-17,67.76172256842885,67.9647180060098,67.48014583438916,67.69623565673828,31885800
2003-09-18,67.70936958217486,68.56064491301613,67.55875660277505,68.49516296386719,30243600
2003-09-19,68.54115622276076,68.75808062847973,67.9692709905754,68.1467514038086,34331600
2003-09-22,67.60773764301432,67.68004578609214,67.06871649515327,67.41053771972656,36677400
2003-09-23,67.43680372622605,67.89694675180984,67.28561767213128,67.66687774658203,32489200
2003-09-24,67.78523528785708,67.85096860744768,66.43767966816104,66.46397399902344,41694700
2003-09-25,66.66115096286552,66.97009793663935,65.86576158009875,65.91835021972656,52673100
2003-09-26,66.02350995702432,66.168126170013,65.63567511172491,65.70140838623047,42914700
2003-09-29,65.9315025612293,66.38506580481075,65.59625623891603,66.34562683105469,36771600
2003-09-30,66.04980426985202,66.23385944451857,65.2412704495641,65.70140838623047,70764500
2003-10-01,65.89206397477085,67.16731105881487,65.86576965173465,67.10157775878906,65797600
2003-10-02,67.0029562667596,67.41708045289285,66.80575140757544,67.34477233886719,44591500
2003-10-03,68.14675514808522,68.54773482367148,67.75892514242652,67.96269989013672,48806900
2003-10-06,68.02185605695936,68.35709737710287,67.83779580368187,68.27164459228516,20226500
2003-10-07,67.87726370004917,68.56747108619246,67.64719457133475,68.53460693359375,42602900
2003-10-08,68.5805641231004,68.62000307970112,67.97581005129793,68.36363983154297,30920800
2003-10-09,68.94209593567422,69.16559504651462,68.25188915615192,68.54769134521484,40066500
2003-10-10,68.54116785223357,68.75809229475841,68.30452893281492,68.73837280273438,22682800
2003-10-13,68.83042541731379,69.21168578521915,68.69895874603087,68.955322265625,23825600
2003-10-14,68.88955456201502,69.30367888357465,68.60032201132792,69.19850158691406,38484400
2003-10-15,69.58632498555579,69.60604447160611,68.78436578531826,69.01443481445312,39021700
2003-10-16,68.81066475189603,69.5008769010395,68.79094526451405,69.29052734375,32772200
2003-10-17,69.32999164436697,69.43516395386605,68.3505516306222,68.53460693359375,32790300
2003-10-20,68.65948248105185,69.04731750488281,68.32424112221403,69.04731750488281,27657000
2003-10-21,68.9026989010529,69.20507610487333,68.57402737318772,68.92899322509766,26729100
2003-10-22,68.38340655116889,68.48858386159945,67.831240716799,68.06130981445312,33914500
2003-10-23,67.63406974684688,68.33085222555908,67.60120056704122,67.93644714355469,45830500
2003-10-24,67.5945933742727,68.08760070800781,67.16731934867629,68.08760070800781,51723600
2003-10-27,68.19278392412001,68.48201654442818,67.8838318097237,68.12047576904297,32460200
2003-10-28,68.35053544714576,69.11962564466266,68.24535814741883,69.04731750488281,34956200
2003-10-29,68.86980740085353,69.30365608415725,68.27820285471628,69.13932037353516,30955400
2003-10-30,69.54029885033367,69.65862076078596,68.88953085040995,69.283935546875,39123100
2003-10-31,69.2839568722327,69.50745109680675,69.16563492536132,69.21822357177734,25761600
2003-11-03,69.5140301429833,70.07934558838248,69.48773581818222,69.67179107666016,37589300
2003-11-04,69.67177780573643,69.85583302915593,69.40226980433748,69.52059173583984,31421600
2003-11-05,69.34312731224618,69.65865423009801,68.95529726199874,69.57319641113281,33558800
2003-11-06,69.41543815215903,69.967609026034,69.08676656525002,69.94131469726562,28392300
2003-11-07,70.09907498928582,70.15166364632334,69.3957180005828,69.42201232910156,31723200
2003-11-10,69.50743076048774,69.573164041711,69.02757329394282,69.13932037353516,25530800
2003-11-11,69.08017728438557,69.23794322400643,68.88955221715344,69.11962127685547,26558600
2003-11-12,69.17221777044954,69.98732182377375,69.12620395328922,69.89529418945312,28000000
2003-11-13,69.68492426744243,70.03331521219194,69.53373318937247,69.91499328613281,29714800
2003-11-14,69.94127573118764,70.3028112662886,69.21162481354642,69.32337188720703,49158500
2003-11-17,68.96187670511733,69.11306283085933,68.3899863224219,68.97502136230469,44382100
2003-11-18,69.17876494378498,69.31680635007567,68.16645628252496,68.25848388671875,41155000
2003-11-19,68.38337640527361,69.02757460984918,68.31106829001122,68.83694458007812,29827000
2003-11-20,68.36363320917127,69.17873666242988,68.19929755241846,68.2190170288086,53578700
2003-11-21,68.52143610226591,68.58059958288436,68.11388663299596,68.50171661376953,30016000
2003-11-24,68.81724687886528,69.53374841036214,68.81067204399818,69.40885162353516,28906400
2003-11-25,69.50088548814759,69.95444879935974,69.31682521454,69.67179107666016,37580000
2003-11-26,69.95444159488278,69.9741610826703,69.27737910015564,69.92157745361328,33053600
2003-11-28,69.86243498774715,70.11222861519765,69.80984632774383,69.97418212890625,10507500
2003-12-01,70.23710288798667,70.78269881533826,70.20423874503294,70.73011016845703,38699000
2003-12-02,70.58552987015176,70.84189338543854,70.38175502854739,70.55266571044922,35352000
2003-12-03,70.7630148159607,71.04567266579554,70.3817544575543,70.44091796875,39078600
2003-12-04,70.44745246038218,70.80899313877887,70.29626636951039,70.73011016845703,36089500
2003-12-05,70.41456881534387,70.86156215977583,70.08589738605944,70.2370834350586,28824400
2003-12-08,70.16480741655502,70.7564172629267,70.12536843184034,70.71040344238281,32482900
2003-12-09,70.92733068272233,70.9470501758565,70.03334354968254,70.16481018066406,43596100
2003-12-10,70.18451532189964,70.32256177587104,69.65206905563373,70.1582260131836,36915400
2003-12-11,70.12536545830915,71.05879150126529,70.11879062275874,70.9470443725586,45304000
2003-12-12,70.97331303133679,71.1244990884077,70.5920529493808,71.0850601196289,34142200
2003-12-15,71.7621385416365,71.80158253436213,70.65123221326459,70.73011016845703,38693400
2003-12-16,70.78270157612515,71.32172268985806,70.67752427826039,71.09822845458984,32894200
2003-12-17,71.03250657583797,71.32173919677734,70.86160094994722,71.32173919677734,23198800
2003-12-18,71.3545748552255,72.1302396892901,71.24939758241003,72.12366485595703,29353100
2003-12-19,72.18710091973563,72.2333321630434,71.71157668066843,71.92292022705078,41465100
2003-12-22,71.85025036609274,72.42484283447266,71.84364446494091,72.42484283447266,27611300
2003-12-23,72.30597992573634,72.6163868140846,72.23993097532046,72.4710922241211,24741200
2003-12-24,72.33236568676051,72.57012770825025,72.27292770080084,72.3984146118164,8055800
2003-12-26,72.4578845897108,72.70225261936574,72.4050474418674,72.45127868652344,8308400
2003-12-29,72.71543272975127,73.48815683807968,72.504089254683,73.41551208496094,22483700
2003-12-30,73.36926029144605,73.48814128594005,73.21075397839569,73.42870330810547,19559500
2003-12-31,73.4551332812431,73.65326494363833,73.20415945451994,73.49475860595703,31501800
2004-01-02,73.79856392141629,74.09576897083953,73.13151411295036,73.46173858642578,38072300
2004-01-05,73.76557313168665,74.31374214093668,73.69952418029222,74.26091003417969,27959800
2004-01-06,74.07595954327053,74.45241525791793,73.9702852885077,74.33353424072266,20472800
2004-01-07,74.22784493576499,74.6703444505065,73.89762051482509,74.58448791503906,30170400
2004-01-08,74.79584206062832,74.9015163091074,74.47882435401661,74.88169860839844,36438400
2004-01-09,74.51845099766498,74.96095055373017,74.14859618527184,74.22785186767578,54084300
2004-01-12,74.33353948783835,74.79585178799528,74.20805256115598,74.77603912353516,31564100
2004-01-13,74.69016314587134,74.78263062692635,73.81176994468792,74.34012603759766,54239700
2004-01-14,74.47223712595607,75.0666422854026,74.4127940905982,74.96096801757812,30112800
2004-01-15,75.00720320690479,75.33082185124283,74.35336001643459,75.1458969116211,38408700
2004-01-16,75.31759018892949,75.49590916781062,75.04680373197752,75.44307708740234,31922700
2004-01-20,75.64122820243011,75.72048390168688,75.17230998585347,75.42327880859375,29863000
2004-01-21,75.37705611447133,76.14978541297377,75.106274595954,76.01769256591797,30725000
2004-01-22,76.04409980885549,76.20260616288665,75.67424996984076,75.81954956054688,29888500
2004-01-23,75.95164345345212,76.19601142462774,75.2581699107378,75.57518768310547,44245300
2004-01-26,75.54879321825389,76.56588572060446,75.54218731453986,76.52626037597656,30460600
2004-01-27,76.44697567488507,76.9423124503163,75.72048274535119,75.74029541015625,35322800
2004-01-28,75.9384301311511,76.13656181279732,74.591113532887,74.87510681152344,52621300
2004-01-29,75.00057072661131,75.192101500153,74.34012186839507,74.94773864746094,60117100
2004-01-30,74.97415216762367,75.10624496256186,74.6901589570377,74.94773864746094,30984400
2004-02-02,75.09308394699875,75.74032648284556,74.71002717968973,75.27140808105469,38832400
2004-02-03,75.11947834327131,75.38365898794238,74.92134663888804,75.1458969116211,25093500
2004-02-04,74.75622489982469,75.11286796914673,74.49204428860546,74.53166961669922,39332600
2004-02-05,74.74302788679779,74.98739588232155,74.48545312557167,74.7496337890625,37226800
2004-02-06,74.90810218514616,75.75347584855965,74.76280264196737,75.58836364746094,37216000
2004-02-09,75.73366666664683,75.86575945688327,75.4826979234347,75.60818481445312,24851300
2004-02-10,75.47610624552077,76.04409275349636,75.46289948342105,75.8525619506836,27908100
2004-02-11,75.8525614059342,76.8696534003808,75.40345591538409,76.65830993652344,42965700
2004-02-12,76.59226386799592,76.79039552538129,76.33468918621712,76.38092041015625,27814700
2004-02-13,76.49319458776853,76.74416336626194,75.7865144368386,76.03748321533203,44739900
2004-02-17,76.51302173908738,76.89608339892945,76.46018460555888,76.724365234375,23984300
2004-02-18,76.74415013224427,77.00833066547484,76.18276964839465,76.38751220703125,28618000
2004-02-19,76.8300467910265,76.86967212551932,75.99127359286491,76.10355377197266,51146200
2004-02-20,76.26865656864443,76.32148866179085,75.5025332715197,75.87238311767578,46728800
2004-02-23,76.09692558420127,76.12334414573516,75.40345220070645,75.68083953857422,36357000
2004-02-24,75.46950376777946,75.94502784614616,74.65054843216231,75.54875946044922,43953000
2004-02-25,75.59500476620326,75.99127322569736,75.50254229361553,75.86579132080078,31213600
2004-02-26,75.69404559707874,76.1431510314378,75.51572157995787,75.91199493408203,29683000
2004-02-27,76.07711627177358,76.44036017149794,75.70726143284298,75.96483612060547,39312000
2004-03-01,76.2356206106819,76.83662652009768,76.11673960107515,76.7177505493164,33130800
2004-03-02,76.57248278883672,77.25274466687223,76.10356445581057,76.2686767578125,38556400
2004-03-03,76.11673425122595,76.52621437527468,75.89878490912784,76.40733337402344,31346200
2004-03-04,76.42715737048108,76.67812617086967,76.29506455015087,76.60547637939453,21060000
2004-03-05,76.229021936435,77.2395080944665,76.1365594800678,76.86305236816406,55905600
2004-03-08,76.83664220468083,77.02157217646072,75.89220487407269,75.92522430419922,39281600
2004-03-09,76.01767492673908,76.09032471605533,75.44968841326227,75.62140655517578,39746100
2004-03-10,75.76670820002917,75.79972762591157,74.34013597690667,74.35334777832031,67671800
2004-03-11,74.23449623771195,74.8090838567238,73.37591020261738,73.38912200927734,89134800
2004-03-12,73.79196715006087,74.43920433220559,73.69289879476194,74.35334777832031,54012200
2004-03-15,74.14862066618792,74.20145780523526,73.24380859443002,73.44194030761719,57677200
2004-03-16,73.82500573087997,74.00993068804556,73.20418191282934,73.83161163330078,59832600
2004-03-17,74.08918647979286,74.80247277718857,74.03634933802418,74.65717315673828,41607300
2004-03-18,74.4325882722176,74.80904393991052,73.92404484137197,74.67695617675781,60014300
2004-03-19,74.50134142847676,74.6073810928497,73.59335246792251,73.60660552978516,48636200
2004-03-22,73.26197137433492,73.28185349566576,72.30758909852966,72.67211151123047,62752100
2004-03-23,73.06978050539826,73.16919618405083,72.47992055028216,72.54619598388672,54080200
2004-03-24,72.62573997641093,72.99688650313354,72.14191963422563,72.6058578491211,51584300
2004-03-25,72.95710671749931,73.76568009843841,72.7649044337932,73.56684875488281,49873600
2004-03-26,73.5403300264327,74.0904256382021,73.43429036217665,73.58672332763672,37409500
2004-03-29,73.98435255763158,74.72002109221916,73.95121738746764,74.62060546875,44113600
2004-03-30,74.42843144114129,74.93875771719635,74.37540908463185,74.87248229980469,39059900
2004-03-31,74.8857289530118,75.15746471450358,74.48144236807855,74.95863342285156,48517600
2004-04-01,74.93877016033844,75.46898370049105,74.9255170972556,75.40933227539062,45103800
2004-04-02,76.09199309591808,76.11187522252452,75.48888001072434,75.97932434082031,50987700
2004-04-05,75.86002061282679,76.46976271153542,75.846767548286,76.39685821533203,30251800
2004-04-06,76.10524853309414,76.33721509613905,75.9660685952672,76.15164184570312,28420900
2004-04-07,76.18476353774483,76.20465071661792,75.62804388508069,75.9726791381836,45890500
2004-04-08,76.48966027042654,76.48966027042654,75.38283961267281,75.80038452148438,46929700
2004-04-12,75.93954026709423,76.27092244135473,75.93291120779162,76.09860229492188,23085200
2004-04-13,76.39023971831689,76.41675090580128,74.90564355814242,75.03157043457031,56210300
2004-04-14,74.63389301058021,75.31653947429051,74.59412876810875,75.15084838867188,62322300
2004-04-15,75.19059011190107,75.40930349297176,74.46817962207798,74.86583709716797,61602500
2004-04-16,75.14422734541104,75.58828334517139,74.87912562533411,75.44247436523438,47059200
2004-04-19,75.25690113858404,75.5485140419669,75.07132285544253,75.44247436523438,28277600
2004-04-20,75.60813238133872,75.76719435507535,74.08377287552173,74.17655944824219,53299400
2004-04-21,74.36216781326752,74.85924114104736,74.14345939197783,74.67366790771484,50177300
2004-04-22,74.54775708202625,75.99920797449002,74.52124589386129,75.7208480834961,62071500
2004-04-23,75.83348066569657,75.93289630976751,75.4159410283862,75.79371643066406,29395700
2004-04-26,75.88652207293461,76.17814002037497,75.2900331152116,75.68769073486328,35515200
2004-04-27,75.70756635815849,76.29742616618098,75.5286171699102,75.75395965576172,43485500
2004-04-28,75.4822212160705,75.56175474765874,74.56097929858936,74.77306365966797,50165800
2004-04-29,74.7067725047832,75.10442996596099,73.67286209442317,74.11691284179688,69687600
2004-04-30,74.34231948243263,74.48149947069804,73.50061048963887,73.54037475585938,48681400
2004-05-03,73.81206229153582,74.42180423711886,73.79880417383295,74.32901763916016,33758000
2004-05-04,74.39531316125733,75.06470670440571,74.00428454369504,74.2693862915039,51185100
2004-05-05,74.50136239410372,74.86587984754809,74.33567126349482,74.74658203125,34405000
2004-05-06,74.2428480968059,74.62062351214448,73.56683079543313,74.10366821289062,54997000
2004-05-07,73.71264792934791,74.3820413033698,72.8775634765625,72.8775634765625,60950000
2004-05-10,72.53293351660099,72.73838885108736,71.81714679088671,72.12864685058594,75279400
2004-05-11,72.54616296382521,72.9371964401451,72.46000544500383,72.73836517333984,48300600
2004-05-12,72.61912335262792,73.26200587973052,71.61834730353542,73.20235443115234,90830500
2004-05-13,72.74499749083023,73.44089684285828,72.65883491165815,72.89743041992188,57393700
2004-05-14,72.87093634924356,73.39452077879419,72.42025640080067,72.93058776855469,54123100
2004-05-17,72.1683991540808,72.57268575320691,71.85027514405729,72.30757904052734,55020400
2004-05-18,72.56606678881181,72.86431377824628,72.46002712288382,72.67211151123047,30193100
2004-05-19,73.23549851185956,73.6861787049615,72.34076718839795,72.42029571533203,54804100
2004-05-20,72.53954790995249,72.8179127485147,72.26781718645076,72.6522216796875,38082900
2004-05-21,72.88421247113925,73.26861709257233,72.55283022297111,72.77816772460938,47480400
2004-05-24,73.25536616125156,73.40780423522757,72.69201729536965,73.08304595947266,40961500
2004-05-25,72.83778459746533,74.21633530928692,72.63895332031223,74.13017272949219,48668000
2004-05-26,74.00427997122569,74.42181974906887,73.90486429369405,74.38867950439453,35977000
2004-05-27,74.58748471750211,74.91223776422503,74.2693556721993,74.80619812011719,45306900
2004-05-28,74.71342589163507,74.81283649693506,74.46820126675034,74.7995834350586,23367200
2004-06-01,74.5345041672616,74.79961101094153,74.14347549161536,74.7001953125,41044700
2004-06-02,74.91226308115691,75.21051011001401,74.53448755646433,74.9785385131836,39774200
2004-06-03,74.7664366953838,75.01829035755573,74.27599254474453,74.28924560546875,38688300
2004-06-04,74.87911987304688,75.27677747910501,74.7001706636017,74.87911987304688,32739500
2004-06-07,75.17734230139276,76.09195506359029,75.17071324367329,76.01905059814453,31643800
2004-06-08,75.80036132184216,76.16487868425642,75.66780541656271,76.12511444091797,32846500
2004-06-09,75.89316875500965,76.019090578969,75.36958416257029,75.41597747802734,36737600
2004-06-10,75.58166924312168,75.78712463378906,75.50876473872509,75.78712463378906,21711000
2004-06-14,75.43583507290127,75.45571719356104,74.80621098838623,75.03817749023438,34633000
2004-06-15,75.48887664848364,75.85339408518077,75.23039890112851,75.56840515136719,37445000
2004-06-16,75.55513000488281,75.68768084194438,75.35629869280015,75.55513000488281,26633400
2004-06-17,75.45572742864174,75.60153640857877,75.11109215864701,75.44247436523438,28402400
2004-06-18,75.34534185487313,75.97726930068465,75.28547776866306,75.58480834960938,31799800
2004-06-21,75.66464302924713,75.92406425649438,75.25222732377652,75.29878997802734,25284000
2004-06-22,75.25221565925355,75.75110333815991,74.94623182518474,75.67793273925781,37334000
2004-06-23,75.57150226776754,76.38967517872335,75.44511577138101,76.3298110961914,35580000
2004-06-24,76.20345019984768,76.44957001892807,76.00389811608869,76.09037017822266,35272100
2004-06-25,76.1036621073322,76.4562086218488,75.61807582086229,75.72450256347656,32837900
2004-06-28,76.17684964136497,76.23671882477385,75.43850026228773,75.46510314941406,40824500
2004-06-29,75.51824315879801,75.94395997416511,75.44507260538072,75.77766418457031,28418100
2004-06-30,75.87751064988748,76.35644376497464,75.59813469106973,76.1834945678711,52230600
2004-07-01,75.99722814658814,76.0970067040022,74.88637272558401,75.12583923339844,57734700
2004-07-02,75.27217026211169,75.35864229353811,74.89966403646869,75.0859146118164,34615100
2004-07-06,74.74668906871634,74.79989990410517,74.25444951051843,74.42739868164062,38698200
2004-07-07,74.37419148427047,74.87973254180281,74.3342820843163,74.64691925048828,29839800
2004-07-08,74.37421233616443,74.71345755573456,73.96844973970518,74.12809753417969,45291100
2004-07-09,74.31430774198496,74.46064893640231,74.08814269380878,74.32096099853516,27412900
2004-07-12,74.18127599434948,74.52717432303334,73.83538274061397,74.3542251586914,35691300
2004-07-13,74.44735721227495,74.51387456614711,74.23449863491476,74.4074478149414,26752000
2004-07-14,74.00833793996073,74.75999367424505,73.91521263040156,74.18128204345703,54089400
2004-07-15,74.32758517436206,74.44067019940069,73.63579389005832,73.70231628417969,38403500
2004-07-16,74.21451420371247,74.28103153093582,73.46285876368978,73.6424560546875,40871200
2004-07-19,73.66902536697603,73.80871320337384,73.16348481029053,73.32978057861328,39592800
2004-07-20,73.522754080108,74.4340575826725,73.33650345475442,74.2611083984375,46679800
2004-07-21,74.38084105922889,74.54048372608915,72.8043538647685,72.89083099365234,56241100
2004-07-22,72.74448454177772,73.42962289090389,72.35202354837773,73.09037780761719,72477100
2004-07-23,72.9174324519007,72.9772965435321,72.29881146363387,72.47840881347656,49610500
2004-07-26,72.63140466016685,72.79104731582458,71.97952244756262,72.3387222290039,49679100
2004-07-27,72.53826117891042,73.24335405009344,72.48504528204262,73.0171890258789,51295100
2004-07-28,72.87083890458209,73.41628905518694,72.23225841489939,73.23668670654297,65862300
2004-07-29,73.52937697412705,73.74888872405289,73.17017731287024,73.54933166503906,52200500
2004-07-30,73.38306484234202,73.76887260244628,73.23672361782324,73.72895812988281,41581700
2004-08-02,73.29658300404314,74.07484660332275,73.20345770540874,73.88194274902344,38263100
2004-08-03,73.78885451243605,73.87532659747242,73.2766651126886,73.30992126464844,40948800
2004-08-04,73.09700977890006,73.66906795866059,72.93071391443355,73.30321502685547,40763200
2004-08-05,73.363092467536,73.4229565495344,72.01941888883259,72.10589599609375,50772000
2004-08-06,71.59373270421516,71.81324458275589,70.92190070012356,71.07489013671875,74729000
2004-08-09,71.18794590910129,71.4939348279182,71.0881724300828,71.17464447021484,37476300
2004-08-10,71.38083659223092,72.11254246970643,71.34758046367565,72.09258270263672,55870600
2004-08-11,71.62694540650998,72.05931561152788,71.24113783434345,71.94623565673828,52933200
2004-08-12,71.62696526375244,71.80656259027026,70.92852050240454,71.16133880615234,50015900
2004-08-13,71.24119434789834,71.40749032213478,70.9019491394699,71.30106353759766,41634700
2004-08-16,71.26779019749266,72.26556587329286,71.24118223714405,72.0394058227539,45731900
2004-08-17,72.33872046490619,72.69126698023766,72.19237925289347,72.44515228271484,40701600
2004-08-18,72.18574888691977,73.28330325012053,72.16579418348975,73.19017791748047,43165400
2004-08-19,73.04377408767175,73.18346196697121,72.62471044977339,72.97725677490234,39881600
2004-08-20,72.91078270204443,73.58926781458266,72.84426534982676,73.48949432373047,44870900
2004-08-23,73.5360332970662,73.68236939484122,73.2034415681332,73.30321502685547,33745100
2004-08-24,73.59595725241928,73.65582645131126,73.07046128415048,73.4030532836914,30453100
2004-08-25,73.38971207629177,74.0149812457094,73.10368290865075,73.90190124511719,38551400
2004-08-26,73.80877594169438,74.0415892002514,73.73560533544098,73.90190124511719,26629500
2004-08-27,73.96840870240584,74.25443783179696,73.86863522990127,74.13470458984375,24902900
2004-08-30,73.98172153763252,74.06154032245725,73.4695273185824,73.52274322509766,26726500
2004-08-31,73.60923106992864,73.94182292169963,73.2367247449799,73.90856170654297,44125300
2004-09-01,73.80209808218,74.26107626386812,73.48946613916215,74.0482177734375,52778300
2004-09-02,73.9950191718737,74.96618657857191,73.9950191718737,74.88636779785156,42736600
2004-09-03,74.72009417180124,75.0460327984195,74.50723556820063,74.58040618896484,30480500
2004-09-07,74.85975804211012,75.25221390438948,74.71341684771856,75.07261657714844,37338800
2004-09-08,74.91297574974098,75.20565307062877,74.70676539133495,74.88636779785156,32963100
2004-09-09,74.87974173179009,75.08594709012637,74.52054186327062,74.81987762451172,34314800
2004-09-10,74.84648097641544,75.34536883996898,74.55380354742988,75.20568084716797,27900600
2004-09-13,75.37195836094197,75.65798753572986,75.17240630931346,75.4517822265625,44398100
2004-09-14,75.36531556546208,75.62473680358654,75.29214495215017,75.60478210449219,28048900
2004-09-15,75.36529899265501,75.40520838206766,74.95288336058238,75.03270721435547,38295000
2004-09-16,75.06596152073153,75.4118598037175,75.03270538867943,75.25886535644531,23911700
2004-09-17,75.4452485775689,75.71911160582317,75.27158456050809,75.57884216308594,33683000
2004-09-20,75.25821463487644,75.47195925285419,74.99771354096835,75.12462615966797,37149400
2004-09-21,75.3116196706271,75.79254612824113,75.17135030316825,75.45188903808594,40920800
2004-09-22,75.1446772201948,75.15803403165,74.45668676857294,74.51012420654297,49042100
2004-09-23,74.54353774643059,74.61033201284772,74.10936737060547,74.10936737060547,44068700
2004-09-24,74.25628247118203,74.63033935801754,74.22956375811711,74.44998931884766,34981100
2004-09-27,74.20951322498563,74.27630744811513,73.86218020706868,73.9757308959961,39355100
2004-09-28,74.08258809648997,74.48335843594693,73.74861196426396,74.32972717285156,41662900
2004-09-29,74.28298819569072,74.71047733783516,74.14271879868139,74.70379638671875,33325700
2004-09-30,74.51007548773327,74.79729515892889,74.31636872380402,74.65034484863281,43536700
2004-10-01,74.98433499812207,75.91278839111328,74.9509353409638,75.91278839111328,62824300
2004-10-04,76.21340301782327,76.44050958866376,76.01302026292551,76.03973388671875,33082400
2004-10-05,76.04638854570295,76.25345727906178,75.8393249084171,76.07978820800781,36910600
2004-10-06,75.99298299317208,76.60082244873047,75.93286969110153,76.60082244873047,42297800
2004-10-07,76.40041670412303,76.41377860995078,75.71910729305158,75.77922058105469,39388800
2004-10-08,75.57883353200334,75.99296085962739,75.04446944310786,75.1513442993164,51872600
2004-10-11,75.33169790236037,75.49200510901392,75.23818494047296,75.45861053466797,20229100
2004-10-12,74.94426257959402,75.36507588305345,74.77059861239665,75.16468811035156,41754700
2004-10-13,75.47861248989469,75.52536894865617,74.35645238354718,74.50340270996094,54212600
2004-10-14,74.59697720381118,74.76396542238203,73.86223006131466,73.90230560302734,64082200
2004-10-15,74.15609395996091,74.63702063793053,73.8555173342668,74.31640625,63482200
2004-10-18,74.06924839890621,74.74388181511728,73.94233579987673,74.59693145751953,43535100
2004-10-19,74.82404124045472,74.96431575830924,73.86886890502547,73.96906280517578,55851900
2004-10-20,73.72861532794792,74.02251613926357,73.3078069721706,73.82212829589844,57118500
2004-10-21,74.00245534594742,74.35646934246529,73.61504168723722,74.30303192138672,53218300
2004-10-22,74.26964764042587,74.30972316374815,73.38126950224203,73.46810150146484,48752400
2004-10-25,73.30778854854694,73.55493281377534,73.0406065232328,73.38126373291016,43990900
2004-10-26,73.5615874885301,74.54347821859314,73.39459940780024,74.50340270996094,54337400
2004-10-27,74.39653185049619,75.54541072241594,74.22286790646892,75.3984603881836,73896000
2004-10-28,75.33167911502173,75.8526812287661,75.13797228625752,75.62557983398438,54413300
2004-10-29,75.55878843731524,75.90612149413623,75.4118380723272,75.61222076416016,48820200
2004-11-01,75.85269236144609,76.03971826602685,75.6122290281069,75.81929779052734,36720900
2004-11-02,75.9261593391754,76.52731760749718,75.62558275305108,75.84600830078125,56210000
2004-11-03,76.83458781011561,77.0550133941784,76.30690463739282,76.80119323730469,76960200
2004-11-04,76.66758243863475,77.93001217862336,76.60078821194061,77.84986114501953,55350300
2004-11-05,78.18383716752385,78.57792667122663,77.80978032609615,78.33746337890625,63287200
2004-11-08,78.13711359625304,78.30410178088714,77.96344445733261,78.22394561767578,33863800
2004-11-09,78.20389081746545,78.48442968348913,77.99014619153209,78.07029724121094,44658100
2004-11-10,78.1905225230701,78.51782293609543,77.99013981917184,78.13040924072266,45265400
2004-11-11,78.27068370333862,78.89856076068682,78.21724627376138,78.72489166259766,37863200
2004-11-12,78.79836370364383,79.4863540197031,78.60465685122665,79.34608459472656,55583700
2004-11-15,79.38694427046495,79.56782366672086,79.20606487420903,79.54103088378906,35297900
2004-11-16,79.29314244643815,79.32664108690236,78.87108717693381,78.97157287597656,40028700
2004-11-17,79.29985901052814,79.81570444279083,79.09887735001357,79.44054412841797,54494000
2004-11-18,79.40707483986132,79.58795942343673,79.2060982162171,79.54776000976562,31854300
2004-11-19,79.52091071624179,79.53431221586442,78.47581863735503,78.66339874267578,54276500
2004-11-22,78.49592586015744,79.13236428345978,78.40213579544765,79.03857421875,37560200
2004-11-23,79.0050702113713,79.22614896796325,78.6299099780091,79.1591567993164,41968800
2004-11-24,79.2328560266438,79.4472340639164,79.08547527884905,79.34674835205078,29724800
2004-11-26,79.39363718352307,79.70850601923047,79.25295208672989,79.28644561767578,15487700
2004-11-29,79.58126434443854,79.7286502789948,78.70365460289848,78.92472839355469,61460800
2004-11-30,79.05198731199778,79.21276958387588,78.8108113485925,78.9782943725586,53685200
2004-12-01,79.1591572498265,80.05686355938792,79.11895785946975,79.87598419189453,49898300
2004-12-02,79.78890654285314,80.30475708626295,79.7286151114077,79.9429931640625,60163500
2004-12-03,79.92958332152267,80.48562809454953,79.78219746735407,79.88938903808594,49067900
2004-12-06,79.86260223388672,80.1506732312564,79.61472552553454,79.86260223388672,33030500
2004-12-07,80.05020106114357,80.13729552255562,79.07880136811517,79.1189956665039,52047200
2004-12-08,79.19266074925119,79.6013196763009,79.0586763943261,79.58122253417969,43895100
2004-12-09,79.14577511641,80.03008525302779,78.87110562283021,79.86260223388672,60922800
2004-12-10,79.66831856878632,80.09707467409591,79.62142352949233,79.9429931640625,47828600
2004-12-13,80.23105058028708,80.65980661307194,79.95637603147252,80.63970947265625,38541000
2004-12-14,80.51242264109459,81.03496874875658,80.51242264109459,80.92108154296875,41500700
2004-12-15,80.86078868599199,81.13546325368502,80.59951562028056,80.98137664794922,46699200
2004-12-16,80.87419496021157,81.2225573646579,80.41864097828899,80.93448638916016,51641800
2004-12-17,80.40812825307309,80.75140899552783,80.20620233157977,80.39466857910156,70761900
2004-12-20,80.60333748808686,80.96681035688124,80.2129401324943,80.41487121582031,47187400
2004-12-21,80.50235643621274,81.09468476100874,80.40812331823516,81.03410339355469,33094200
2004-12-22,81.0273704096609,81.4985411314979,80.97352658214446,81.22930145263672,31500700
2004-12-23,81.35721552451785,81.63318255388671,81.21586580674534,81.28990173339844,25646100
2004-12-27,81.5793415305233,81.68703949855978,81.03413468947339,81.12163543701172,29944100
2004-12-28,81.20237651009862,81.66681482511378,81.17545202883342,81.56584930419922,23422900
2004-12-29,81.49855308589296,81.71394383351196,81.41104722461867,81.68701934814453,22650600
2004-12-30,81.71391972491325,81.82834490247487,81.47160456341865,81.53218078613281,21076900
2004-12-31,81.64660944165615,81.88892459823195,81.31006118366965,81.357177734375,28648800
2005-01-03,81.8216703064389,81.95629278866858,80.70433194820703,80.97357177734375,55748000
2005-01-04,81.08119996011075,81.13504891005446,79.7215473536022,79.98405456542969,69167600
2005-01-05,79.92347118108003,80.26675180909614,79.42538124505948,79.43211364746094,65667300
2005-01-06,79.7215733307295,80.19947136273552,79.60041572153641,79.83599853515625,47814700
2005-01-07,80.0783286238241,80.25333523300564,79.51292463082262,79.72158813476562,55847700
2005-01-10,79.65424167490251,80.40811164459622,79.65424167490251,80.0984878540039,56563300
2005-01-11,79.85616305989441,79.92347167837248,79.41864933680942,79.54653930664062,63099700
2005-01-12,79.69465681538226,79.9908158955505,79.10232838440437,79.80908203125,72720500
2005-01-13,79.85620369110568,79.91678507328291,79.08887375233424,79.16964721679688,55537500
2005-01-14,79.4051955244611,79.78212792399688,79.2638458746352,79.58692932128906,42032500
2005-01-18,79.45907504342813,80.51583675748333,79.39176125877228,80.41487121582031,57391700
2005-01-19,80.38794806867901,80.44852431349385,79.56676918127214,79.57350158691406,54378900
2005-01-20,79.35138216078025,79.5600405276327,78.94752510367309,79.08887481689453,72049300
2005-01-21,79.28406959686306,79.42541930311315,78.5167396856078,78.60424041748047,63160400
2005-01-24,78.81290778273296,78.9811819954063,78.32828236390374,78.4494400024414,58441900
2005-01-25,78.6917212583104,79.06865368843465,78.56383126866716,78.67152404785156,68245000
2005-01-26,78.96772652338882,79.15619282996838,78.77926021680926,78.90715026855469,57195100
2005-01-27,78.88020627194048,79.2571387918945,78.73885657695772,79.041748046875,55878800
2005-01-28,79.08213220677852,79.12252150200248,78.489808941805,79.041748046875,60738900
2005-01-31,79.3917415091196,79.59367254221284,79.2301997638367,79.53309631347656,52532700
2005-02-01,79.59368704995812,80.15235855940303,79.49272151500826,80.03793334960938,49841200
2005-02-02,80.13890084200449,80.49564131312329,80.0312080277615,80.2802505493164,52468900
2005-02-03,80.13888761920335,80.20620139423453,79.80907168989467,80.07157897949219,48837100
2005-02-04,80.09848822755202,81.06101648477487,80.08502855629787,80.92639923095703,50024600
2005-02-07,80.93983735988763,81.12157111770478,80.74463879908097,80.81867980957031,45412000
2005-02-08,80.88603937956277,81.20912809573858,80.81873072816141,80.9129638671875,39263500
2005-02-09,81.05430481425483,81.10142137867486,80.26678289381131,80.30716705322266,55279400
2005-02-10,80.54274430781226,80.78505436740163,80.27350463176668,80.59658813476562,45858600
2005-02-11,80.56968833218343,81.47164075290686,80.40814653120358,81.28990173339844,53133000
2005-02-14,81.23603385682118,81.35045905135827,81.09468418086601,81.22930145263672,32432100
2005-02-15,81.31006283419525,81.73411179915131,81.22928940192406,81.53218078613281,43852700
2005-02-16,81.39757045944751,81.75431082885436,81.22256390896361,81.5860366821289,55523000
2005-02-17,81.59949577068436,81.66680439759328,80.91966682767041,80.92639923095703,58124000
2005-02-18,80.93313787134448,81.09468476100874,80.70428748063316,81.03410339355469,47723300
2005-02-22,80.70429719321608,81.08796211553226,79.81580973441439,79.82926940917969,80697600
2005-02-23,80.051397281397,80.48217879379197,79.84273893063963,80.40140533447266,68292600
2005-02-24,80.26006206552634,80.98700785170762,80.08506059262135,80.93315887451172,68563600
2005-02-25,80.95331356842811,81.8956496928491,80.89273734855101,81.7341079711914,60899900
2005-02-28,81.54564600754127,81.6466115145644,80.79850844501678,81.19563293457031,69381300
2005-03-01,81.32351528707842,81.79468076187622,81.29659081204447,81.5994873046875,47294400
2005-03-02,81.2831608245511,82.0706827494309,81.20911977499964,81.55912780761719,64226500
2005-03-03,81.88896822318476,82.05051003518766,81.24279070452998,81.59280395507812,61230800
2005-03-04,82.15144023505339,82.67645474958516,81.97643368510298,82.60914611816406,56168500
2005-03-07,82.56203541929001,82.95915996756871,82.38702885692528,82.6495361328125,43442400
2005-03-08,82.5687857568016,82.79090894009357,82.19185318053974,82.33993530273438,44362000
2005-03-09,82.09758844395662,82.31297913826623,81.41775947881851,81.42449188232422,73263600
2005-03-10,81.57929958189422,81.78123060046747,81.04082542456409,81.6062240600586,65149000
2005-03-11,81.65335106464161,81.92932314966153,80.87929404344285,81.03410339355469,57976500
2005-03-14,81.1821847794217,81.55238997924836,80.9600616595257,81.53892517089844,36336400
2005-03-15,81.7273923405172,81.75431682220541,80.82544531290101,80.86582946777344,62438500
2005-03-16,80.56966000379632,80.87928895518023,80.0311858114179,80.17926788330078,74874200
2005-03-17,80.30715579809947,80.59658754906421,80.08503781714673,80.34081268310547,62584200
2005-03-18,80.487466874866,80.7712767022295,79.83875648853862,80.102294921875,60232000
2005-03-21,80.21717199681436,80.26447363612651,79.57522044107924,79.80496978759766,61244300
2005-03-22,79.98739595113848,80.3658089393244,78.99405670166016,78.99405670166016,92472400
2005-03-23,79.02784879148727,79.54817185947138,78.89270275474614,79.06163787841797,70817300
2005-03-24,79.37249442653312,79.73063613846654,79.10219714123691,79.15625762939453,51932500
2005-03-28,79.3454958524423,79.69688401022813,79.27116394042969,79.27116394042969,46765500
2005-03-29,79.15624356974723,79.66980780504211,78.55483492341797,78.7440414428711,71160300
2005-03-30,78.9130087969509,79.87255948344655,78.90624994549866,79.85904693603516,62002100
2005-03-31,79.86575733398239,80.04820496855979,79.64952061813622,79.71033477783203,64575400
2005-04-01,80.16308986860243,80.4063568495391,79.00082059417134,79.35220336914062,95255300
2005-04-04,79.30491041535213,79.64278068632568,78.88594942336809,79.48735809326172,71581200
2005-04-05,79.58874277479583,79.99418618383828,79.5144108816639,79.86579895019531,46853900
2005-04-06,80.04143730029563,80.37930745378863,79.85898968582475,80.1427993774414,53268200
2005-04-07,80.01444138301301,80.58881982216322,79.95362205236654,80.57530212402344,46734600
2005-04-08,80.5280269689412,80.55505721861698,79.73741149902344,79.73741149902344,63772900
2005-04-11,79.93334608145288,80.02119049236397,79.62250606343173,79.7981948852539,44945000
2005-04-12,79.66302492216475,80.45363984942009,79.10891807287177,80.21037292480469,86144800
2005-04-13,80.11578779352877,80.27796921690566,79.14947872340987,79.26435852050781,65949000
2005-04-14,79.33193670746476,79.39950972719824,78.23047637939453,78.23047637939453,96119800
2005-04-15,78.21018980061821,78.52102975541985,77.10197599463322,77.1357650756836,128677300
2005-04-18,77.115496808449,77.68311627352698,77.00737586910644,77.37227630615234,100035200
2005-04-19,77.77769963962257,78.06826814548079,77.59525204547384,77.9871826171875,64930100
2005-04-20,77.96693515003177,78.13587027094962,76.73033398308604,76.8992691040039,107735900
2005-04-21,77.56827285710077,78.5278233802024,77.2912167051602,78.3926773071289,86952200
2005-04-22,78.21019629159471,78.72376046434145,77.21685702995589,78.09532165527344,88845800
2005-04-25,78.29128788668272,78.72376135637292,78.19668463740615,78.60888671875,52284100
2005-04-26,78.35886295915374,78.90621108085269,77.81151483745481,77.84529876708984,72626000
2005-04-27,77.6155555516528,78.43320095178588,77.33174577418333,78.1493911743164,84131900
2005-04-28,77.89262852726775,78.16968468999494,77.16958618164062,77.16958618164062,72481500
2005-04-29,77.75746854918518,78.29806307687517,77.01415494023007,78.21697235107422,103993800
2005-05-02,78.43320859582056,78.66296307294299,78.06154921613349,78.65620422363281,56026400
2005-05-03,78.43319444312759,78.96027117340108,78.17641492608142,78.79133605957031,86000300
2005-05-04,78.8251348182128,79.56844837919193,78.57510896308267,79.3995132446289,81055700
2005-05-05,79.51438719291893,79.73738280588036,78.88594829170378,79.37248229980469,96906700
2005-05-06,79.69007647671032,79.73061925649816,79.10218039233266,79.12245178222656,67415400
2005-05-09,79.20352824699556,79.79142422559899,79.09541246851659,79.61573028564453,43750500
2005-05-10,79.30490024915319,79.39950350045918,78.64943118261134,78.79133605957031,74613500
2005-05-11,79.01432279126468,79.3319215945487,78.2845219439937,79.22380065917969,91647400
2005-05-12,79.27787047215102,79.46031812773073,78.35210418701172,78.35210418701172,95086800
2005-05-13,78.58862415742908,78.80486091656175,77.57501338234009,78.19669342041016,85267000
2005-05-16,78.18320991281642,78.9535540263192,78.15618481716129,78.92652893066406,49207000
2005-05-17,78.66298258824818,79.53468361233338,78.49404740202361,79.45359802246094,61071800
2005-05-18,79.79821864010296,80.46720566058151,79.74416330102282,80.271240234375,77944900
2005-05-19,80.42663226043645,80.69017579920519,80.21039550606767,80.60908508300781,61768100
2005-05-20,80.64285258025815,80.67664166066042,80.23740939288004,80.49419403076172,46345500
2005-05-23,80.55502890527652,81.1158947890575,80.54151636293449,80.94020080566406,51047900
2005-05-24,80.71044904000621,80.97398742932678,80.54826760389278,80.75099182128906,50654100
2005-05-25,80.64962998057187,81.00101793782757,80.29824717880722,80.69017791748047,47608800
2005-05-26,80.94694094491089,81.23075066791574,80.83206631733607,81.12263488769531,43256200
2005-05-27,81.12941251044974,81.25780487060547,80.95372367133203,81.25780487060547,24596100
2005-05-31,81.14289277648639,81.20370692608984,80.68338918713363,80.7374496459961,43377200
2005-06-01,80.76449179319283,81.71052940131776,80.7171901705611,81.42671966552734,69611000
2005-06-02,81.24425259607287,81.65644940587897,81.15640306398407,81.6023941040039,39704500
2005-06-03,81.46052093023174,81.69027023008907,80.9064139156153,81.19022369384766,60999400
2005-06-06,81.0550711768763,81.22400630242667,80.78477910038839,81.11589050292969,36046400
2005-06-07,81.35238308845652,81.93352022164304,81.09560360270733,81.17668914794922,66501300
2005-06-08,81.37941312016085,81.48752889871182,80.86584899444651,81.02803039550781,46881200
2005-06-09,80.91316396797527,81.48078865438976,80.71044491642711,81.41321563720703,56653300
2005-06-10,81.46728129935798,81.52810063138654,80.81857097217132,81.22401428222656,36465300
2005-06-13,81.04833845189856,81.81868241126543,80.96048886437053,81.4808120727539,49383200
2005-06-14,81.39291167211587,81.89971686348768,81.34561006047407,81.66996765136719,33857100
2005-06-15,81.87270044889175,81.92675575684993,81.24426173890807,81.82539367675781,53195600
2005-06-16,81.80512718614283,82.19705783635335,81.71052394719405,82.03488159179688,46564500
2005-06-17,82.46099162015524,82.70524048546571,82.24388209280143,82.3388671875,51529400
2005-06-20,82.14886498352635,82.66449667485553,82.05387992584478,82.36597442626953,41019400
2005-06-21,82.4338511339138,82.53562235575876,82.11497038773932,82.41349792480469,39879800
2005-06-22,82.5559703805562,82.73237347558982,82.14210456699603,82.48133850097656,46310100
2005-06-23,82.31171411012488,82.50168426781234,81.30079852740315,81.32115173339844,62185600
2005-06-24,81.33473043668049,81.42293457699803,80.62912319563674,80.72411346435547,58572500
2005-06-27,80.71730736318901,81.01583482338174,80.56804363309266,80.83943176269531,48183800
2005-06-28,81.0090629270791,81.57897344068951,80.98870971963572,81.51791381835938,41174200
2005-06-29,81.66719272783003,81.6875459390499,81.25332684535967,81.30081939697266,42316500
2005-06-30,81.56537867944408,81.6332244066628,80.7037218972451,80.85977172851562,62288800
2005-07-01,81.04299610092745,81.28046402899118,80.88016523918928,81.09727478027344,49737500
2005-07-05,80.90728989008645,81.85714590099502,80.86658347611713,81.74858856201172,51549000
2005-07-06,81.68074995930408,81.85715306243551,81.0158543169075,81.06334686279297,52363600
2005-07-07,80.25594840823695,81.3822021484375,80.23559520454326,81.3822021484375,103268800
2005-07-08,81.39581384578392,82.3117446899414,81.22619683107696,82.3117446899414,64491200
2005-07-11,82.31848749826469,82.84090535105783,82.3049152455025,82.73235321044922,49688300
2005-07-12,82.7663117746554,83.2005308905405,82.52884900445264,82.94950103759766,51871100
2005-07-13,82.95627723383025,83.12589422800585,82.76630702856156,83.06483459472656,41182300
2005-07-14,83.43795731312017,83.75005182382615,83.10550442398538,83.39046478271484,63638800
2005-07-15,83.3090591480044,83.47867609263923,83.01731779618054,83.34297943115234,56075900
2005-07-18,83.11233795642845,83.20053694140381,82.80702939772097,83.01056671142578,56598400
2005-07-19,83.25480262672612,83.52619084558279,83.05126534480843,83.46512603759766,59165700
2005-07-20,83.17335930442289,83.94681730456085,82.97660821131645,83.75006103515625,69477000
2005-07-21,83.82469565757562,83.86540206765326,83.0919492183881,83.26156616210938,101110900
2005-07-22,83.37010284895312,83.83146105734329,83.20048593669641,83.8178939819336,52607100
2005-07-25,83.72970807013998,84.09607610243927,83.3497626077251,83.5804443359375,57301600
2005-07-26,83.60758613658273,83.81112336317169,83.41761081161538,83.68221282958984,42758800
2005-07-27,83.79077727684175,84.0553793172963,83.48546882287074,83.98753356933594,43181600
2005-07-28,84.10285790970717,84.56421616613781,83.88574844646321,84.5167236328125,47880700
2005-07-29,84.4081830201225,84.55744159075049,83.79077482625308,83.95360565185547,62358100
2005-08-01,84.01466438248887,84.15714199164431,83.75684331957105,83.89253997802734,40418200
2005-08-02,84.04182176755783,84.53710044249603,83.95361762653918,84.39462280273438,45147400
2005-08-03,84.2996190808268,84.6320668334722,84.21142013559792,84.61849975585938,36837200
2005-08-04,84.28607595204166,84.3403494542123,83.83828461911104,83.94005584716797,50855600
2005-08-05,83.75685893647474,84.11645126620809,83.22765481056794,83.37013244628906,53595500
2005-08-08,83.55330706678582,83.72971013667876,83.03088398418322,83.21407318115234,47616000
2005-08-09,83.49227556853954,83.85186280248999,83.36337016048017,83.71617126464844,47170000
2005-08-10,84.00791635027421,84.46927484563977,83.3294482792249,83.67546844482422,72863700
2005-08-11,83.63470662023668,84.15034349397196,83.45830875462256,84.00786590576172,58570200
2005-08-12,83.83827623482055,83.91969424438378,83.28193277688639,83.49225616455078,54776900
2005-08-15,83.6007863428328,84.04179135946308,83.33618436811415,84.00786590576172,36208500
2005-08-16,83.75006020753962,83.80433369322326,82.83412460956644,82.91554260253906,71942100
2005-08-17,82.9019791199826,83.36333741423665,82.79342179131184,82.90876007080078,62275100
2005-08-18,82.8069924664361,83.15300729830446,82.66450968119825,82.9019775390625,53388600
2005-08-19,83.20050925487817,83.32941980073754,82.90876787697987,83.09195709228516,39842100
2005-08-22,83.16658896869859,83.60759409942378,82.691658375495,83.09195709228516,69912000
2005-08-23,83.11233147722594,83.18696337265644,82.19640069620633,82.93592834472656,55168600
2005-08-24,82.73235547668267,83.26834559692003,82.15565377334134,82.19636535644531,79104600
2005-08-25,82.33207272948606,82.54918223487512,82.23708764439702,82.49490356445312,35631100
2005-08-26,82.42025260333322,82.42703355291587,81.8774764114724,81.93175506591797,61956800
2005-08-29,81.69429867879087,82.6237961199343,81.6739402995918,82.56273651123047,56179200
2005-08-30,82.26421626235184,82.29814172102056,81.6807335720779,82.12852478027344,74160200
2005-08-31,82.22349533151149,83.22084359517076,81.9181817863091,83.16656494140625,102945200
2005-09-01,83.1258600997095,83.55329806237427,82.18957653973034,83.10550689697266,74578700
2005-09-02,83.34975794026127,83.37011114354947,82.80020074628855,82.95624542236328,47653400
2005-09-06,83.22087347778825,83.99432645462029,83.2140873495566,83.92647552490234,57251300
2005-09-07,83.87898673227787,84.21822069084676,83.7636484286763,84.06896209716797,41749700
2005-09-08,83.899344093204,84.13002069758983,83.66187618406647,83.79078674316406,39068700
2005-09-09,84.01468372509322,84.63208684024406,83.99433051571344,84.53710174560547,43093900
2005-09-12,84.43532316778165,84.58458692529784,84.31319874584102,84.36747741699219,33017600
2005-09-13,84.21822097197692,84.4149772897596,83.80435512703737,83.89934539794922,58427500
2005-09-14,83.95360413465231,84.07572854572172,83.46510649037462,83.5940170288086,57694600
2005-09-15,83.8518288773238,83.89254046324527,83.38368963776215,83.55330657958984,73156900
2005-09-16,84.01122229318946,84.3110154890116,83.71823891662703,84.14749145507812,75424100
2005-09-19,84.12698335559057,84.18149305546109,83.56145691567879,83.8680648803711,53355300
2005-09-20,83.94305534684582,84.22241379614283,83.03685583672859,83.15950012207031,84480300
2005-09-21,82.98231978235671,83.03682949151057,82.29414899970213,82.38272857666016,94469100
2005-09-22,82.40997662702269,82.89374378842132,82.0624889341851,82.67570495605469,84597200
2005-09-23,82.607599278356,83.0504817142371,82.37594073553636,82.7438735961914,59368100
2005-09-26,83.1390110797999,83.28891014904107,82.49854032712973,82.83921813964844,70415400
2005-09-27,82.79838734875777,83.11862553342849,82.45770931371817,82.81883239746094,66150800
2005-09-28,83.07772772561162,83.20718701417753,82.58033561559506,82.90057373046875,58620500
2005-09-29,82.81879085607443,83.71136519670152,82.4985528320331,83.5750961303711,66607700
2005-09-30,83.54787712906435,83.83404541015625,82.94828050391874,83.83404541015625,47824200
2005-10-03,83.77953693905143,84.03845035940365,83.43204390774486,83.53424835205078,50994800
2005-10-04,83.6637076422136,83.8272316340652,82.55309918345654,82.59397888183594,60776300
2005-10-05,82.61439556067823,82.65527524759237,81.46971754208977,81.5105972290039,106052100
2005-10-06,81.61279318446603,81.93984624087366,80.51580998043717,81.21760559082031,140941800
2005-10-07,81.5582830246524,81.79676170116586,81.16991044637622,81.49696350097656,75661400
2005-10-10,81.54466528169043,81.56510512469164,80.60439611530781,80.80879974365234,52677000
2005-10-11,81.07452020758618,81.34706355051541,80.61801309722054,80.69296264648438,75629800
2005-10-12,80.66571719264611,81.16991905690607,79.9979913829053,80.05931091308594,100510400
2005-10-13,80.03207467480891,80.45451726377365,79.6368869494871,80.01163482666016,99052900
2005-10-14,80.48177130205453,80.9519033996559,80.10020841330035,80.85651397705078,88651000
2005-10-17,80.94507712615925,81.26531000932424,80.70659841979628,81.15629577636719,68109300
2005-10-18,81.04047185355968,81.05409668419972,80.2637265487545,80.27735137939453,74996900
2005-10-19,80.05933258784631,81.6264535178356,79.80041917087732,81.61282348632812,116563800
2005-10-20,81.41521554812915,81.63324922956876,79.92304965259957,80.1751480102539,131966700
2005-10-21,80.5975753275093,80.93143820205341,80.06611865422177,80.48855590820312,96579500
2005-10-24,80.69978456152585,81.82401749997074,80.67934471876609,81.73544311523438,71308400
2005-10-25,81.57191467285156,81.92621739057527,81.04045799709995,81.57191467285156,76594500
2005-10-26,81.42883208291438,82.13062771629883,81.21079843760725,81.33344268798828,80855800
2005-10-27,81.21762248119329,81.33345693675267,80.35230276181665,80.46813201904297,66623100
2005-10-28,80.69298246621622,81.72864118572653,80.46813376319759,81.6264419555664,72322000
2005-10-31,81.9603072882506,82.64847824857316,81.85128784179688,81.85128784179688,77698900
2005-11-01,82.15788997646568,82.37592364142371,81.91260145359632,82.09656524658203,66365100
2005-11-02,81.87854212082375,82.95508575439453,81.85128725940424,82.95508575439453,74012300
2005-11-03,83.22761257861589,83.5751054945244,82.95506921708632,83.30937194824219,84897600
2005-11-04,83.39795697924167,83.438836666726,82.81880554710558,83.20036315917969,59156000
2005-11-07,83.37752442111939,83.54786339829869,83.02321643751996,83.28213500976562,46765400
2005-11-08,83.07772615781727,83.41158909755542,82.9823367464635,83.28213500976562,42152800
2005-11-09,83.17994036454519,83.77271674789787,83.03004121526817,83.39115905761719,57666800
2005-11-10,83.35709610300505,84.1610964445487,82.95509853140027,84.0384521484375,79048100
2005-11-11,84.04525703834608,84.37912000484941,83.41841079967314,84.32461547851562,34867000
2005-11-14,84.3450663282506,84.50177530919433,84.06570785163956,84.27693176269531,45092200
2005-11-15,84.18154557446691,84.5494732823072,83.7114082168547,83.97032165527344,69592500
2005-11-16,84.05888087614478,84.18152514844428,83.79315248588473,84.14064025878906,51133000
2005-11-17,84.27008576072222,84.93100172009288,83.90215300401077,84.92418670654297,55717500
2005-11-18,85.21034668824497,85.36024578191133,84.71295991198666,85.25804138183594,72437200
2005-11-21,85.27169698439722,85.78952895465683,85.15586772212423,85.68732452392578,50021200
2005-11-22,85.55104496741586,86.2051460062923,85.45565555747552,86.05525207519531,66438800
2005-11-23,86.02117086432519,86.81154609776323,85.99391600817225,86.55262756347656,50854700
2005-11-25,86.51858170993764,86.68210568408959,86.40274724651047,86.62078094482422,15270000
2005-11-28,86.70251841332532,86.71614324093765,85.87807858698663,86.00753784179688,54498500
2005-11-29,86.29373328221864,86.51858199638038,85.91217041015625,85.91217041015625,51738900
2005-11-30,85.95986950368173,86.20515286423225,85.3670879533234,85.4488525390625,56007200
2005-12-01,85.86448664387827,86.55265770598582,85.83723697656775,86.32099914550781,65468200
2005-12-02,86.37547533298573,86.58669917283146,86.19151154817287,86.42998504638672,46699400
2005-12-05,86.3277920974703,86.34823714146002,85.97348930997808,86.24603271484375,59273400
2005-12-06,86.56627531260541,87.03640738207528,86.28010186358027,86.40956115722656,57935200
2005-12-07,86.37546640674117,86.44360614061688,85.63279113214897,85.90533447265625,66816500
2005-12-08,86.00072154188196,86.40953394244767,85.49651975446197,85.85082244873047,62608600
2005-12-09,85.95983911153343,86.38227632599413,85.72817546634685,86.07566833496094,50744500
2005-12-12,86.3346017969476,86.43680621727164,85.82358489366008,86.1574478149414,48389900
2005-12-13,86.13700951229765,87.00914421111865,86.04843511887557,86.74341583251953,88630900
2005-12-14,86.66166906316657,87.27488528864725,86.62759918471382,87.0841064453125,64375000
2005-12-15,87.10453129037361,87.21355072397829,86.65483912258611,86.83199310302734,55900300
2005-12-16,87.18267442468287,87.23747308635095,86.55250549316406,86.55250549316406,46238300
2005-12-19,86.80595449074353,86.90184954577897,86.09358749198846,86.10728454589844,48733000
2005-12-20,86.21006236150227,86.7100860138905,85.94977643463514,86.18951416015625,46603200
2005-12-21,86.45662258403934,86.82650576338703,86.16893740873184,86.32647705078125,51806900
2005-12-22,86.5182809744654,86.77857208251953,86.36074130727539,86.77857208251953,32247900
2005-12-23,86.84021988423594,86.89501856436547,86.59363104954276,86.82652282714844,27977300
2005-12-27,86.96351750211485,87.02516732600193,85.8812670462301,85.94291687011719,44499500
2005-12-28,86.12787633466027,86.2991183375987,85.96348547508892,86.13472747802734,30764300
2005-12-29,86.1141382995584,86.27852908091042,85.66205711847945,85.75110626220703,32788900
2005-12-30,85.48396534352524,85.6620531709963,85.18257790336116,85.28532409667969,44645600
2006-01-03,85.75111806409035,86.99090807380244,85.20314174964763,86.78541564941406,73256700
2006-01-04,86.89502360052234,87.32655147330047,86.78542623391134,87.1964111328125,51899600
2006-01-05,87.09367337627204,87.39505571197577,86.90872910860622,87.25121307373047,47307500
2006-01-06,87.68956397852243,88.07314420116961,87.23748280821232,87.97724914550781,62885900
2006-01-09,87.96351192988061,88.40189064619545,87.93611783276164,88.20325469970703,43527400
2006-01-10,87.94298293576126,88.34711128003993,87.85393381008873,88.29231262207031,44960800
2006-01-11,88.37455270902133,88.6622379445664,88.17590618452469,88.57318878173828,49598900
2006-01-12,88.41562127341223,88.55261270648305,87.9772424165198,88.22383117675781,40509200
2006-01-13,88.06632616386788,88.29235636879397,87.81288093871055,88.14166259765625,44856700
2006-01-17,87.81282923956634,87.96352292198429,87.54569233923897,87.9018783569336,52066600
2006-01-18,87.38820621262776,88.29235840856168,87.10052094793149,87.55259704589844,75067600
2006-01-19,87.76492492787764,88.20330388866637,87.54573022159384,87.88821411132812,81530400
2006-01-20,87.86765890388781,87.8882070994902,86.28538513183594,86.28538513183594,114957800
2006-01-23,86.44975485206254,86.86758548043618,86.39495619321963,86.59359741210938,67017400
2006-01-24,86.73747167563901,87.09365786242009,86.59362906301617,86.68267822265625,53008800
2006-01-25,87.01830435964301,87.11419942742323,86.1963399168122,86.75801849365234,87747700
2006-01-26,87.16214854975011,87.44983375833348,86.82651580640284,87.23749542236328,71294000
2006-01-27,87.44295863364783,88.12792617340361,87.29911085151804,88.04572296142578,65771200
2006-01-30,87.97724914550781,88.23068383866173,87.91560456367749,87.97724914550781,33709600
2006-01-31,87.89506018306037,88.04574346125727,87.32653051259078,87.33338165283203,72937000
2006-02-01,87.552569421446,87.97039490211682,87.48407369801907,87.94300079345703,63561000
2006-02-02,87.74436579669252,87.77175990567494,86.85390570398903,86.92240142822266,83626900
2006-02-03,86.70320350338315,87.94299323630509,86.40181607513719,86.49085998535156,86040400
2006-02-06,86.60730395992739,86.85389271099078,86.42235978368586,86.7168960571289,45511900
2006-02-07,86.56622726621292,86.75802263682185,85.89496175969488,85.94976043701172,71208100
2006-02-08,86.20317805994654,87.74436050463936,86.03193614674605,86.73060607910156,59422200
2006-02-09,86.9360912067309,87.40186940878125,86.55936214203132,86.58676147460938,62023300
2006-02-10,86.6004811163311,87.07995649678995,85.929210357799,86.74432373046875,64508700
2006-02-13,86.71690177199474,86.84704729526845,86.27167176290584,86.58676147460938,52308700
2006-02-14,86.62100690327003,87.69640588625325,86.4497649937129,87.5046157836914,90964400
2006-02-15,87.45670046606647,87.89508472379545,87.1553129219685,87.81288146972656,85471300
2006-02-16,87.90874236878624,88.50467130896273,87.7991450405036,88.47042083740234,61017900
2006-02-17,88.39510130447084,88.47044818448354,88.07316558548743,88.23070526123047,40342600
2006-02-21,88.43619709647913,88.63483316872652,87.87451845809059,88.01152038574219,46456300
2006-02-22,88.20330012147534,88.80606463445379,88.12109688424042,88.54578399658203,42326700
2006-02-23,88.54579497502382,88.79922972945604,87.8676730555947,88.4156494140625,43423200
2006-02-24,88.43620066723952,88.68963543042446,88.19645773594884,88.64169311523438,36777400
2006-02-27,88.63484224310791,89.07322128184693,88.55264943952582,88.67594909667969,35858600
2006-02-28,88.49780866662147,88.98414024402085,87.76489879574017,87.83338928222656,74394800
2006-03-01,88.08683268545498,88.69645339778228,88.01833174852024,88.61425018310547,48641600
2006-03-02,88.29234733951114,88.64853353048196,88.09371127156899,88.60743713378906,60642300
2006-03-03,88.13481231089312,89.09377357528628,88.12111002734723,88.19645690917969,73402500
2006-03-06,88.45673984285806,88.48413395563203,87.57313076804651,87.79232025146484,57478400
2006-03-07,87.57998759291424,87.71697906923254,87.26490301667026,87.65533447265625,61780800
2006-03-08,87.47036735104136,87.97724717778938,87.11418647024806,87.84025573730469,66692400
2006-03-09,87.8676852561322,88.14166824751914,87.25121307373047,87.25121307373047,56313600
2006-03-10,87.47720935147015,88.25122083853034,87.29227040354883,88.0799789428711,60490800
2006-03-13,88.25123067957546,88.47042534731449,88.03889237756391,88.244384765625,45479100
2006-03-14,88.16220490972523,89.20334837871577,88.09370395307492,89.16909790039062,69877300
2006-03-15,89.14856019076097,89.63489195591937,88.94307820019523,89.56639099121094,53398900
2006-03-16,89.73764811721865,90.05273797563719,89.62120481895876,89.75135040283203,65526400
2006-03-17,89.86753850600144,90.01883150631525,89.66123940861141,89.82627868652344,47286800
2006-03-20,89.84003564628128,90.01883169550898,89.54433327717297,89.68186950683594,45538500
2006-03-21,89.65435671435642,90.08073267122012,89.0216816579446,89.11795806884766,87102700
2006-03-22,89.06297107406782,89.75066294999765,89.02171124044727,89.66127014160156,51605700
2006-03-23,89.57873551641039,89.66813881369589,89.16612670742408,89.4755859375,46704200
2006-03-24,89.39304140907257,89.79190382548762,89.22111849648032,89.5443344116211,43209200
2006-03-27,89.42056179990155,89.59248474583589,89.22113579968902,89.41368865966797,32523000
2006-03-28,89.35175762431908,89.76437674966775,88.74659619870533,88.8635025024414,82079900
2006-03-29,88.9941668195238,89.74374809749196,88.911636697296,89.4205322265625,61505700
2006-03-30,89.47558819285935,90.07387675230983,89.09048243076043,89.26240539550781,70571700
2006-03-31,89.41366020761487,89.56495319136211,88.96665439441965,89.28299713134766,62925600
2006-04-03,89.44804123187993,89.9981860543685,89.04917889023781,89.21421813964844,61624700
2006-04-04,89.21425634265756,89.90194815858906,88.9598137286331,89.78504180908203,54809300
2006-04-05,89.81943276794867,90.28018504732246,89.6612665809027,90.0945053100586,50607200
2006-04-06,89.9844531856183,90.23202258995863,89.5305741954375,89.99819946289062,57906200
2006-04-07,90.12885892270278,90.36267154701844,88.95291216942391,89.08356475830078,80180900
2006-04-10,89.2210922241211,89.45490479799524,88.89099277394008,89.2210922241211,41496500
2006-04-11,89.2967799270614,89.4411893215109,88.19646890517595,88.46466827392578,72799400
2006-04-12,88.55403796302178,88.8016073243486,88.44400480391218,88.62968444824219,43033700
2006-04-13,88.4302643633886,88.8841433585149,88.23771154606378,88.5127944946289,51051800
2006-04-17,88.59530749345852,88.92539651365924,88.03827899270082,88.47840118408203,64167700
2006-04-18,88.66408464915293,90.04635166326156,88.66408464915293,89.88130187988281,92531800
2006-04-19,89.91567880230797,90.13574515625702,89.56495985571063,90.05321502685547,87269000
2006-04-20,90.08761393182196,90.67902922164244,89.81254144539777,90.17701721191406,86005500
2006-04-21,90.56211712718249,90.63087999774133,89.82628200814254,90.19075775146484,72342600
2006-04-24,90.0119619174824,90.13575187414023,89.66124294474572,90.02571868896484,52546400
2006-04-25,90.11511772946578,90.17013432587483,89.34490636642492,89.65436553955078,84359800
2006-04-26,89.74376115594225,90.1838833962837,89.60622492333717,89.67498779296875,67262400
2006-04-27,89.33114327921601,90.52085741744338,89.11796054154003,90.10823822021484,124478600
2006-04-28,89.94320700922736,90.6033957624044,89.88820089869483,90.41084289550781,55854400
2006-05-01,90.41082290208597,90.63776240788823,89.61998169460026,89.67498779296875,64990300
2006-05-02,90.09446971057173,90.40393931484417,89.90880054001713,90.34892272949219,49063500
2006-05-03,90.19072072571521,90.30763749501766,89.70933885605538,90.01192474365234,60821300
2006-05-04,90.14262935328475,90.51397825445328,90.0669828465023,90.3351821899414,42921400
2006-05-05,90.80965771545523,91.3254263009349,90.67212152466173,91.13287353515625,62588200
2006-05-08,91.12599192927843,91.30479842528696,91.02284240722656,91.02284240722656,30016700
2006-05-09,91.06411631171764,91.3048125582143,90.98846981939074,91.20165252685547,29864000
2006-05-10,91.05726514178356,91.29107781326074,90.69966250147877,91.1535415649414,64378200
2006-05-11,91.12601226900385,91.15352580991814,89.7575126687454,90.05321502685547,80626900
2006-05-12,89.64745407576828,89.89502340710179,88.84285637226897,88.87724304199219,91726500
2006-05-15,88.56778755810554,89.22110290647282,88.44400811947173,89.0560531616211,84029300
2006-05-16,89.23485890391318,89.3999086667469,88.71909020006656,88.92539978027344,62137600
2006-05-17,88.48526378272064,88.78097658337799,87.17864888727142,87.2336654663086,144789500
2006-05-18,87.5775242177083,87.85260190706452,86.72478810270748,86.7935562133789,87906300
2006-05-19,87.24739729331185,87.6737625422921,86.5115678107152,87.40556335449219,124309400
2006-05-22,86.84171835537698,87.45376362841652,86.30531959893084,86.73856353759766,110852800
2006-05-23,87.46062317977555,87.77008231979615,86.07836151123047,86.07836151123047,92006500
2006-05-24,86.42906961480304,87.26117571642459,85.79639468166978,86.76603698730469,168405000
2006-05-25,87.28181057411939,87.8388442993164,86.94484318250056,87.8388442993164,78977900
2006-05-26,88.03138228389041,88.28583526611328,87.68754179170566,88.28583526611328,62989700
2006-05-30,88.00390370559678,88.02453361619571,86.6835369605549,86.7179183959961,72419900
2006-05-31,87.07551590541287,87.68756103515625,86.78668143392022,87.68756103515625,86926200
2006-06-01,87.59816754006584,88.6709701681653,87.52252103274243,88.52655029296875,73721700
2006-06-02,88.8841421437818,89.00792159893832,88.24459397212364,88.71221923828125,91702600
2006-06-05,88.60909699860935,88.61597013934454,87.1786914781711,87.41938781738281,86105100
2006-06-06,87.48124681463355,87.59815312610726,86.48409610460637,87.20616912841797,130498600
2006-06-07,87.27495003706667,87.78384039026507,86.50473349834863,86.55287170410156,108599400
2006-06-08,86.36033517246969,86.99301035219348,85.18438285580747,86.47724151611328,204957200
2006-06-09,86.89668771893696,87.30930151907704,86.1608581139086,86.20211791992188,94972200
2006-06-12,86.56662835851466,86.60101504180635,85.14998515097447,85.26689147949219,95815900
2006-06-13,85.09497620678245,85.85143608716716,84.27662658691406,84.27662658691406,185688800
2006-06-14,84.47606015308884,85.01933731729125,84.13221424511306,84.92993927001953,163566400
2006-06-15,85.23935680777595,86.89669579220826,85.17746709300609,86.73165130615234,134057000
2006-06-16,86.54171508064468,86.7282101910784,85.9684069039772,86.09964752197266,94253500
2006-06-19,86.6176658879469,86.67292563107608,85.33981462977476,85.42269897460938,95804400
2006-06-20,85.65756747606599,86.21014920891967,85.45725481932871,85.71282196044922,65494700
2006-06-21,85.65067236136073,86.82491334224142,85.62304247982858,86.34831237792969,75008200
2006-06-22,86.30689413590518,86.38287501837314,85.67833124532626,85.96843719482422,74566100
2006-06-23,85.87860899225666,86.54861908095569,85.67138753002745,85.95458984375,54107000
2006-06-26,86.02369140256171,86.38286942106721,85.82337865902234,86.33451843261719,37899600
2006-06-27,86.34832729361393,86.54173122788626,85.49181662774797,85.5885238647461,69780200
2006-06-28,85.78193143391253,86.1825516276544,85.40893585778416,86.16873931884766,62368100
2006-06-29,86.47956434437103,87.96463782543992,86.45884324670575,87.90937805175781,110634800
2006-06-30,88.09586662981162,88.17875627919389,87.69524122925606,87.91627502441406,54227800
2006-07-03,88.01986399804726,88.42048402965303,87.93697436916672,88.27543640136719,23914000
2006-07-05,87.92316377504054,88.03367801250275,87.39129786830689,87.77120208740234,69653400
2006-07-06,87.86099990500904,88.3099762051165,87.77811553997165,88.02677917480469,50100300
2006-07-07,87.85410130512072,88.10966847143763,87.23244218324318,87.45347595214844,81626500
2006-07-10,87.68140071223448,88.0198574493938,87.31531410083728,87.61923217773438,60964100
2006-07-11,87.45347829664478,88.00606536865234,86.99068965400843,88.00606536865234,73640800
2006-07-12,87.8264842705758,87.99916709247239,86.83873831853288,87.06668090820312,82561300
2006-07-13,86.65223881135312,86.8111093278717,85.65068054199219,85.65068054199219,102405700
2006-07-14,85.74042279923631,85.83022118693428,84.84247581126577,85.31907653808594,103242500
2006-07-17,85.31913318312202,85.71975862689698,85.06356595888022,85.1948013305664,81159000
2006-07-18,85.4503598815832,85.68521124025021,84.53859486823703,85.62995147705078,122771000
2006-07-19,85.77501034649558,87.21173267006614,85.45727459087426,86.8180160522461,133565300
2006-07-20,87.11503542358064,87.23936727118732,86.1065683351538,86.22399139404297,112259800
2006-07-21,86.44500758589119,86.47263746526829,85.52633385858006,85.61612701416016,101560000
2006-07-24,85.95458561776587,87.25315827695694,85.95458561776587,87.17717742919922,92884000
2006-07-25,87.01833198254221,87.93009709287983,86.83874036797009,87.48802947998047,95480700
2006-07-26,87.43963610738592,88.03366519812508,87.1564391333504,87.60541534423828,84525800
2006-07-27,87.98534114411783,88.19947140640171,87.17027809152172,87.52255249023438,87257100
2006-07-28,87.75052913336974,88.51033271849572,87.62619725435908,88.39981842041016,82137000
2006-07-31,88.17876219226486,88.38597842482393,88.03370397865326,88.30999755859375,49593100
2006-08-01,87.95772416878923,87.98535405410128,87.44658446517069,87.87483978271484,65225600
2006-08-02,88.12346839921987,88.73131509438123,88.10274731095022,88.46883392333984,64770900
2006-08-03,87.95772895831223,88.7935185423928,87.8264935832611,88.70372009277344,63693800
2006-08-04,89.15960477904939,89.40135443003675,88.05443566240781,88.5517578125,96294200
2006-08-07,88.34452056884766,88.46885239428381,87.99915497262062,88.34452056884766,45377300
2006-08-08,88.47575752903964,88.73133524192967,87.68832437683842,88.00606536865234,90901300
2006-08-09,88.53790002509271,88.82801633808083,87.4534577683296,87.70903015136719,78910600
2006-08-10,87.43282167941437,88.06829359193767,87.2256000571345,87.97850036621094,69322300
2006-08-11,87.840281091906,87.86100218370275,87.30151162574812,87.72976684570312,47482200
2006-08-14,88.15800596837141,88.52409786797334,87.66758753325857,87.798828125,57839000
2006-08-15,88.5862584485028,89.01450833300949,88.3445036314652,88.84873962402344,68143000
2006-08-16,89.32537412941848,89.71908547810143,89.1319596746017,89.58784484863281,71737600
2006-08-17,89.5049536953182,90.0506267273893,89.44279041439658,89.81578063964844,70992800
2006-08-18,89.92630946052704,90.27167510986328,89.51186646543427,90.27167510986328,58288400
2006-08-21,89.91938530701303,89.98846264501435,89.65691460999642,89.88485717773438,42133600
2006-08-22,89.78817229627494,90.15425906988328,89.57403672365443,89.87796020507812,60839900
2006-08-23,89.91938594048173,90.0989828046616,89.23556877217247,89.62928009033203,66592100
2006-08-24,89.78815557647715,89.86413643268438,89.38061614424451,89.55329895019531,57983000
2006-08-25,89.54638769684409,89.96773412855515,89.48422442160503,89.66381072998047,41756000
2006-08-28,89.55327925213803,90.36144388118001,89.54637573571841,90.09204864501953,52681500
2006-08-29,90.13350018602434,90.36834621786176,89.66379758262993,90.19566345214844,61817800
2006-08-30,90.39597841927802,90.51340144506432,90.17494994124515,90.25093078613281,50052200
2006-08-31,90.38218741000996,90.47888936249196,90.19568702317954,90.23712921142578,37510300
2006-09-01,90.58247504353896,90.88639841057632,90.37525360785713,90.77587890625,48794500
2006-09-05,90.83805073672183,91.072907340481,90.62392576423287,90.94857025146484,52348300
2006-09-06,90.561781866288,90.59632053950027,90.02301229129132,90.1473388671875,53795600
2006-09-07,89.83649272588117,90.18877236189344,89.34607950592991,89.7328872680664,86269400
2006-09-08,89.85032783424474,90.11280909822614,89.6776450110408,89.98847198486328,45096300
2006-09-11,89.69835044703771,90.271658584753,89.4358692288805,90.07825469970703,68496600
2006-09-12,90.18182725484819,91.06596198952573,90.05058669365556,90.96235656738281,69875600
2006-09-13,90.92787339738979,91.48736409779615,90.84498900909962,91.32849884033203,62898400
2006-09-14,91.14891356651877,91.34231750130486,91.00385534556722,91.33540344238281,57805400
2006-09-15,91.7925946504551,91.8480974528495,91.35551669789747,91.5497817993164,76703100
2006-09-18,91.43180584295493,91.84807145002664,91.3346786127814,91.67462921142578,64154100
2006-09-19,91.66075302749157,91.66769749228663,90.93230407706719,91.44568634033203,92089100
2006-09-20,91.7509440735591,92.1117068933744,91.61912627866076,91.93132019042969,75204100
2006-09-21,92.00072051924701,92.09784776953454,91.17513359876484,91.4873275756836,88932500
2006-09-22,91.34858295094327,91.35551683147378,90.88375888954735,91.20983123779297,65966800
2006-09-25,91.3902032501235,92.16723186336704,90.91844532965125,91.91053009033203,92299100
2006-09-26,91.92441122356,92.68756151343166,91.85503007499821,92.6736831665039,73962700
2006-09-27,92.61124856770459,92.94425479892264,92.45861850629689,92.7846908569336,82432200
2006-09-28,92.78468294270772,92.95812521714267,92.46554449987383,92.74999237060547,58597500
2006-09-29,92.82631322447824,92.92344048081856,92.60430201794213,92.6736831665039,47966600
2006-10-02,92.64591770254701,92.84711666268397,92.23659648858005,92.32678985595703,51687400
2006-10-03,92.19496196391675,92.87485261964883,92.02845359297069,92.52103424072266,73108100
2006-10-04,92.43083835987166,93.65881242014781,92.32677724716798,93.60330963134766,80890500
2006-10-05,93.60333050077854,93.94328118819553,93.48539101806087,93.78370666503906,60505900
2006-10-06,93.6241470281013,93.72821875486294,93.24257186879672,93.665771484375,64983600
2006-10-09,93.5547622709633,93.86695623173435,93.40906611002973,93.72126007080078,41176800
2006-10-10,93.72822139721235,93.97103426101336,93.5478346335044,93.84616088867188,56403700
2006-10-11,93.5478477861045,93.95716912332142,93.17321703033018,93.73516845703125,104071800
2006-10-12,93.97102248842207,94.62316713626811,93.93633191620287,94.5468521118164,59158600
2006-10-13,94.46360053685757,94.84517564832888,94.38034104866998,94.7896728515625,53944000
2006-10-16,94.71331748673431,95.08101409587698,94.64393637380977,94.93531799316406,42273000
2006-10-17,94.67867126678301,94.83823519794485,94.12365386169553,94.63704681396484,90500600
2006-10-18,95.07411108639548,95.3030561555834,94.42197703649562,94.76191711425781,86848600
2006-10-19,94.62316141776117,94.96311206724238,94.51215582779885,94.91454315185547,64063200
2006-10-20,94.93531799316406,95.01163298295243,94.58149972382061,94.93531799316406,48094500
2006-10-23,94.74111169722187,95.60138923847342,94.62317221420847,95.37244415283203,66219900
2006-10-24,95.24059477264218,95.691540328078,95.19897033196483,95.6568603515625,53234900
2006-10-25,95.55977156417742,96.02459564882587,95.40019702929868,95.98297119140625,78105400
2006-10-26,96.19800111703178,96.43388000949085,95.72623274604001,96.28125,66843700
2006-10-27,96.16332479800528,96.26045203787977,95.48343411888384,95.67768859863281,80238000
2006-10-30,95.5042305240881,95.87886107696002,95.32384383271683,95.60829162597656,49717800
2006-10-31,95.78871701642841,95.92052427004673,95.21982120007242,95.59445190429688,71274100
2006-11-01,95.89276805937652,95.95520473915747,94.8521143853877,94.9492416381836,83005600
2006-11-02,94.70640955527927,95.05329408156403,94.6023484318241,94.89373016357422,60693100
2006-11-03,95.23366997124243,95.31691886053154,94.08894481314492,94.72721099853516,71346400
2006-11-06,95.01862103006341,95.93439074150761,95.01167656394267,95.79563903808594,63303300
2006-11-07,95.87887461530596,96.42001359368311,95.74012293117141,96.16332244873047,63318900
2006-11-08,95.74012001398127,96.46857956608518,94.9492237938305,96.37145233154297,87517800
2006-11-09,96.44081206882227,96.53100541438587,95.67072815766919,95.86498260498047,95916300
2006-11-10,95.83725033450177,95.9760020188764,95.54586862149259,95.90663146972656,48991500
2006-11-13,95.86501833043046,96.46166023696881,95.78871388476185,96.14253234863281,59398200
2006-11-14,96.4130832939666,96.94728841309576,95.82337538190806,96.86402893066406,96704000
2006-11-15,96.8293617972925,97.43987142838029,96.80160510410681,97.14155578613281,76509600
2006-11-16,97.43295136390094,97.59944920231722,96.77387271932065,97.39132690429688,76728800
2006-11-17,97.07907105561,97.42595548402751,96.94031940145753,97.41902160644531,56353800
2006-11-20,97.33580427012718,97.64106435981725,97.08604697729677,97.47455596923828,69174200
2006-11-21,97.46762466045634,97.59249801712748,97.32886237160884,97.57168579101562,51367900
2006-11-22,97.64799071132573,97.93243855352301,97.47454845428963,97.76593017578125,45505300
2006-11-24,97.29415313815367,97.71040812133792,97.26639645429749,97.37046813964844,30998000
2006-11-27,97.32193570313927,97.37050462505013,96.00377855002345,96.03152465820312,84545100
2006-11-28,95.9066301929297,96.54489640141574,95.8164368355532,96.44776916503906,106652900
2006-11-29,96.75995875459282,97.49535216645059,96.48938928068148,97.45372772216797,90034900
2006-11-30,97.43292465583387,97.85612418926591,96.96115620879186,97.495361328125,83994300
2006-12-01,97.49537832836008,97.58557170589111,96.4131001422962,97.28031158447266,126080000
2006-12-04,97.30111359790469,98.20301552030547,97.28723525218516,98.02262878417969,87813200
2006-12-05,98.20992951156073,98.4874434393716,98.00179671222105,98.44580841064453,73374400
2006-12-06,98.42501602226403,98.56377830716747,98.16832485012958,98.36257934570312,53253200
2006-12-07,98.53600204499828,98.72332262355233,97.89773588830094,97.93242645263672,62857400
2006-12-08,97.91165794925097,98.44585265146134,97.66883447655268,98.11284637451172,79625500
2006-12-11,98.11281473092583,98.57763870964814,98.05731193832202,98.39726257324219,39779400
2006-12-12,98.30012588838409,98.42499922018887,97.74510860174522,98.32093811035156,77451600
2006-12-13,98.67475266240994,98.75106766870402,98.20992874628192,98.42499542236328,55520200
2006-12-14,98.41806833251971,99.37547291641579,98.40418998876156,99.2922134399414,64755200
2006-12-15,99.5105848989599,99.6849935243889,99.23153535629662,99.3012924194336,70857400
2006-12-18,99.44079175941059,99.6779955195745,98.88966532782749,99.02919006347656,48954600
2006-12-19,98.75015366277599,99.45476059035153,98.49900484734353,99.21756744384766,65023600
2006-12-20,99.25942681820317,99.5245313106104,99.07106253964767,99.16175842285156,41469600
2006-12-21,99.25244946172036,99.36406287591974,98.58969890810666,98.79898071289062,48698400
2006-12-22,98.81298740879595,98.81995992420397,98.13628083705856,98.19209289550781,62069100
2006-12-26,98.23391372216749,98.79202345958969,98.2129855384567,98.7710952758789,32696900
2006-12-27,98.97338290617702,99.48266365166438,98.94548221569748,99.41986846923828,39727100
2006-12-28,99.350096009929,99.55240525842736,99.05709090259319,99.2105712890625,37288800
2006-12-29,99.10594155331538,99.44080308602592,98.66642847315666,98.79898071289062,45461200
2007-01-03,99.23849443875027,99.66405185300691,98.06647374410943,98.62457275390625,94807600
2007-01-04,98.52690907697266,99.09897442795955,98.09437913016768,98.83386993408203,69620600
2007-01-05,98.59666168214997,98.64549055009165,97.93391119399192,98.04552459716797,76645300
2007-01-08,98.24087923321103,98.65248096566444,97.84322252402133,98.4990005493164,71655000
2007-01-09,98.58272391961378,98.78504387441039,97.94787400568347,98.41529846191406,75680100
2007-01-10,98.07345618371582,98.76411814907948,97.87811938150217,98.74317932128906,72428000
2007-01-11,98.77106054603652,99.49659549803258,98.71524852741312,99.17568969726562,54476800
2007-01-12,99.16871629884915,99.92914581298828,99.14081560931939,99.92914581298828,55370600
2007-01-16,99.81062698103716,100.06874847915604,99.57342303256375,99.73388671875,44871300
2007-01-17,99.65709158498136,100.08264905152181,99.57336820718061,99.77568817138672,50241400
2007-01-18,99.88036258863518,99.94314715925142,99.28039629760401,99.44084930419922,68177300
2007-01-19,99.44082958470733,99.8315138962102,99.38502818526595,99.63617706298828,56973000
2007-01-22,99.81053190756485,99.83146008233885,99.01521868593967,99.32916259765625,60253600
2007-01-23,99.24547145393797,99.81753680351072,99.10594669515771,99.62220001220703,54064400
2007-01-24,99.74081300027224,100.44542006733184,99.69895663025702,100.42449188232422,55834700
2007-01-25,100.36167974752512,100.40353610603806,99.07105191974627,99.2454605102539,73583800
2007-01-26,99.46177662137501,99.51757802541998,98.77111448939452,99.15481567382812,67255600
2007-01-29,99.19664453282984,99.62220197478,98.88271115812556,99.0989761352539,66114600
2007-01-30,99.30830692737759,99.66409680334928,99.10598689677836,99.6152572631836,70407600
2007-01-31,99.50362580366756,100.55007769734962,99.34316218219372,100.28497314453125,91868600
2007-02-01,100.5640168924034,100.91981732845777,100.3965914119623,100.88493347167969,69312400
2007-02-02,100.96863254579907,101.12211297880218,100.72446687151745,101.02444458007812,49607000
2007-02-05,100.94773183819926,101.11516798660696,100.69658293811769,101.05238342285156,45705300
2007-02-06,101.13608090090376,101.17793727041952,100.68959521763834,101.08026885986328,57081300
2007-02-07,101.24073262599966,101.40816876698472,100.85704210113056,101.30352783203125,55669700
2007-02-08,101.00353097504866,101.24072417117438,100.64774118086008,101.17096710205078,70641000
2007-02-09,101.1988197710826,101.3871839939288,100.03377188357749,100.41747283935547,79084400
2007-02-12,100.41748245527505,100.4872394979714,99.8942567323068,100.07563781738281,65657000
2007-02-13,100.29888283669358,101.08720232990177,100.29189968109915,100.9197769165039,64081800
2007-02-14,101.01750579700034,101.78489757318762,101.00355012250657,101.58258819580078,66039400
2007-02-15,101.62446824682485,101.81980515499728,101.45703204907858,101.71516418457031,38715200
2007-02-16,101.46393524177262,101.68717268442681,101.3174273535818,101.66624450683594,39841800
2007-02-20,101.54766105329703,101.99414664126344,101.15698749445845,101.88252258300781,56911800
2007-02-21,101.58257684073945,101.90349344785982,101.40119567283803,101.8406982421875,63971600
2007-02-22,101.88954920175556,102.14767063215173,101.27562726453154,101.76396942138672,79067400
2007-02-23,101.67326339618934,101.7081366077273,101.17793818066046,101.36630249023438,71966200
2007-02-26,101.73603793224136,101.81975066378212,100.98259141320229,101.27559661865234,69192800
2007-02-27,100.37564967027916,100.59888716240323,96.971190093666,97.32000732421875,274466500
2007-02-28,97.94090139921092,99.05013763563429,97.52929962268507,98.31761932373047,177536300
2007-03-01,97.20835870265195,98.54084274161714,96.30841515895953,98.02458953857422,212828600
2007-03-02,97.70369032263424,98.12924769094349,96.73397902698599,96.74095153808594,162574000
2007-03-05,96.2246945177638,97.37579750731379,95.8061203220631,95.82007598876953,143750400
2007-03-06,96.81766577912732,97.75249297849535,96.07817528873015,97.45948791503906,143333300
2007-03-07,97.38282851969451,97.98977796791283,97.25027621899095,97.36190032958984,115144900
2007-03-08,98.04557654276778,98.47811729756457,97.71769802558973,98.18511199951172,117891600
2007-03-09,98.58273526216672,98.6594754874609,97.72464775755616,98.2129898071289,107765100
2007-03-12,97.96180228238586,98.60362452922811,97.7804212055785,98.35945892333984,80366900
2007-03-13,97.79441244721708,98.20602494863722,96.30147483926535,96.44798278808594,190605200
2007-03-14,96.57354841072829,97.22235409622697,95.40152744281406,97.16654205322266,231853800
2007-03-15,96.95027786585347,97.66186811389841,96.83168126535578,97.2990951538086,132435900
2007-03-16,97.57296196204436,97.79709564247486,96.73948220477686,97.02664947509766,121531600
2007-03-19,97.53788720177684,98.28732176885633,97.4608426265376,98.1962661743164,96161200
2007-03-20,98.11227673083678,98.79166727160545,98.0282319422163,98.73563385009766,82147400
2007-03-21,98.82664169299032,100.61265671096518,98.63053015621445,100.36051177978516,152368700
2007-03-22,100.49360036257757,100.6336785197344,100.01032163619986,100.28347778320312,118942200
2007-03-23,100.35349742168675,100.72470925575156,100.26244183274703,100.4305419921875,74416800
2007-03-26,100.50761556907986,100.61267151950187,99.52004688599774,100.29749298095703,113787500
2007-03-27,100.24147251490082,100.26949456348224,99.73018234473147,100.05937194824219,99864600
2007-03-28,99.55510903618519,99.78624290711429,98.93875204704091,99.33098602294922,152907900
2007-03-29,99.83522028761816,99.88425352014467,98.88968472063524,99.43599700927734,139432700
2007-03-30,99.62510091910781,100.04533535490651,98.4484209868611,99.45700073242188,128194100
2007-04-02,99.56906127929688,99.77918382765758,99.0927827905275,99.56906127929688,79416400
2007-04-03,100.13642650096162,100.84382833237117,100.09440411119408,100.64071655273438,82417800
2007-04-04,100.64066455024782,100.82276504090689,100.26945271607023,100.75273132324219,63995200
2007-04-05,100.62667546574171,101.16598757696653,100.58465308852799,101.02590942382812,46822800
2007-04-09,101.31304814310683,101.41811475500728,100.96284747799098,101.16596984863281,50967400
2007-04-10,101.08894551113006,101.45315726819697,101.04692313286817,101.2850570678711,56620000
2007-04-11,101.4321418328317,101.46015318807423,100.53561815590301,100.87181854248047,106365700
2007-04-12,100.67568519674082,101.50215358843057,100.39551826858498,101.32005310058594,115534400
2007-04-13,101.48820103454085,101.78237915039064,101.10998882274808,101.78237915039062,84287000
2007-04-16,102.13954787748025,102.86096053818652,102.13254771018504,102.74889373779297,83064600
2007-04-17,102.93804231015385,103.23920992180922,102.71390862840663,103.02208709716797,108424100
2007-04-18,102.67887978912047,103.44931514391207,102.65786859590764,103.14814758300781,88345300
2007-04-19,102.6438036985712,103.23913833927321,102.51072575321582,103.12007141113281,102947700
2007-04-20,103.813479319986,104.09363555908203,102.98700024628441,104.09363555908203,124114100
2007-04-23,103.91856164737825,104.17070660155423,103.63840533708414,103.7014389038086,77270800
2007-04-24,103.82054437285468,103.93961138325069,103.18318692747397,103.74349975585938,114471000
2007-04-25,104.17071327339274,104.82209223309889,103.67343418767965,104.69601440429688,108418800
2007-04-26,104.70302261924934,104.92014537125057,104.42986646555771,104.81507873535156,88741600
2007-04-27,104.42289299617626,104.8781605401758,104.24779256093392,104.73107147216797,108191100
2007-04-30,104.80807216890993,104.8781165885661,103.80650322895,103.8625259399414,100874100
2007-05-01,103.95359986363422,104.68902365048659,103.42829868549394,104.12870025634766,134342700
2007-05-02,104.28981855415057,105.02524254500214,104.18476256429298,104.73807525634766,87129800
2007-05-03,105.03922575470673,105.34039330406075,104.87112552817057,105.30538177490234,86569700
2007-05-04,105.58550763328718,105.84465272297261,105.21429575828165,105.70457458496094,96409000
2007-05-07,105.6765862759643,105.90070920819954,105.62755303896581,105.7256088256836,63461400
2007-05-08,105.46648902402323,105.70462303652366,105.15131039721011,105.58555603027344,80584000
2007-05-09,105.50846893511026,107.03534958019017,105.31935756025155,105.8726806640625,102070100
2007-05-10,105.57150965461717,105.77463206401129,104.54892950226282,104.76605224609375,153617800
2007-05-11,104.8851134992542,105.7115820516923,104.86410231146527,105.66255950927734,113408900
2007-05-14,105.66259898824066,105.97077744066051,104.91316405283042,105.43146514892578,108027500
2007-05-15,105.55050995972205,106.22290014064714,105.19330902167772,105.45946502685547,180673300
2007-05-16,105.62056190550634,106.2018965076582,105.32639452019095,106.1808853149414,114166500
2007-05-17,106.02680520402826,106.43303944352918,105.83769376607691,105.97077178955078,101132800
2007-05-18,106.46805636321031,106.89530181884766,106.32797816356955,106.89530181884766,99182000
2007-05-21,106.86727833574068,107.32253510477022,106.8112449247819,106.8392562866211,174664600
2007-05-22,106.95133775682932,107.27352724214997,106.7272147695782,106.7552261352539,82148800
2007-05-23,107.12641940280082,107.51164240882264,106.71318503601378,106.76921844482422,133786600
2007-05-24,106.83224923057433,107.30852784937836,105.57853513894902,105.80265808105469,187593000
2007-05-25,106.11082612022183,106.47503788878205,105.88669251271442,106.24390411376953,83309200
2007-05-29,106.41898968765469,106.81121275896918,106.07578915661593,106.62911224365234,82020000
2007-05-30,106.08283134642905,107.53965727385248,105.9987758868344,107.49763488769531,129013600
2007-05-31,107.63073906633248,107.78482831122035,107.24551595411282,107.38560485839844,114866700
2007-06-01,107.77779139862211,108.1419925012136,107.51863556386829,107.9178695678711,107771700
2007-06-04,107.53964331269724,108.13498887204827,107.49762093199554,107.93187713623047,78008800
2007-06-05,107.67973906086524,107.79179518748651,107.0633822716901,107.504638671875,126917900
2007-06-06,107.06340411934653,107.12643770729873,106.28595780609078,106.34899139404297,164096800
2007-06-07,106.15284459954758,106.81122368831218,104.40184093252607,104.42986297607422,232414600
2007-06-08,104.7660550739503,105.89370188868759,104.42285449997688,105.78863525390625,175886000
2007-06-11,105.71161591168233,106.42602858716886,105.55052652461023,105.97077178955078,102015600
2007-06-12,105.52949124780606,106.13883712436157,104.7450449986975,104.81507873535156,233898000
2007-06-13,105.41042973246738,106.51006525890605,104.86411739680968,106.38398742675781,193208200
2007-06-14,106.50300848695191,107.24543207495412,106.48199730519899,107.0633316040039,146396500
2007-06-15,107.72178785739555,108.08756943076784,107.57406486686406,107.67255401611328,154030800
2007-06-18,107.89062407286835,107.89765441284423,107.38416052767393,107.54594421386719,88537500
2007-06-19,107.30675375993133,107.89059381449403,107.17310220446824,107.81321716308594,110851700
2007-06-20,108.03127311322318,108.03127311322318,106.1883156663835,106.31492614746094,177119700
2007-06-21,106.27271838966207,106.99724029121936,105.68887837254839,106.90579223632812,205262000
2007-06-22,106.58225144030916,106.75810652286424,105.40754077684244,105.89993286132812,204964700
2007-06-25,105.68188332965372,106.39233406003447,104.82370959460117,105.39347839355469,232014400
2007-06-26,105.66074148791493,105.83659651881375,104.30313506803964,104.31016540527344,198445700
2007-06-27,104.19759421026247,105.91394049988038,104.14834966479403,105.79434967041016,213638000
2007-06-28,105.78031158447266,106.5048333843659,105.28087862143701,105.78031158447266,157705000
2007-06-29,106.1461449796812,106.67371033392085,104.91515915312199,105.81553649902344,199701800
2007-07-02,106.12501041525343,106.86360382951908,106.05467482977274,106.77215576171875,103357000
2007-07-03,107.04651540228743,107.27161509087664,106.91287453719949,107.15906524658203,54048400
2007-07-05,107.20124685122295,107.31379667252108,106.65962096124137,107.04649353027344,89279000
2007-07-06,107.18719951789473,107.74289688805582,106.8706517644172,107.60924530029297,81109000
2007-07-09,107.73586805627747,107.8765499857126,107.35601504012506,107.69366455078125,72348100
2007-07-10,107.12384601508994,107.34894560688585,106.05465515407727,106.16016387939453,180362600
2007-07-11,106.04064227362072,106.95509108666262,105.87885856106065,106.91288757324219,175607600
2007-07-12,107.18014695814631,108.85429069559777,107.15904520795507,108.60105895996094,133882500
2007-07-13,108.72768763272774,109.353731309028,108.60106638957595,108.92464447021484,111794300
2007-07-16,109.02307223959738,109.40291432590244,108.73466745678304,108.9105224609375,98378700
2007-07-17,108.98088905149064,109.36777231745086,108.80503399726696,108.85427856445312,126201300
2007-07-18,108.48850863992466,108.88946335840608,107.83433292030784,108.65733337402344,237887400
2007-07-19,109.17082882016038,109.40295880802645,108.85429183064919,109.07939147949219,145212700
2007-07-20,108.9527444041498,109.02309071106521,107.5037006417438,107.97499084472656,245502500
2007-07-23,108.45329997085577,108.8331528148781,107.83429761517304,108.30558776855469,121183900
2007-07-24,107.70777132866368,108.52374189529847,106.04769809080396,106.42755126953125,256732400
2007-07-25,106.93394319180841,107.19420523450421,105.68888641637663,106.64553833007812,265214500
2007-07-26,105.64669044990163,106.07577723736075,102.97369131818938,104.12026977539062,467592500
2007-07-27,104.25392566887304,104.71817490188813,102.03111498147501,102.07331848144531,422987600
2007-07-30,102.65014433867118,103.9725782608524,102.19995566587357,103.67011260986328,283017500
2007-07-31,104.3383228390193,105.13319112471412,102.02406429748585,102.50239562988281,316976700
2007-08-01,102.1225934866968,103.40985442140467,101.25738918850979,103.00186920166016,467670000
2007-08-02,103.23397071543386,103.9373910927808,102.17884014941345,103.8248519897461,294758400
2007-08-03,103.59973200854083,103.8107602270461,100.72977614355587,101.1518325805664,359398200
2007-08-06,101.44025100792645,103.28320884686735,100.25849926641064,102.84709167480469,324980000
2007-08-07,102.65716696959224,104.80963151011616,102.15773380147057,103.94442749023438,232568700
2007-08-08,104.3946227270749,105.92807402631554,103.64195775725696,105.39347839355469,274930600
2007-08-09,103.70527485658798,104.7744769775255,102.19995547843081,102.27030181884766,357622100
2007-08-10,101.56686962264484,103.05108707400002,100.67352272253751,101.7919692993164,411018400
2007-08-13,103.05106921846273,103.32540269353318,102.01001022759819,102.15772247314453,181917200
2007-08-14,102.48834041438613,102.74157216370597,100.39215082650348,100.59613800048828,264134500
2007-08-15,100.39214751528412,101.61610271885087,98.91496057074986,99.21039581298828,323834000
2007-08-16,98.33112184355652,100.54690229231512,96.36858387275997,99.9560317993164,546743700
2007-08-17,102.3476666844164,102.56572528785239,99.45660845389399,101.7919692993164,388218100
2007-08-20,102.11552583649046,102.32655407765051,100.7930922096735,101.74271392822266,187320400
2007-08-21,101.71460462738247,102.6782872401371,101.3910264873273,101.94672393798828,157066400
2007-08-22,102.70639711763691,103.26210518142479,102.22807645176904,103.15658569335938,173156700
2007-08-23,103.64193880388119,103.85999736771775,102.42502475622915,103.06513977050781,203915300
2007-08-24,103.03703143418092,104.33836364746094,102.89634948139673,104.33836364746094,128901900
2007-08-27,104.00072250778439,104.33836133364795,103.21288426964306,103.36763763427734,113024300
2007-08-28,102.81192855325186,102.8752338134423,100.91269561413395,101.0955810546875,219790700
2007-08-29,101.55279509286848,103.21990866369153,101.26440089933094,103.07921600341797,207654200
2007-08-30,102.31247095860566,103.5364260306055,102.21399255511194,102.80486297607422,191817300
2007-08-31,103.85999829855886,104.45790981982036,103.28319926001596,103.81779479980469,185477500
2007-09-04,103.71930453288007,105.49895674914848,103.68413137682595,104.86588287353516,120062000
2007-09-05,104.24687808179547,104.35942789691039,103.40277593511581,103.9584732055664,166261800
2007-09-06,104.07107920678816,104.5353393947771,103.48723880068331,104.19770050048828,127878400
2007-09-07,103.0370132753011,103.32541820435549,102.17883956121055,102.74861907958984,235447600
2007-09-10,103.06512492860205,103.20580681404337,101.52463305967093,102.55162048339844,192305900
2007-09-11,102.86816138055124,103.89514873677247,102.79078473864368,103.7474365234375,162081900
2007-09-12,103.60678539018635,104.41572528548325,103.38872678479073,104.0147705078125,149554600
2007-09-13,104.49310610870737,105.1261801968295,104.2469046670244,104.746337890625,154079000
2007-09-14,104.0780746200196,104.87293227798386,103.92332129191848,104.7392807006836,121911000
2007-09-17,104.32429463357856,104.56345503215132,103.84597383643303,104.17658233642578,109870800
2007-09-18,104.69006487729547,107.27161659186564,104.1976727182967,107.24348449707031,263759500
2007-09-19,107.911714300505,108.60106321153714,107.41932222119634,107.87654113769531,193779900
2007-09-20,107.8624910376109,107.92579630317093,106.9972868749237,107.11686706542969,175186800
2007-09-21,107.92890328984144,108.21866556334344,107.24334790160513,107.40589904785156,141457500
2007-09-24,107.72394524590884,108.00665463351017,106.9747842412211,107.20801544189453,139450200
2007-09-25,106.58605881126215,107.18680678557365,106.34576393524145,106.99597930908203,142289900
2007-09-26,107.60381271453443,107.97132957722502,106.99600092727232,107.56140899658203,135547000
2007-09-27,108.070298584219,108.2045842429904,107.56143229006646,108.197509765625,102713300
2007-09-28,108.02790949140397,108.26820450056599,107.41302301185141,107.83708190917969,133372100
2007-10-01,107.85119541396485,109.37071967736019,107.78051535248743,109.05268096923828,148162300
2007-10-02,109.27172971050074,109.2999952530613,108.70632180095959,108.90421295166016,112978800
2007-10-03,108.70635963624336,109.13041841205775,108.14095152991173,108.6851577758789,119055900
2007-10-04,108.91839531865591,109.02440462660456,108.55087841066177,108.85478973388672,76864400
2007-10-05,109.56860891476947,110.32484457861777,109.28591024253002,110.14815521240234,134579700
2007-10-08,109.82298195851904,109.89366198004731,109.38479602096385,109.56148529052734,71280400
2007-10-09,109.97148260547425,110.60756010708066,109.56862561266274,110.59342193603516,94054300
2007-10-10,110.2824002752644,110.56510965538301,109.83715052600034,110.40962219238281,101711100
2007-10-11,110.91142973613852,111.3284247836298,109.2222800404391,109.87957000732422,233529100
2007-10-12,109.87251310724899,110.50152677881387,109.73822747215159,110.48738861083984,124546700
2007-10-15,110.44501828429024,110.50862388301103,108.7982717059476,109.55449676513672,161151900
2007-10-16,109.13041841205775,109.20816216148162,108.46606469593777,108.6851577758789,166525700
2007-10-17,109.53326389060705,109.6110076395677,107.75930661702078,109.017333984375,216687300
2007-10-18,108.45189537763599,108.97489961301943,108.19039865207405,108.62152099609375,148367500
2007-10-19,108.19745808193503,110.59336457898476,105.77328604171836,105.78034973144531,297169900
2007-10-22,105.20790122268072,106.55073589529542,105.06655190728888,106.39524841308594,261989800
2007-10-23,107.04549632976708,107.39180060489166,106.19031500462057,107.25751495361328,180085100
2007-10-24,106.86882218838734,107.24340285626549,105.19379933137397,107.05963897705078,326694200
2007-10-25,107.17977836561867,107.63210276718425,105.9288252642,107.3140640258789,237374500
2007-10-26,108.1763076508959,108.57209014892577,107.3564663139687,108.57209014892578,176484000
2007-10-29,108.79111980504328,109.15157284313779,108.52255942903598,108.93247985839844,106841000
2007-10-30,108.45195033713061,108.66397977158671,108.04202963965282,108.17631530761719,132981600
2007-10-31,108.82649978322877,109.73822285459912,108.02079679080903,109.3000259399414,220954400
2007-11-01,108.33879864679668,108.42361683798924,106.43055650096682,106.74153137207031,333040800
2007-11-02,107.09491787714161,107.42709462457675,105.45524677752857,106.86168670654297,331228200
2007-11-05,105.75917707262929,106.83345134192916,105.28565090798853,106.0489501953125,226841000
2007-11-06,106.62145731001675,107.504904354285,105.94296523494184,107.47663879394531,177800500
2007-11-07,106.32453246434235,106.81219655495116,104.28200501858348,104.53643798828125,306639700
2007-11-08,104.59300321001754,104.8827654695813,102.5292734544845,104.00639343261719,374509900
2007-11-09,102.96751521885044,104.27501029241067,102.4021069888648,102.57879638671875,277745100
2007-11-12,102.62822259227244,103.61767840518579,101.5610122680664,101.5610122680664,243087800
2007-11-13,102.74132176320576,104.81919028465428,102.63531246487156,104.6566390991211,191117400
2007-11-14,105.46232009641004,105.5895312278466,103.73783064186964,104.3668441772461,230558800
2007-11-15,103.58940475134943,104.2396200609698,102.14055037966139,102.86143493652344,263111100
2007-11-16,103.40564849269332,103.51873223760282,102.17589781564581,103.03813171386719,308770600
2007-11-19,102.67770588213025,102.73424776365617,101.20058562414712,101.60343170166016,267746000
2007-11-20,101.78719384950811,102.85439353718645,100.43728475881957,102.22537994384766,414767500
2007-11-21,101.12279761597561,101.70940724770973,100.12626761082765,100.13333129882812,259012400
2007-11-23,101.1157606421038,102.01333454683937,100.85425313740677,101.86492156982422,77688400
2007-11-26,102.07693601870379,102.39498538236943,99.41246917071558,99.61742401123047,214232000
2007-11-27,100.17578788780175,101.22884940811363,99.61744355762983,100.76239776611328,293897900
2007-11-28,101.90735333835241,104.22551679553801,101.87201331076936,103.98522186279297,258596900
2007-11-29,103.62478635345175,104.40222395582784,103.25728019984138,104.02056884765625,199409900
2007-11-30,105.33509637288392,105.92170618771374,104.12654750793828,105.06653594970703,222908000
2007-12-03,104.7343544523289,104.9181074477132,104.09826648198138,104.3739013671875,146430400
2007-12-04,103.6530083100594,104.27494728138123,103.40563898883765,103.44097900390625,136533900
2007-12-05,104.55058896119046,105.44817363801819,104.47991971070384,105.17253875732422,171130000
2007-12-06,105.04532534428195,106.86876020150116,105.00292163806319,106.67793273925781,154457400
2007-12-07,107.01723417960427,107.07377608154792,106.40235852039784,106.65679168701172,148980100
2007-12-10,106.91829534217682,107.60385111844776,106.62145842630679,107.48370361328125,123914300
2007-12-11,107.52601729403756,108.05608508221987,104.47989613009767,104.53643798828125,250346400
2007-12-12,106.76276578805769,107.26456826207897,104.03468192889521,105.56834411621094,322435600
2007-12-13,104.82623447225528,105.58245907848121,104.1053390990912,105.34922790527344,237551300
2007-12-14,104.55062052930025,105.37753620532102,103.9640213576803,104.01348876953125,159152900
2007-12-17,103.61768305930252,103.80143606588005,102.38085784547754,102.52928161621094,177269400
2007-12-18,103.25724833675275,103.52580878393971,101.74478810960625,103.10176086425781,245569300
2007-12-19,103.14416457779991,103.81558187215855,102.43740726073594,103.10176086425781,198917200
2007-12-20,103.78022629776667,103.79436446158235,102.6070067390273,103.75196075439453,214813800
2007-12-21,104.70761109061107,105.45364701943082,104.50866962179207,105.24760437011719,146084400
2007-12-24,105.73782892404951,106.20675606722659,105.49624791160146,106.02912902832031,45601400
2007-12-26,105.61707429610709,106.34889711524325,105.51050236768856,106.25653839111328,67093100
2007-12-27,105.87997476340914,105.88707594513792,104.67211253808898,104.92078399658203,122981700
2007-12-28,105.5389138042655,105.58865459657964,104.37368045266743,104.65789031982422,116398100
2007-12-31,104.51579015376355,104.87814553543858,103.77685534527221,103.88343811035156,108126800
2008-01-02,104.11078618638724,104.43762479302549,102.22794342210342,102.97396850585938,204935600
2008-01-03,102.95978296219391,103.37187916765886,102.3629584611062,102.92425537109375,125133300
2008-01-04,101.84427056416753,101.9153257401458,100.11774037117219,100.40193939208984,232330900
2008-01-07,100.75719263892111,101.05560486052018,99.54222936823193,100.31668090820312,234991000
2008-01-08,100.94897962890754,101.53159056107346,98.36273089932355,98.69667053222656,326365700
2008-01-09,98.82460473613033,100.03246677427819,97.83699855393039,99.73405456542969,301824900
2008-01-10,99.24381442895613,101.46060815036304,99.0235585455676,100.38773345947266,335701200
2008-01-11,100.02532895335302,100.82109455211862,98.7606254089606,99.57770538330078,267076600
2008-01-14,100.2953500817855,100.7927037029159,99.75535685756176,100.38060760498047,170365500
2008-01-15,99.32196435126122,100.52983730306724,97.97910391046892,98.17094421386719,239940100
2008-01-16,97.5954361195552,98.84592702447247,96.8280857319362,97.325439453125,378802600
2008-01-17,97.91512198186386,97.964862754028,94.44783889763396,94.80309295654297,397892600
2008-01-18,95.73387175877173,95.9328131728804,93.14762253386509,93.82970428466797,348561500
2008-01-22,90.38373200915517,94.09257962523797,89.52401788472004,92.87761688232422,435923700
2008-01-23,90.29852002615405,95.34313456544157,90.12089290634108,95.1086654663086,511913000
2008-01-24,95.54914052913239,96.24544637704805,94.71784722890149,95.91150665283203,259949300
2008-01-25,96.99146516274452,97.16909220300839,94.21338649255318,94.5260009765625,269603900
2008-01-28,94.68232767242989,96.28808329296476,93.82971992109492,96.08914184570312,217934600
2008-01-29,96.70019913848418,96.948870577602,95.83337800916361,96.56520080566406,168968300
2008-01-30,96.33069920818063,98.43379732491636,95.63440423561894,95.85466003417969,334939200
2008-01-31,94.78181233354816,98.43382492600938,94.6397128276795,97.60253143310547,343680800
2008-02-01,98.0075191718888,99.19406676260274,97.70910697914906,99.1727523803711,206843600
2008-02-04,98.90986254643876,98.97380568975561,97.79435934159687,97.92225646972656,124694300
2008-02-05,96.58647882131503,96.8067346112962,94.97362229896176,95.30046081542969,286882500
2008-02-06,95.62019589210864,96.0962350902826,94.07839438239736,94.53311920166016,250792900
2008-02-07,93.6449506235978,95.76936247018274,93.59520986283938,95.1583251953125,297368100
2008-02-08,94.56152749146324,95.36440517372176,93.85813135847017,94.54732513427734,221643500
2008-02-11,94.56863062346929,95.37149738877594,93.81548294513443,95.03045654296875,188576300
2008-02-12,95.85466469535965,96.84937184738939,95.19388642605107,95.91150665283203,256654400
2008-02-13,96.63623012775392,97.38226601219337,96.018091375088,96.89201354980469,181967800
2008-02-14,97.30413292182439,97.3396605136693,95.76943202271484,96.0394287109375,215207200
2008-02-15,95.56335683198903,96.07492362435721,95.14415957869974,96.01808166503906,154110300
2008-02-19,97.1406552274968,97.26144028726405,95.64148290457457,96.28804779052734,145190000
2008-02-20,95.20099763215052,97.01989688972557,95.03757294025505,96.57227325439453,220085700
2008-02-21,97.09805160509977,97.34672296608258,95.25783799954979,95.76939392089844,201051200
2008-02-22,95.89731240011592,96.52256321435206,94.39813935525207,96.35913848876953,205491000
2008-02-25,96.30228087475842,97.80145367606605,95.76229852205104,97.5740966796875,190107000
2008-02-26,97.16204243070435,98.72515904373928,96.98441529646175,98.30596160888672,212420700
2008-02-27,97.73751336794079,98.86011770659165,97.6309414667854,98.20645141601562,168395800
2008-02-28,97.51011822289898,98.02168483133147,97.01986598636024,97.24722290039062,170831100
2008-02-29,96.34493468345737,96.40176580981147,94.34129597232547,95.08023071289062,252715200
2008-03-03,94.59708368032909,95.0731229859017,93.95763048573836,94.85286712646484,189483500
2008-03-04,93.95051575056654,94.7818092161288,93.06949233825968,94.49050903320312,282513100
2008-03-05,94.79600744201127,95.75519789615576,94.02865724699474,95.08731842041016,270681400
2008-03-06,94.48338382533652,94.65390970787054,92.75685398584841,93.11920928955078,247911700
2008-03-07,92.20267820788511,93.60238062478777,91.35717147628934,92.16004943847656,326434600
2008-03-10,92.25238563694802,92.31632877545053,90.65374212541428,90.94505310058594,235683600
2008-03-11,92.87765028664575,94.29866695462809,91.62004749986227,94.21340942382812,341440600
2008-03-12,94.31287953649044,95.04470224836732,93.19027507518983,93.3323745727539,229161100
2008-03-13,92.08901187444906,94.24185187330907,91.37140215532902,93.53844451904297,351504200
2008-03-14,94.33416702268646,94.3625825774988,90.78872756732372,92.08895874023438,484687800
2008-03-17,89.92901404222869,91.84027723102695,89.573759976261,91.15819549560547,405311100
2008-03-18,92.8066214632356,94.98788787174001,92.35189643405063,94.94525909423828,334416600
2008-03-19,95.30757297993907,95.66992827217702,92.3944849174147,92.59343719482422,345971600
2008-03-20,92.85904613065321,94.90116010511146,92.29495971623525,94.30851745605469,245320700
2008-03-24,95.1868164827115,96.97188171086279,95.1368403218135,96.19359588623047,208977300
2008-03-25,96.29351328837978,96.78619280016875,95.51522783404249,96.286376953125,192947200
2008-03-26,96.00791773744055,96.4577466008839,95.04397851046144,95.10823822021484,196934300
2008-03-27,95.82228812178595,95.99365828601664,94.50848288153408,94.8083724975586,225153200
2008-03-28,94.95830113020776,95.22248720662989,93.58022558268823,93.90153503417969,180896100
2008-03-31,93.74447523661608,94.77267449103202,93.60167220576339,94.23001861572266,166692100
2008-04-01,95.4009904671632,97.70729082046219,95.32958352692991,97.5430679321289,254547300
2008-04-02,97.85725902263482,98.29995162697189,97.09324602336004,97.60734558105469,210910800
2008-04-03,97.07895175699771,98.13570688158887,96.9004453084777,97.85009002685547,175884800
2008-04-04,97.90720382296216,98.50699371166134,97.19317809871029,97.74298095703125,204446800
2008-04-07,98.44272388380838,98.94255061081667,97.6358822178262,97.79296875,154245500
2008-04-08,97.24319909059386,97.76443500068869,97.07182893466315,97.69303894042969,148937300
2008-04-09,97.54304601670617,97.67871263556695,96.31492100777383,96.9861068725586,195610600
2008-04-10,96.6933606102468,97.58589275023412,96.32206418936511,97.12178039550781,192967800
2008-04-11,96.02934744600509,96.47917635537934,94.97258126692101,95.23677825927734,222973300
2008-04-14,95.10108181083699,95.35098426107552,94.6441058126526,94.9154281616211,160522000
2008-04-15,95.37956883345696,95.45811210822063,94.48703657258298,95.13680267333984,172389200
2008-04-16,96.0650005670516,97.75724866779215,96.0507278994022,97.71440887451172,189268900
2008-04-17,97.12185363832695,98.00010287574447,96.86480375235402,97.8572998046875,179665700
2008-04-18,99.20672961657704,99.6494220512512,98.72118648920814,98.8782730102539,218530600
2008-04-21,98.69979780150958,99.23531723028132,98.42847536631461,98.92829132080078,118587400
2008-04-22,98.67121272291759,98.75689232002694,97.75011347332217,98.49270629882812,162166000
2008-04-23,98.59984132880903,99.09252098007556,97.90723528212588,98.33565521240234,193309000
2008-04-24,98.59267561524791,99.77796096003465,97.85008274338493,98.76404571533203,229381300
2008-04-25,99.53521800816709,99.88509466328016,98.47132626281532,99.67803192138672,190788100
2008-04-28,99.87793119150953,100.14211724788412,99.52091829579516,99.69942474365234,105610200
2008-04-29,99.52805554369547,99.77082170016584,98.9711162928898,99.30670928955078,125514100
2008-04-30,99.45664470711395,100.38488038712609,98.72119903564453,98.72119903564453,208395900
2008-05-01,98.80693454185516,100.76335906982422,98.72839123557492,100.76335906982422,187279500
2008-05-02,101.63442891032999,101.65584881253798,100.36346386853333,101.04178619384766,181585500
2008-05-05,100.71330750324849,101.11316007396431,100.2563315802639,100.55622100830078,118504500
2008-05-06,99.97786656456772,101.5344371273488,99.74223681150009,101.42733764648438,179339800
2008-05-07,101.31312550235116,101.4202250197553,99.3424181159272,99.62088775634766,199267300
2008-05-08,99.77796682792184,100.19210308943745,99.23530025999233,99.36383056640625,178321200
2008-05-09,98.96400831283079,99.52808406097712,98.85689787534355,99.17820739746094,152588200
2008-05-12,99.42806978011419,100.36344161973815,99.05677339887035,100.29204559326172,147865900
2008-05-13,100.53483656827007,100.59909627654757,99.77082371929562,100.30634307861328,159132200
2008-05-14,100.72762238941746,101.5344641151076,100.29206622618858,100.51341247558594,181910800
2008-05-15,100.70616326842037,101.84147222386719,100.5562239975274,101.77006530761719,166927000
2008-05-16,102.00574092879855,102.01287726556644,101.11320855013244,101.8629379272461,204236800
2008-05-19,101.96999498368056,103.03389705819225,101.6058458471159,102.14136505126953,165664400
2008-05-20,101.58449716409407,101.63447332603003,100.67768095871094,101.31316375732422,178552100
2008-05-21,101.25601414706865,101.47736043942407,99.24960305162644,99.59947967529297,252724800
2008-05-22,99.5566232652193,100.0850063389274,99.24959736635763,99.6137466430664,170820400
2008-05-23,99.28527462890392,99.7208307367309,98.19281619200741,98.27849578857422,181376400
2008-05-27,98.39275046888505,99.2495791893276,98.19996046585578,99.0068130493164,168322900
2008-05-28,99.37098692480005,99.96362975146138,98.53557789786908,99.46381378173828,181288100
2008-05-29,99.34242401868106,100.62766188457609,99.30672054570168,99.963623046875,173927200
2008-05-30,100.29919583707216,100.49198583611158,99.92076306924876,100.21351623535156,117362000
2008-06-02,99.8422572453309,99.86367715379392,98.53558835322615,99.17820739746094,181069900
2008-06-03,99.46380673149925,99.69228934638969,97.98576793811615,98.5998306274414,271965700
2008-06-04,98.3213645748272,99.3638471861361,98.15000533117194,98.54985809326172,246637700
2008-06-05,98.94969897138836,100.59909686449959,98.76405618133417,100.52055358886719,237867100
2008-06-06,99.64230636489535,99.82081282169553,97.26459905289659,97.3145751953125,384276300
2008-06-09,97.72158681605829,98.17856296423042,96.6862514220151,97.55021667480469,228263900
2008-06-10,96.87186912162188,97.8929315772141,96.64338655435847,97.06465911865234,260234900
2008-06-11,97.08609110318622,97.29315379601583,95.62947233680052,95.6366195678711,283890100
2008-06-12,96.10788098034269,97.01468593901744,95.33673177729042,96.00077056884766,252791800
2008-06-13,96.51484986418376,97.47878889031062,95.97933060415045,97.21459197998047,244726900
2008-06-16,96.786218991055,97.77156738610532,96.72195927086783,97.2717514038086,185832500
2008-06-17,97.8714992706825,97.907191836391,96.65764697192938,96.80046081542969,191707700
2008-06-18,96.17214431135015,96.76478707939525,95.47240202294687,95.85797119140625,265893000
2008-06-19,95.78654959728172,96.56484594180141,95.32243721982181,95.97933959960938,304204900
2008-06-20,95.32561634975544,95.50501566279682,94.16311230514003,94.42144775390625,289275700
2008-06-23,94.78740198259166,94.88786514249651,94.23486007794662,94.32814025878906,165096400
2008-06-24,94.04113074653716,95.0385905809174,93.42399661485591,94.14159393310547,267300600
2008-06-25,94.52190569520843,95.7274637562258,94.17746209915553,94.58648681640625,287853900
2008-06-26,93.69670342893883,94.30665468595225,91.90988185321432,92.01751708984375,297775000
2008-06-27,92.05338814262795,92.46959592393118,91.16356895229578,91.51519012451172,303423400
2008-06-30,91.77349477247907,92.50544689706541,91.35011510174955,91.83808135986328,258842600
2008-07-01,90.79039302879362,92.18971081814709,90.36701331946784,92.12512969970703,388622000
2008-07-02,92.41934093949861,92.68485935607742,90.3813674671706,90.54641723632812,288064600
2008-07-03,91.21375876804599,91.21375876804599,89.69245109606271,90.63967895507812,239352500
2008-07-07,90.98416243444464,91.37883766502407,88.92465621000431,89.7140121459961,372427300
2008-07-08,89.69249662490515,91.41473146320222,89.1255940274122,91.30709075927734,375973700
2008-07-09,91.49362225051547,91.66584400650495,89.26189502665368,89.54893493652344,336729400
2008-07-10,89.29060555693889,90.26653803108714,88.68064912930404,89.9149169921875,436475700
2008-07-11,88.96053205225289,90.34549496520617,87.89848571220699,88.86724090576172,481124600
2008-07-14,89.88624310250971,90.05846492878278,87.83391430040896,88.06354522705078,322720800
2008-07-15,87.40333228607537,88.61606770820204,86.12600480075432,86.82207489013672,502502500
2008-07-16,87.1521907378593,89.39109630645015,86.9010327753971,88.95336151123047,371642900
2008-07-17,89.80015421325665,90.60386541553316,89.04667461894525,89.84320831298828,375490600
2008-07-18,90.53925572728726,90.71865506358203,89.80730884413121,90.40291595458984,267030100
2008-07-21,90.78324966845778,90.99135357387112,89.83602130837544,90.45315551757812,222863000
2008-07-22,89.80729102673338,91.70892470914833,89.59200967595729,91.47929382324219,296904200
2008-07-23,91.77349994160814,92.67766841726217,91.52951953622487,91.97442626953125,311698400
2008-07-24,92.09644741504724,92.14668448873863,89.81449294565273,90.0656509399414,248634500
2008-07-25,90.33833286464181,90.76889019354975,89.82166188001891,90.04412078857422,219131000
2008-07-28,90.0656177164019,90.46029285474327,88.5658368611761,88.72370910644531,205201300
2008-07-29,88.9677014504547,90.68993031546461,88.723715560518,90.61817169189453,261505600
2008-07-30,91.21377096517158,92.2829946229303,90.61816403766811,92.23275756835938,354710000
2008-07-31,91.42191637554362,92.26150955430036,90.86936327222647,91.01288604736328,277402100
2008-08-01,91.22097438247924,91.33578710814189,90.02976018908454,90.5320816040039,248690900
2008-08-04,90.44595363087812,90.51771225740794,89.52743007169903,89.69247436523438,188239600
2008-08-05,90.43161346187821,92.25431134399582,89.6781395474102,92.11079406738281,251577600
2008-08-06,91.86677802189124,92.78530137606717,91.47927495531745,92.51978302001953,209555400
2008-08-07,91.82376706967844,92.16821624719553,90.80478002655938,91.14205169677734,246312500
2008-08-08,90.83344951970432,93.23739342777975,90.68992680329038,92.83554077148438,260811700
2008-08-11,92.90730993361835,94.37120339704819,92.73508266452956,93.79713439941406,249425800
2008-08-12,93.48858835319768,93.78997794709953,92.37631019377378,92.82122802734375,213200800
2008-08-13,92.41934355759741,93.0364776208879,91.61563815411769,92.26148223876953,256393200
2008-08-14,91.73762176202055,93.48856065032048,91.67304064310721,92.95753479003906,239555300
2008-08-15,93.2374101605665,93.64644586962967,92.78533131593402,93.40963745117188,181000800
2008-08-18,93.59619475718694,93.63207680605288,91.60845845604827,92.1323013305664,172275100
2008-08-19,91.43627559071034,91.6300299889381,90.79761422956702,91.1277084350586,194673700
2008-08-20,91.41472591863484,91.81657868242496,90.66124651169507,91.55107116699219,225498200
2008-08-21,90.9554516649213,92.16819277239999,90.84781098218565,91.70893096923828,180609800
2008-08-22,92.33323391843872,93.0364761352539,91.70892783460945,93.0364761352539,167715300
2008-08-25,92.42654361808135,93.03649481391727,90.95546681690803,91.14921569824219,171936900
2008-08-26,91.14920565883938,91.75916773715946,90.83346657311435,91.41471862792969,159117200
2008-08-27,91.52952859215665,92.44805216773068,91.35012928521384,92.30453491210938,171032800
2008-08-28,92.77097978864842,93.53163118880967,92.64898955934576,93.42399597167969,167537100
2008-08-29,93.09390824153292,93.38812580536653,92.21843853186587,92.41936492919922,189195800
2008-09-02,93.30918276270368,93.79715465567129,91.50801187703884,91.84528350830078,252364900
2008-09-03,91.76634216308594,92.21125446686204,91.08462690754429,91.76634216308594,251947000
2008-09-04,91.1133234770167,91.29990029449586,88.9533542270506,89.00358581542969,340042500
2008-09-05,88.47257947576429,89.66378825054922,87.54687822119946,89.28346252441406,289503400
2008-09-08,91.88118255362589,92.02471081878382,89.28348300937293,91.1277084350586,364075300
2008-09-09,91.2066080831418,91.39318489844192,88.12094323691723,88.42233276367188,377326800
2008-09-10,88.9031410613805,89.62791596518193,87.94156317748248,88.7811508178711,298916600
2008-09-11,87.63299619914004,90.23069527554524,87.25984248633945,90.0656509399414,375369400
2008-09-12,89.19014760859821,90.56793277904693,88.86005358702185,90.48181915283203,297851200
2008-09-15,87.28136246204016,90.16610683371492,86.03274462384009,86.17626190185547,483607000
2008-09-16,84.10238693531181,87.7764864516545,83.9588696898773,87.61861419677734,581744300
2008-09-17,85.85332708633806,87.43921621395164,83.24127376146487,83.67900848388672,624095600
2008-09-18,84.71235181407066,87.39616381431777,81.66256370816141,86.16189575195312,776114700
2008-09-19,91.44585371530692,92.38413226119403,89.01355625729263,89.583740234375,501087800
2008-09-22,89.82187701270915,90.03840443640716,86.86991914165168,87.55558013916016,249966500
2008-09-23,87.22358404022657,88.06803116397036,85.3686846840395,85.56356048583984,327470400
2008-09-24,86.14094065901718,86.61007969198621,85.01501138510794,85.83780670166016,311818400
2008-09-25,86.17707201387029,87.98866859749361,85.48419170249174,87.18030548095703,328253000
2008-09-26,85.76564527498422,87.69271850829269,85.53468524896809,87.22357940673828,285917400
2008-09-29,85.9894073580238,86.13375534476933,80.09270344445314,80.38861846923828,459562300
2008-09-30,81.92594975113525,84.30051097582093,79.77512955305835,83.71588897705078,328154400
2008-10-01,83.19622693450968,84.22111743583258,82.24351593110666,83.76641082763672,332783000
2008-10-02,82.9652397624318,83.08072251616991,80.15763001379291,80.72781372070312,365337800
2008-10-03,81.45682384513205,83.32615641924284,79.16165528864339,79.63800811767578,461798000
2008-10-06,77.33557250083737,77.67479614023591,72.63697488051477,75.58171844482422,610637500
2008-10-07,77.11185274815088,77.46551460447623,71.92246824601769,72.19673156738281,540012100
2008-10-08,70.38514323158728,73.74850496772214,69.87270076875772,70.3779296875,725414800
2008-10-09,71.92971660223216,72.62259699102523,65.13803617107004,65.46282196044922,534485200
2008-10-10,62.61912042693147,67.80129300305977,60.32395194877941,63.87496566772461,871026300
2008-10-13,67.75077978991132,73.14947509765625,64.92151120732179,73.14947509765625,455584000
2008-10-14,75.56730861113559,76.16636311298168,70.08922253338427,72.06681823730469,546268300
2008-10-15,70.34183572658281,70.58723387390302,64.74826675467556,64.97200775146484,484627500
2008-10-16,65.88863461507997,68.40032444588662,62.46031813701104,67.67857360839844,708811200
2008-10-17,66.39384679078594,71.15740041276948,66.14845419059512,67.27438354492188,476649000
2008-10-20,68.81896504428889,71.52553162054454,67.90955713284033,71.31622314453125,321294200
2008-10-21,69.98818618189212,71.19350887241724,68.72512209736612,69.18704223632812,356502000
2008-10-22,67.26719852167795,69.18705903955833,63.174871215489254,65.41951751708984,516168000
2008-10-23,65.1668778354387,66.72585663886845,61.93343195545931,66.17733001708984,634666400
2008-10-24,60.670362719435744,64.89982230653987,60.62705943906595,62.82118225097656,545812600
2008-10-27,62.04892030336517,64.60391892570438,60.410542820635676,60.590980529785156,397288600
2008-10-28,63.03769769011106,68.01777816282984,61.00958017195476,67.67134094238281,639939500
2008-10-29,67.67857686717691,70.13253093410103,66.4732542320996,67.18057250976562,531270100
2008-10-30,69.12928704532524,69.67781916581106,67.05064683485665,69.50460052490234,414582100
2008-10-31,68.62405186419502,71.14296004464298,68.19100258344632,69.88711547851562,411394000
2008-11-03,69.85104666600913,70.50784258531057,69.25199213650777,70.08922576904297,205419400
2008-11-04,71.49665526393042,72.7958093204347,69.80054144487227,72.47102355957031,346793400
2008-11-05,71.59769852525665,72.68754410033999,68.56634646317808,69.42523193359375,387844100
2008-11-06,68.17658727684741,68.88390556017534,65.00088231226145,65.57828521728516,477721900
2008-11-07,66.14847657173648,67.84459022608401,65.31846186660216,67.74354553222656,380391000
2008-11-10,68.71791581764737,68.9488759300521,65.62160319706553,66.85579681396484,301773000
2008-11-11,65.50614845777788,66.50216325312832,63.983252799178985,64.79161071777344,418498200
2008-11-12,63.68011608102528,64.19977236264916,61.43546922231377,61.94069290161133,454330600
2008-11-13,62.164428662461766,66.20623977395037,59.24855316358482,65.80205535888672,753141900
2008-11-14,64.5317363749794,66.44437143279123,62.445871668167456,62.51805114746094,540352300
2008-11-17,62.34482434025043,63.918241108129514,61.46429309962973,61.68803405761719,415254900
2008-11-18,61.457061626985706,62.95108507423121,59.8403419054228,62.850040435791016,523811800
2008-11-19,62.00560462342124,62.69848462730037,58.404064703870574,58.82268142700195,558327600
2008-11-20,57.83389067494867,59.5516611344073,54.16740072912935,54.45609664916992,814180400
2008-11-21,55.90682955783798,58.389654660385624,53.65496454576992,57.39363479614258,718536500
2008-11-24,59.12583011645758,62.78510681747081,57.99990051815263,61.37047576904297,523305300
2008-11-25,63.00887432591116,63.16044139875821,60.497178031458816,61.82520294189453,454112400
2008-11-26,60.84359007261739,64.37295077900369,60.80028128343564,64.21416473388672,370134200
2008-11-28,63.968751534254245,65.0513773976741,63.86049335312818,65.02250671386719,118308100
2008-12-01,63.16041800678603,63.18928870137735,59.082524630004286,59.262962341308594,369927100
2008-12-02,60.244571434783005,61.702506384843275,59.212467034674816,61.54372024536133,469508400
2008-12-03,60.19403014769925,63.39138706670751,60.00637335944528,63.023292541503906,519863500
2008-12-04,62.11387625901446,63.55016441220659,60.43941451077714,61.56534957885742,444173800
2008-12-05,60.37445064478567,63.81719925984112,59.356779455853854,63.46354293823242,471905300
2008-12-08,65.20293283265002,66.6753044074304,63.571780784777104,65.67929077148438,412859300
2008-12-09,65.22461240500401,66.49488966575858,64.22137937769905,64.59668731689453,370790000
2008-12-10,65.18853142229501,65.93915290801404,64.23582059552119,65.0369644165039,396187400
2008-12-11,64.62556816921015,65.6793236907182,63.05937023353516,63.470767974853516,365061000
2008-12-12,61.74578797582384,64.28634856781933,61.49317077083268,64.22860717773438,415060400
2008-12-15,64.25024678662984,64.34407790457136,62.27987040115183,63.33362579345703,256694200
2008-12-16,66.31446838378906,66.41551306572332,63.643992350060245,66.31446838378906,377699500
2008-12-17,65.56383254349747,66.71141904786964,65.00086786481417,65.6720962524414,281819800
2008-12-18,65.96802401836813,66.16289431089915,63.665637211364,64.44512939453125,374673300
2008-12-19,64.83005284658972,65.93602320571725,64.09516515872957,64.16793060302734,301451300
2008-12-22,64.45168081744158,64.51716303831044,62.20336353016117,63.34571075439453,243759500
2008-12-23,63.68770583730642,63.9787509632053,62.42894357828803,62.69088363647461,221625200
2008-12-24,62.90188070405297,63.207481115328875,62.57445843274318,63.054683685302734,62061600
2008-12-26,63.4766844910089,63.52034485871895,62.93825473318303,63.418479919433594,74767700
2008-12-29,63.47669077539054,63.54217855782767,62.283410896004206,63.2365837097168,127795900
2008-12-30,63.673156013520966,64.79367613878263,63.21475813655426,64.73546600341797,168256300
2008-12-31,64.81550585180554,66.19068842905781,64.6627084044691,65.65953063964844,193987200
2009-01-02,65.80507357731756,67.98790435355347,65.37578063802046,67.6386489868164,227566300
2009-01-05,67.39852625805132,68.14796937626956,66.86009630089904,67.55860137939453,240349700
2009-01-06,68.1334198819082,68.722782377879,67.43491474377325,68.00972747802734,328260900
2009-01-07,66.94012721660127,67.12930739133883,65.63042685491715,65.97240447998047,280899200
2009-01-08,65.60133560293148,66.27800773197038,65.24480262268888,66.24163055419922,263834400
2009-01-09,66.32891931621008,66.44533401035808,62.10877979230481,64.82276153564453,330953600
2009-01-12,64.640880156858,64.69181819424507,62.87279290098061,63.26569747924805,277858500
2009-01-13,63.10561698277522,63.94236403172216,62.71997902439017,63.38210678100586,356432300
2009-01-14,62.23974128934799,62.39253867710445,60.508032010219324,61.3884391784668,435491600
2009-01-15,61.206548431034044,62.02874564168585,59.460283513868056,61.4102783203125,532647300
2009-01-16,62.47257773006392,62.567165005408874,60.42799597310347,61.89048767089844,399237200
2009-01-20,61.286586327385756,61.89049834524142,58.245176623695336,58.623531341552734,419855200
2009-01-21,59.620374241513154,61.29387416523017,58.55078649068934,61.15563201904297,364360700
2009-01-22,59.96960800674918,61.14833807033448,59.06009561080398,60.209720611572266,427940300
2009-01-23,58.8636545042192,61.11196690746078,58.62354185400189,60.47167205810547,386800600
2009-01-26,60.82091434660108,62.10878709411628,60.25337946175309,60.88640213012695,317978800
2009-01-27,61.213818669809136,61.955983873841845,60.60990667389672,61.50486373901367,273789700
2009-01-28,62.86549464800156,63.993286629577156,62.625382055668034,63.5858268737793,330007000
2009-01-29,62.65447089104576,63.6585702654639,61.4611914427617,61.51940155029297,294392500
2009-01-30,61.8323306024749,62.137925620229645,59.8168468041785,60.267967224121094,383383600
2009-02-02,59.35114900883086,60.52260158314474,59.16196884960857,60.086036682128906,288233300
2009-02-03,60.464364874207746,61.381154649252636,59.824070337553394,60.93003463745117,278385800
2009-02-04,61.33750769785017,62.11604995339057,60.420717805412174,60.6317253112793,322989300
2009-02-05,60.17334853977497,62.057861444175536,56.55713127682359,61.53398132324219,417679400
2009-02-06,61.7450010234513,63.549471181755486,61.61403096750784,63.28753662109375,366101700
2009-02-09,63.27293291668817,63.84046754131033,62.80726319642276,63.37479782104492,240075200
2009-02-10,62.77091694310004,63.32390213872118,59.99144675767086,60.47167205810547,536212800
2009-02-11,60.7190434407991,61.1556138182277,59.955056382744935,60.82818603515625,324442500
2009-02-12,59.78769128665546,60.988248473585536,58.972771926778016,60.87183380126953,469302200
2009-02-13,60.79178845520257,61.293835338684055,60.202420864093135,60.216976165771484,293998400
2009-02-17,58.3252133348759,60.36251776208626,57.60487552357928,57.641258239746094,478910100
2009-02-18,58.05598332310287,58.165125897171585,56.95729103292913,57.50299835205078,362964800
2009-02-19,58.09235838318766,58.317921175112744,56.76810889197314,56.88452911376953,316867500
2009-02-20,55.82951116155077,57.000958016338856,55.13100075881183,56.33155822753906,477176600
2009-02-23,56.950030375610694,56.950030375610694,54.272425442040245,54.31608581542969,379641400
2009-02-24,54.7817685163249,56.71720861655839,54.35247564387837,56.37523651123047,426260900
2009-02-25,56.12782964977833,57.059169473537,55.02913709930213,55.93137741088867,461985800
2009-02-26,56.622609423252825,57.96868679982135,54.95638187342902,55.02186965942383,363353900
2009-02-27,53.85041212216325,55.07279701863373,53.70488680637916,53.79220199584961,470510900
2009-03-02,52.766284258658885,53.784939552324644,51.20192691795674,51.3692741394043,426452600
2009-03-03,52.10414727210656,52.16962950089355,50.670754828943984,50.98362731933594,443761000
2009-03-04,51.827658500237874,53.02093835846525,50.98362830473771,52.191463470458984,462753100
2009-03-05,51.00545220995022,52.19145988415825,49.60116489934244,50.05956268310547,485549400
2009-03-06,50.49613635466105,51.260123542754336,48.82263109293003,50.146881103515625,490470000
2009-03-09,49.44109773970007,50.932700474073165,49.28102820123812,49.557518005371094,379905300
2009-03-10,50.57617224093319,52.65713726802129,50.47430728586374,52.51161193847656,406227900
2009-03-11,53.11550897115555,53.66121625510578,52.26420694048637,52.85356903076172,356648300
2009-03-12,52.839014565820776,55.11643076258779,52.36606718500651,54.93452835083008,409702700
2009-03-13,55.30562980829089,56.011412296359346,54.3742900286132,55.363834381103516,337474700
2009-03-16,55.99685333604696,56.73174083818316,55.16010089910646,55.19648361206055,360644900
2009-03-17,55.34927213396534,57.015499087679615,54.8981521013369,56.88452911376953,356814300
2009-03-18,56.61534337615537,58.863661601712366,56.07691342538478,58.15787887573242,473273200
2009-03-19,58.88548447837729,58.93641696234516,57.255639440181206,57.43754196166992,428520400
2009-03-20,57.71675692745289,57.826680764084145,56.08257005329672,56.2144775390625,371078200
2009-03-23,57.70206909875921,60.303574394044325,57.38695723700036,60.25227737426758,419933300
2009-03-24,59.534112163438806,60.35487005230762,58.999158339399834,59.06510925292969,330271000
2009-03-25,59.526784526942855,60.60402185489558,57.936565860911415,59.6879997253418,441775100
2009-03-26,60.274271407056425,61.04373242735901,59.59275054623198,60.90449523925781,422025200
2009-03-27,60.12768597708674,60.47943529216728,59.58539693065953,59.80524444580078,322332300
2009-03-30,58.478844363692026,58.53014136999009,57.13045712664324,57.73869705200195,324108500
2009-03-31,58.30297976343568,59.41686590040243,57.92924672768966,58.27366638183594,364238300
2009-04-01,57.54815249496562,59.66599444289765,57.40159124378929,59.40217971801758,377018300
2009-04-02,60.88249958765389,62.00370984278936,59.453501630536444,61.13898468017578,476230700
2009-04-03,61.18295768246558,61.76188442603414,60.58204729904543,61.747230529785156,284646300
2009-04-06,61.07303848157936,61.76188906712566,60.303583074172295,61.263572692871094,264866600
2009-04-07,60.2742767516328,60.56740505159512,59.73199303082475,59.83458709716797,258947800
2009-04-08,60.13504014806656,60.77992353257602,59.75397726800334,60.47946548461914,230402800
2009-04-09,62.04767916346217,62.890420716058514,61.798523805644685,62.88309097290039,269653500
2009-04-13,62.23087267405184,63.41803926411222,61.98171736000176,62.89773941040039,224847500
2009-04-14,62.31147610605595,62.846435383792446,61.61530166184753,61.81315994262695,276598800
2009-04-15,61.4394677674488,62.5973217251275,61.27092273278733,62.47274398803711,250726100
2009-04-16,62.971019453416865,63.86505786060003,62.120948315126356,63.38872528076172,335202900
2009-04-17,63.63056585874974,64.23147618335376,63.124919827830325,63.81377029418945,262649000
2009-04-20,62.68523056917936,63.79178692943746,61.073028175838324,61.13898468017578,293690100
2009-04-21,60.69196679954522,62.38477403994375,60.64066977986514,62.33347702026367,114090900
2009-04-22,61.76923003935466,63.27150358839024,61.608009184414,61.95243453979492,340395200
2009-04-23,62.07700642593216,62.59730648738375,61.28556171655913,62.5606689453125,324903700
2009-04-24,63.04432546057553,63.9823315140006,62.79517004867822,63.506004333496094,287703000
2009-04-27,62.787819521456576,63.762468385065695,62.68522549275617,62.905067443847656,289581600
2009-04-28,62.26753997747976,63.454701437684804,62.11364888415529,62.70722961425781,247926300
2009-04-29,63.40338590960094,64.75177340543341,63.24217070954816,64.04093933105469,311505700
2009-04-30,64.89102262123153,65.23544231309324,63.69652595180195,64.06293487548828,301419800
2009-05-01,64.07758289688795,64.64185007837018,63.54995324664427,64.4073486328125,236110300
2009-05-04,64.89102641882734,66.64246072927008,64.76644312835612,66.5984878540039,287120000
2009-05-05,66.37133026123047,66.63514520530022,65.83637062715623,66.37133026123047,243036300
2009-05-06,67.18473220037346,67.56579497407786,66.40061742384692,67.5218276977539,291941000
2009-05-07,68.15939131803063,68.26198537204813,66.15879608277591,66.58383178710938,317728000
2009-05-08,67.4412024368455,68.31325716482267,67.00884273904627,68.13738250732422,299081700
2009-05-11,67.19940025591403,67.49985828332301,66.7157433415659,66.8623046875,247923600
2009-05-12,67.14809318233917,67.2946600973081,65.84367838937443,66.66443634033203,282431300
2009-05-13,65.76306742299658,65.96093135877804,64.85437492176386,64.98628234863281,269619100
2009-05-14,65.01558328416372,66.04152911995453,64.85436250541666,65.543212890625,260098700
2009-05-15,65.49190197969213,65.953574991892,64.59786373524943,65.00823974609375,271502700
2009-05-18,65.62384615484905,66.93558529526537,64.90568214217474,66.85498046875,241447400
2009-05-19,66.81831266726236,67.39723927402322,66.54716812760326,66.77434539794922,206102200
2009-05-20,67.38260072988473,68.00550039048395,66.25406613314514,66.32734680175781,285722200
2009-05-21,65.55786872592533,65.80702964344923,64.6784897497408,65.37466430664062,258988400
2009-05-22,65.55791542956769,65.9536379280511,64.98631812874471,65.2354736328125,166811900
2009-05-26,64.75180874073745,67.09682445975326,64.72249534537994,66.90629577636719,236318500
2009-05-27,67.00885192778252,67.23602362449255,65.60916744442063,65.71176147460938,246015800
2009-05-28,66.29068925393766,66.93556682480934,65.29405672289161,66.6277847290039,289095000
2009-05-29,66.99418913759658,68.66501250789928,66.45190563464597,67.8076171875,258641500
2009-06-01,68.6430515117548,69.74227836432635,68.46717678081129,69.44915008544922,276246800
2009-06-02,69.17797817273615,69.88881209422642,69.0534005304627,69.50774383544922,230874500
2009-06-03,68.91417828207591,68.98012919247306,67.97617250561339,68.62837982177734,235310500
2009-06-04,68.88486950531046,69.37585606314659,68.37189930920644,69.27326202392578,210102300
2009-06-05,69.97677065527425,70.10867808385264,68.7383123662976,69.28792572021484,284257900
2009-06-08,68.76763673833437,69.69098896100316,68.18138570738463,69.00214385986328,238565100
2009-06-09,69.39053259875243,69.72029843570718,68.89954032932225,69.35388946533203,225125500
2009-06-10,69.96943825256457,69.97676240426478,68.29128500556145,69.17799377441406,296100400
2009-06-11,69.30991933428669,70.43112984307952,69.29525984513712,69.48579406738281,275414200
2009-06-12,69.17800657238983,69.72029021916889,68.88487831244345,69.67632293701172,184361800
2009-06-15,68.85554313039135,68.89951039863023,67.7123494285429,68.0787582397461,224190500
2009-06-16,68.32060152984049,68.36456880588737,67.11145111994921,67.1554183959961,227319000
2009-06-17,67.12609981048664,67.66105918838836,66.56183264479648,67.08946228027344,223445200
2009-06-18,67.19208980511657,67.91024837399124,66.86964806915597,67.58048248291016,211725100
2009-06-19,68.22750932011206,68.31594059916105,67.44633074577142,67.82955169677734,215655600
2009-06-22,67.1663118915288,67.20316201872197,65.77346254623527,65.79557037353516,251913600
2009-06-23,65.93559727534085,66.23774696717877,65.47868153989344,65.84716033935547,188309800
2009-06-24,66.44406789272038,67.12206720855526,66.03136801228985,66.41458892822266,211577700
2009-06-25,66.08296182931736,67.92535513752318,66.00926722149676,67.8590316772461,279411000
2009-06-26,67.63054976417826,67.97692049653884,67.26207121869447,67.68213653564453,167579000
2009-06-29,67.88110841652058,68.40434720177038,67.50525877942671,68.31591033935547,168481300
2009-06-30,68.33067431919282,68.58123707510589,67.2620829769646,67.76321411132812,228888200
2009-07-01,68.05064708132282,68.70654437344714,67.95484463855992,68.04328155517578,173041100
2009-07-02,67.15890228147846,68.06536203944906,66.14927459603653,66.18611907958984,212309900
2009-07-06,65.54500331744516,66.27458968447709,65.33865611242923,66.17878723144531,174499600
2009-07-07,66.1124344485822,66.19350019616206,64.8522382214829,64.89645385742188,197088900
2009-07-08,65.28702825727734,65.44179419958725,64.11526914076371,64.85222625732422,248050500
2009-07-09,65.30178681498359,65.51550510672801,64.78591895390255,64.97752380371094,163777600
2009-07-10,64.63115867578588,65.21335566896933,64.37322472248651,64.82276916503906,173520300
2009-07-13,65.0806797936332,66.45142045137055,64.55006978127854,66.39983367919922,217413500
2009-07-14,66.60617033200013,66.83463082085206,66.12715278940598,66.77567291259766,181487400
2009-07-15,67.66006879518223,68.91289996535644,66.82730881328774,68.7286605834961,220877900
2009-07-16,68.53702964426586,69.64983675366084,68.40437710392382,68.61809539794922,231174500
2009-07-17,69.31822520822867,69.5098357451375,68.93500975695092,69.36981201171875,138561700
2009-07-20,69.77511433740513,70.2246587205481,69.41400685050819,70.10674285888672,164179400
2009-07-21,70.65210447274477,70.67421229404671,69.58351292199715,70.43101501464844,217718300
2009-07-22,69.98147485893375,70.84371367774638,69.92988806522372,70.4162826538086,196068100
2009-07-23,70.46049520031737,72.28078081944838,70.40153726080203,71.97126007080078,258795500
2009-07-24,71.63223808236505,72.324979654329,71.25639395601365,72.26602172851562,154003100
2009-07-27,72.13336555965546,72.51658643552953,71.73540801434176,72.479736328125,159259400
2009-07-28,71.97125765745727,72.49449670239872,71.52907874845806,72.14075469970703,186685200
2009-07-29,71.80913731186763,72.28815516690709,71.47013755209142,71.96389770507812,194399300
2009-07-30,72.83349968164386,73.57045706636747,72.66399700924042,72.71558380126953,225575400
2009-07-31,72.7008306136739,73.30513530697937,72.50184901637508,72.81874084472656,207358000
2009-08-03,73.58516613727846,74.0862971958105,73.18720862410272,74.01997375488281,175776900
2009-08-04,73.68835464947999,74.3147671942416,73.53359430001213,74.21159362792969,176714600
2009-08-05,74.26316314799247,74.32949220951005,73.38618803820148,73.99786376953125,184726400
2009-08-06,74.33689048219706,74.44742958750442,73.26829894307254,73.61466979980469,193203800
2009-08-07,74.3884808808745,75.19176173861439,73.98315206662309,74.58008575439453,220640900
2009-08-10,74.24106892215771,74.59481086240635,73.8946981284348,74.42530822753906,130898700
2009-08-11,74.09370653229401,74.14529333156223,73.29779109569341,73.49677276611328,157301000
2009-08-12,73.371470069894,74.84538473178846,73.33462557686957,74.2853012084961,219052400
2009-08-13,74.62429772191331,74.88223165223152,73.88734042241101,74.85275268554688,176449500
2009-08-14,74.815899240044,74.87485717078795,73.47463723957704,74.27792358398438,199616100
2009-08-17,72.84822922997559,72.92192383673199,72.3028823929325,72.45027160644531,237667500
2009-08-18,72.61240639350706,73.28304027710912,72.47975384634063,73.02510070800781,173461500
2009-08-19,72.45027895197617,73.9168282010469,72.37658433774808,73.666259765625,192812800
2009-08-20,73.76204560365872,74.59481086240635,73.59991973785455,74.42530822753906,174131300
2009-08-21,75.03698898206528,76.00240120623884,74.88959977712838,75.88449096679688,224605000
2009-08-24,76.19402048864654,76.60671480826133,75.6044523555925,75.87712860107422,191279000
2009-08-25,76.17929652849493,76.8351882341421,75.86240458803871,76.0245361328125,215310600
2009-08-26,75.78865556153887,76.37822341351199,75.53072173475154,76.03185272216797,194620700
2009-08-27,75.98766720759448,76.43721160776367,75.12542852105543,76.20138549804688,196230100
2009-08-28,76.81306372611905,76.90149500585126,75.6634064867571,76.1866455078125,147024400
2009-08-31,75.44230540059321,75.5970657272472,75.01486890457541,75.50862884521484,176051600
2009-09-01,75.13279199245171,76.08346755260493,73.6883564070947,73.8431167602539,321276800
2009-09-02,73.53360849266612,74.02000307561882,73.3788481133281,73.5630874633789,171805000
2009-09-03,73.99048913059133,74.263159641354,73.39355009526551,74.17472839355469,143572300
2009-09-04,74.32215698576452,75.23598264057344,74.10107312643639,75.21387481689453,142687900
2009-09-08,75.90659661715588,75.94344672860645,75.45705224563963,75.86238098144531,132909100
2009-09-09,75.99505844728382,76.70253696348524,75.75923227521668,76.4446029663086,154612500
2009-09-10,76.49619788302788,77.2773711066672,76.06876114375576,77.22578430175781,162902400
2009-09-11,77.37313000860959,77.60159054962878,76.8498911040791,77.21099853515625,152360100
2009-09-14,76.55511182402049,77.719505548093,76.0171362172588,77.58685302734375,149593800
2009-09-15,77.7121359573355,78.19853041733116,77.203639303066,77.91111755371094,196795900
2009-09-16,78.19115940578806,79.10498477829726,77.91848883459642,79.09024810791016,206406300
2009-09-17,78.97973185958668,79.63562356762627,78.53755849566124,78.97236633300781,229170900
2009-09-18,79.34111403989752,79.34852029860029,78.75614388742075,79.02271270751953,153799100
2009-09-21,78.40810914099526,79.23002858102431,78.23780476654261,78.82276916503906,151892000
2009-09-22,79.28926660887174,79.50400287628743,78.93383969917568,79.2818603515625,143126700
2009-09-23,79.4669733955646,79.99270465271242,78.4821502458719,78.62284088134766,225947400
2009-09-24,78.79316369160418,78.96346808390454,77.4158934396147,77.75650787353516,228636800
2009-09-25,77.58620598162838,78.01567861054792,77.07528145241996,77.34185028076172,204059000
2009-09-28,77.63802842399375,78.8968267610491,77.62322155737127,78.72651672363281,118285800
2009-09-29,78.86719536742268,79.24482972663992,78.32665160425087,78.48955535888672,133733900
2009-09-30,78.756121988154,78.83016760663197,77.46771014881801,78.18595886230469,254383000
2009-10-01,76.26814665212066,78.2896252578235,76.23112102023214,76.24593353271484,281840600
2009-10-02,75.54250512787544,76.3422115241225,75.52029200286631,75.8905258178711,224748800
2009-10-05,76.1941400427921,77.24560299459698,75.97199743637871,77.0234603881836,149875000
2009-10-06,77.57877424854452,78.57100359474111,77.53434800818236,78.12672424316406,202491100
2009-10-07,77.9490010829529,78.42290541857884,77.80090986197588,78.3414535522461,159200300
2009-10-08,78.8968045372528,79.35589071438818,78.37847396235682,78.94123077392578,183305800
2009-10-09,78.96343932801278,79.42253112792969,78.75610936976568,79.42253112792969,135008300
2009-10-12,79.79276688376487,80.03711682700983,79.43734005373561,79.73352813720703,118031000
2009-10-13,79.51881568695742,79.75576509469774,79.05232312933978,79.57064819335938,157692700
2009-10-14,80.50365560381063,81.0219807750053,79.54104525808259,80.9405288696289,191421600
2009-10-15,80.54806685230955,81.23670196533203,80.51104686087714,81.23670196533203,173873600
2009-10-16,80.56286960607294,80.91088460010076,80.14080333951429,80.62950897216797,192069400
2009-10-19,80.76280660038604,81.54770050394448,80.51105031030875,81.29594421386719,159530400
2009-10-20,81.41438408468356,81.44400345704257,80.4739930218849,80.86643981933594,180921100
2009-10-21,80.74059271976154,81.68098414357239,80.08157696740375,80.14081573486328,225379300
2009-10-22,80.11118967232076,81.21448479000449,79.60026523188739,80.955322265625,238444000
2009-10-23,81.22191589422276,81.27374841495474,79.69654836394284,80.0297622680664,240033200
2009-10-26,80.11856614877173,80.94048537089677,78.94122575721396,79.16336822509766,242028200
2009-10-27,79.25223800871736,79.5188067686937,78.6080348798736,78.80055236816406,253266300
2009-10-28,78.60065290563286,78.84500861932193,77.2678086939839,77.31224060058594,248821400
2009-10-29,77.88979647441722,79.12637613477283,77.70467955582554,78.97087860107422,198110600
2009-10-30,78.71171631272534,78.94866574335612,76.59397830488537,76.68283081054688,325608100
2009-11-02,77.10487669273321,78.05267981297982,76.32738922798062,77.24556732177734,254222900
2009-11-03,76.81610102607297,77.60100046009453,76.6680097777846,77.48992919921875,228362600
2009-11-04,78.12673629469708,78.7339194870218,77.48993372112247,77.68985748291016,247996700
2009-11-05,78.23782005504067,79.14118590547488,78.07491625681344,79.11897277832031,180015300
2009-11-06,78.68208316527088,79.52621571732635,78.52658565824161,79.32628631591797,170954100
2009-11-09,79.93345918759881,81.17744473299265,79.87422608491784,81.13301849365234,159495700
2009-11-10,80.94048955127948,81.39958137226857,80.6887333473718,81.14781951904297,171899800
2009-11-11,81.6809718677942,82.05861189194367,81.17005311087085,81.5625,169466200
2009-11-12,81.45145471415836,81.87352111715889,80.52587000149747,80.73320007324219,157144500
2009-11-13,80.9404951941557,81.51805890156758,80.52583522972014,81.1700439453125,150963000
2009-11-16,81.73279227369217,82.70280844121831,81.68836603600879,82.34738159179688,210922200
2009-11-17,82.13267709758462,82.48069782543104,81.82168201499346,82.44367218017578,147134100
2009-11-18,82.38442983556946,82.51030797643541,81.87350536469987,82.39183044433594,156486800
2009-11-19,81.82906248962377,82.42143308181033,80.80721375549341,81.3181381225586,208734600
2009-11-20,80.8960963861016,81.27373649566333,80.71838571955736,81.02938079833984,134196000
2009-11-23,81.98457101036458,82.73984545302936,81.89571286739019,82.0586166381836,148010200
2009-11-24,82.19188501590047,82.33997624268834,81.45882383945964,82.18447875976562,138420100
2009-11-25,82.31775387731687,82.56210945845613,82.05859143488927,82.47325134277344,109564800
2009-11-27,80.26667293060619,81.68836908267961,80.18522105893672,81.13301849365234,126001800
2009-11-30,81.06639091056151,81.59952280804445,80.0593545775618,81.4070053100586,160874800
2009-12-01,82.13265833053981,82.68060837864739,81.99197333922052,82.4140396118164,159613700
2009-12-02,82.39922728255559,82.93977107465518,82.13265851512551,82.37701416015625,132315100
2009-12-03,82.59917006265928,83.06566265656745,81.666179225523,81.73281860351562,167324900
2009-12-04,82.81390949345342,83.21376275176145,81.48107094841387,82.19932556152344,274907800
2009-12-07,82.1252787162498,82.58436509367756,81.81427797590013,82.07344055175781,127973800
2009-12-08,81.48104468478908,82.02158279820638,80.9108815440233,81.16264343261719,169863700
2009-12-09,81.14043803848259,81.5847174526011,80.72577235589529,81.46623992919922,155063400
2009-12-10,81.96976499546777,82.28076569588104,81.7846480865807,81.92533874511719,138014600
2009-12-11,82.27335357666016,82.45847047235972,81.90311978526103,82.27335357666016,124854000
2009-12-14,82.83610534667969,82.93236409267529,82.28815530212913,82.83610534667969,107141500
2009-12-15,82.53250167650545,82.87311602714489,82.191887325866,82.4510498046875,120408800
2009-12-16,82.7842551670485,83.02860510844549,82.39180271105914,82.57691955566406,155358200
2009-12-17,81.98458529473727,82.14008283504569,81.51068641494389,81.58473205566406,183390100
2009-12-18,82.03884903382914,82.11329899622463,81.35395254577432,82.04629516601562,174591200
2009-12-21,82.4557197710631,83.15550261063147,82.4557197710631,82.88005828857422,118039600
2009-12-22,83.05872582989286,83.35650854173647,82.95450273270752,83.17784118652344,91707500
2009-12-23,83.37887690130037,83.4607673240644,83.00664977227672,83.3416519165039,111783100
2009-12-24,83.52026039958199,83.82548345573642,83.37881238249066,83.73615264892578,39677500
2009-12-28,84.0488579044893,84.11585603835168,83.61707322048746,83.91485595703125,87508500
2009-12-29,84.13073825935417,84.14562483852491,83.78829014110126,83.79573059082031,80572500
2009-12-30,83.55008164354373,83.86275098557267,83.50541053772979,83.7659683227539,73138400
2009-12-31,83.9520639522306,83.97440234024538,82.92471961311935,82.96194458007812,90637900
2010-01-04,83.65428249378296,84.4136229337242,83.014051718267,84.36895751953125,118944600
2010-01-05,84.31683327451685,84.62950248623,84.01160451089352,84.59227752685547,111579900
2010-01-06,84.51039978827353,84.86029401164535,84.44340166706559,84.65184783935547,116074400
2010-01-07,84.49552599058522,85.11342415171399,84.25730094625924,85.00920104980469,131091100
2010-01-08,84.78587760955702,85.32933160558157,84.61465634596625,85.29210662841797,126402800
2010-01-11,85.67177452068857,85.70899381581911,85.0464301573179,85.41121673583984,106375700
2010-01-12,84.84541819084563,85.02408554978514,84.28707772439336,84.61463928222656,163333500
2010-01-13,84.83053429911118,85.56754787693785,84.39875527905939,85.3293228149414,161822000
2010-01-14,85.23254276992698,85.71643903937152,85.18043121350887,85.56010437011719,115718800
2010-01-15,85.41122757347378,85.49311230504463,84.27220794706393,84.59976959228516,212283100
2010-01-19,84.5848732441304,85.70899479731258,84.5625348511158,85.6568832397461,139172700
2010-01-20,85.07621004544278,85.20276587396062,84.10842316416458,84.78587341308594,216490200
2010-01-21,84.80820652687382,85.06876431615093,83.05129446241415,83.155517578125,344859600
2010-01-22,82.78327291591992,83.18527871080995,81.21247470393084,81.30181121826172,345942400
2010-01-25,82.04628874557257,82.19518297897729,81.4507288511564,81.7187271118164,186937500
2010-01-26,81.39860682265049,82.23984357264528,81.17527400527888,81.37627410888672,211168800
2010-01-27,81.27205477220146,81.94951074646468,80.64671603879003,81.76339721679688,271863600
2010-01-28,82.03141928973537,82.07608472921552,80.33406443266436,80.82540130615234,316104000
2010-01-29,81.1752726564481,81.74105934124266,79.82036647319833,79.9469223022461,310677600
2010-02-01,80.51271237839786,81.19760879004721,80.02881607548301,81.1901626586914,187865000
2010-02-02,81.33904384761975,82.32916332932203,81.05614769879068,82.1728286743164,216327900
2010-02-03,81.80061651488992,82.24729352988001,81.52517212601144,81.76339721679688,172730700
2010-02-04,81.13062232214791,81.16784162481491,79.22481568192265,79.23970794677734,356715700
2010-02-05,79.32900008375424,79.5672250874997,77.85498464799552,79.40345001220703,493585800
2010-02-08,79.46303083499765,79.90226171736087,78.77068827920091,78.83024597167969,224166900
2010-02-09,79.75333921735566,80.51268532797206,79.113108449476,79.82034301757812,337820500
2010-02-10,79.6937879301857,80.10323414506531,78.99399948475178,79.66400909423828,240511500
2010-02-11,79.55980239699818,80.58714689001444,79.09823886433288,80.49781036376953,223591600
2010-02-12,79.6491451772905,80.47548970973313,79.29181037823838,80.43082427978516,304622100
2010-02-16,81.04123286510941,81.77824046169101,80.26700031042793,81.69635009765625,159317500
2010-02-17,82.09097469445196,82.1952035237545,81.69641481684371,82.08353424072266,168845100
2010-02-18,81.94952258855017,82.73864225085816,81.91974373793202,82.56742095947266,193708600
2010-02-19,82.35153373799511,83.05876302557145,82.15797403665623,82.7386474609375,222684900
2010-02-22,83.04386909613592,83.06620181359733,82.50786115812282,82.75353240966797,132346900
2010-02-23,82.53019913685092,82.78331085719574,81.5326274820129,81.74851989746094,207497000
2010-02-24,81.9941677526358,82.63439868329951,81.78572152957945,82.50039672851562,176350700
2010-02-25,81.32417086336129,82.44829823549826,81.10083802316001,82.38874053955078,259634700
2010-02-26,82.46314386218113,82.72370723260222,81.97180731398561,82.44081115722656,173589300
2010-03-01,82.78329142004473,83.37885695590907,82.76095870640324,83.29696655273438,147709700
2010-03-02,83.6542561353709,83.92970034241468,83.37880624859669,83.52769470214844,160992400
2010-03-03,83.74362286860263,84.10096326207824,83.39372860491875,83.60218048095703,150785000
2010-03-04,83.71383758803611,83.9744009931024,83.40116831763548,83.85528564453125,135770400
2010-03-05,84.39876123737336,85.120876925221,84.19775545478166,85.05387878417969,176118800
2010-03-08,85.0613385391033,85.25489254182344,84.91989042349375,85.06877899169922,114631200
2010-03-09,84.81565295669091,85.60477245834814,84.77098752972431,85.21021270751953,154556700
2010-03-10,85.24742612123397,85.82065318191736,85.17298185980837,85.58987426757812,186088800
2010-03-11,85.38887929782818,85.9695582416414,85.12832151006612,85.94721984863281,160791100
2010-03-12,86.3194240559148,86.33431631398236,85.71641823802142,85.95464324951172,162074800
2010-03-15,85.80577612318274,86.03655506313096,85.31443371973127,85.97699737548828,146816800
2010-03-16,86.21524156350519,86.7438033791352,85.97701643984469,86.66191864013672,168673000
2010-03-17,86.92247119213971,87.45847910769157,86.6693538188026,87.17558288574219,177468100
2010-03-18,87.18299380727517,87.30210347388493,86.78098803296915,87.1308822631836,196509100
2010-03-19,86.68983459472656,87.67656007549661,86.35344740845797,86.68983459472656,226641100
2010-03-22,86.19648090426045,87.31028918418428,86.14415476180993,87.15330505371094,184477800
2010-03-23,87.280392235378,87.84103194914023,86.996331130407,87.76628112792969,182941600
2010-03-24,87.43737590835318,87.78123426901647,86.39832403285777,87.34019470214844,196072600
2010-03-25,87.93074732345963,88.33440867827014,87.09352884218434,87.19818115234375,223396300
2010-03-26,87.36258665020175,87.77371886218273,86.80194714949319,87.14580535888672,205808500
2010-03-29,87.58686079952716,87.8559682830072,87.22805462363465,87.69898986816406,134513500
2010-03-30,87.80366130667758,88.08024564259321,87.39252890277999,87.7588119506836,145772500
2010-03-31,87.422430081886,87.84851609956688,87.16827611136051,87.45980834960938,161078700
2010-04-01,88.05782318115234,88.3942047658197,87.53455596785314,88.05782318115234,161215200
2010-04-05,88.39423016449003,88.83526417791676,88.14754722318811,88.77546691894531,105847600
2010-04-06,88.52128455722884,89.1417272983695,88.42410904600266,88.98474884033203,110384200
2010-04-07,88.8053586112297,89.22396789350948,88.06530986889744,88.47644805908203,184576300
2010-04-08,88.16990939198278,88.93238236026764,87.90827874722635,88.78287506103516,158704000
2010-04-09,88.96980701678116,89.40336988380987,88.80535744598886,89.36599731445312,133006500
2010-04-12,89.47810176384026,89.739738209511,89.37344946682094,89.50800323486328,110279000
2010-04-13,89.41829318083147,89.73225003205916,88.95482899345603,89.57527160644531,125043600
2010-04-14,89.90418130847874,90.59190368652344,89.76215646019122,90.59190368652344,161609000
2010-04-15,90.44242115574222,90.87598401880149,90.41251967865638,90.66667938232422,144615300
2010-04-16,90.34522508937602,90.66665876605497,88.76795817626791,89.22394561767578,366786700
2010-04-19,88.96233607193203,89.65005294296937,88.55867468159525,89.56034851074219,217947800
2010-04-20,90.12094719141967,90.4349097091601,89.60516262543675,90.36015319824219,157708000
2010-04-21,90.41250781666457,90.62181812880424,89.69488957012574,90.19573211669922,192910100
2010-04-22,89.56033036951469,90.57695758300126,89.04454567227522,90.46482849121094,115360300
2010-04-23,90.40504322202861,91.09276004482248,90.17330821414556,91.05538177490234,177335500
2010-04-26,91.08528485667928,91.28711839281058,90.62182623898576,90.7115249633789,143457300
2010-04-27,90.18827118834263,90.7040560075489,88.39422240482914,88.56615447998047,355853300
2010-04-28,88.99225249893811,89.46318801521387,88.40918214619838,89.23892974853516,300674100
2010-04-29,89.77710596039378,90.53210237968288,89.75468128410873,90.34522247314453,193775000
2010-04-30,90.36016281526352,90.45734400855135,88.79037287197312,88.81279754638672,270000900
2010-05-03,89.23890941641999,90.2106874131192,89.1043556276943,89.96400451660156,182747900
2010-05-04,88.96230372519084,88.97725160689848,87.3999848915886,87.84849548339844,360353400
2010-05-05,87.13089961715995,88.05782820683578,86.68986570528638,87.32525634765625,328973200
2010-05-06,86.9066541355836,87.4598171944689,78.48957953349773,84.42488861083984,647356600
2010-05-07,84.20059646877384,85.04529145511466,81.78611166476048,83.16902160644531,637558800
2010-05-10,86.57028027408721,87.19819997370061,85.8975169073131,86.83191680908203,396159600
2010-05-11,86.01712642654067,87.72894791598375,85.89752619181158,86.58524322509766,317849800
2010-05-12,86.92905334155412,87.92325575969754,86.77954600247888,87.79617309570312,235607100
2010-05-13,87.55699853313969,87.96813673449891,86.63007551013077,86.70482635498047,234452500
2010-05-14,86.05448455053372,86.2114630298529,84.37256493952633,85.1350326538086,345601400
2010-05-17,85.36675053720792,85.60595662170915,83.55027737257818,85.17987060546875,325739800
2010-05-18,85.87507084865807,86.12923054118512,83.74464060200836,84.02122497558594,360556800
2010-05-19,83.55028725401405,84.29780706937943,82.49628727997313,83.54281616210938,394742700
2010-05-20,81.76369323848118,82.14492983808637,80.33593374289633,80.38825988769531,530418300
2010-05-21,79.16982105218541,81.76370984622777,78.75868290016776,81.56188201904297,500909400
2010-05-24,81.12081644461824,81.77116048530159,80.4405766416445,80.51532745361328,269823000
2010-05-25,78.57179466171686,80.63495059221397,78.02610278149342,80.59757232666016,396505200
2010-05-26,81.09093369133699,81.83097654385566,79.87247301860087,80.11167907714844,349719300
2010-05-27,81.62166727853504,82.82517429564379,81.31518150379912,82.79527282714844,300870500
2010-05-28,82.7055730252395,82.76537596555899,81.36751217698318,81.7562255859375,297933500
2010-06-01,80.99374124807366,82.1897713748413,80.26117529054414,80.38077545166016,277909400
2010-06-02,80.79194960199833,82.4813404162444,80.36586350061782,82.47386932373047,240243700
2010-06-03,82.71305469641099,83.01953480315842,81.91320885761596,82.75790405273438,226618300
2010-06-04,81.18808176065468,81.7262966363173,79.58091392447338,79.85002136230469,398475600
2010-06-07,80.13410044762126,80.44058622727317,78.79604535550415,78.85584259033203,264609100
2010-06-08,78.91564835948186,79.8575247050573,78.22793165775099,79.70054626464844,357774300
2010-06-09,80.1640043293774,80.94142543675936,78.93807258011569,79.27445983886719,268023300
2010-06-10,80.62750307481332,81.6889800457478,79.26701698024421,81.59180450439453,317890600
2010-06-11,80.87414300928157,82.04027169770792,80.82181686821427,81.98794555664062,214128200
2010-06-14,82.61588412608788,83.06440055957171,81.77866561691458,81.86089324951172,207196100
2010-06-15,82.4365013725037,83.79698748966985,82.29447075321514,83.72223663330078,238268700
2010-06-16,83.28863000331317,84.03614958123511,83.12417478367085,83.69229125976562,216374000
2010-06-17,83.93151082203173,83.9688890882,83.01206478676839,83.82685852050781,263185800
2010-06-18,83.99284633631387,84.21816574076335,83.64735199861973,83.91773986816406,174006600
2010-06-21,84.9617150026348,85.02179672468479,83.21170663347688,83.67737579345703,213140700
2010-06-22,83.67740095290493,84.04542668098105,82.17524857515821,82.29541778564453,239355400
2010-06-23,82.3480155519223,82.64093488777412,81.47676991279482,82.04007720947266,254639900
2010-06-24,81.63445755925764,81.73960774764538,80.47028739177921,80.68058776855469,268523600
2010-06-25,80.92093401941052,81.43166597522405,80.19238931609138,81.0185775756836,238726500
2010-06-28,81.1387521706054,81.35656493261693,80.47029488351234,80.76321411132812,169218600
2010-06-29,79.62907617859085,80.7481835609569,77.77392324451644,78.2696304321289,373649500
2010-06-30,78.05189738750708,78.77293040669117,77.27077685082571,77.5261459350586,284101700
2010-07-01,77.47350701239179,77.72887015614461,75.95632996098573,77.18058776855469,382924800
2010-07-02,77.44346128625611,77.67629305607164,76.32435944165913,76.75997924804688,233385200
2010-07-06,77.841532602622,78.38982071959823,76.51963695929037,77.2632064819336,256935300
2010-07-07,77.4585135571974,79.79436181527369,77.37589468785642,79.69672393798828,253769400
2010-07-08,80.36516134930068,80.57546178926142,79.54649096084528,80.48533630371094,210842100
2010-07-09,80.46279462257512,81.09370163680691,80.31258166836878,81.08618927001953,144999900
2010-07-12,80.81578522468475,81.29647345843223,80.47780328010646,81.13874816894531,131283600
2010-07-13,81.97995618230019,82.68596380871362,81.81471852603667,82.36300659179688,213025900
2010-07-14,82.10015321940844,82.67848521246108,81.76217115716251,82.35552215576172,184426800
2010-07-15,82.32544614604222,82.66342807581239,81.2438948023689,82.37802124023438,232337900
2010-07-16,81.93488877488394,82.0250199695301,79.95204833471541,80.10977935791016,282693400
2010-07-19,80.40270536188672,80.83832518046007,79.77931077272589,80.58296203613281,186709000
2010-07-20,79.51642144777061,81.53681207415269,79.47886535412654,81.47673034667969,258162400
2010-07-21,81.89734556854359,81.9198769366111,80.08724926370101,80.417724609375,264527000
2010-07-22,81.37160677920772,82.57333349049128,81.364100141699,82.21281433105469,274781300
2010-07-23,82.04754436330275,83.04647686394979,81.81471262640584,82.92630767822266,222020800
2010-07-26,83.06903702499469,83.87268843089306,82.83620520738387,83.79006958007812,184445700
2010-07-27,84.24819520006744,84.33832638473021,83.45205645810636,83.78253173828125,204855600
2010-07-28,83.60982423069835,83.86519318524725,82.96389807127589,83.2417984008789,163056200
2010-07-29,83.76003286900489,83.9853580683632,82.17526702648082,82.83621215820312,220149100
2010-07-30,81.99498434876885,83.26430491354563,81.8522837726166,82.8211669921875,220070600
2010-08-02,84.11302096861652,84.82654678773693,83.7750389749982,84.69135284423828,188263200
2010-08-03,84.48106329948155,84.6988703801274,84.00788157121495,84.28578186035156,146657300
2010-08-04,84.51861517030126,84.95424079981117,84.24072060650772,84.84909057617188,158171700
2010-08-05,84.30830469915948,84.80401774902744,84.18062311852927,84.75894927978516,140473800
2010-08-06,83.92526665166645,84.54866137445462,83.30938429657361,84.41346740722656,239728300
2010-08-09,84.81149199214872,85.00677333692752,84.36084758364377,84.86406707763672,120800400
2010-08-10,84.1430768949061,84.85660281740546,83.64736951709509,84.40595245361328,242916300
2010-08-11,83.10658789603413,83.136631633552,81.95744215469655,82.09263610839844,273406900
2010-08-12,80.85337249853475,81.88234345962208,80.81581638787492,81.58942413330078,239542600
2010-08-13,81.33403342816621,81.83725305148413,81.25141459684464,81.34905242919922,158698500
2010-08-16,80.79324862357933,81.57436838536543,80.50032942919147,81.31149291992188,147895300
2010-08-17,82.01002936327347,82.91131870076562,81.77719179571936,82.31045532226562,172270300
2010-08-18,82.27290900182248,82.90381042314375,81.79973293583153,82.46067810058594,182922100
2010-08-19,82.03256844083897,82.23535655522825,80.68814094614007,81.026123046875,265847600
2010-08-20,80.7857454780438,81.07115807045838,80.17737565569655,80.76321411132812,209714200
2010-08-23,81.14628053811695,81.54435004260824,80.41773564261075,80.45529174804688,163490300
2010-08-24,79.57652087933684,79.90699624011131,78.84046941430216,79.26107025146484,280677800
2010-08-25,78.82544592941447,79.86944140265577,78.32973861066107,79.56901550292969,272234800
2010-08-26,79.94455286054003,80.04970307051258,78.77287008758539,79.03575134277344,224439500
2010-08-27,79.53146487509878,80.34262861281398,78.34476300661807,80.260009765625,272649000
2010-08-30,80.04969508668707,80.29755158415504,79.08831855981792,79.0958251953125,167238600
2010-08-31,78.80290596385257,79.59905055599916,78.47994299964596,79.0958251953125,273933100
2010-09-01,80.16236472073666,81.57438590280744,80.10978961635787,81.46172332763672,256828100
2010-09-02,81.6570144427602,82.23534065962725,81.48426437627627,82.22032165527344,156112200
2010-09-03,83.02394399687383,83.36192591400963,82.58080616502914,83.28681945800781,212197300
2010-09-07,82.89627239605676,83.0014225931282,82.28039021452862,82.34798431396484,141973700
2010-09-08,82.51321356735195,83.25677723666382,82.47565747354356,82.92630767822266,149924400
2010-09-09,83.85763706476236,83.8801684280609,83.08402969681794,83.3093490600586,147017900
2010-09-10,83.459592568088,83.82761831555584,83.27182351097588,83.72998046875,127819000
2010-09-13,84.55615808134496,84.83405260176949,84.21817036074535,84.66130828857422,178503500
2010-09-14,84.49610203300843,85.08945312602681,84.18065129401394,84.6087646484375,209823600
2010-09-15,84.36087454144574,85.02933186922434,84.10551139611746,84.93169403076172,168608400
2010-09-16,84.66881267255752,84.9617318979744,84.38340008248038,84.9091567993164,199962900
2010-09-17,85.35620090686687,85.43926207212698,84.70681675716176,84.9408950805664,195836900
2010-09-20,85.2353285922829,86.42838297324654,84.96349327102709,86.23960876464844,214555200
2010-09-21,86.30760221995351,86.71534959087784,85.71107481006483,86.06597137451172,268389100
2010-09-22,85.93007573410249,86.41333754910663,85.40150416329871,85.64313507080078,191322400
2010-09-23,84.94087270877013,85.83188753339151,84.70679444701722,84.94842529296875,202354300
2010-09-24,85.89230261067888,86.76066550354511,85.8167940462849,86.70025634765625,209671800
2010-09-27,86.73049125322297,86.82865184516618,86.2019253567038,86.28498077392578,128761800
2010-09-28,86.398208452808,86.86637072686621,85.46188966562528,86.58698272705078,209207500
2010-09-29,86.36801237999045,86.76821871996714,86.09617693744572,86.43597412109375,179665800
2010-09-30,86.87392344492285,87.43269368448208,85.77147661202262,86.17922973632812,287106700
2010-10-01,86.8286218620414,86.92678818102264,86.02822070629165,86.54168701171875,174638700
2010-10-04,86.36046578820059,86.72290920527794,85.46189830843359,85.89230346679688,166153200
2010-10-05,86.68517899711328,87.83292444638664,86.58701265358087,87.62149810791016,229634100
2010-10-06,87.60636953451647,87.84045357039238,87.2590255339488,87.61392211914062,148626600
2010-10-07,87.96883429513255,87.99148629208554,86.97965868861786,87.50822448730469,164860000
2010-10-08,87.62902744333972,88.24065429749322,87.29678285049876,87.9990234375,177760100
2010-10-11,88.13494886037087,88.32372316627094,87.78005224352921,88.08209228515625,103098300
2010-10-12,87.79513635752842,88.61064259956356,87.32697984745661,88.35391235351562,182210000
2010-10-13,88.84473266255041,89.51676865933844,88.63330062320227,89.04105377197266,194347200
2010-10-14,88.95803143744462,89.10905438858416,88.13497795724615,88.6937484741211,217764300
2010-10-15,89.31288139357294,89.36573795855386,88.1651363707299,88.87492370605469,243705000
2010-10-18,88.90514354539471,89.60738417839165,88.5804515159244,89.31289672851562,141204800
2010-10-19,88.48982288573805,88.9881839303965,87.60635498136502,88.1424789428711,280604700
2010-10-20,88.30105537567142,89.43370100845969,88.24819880991198,89.0032958984375,200051800
2010-10-21,89.40348726824472,89.92450028847988,88.50491998151888,89.1996078491211,221585500
2010-10-22,89.33554096746147,89.50166326034109,89.1014626970951,89.3657455444336,108212400
2010-10-25,89.96225703910319,90.4304192578266,89.5620565467599,89.63001251220703,151145700
2010-10-26,89.17698684745415,89.73575721677791,89.00331770067413,89.64514923095703,158982900
2010-10-27,89.01840123184809,89.48656353183817,88.54269210834251,89.38839721679688,190024000
2010-10-28,89.90187221156597,89.93962937653741,88.97310586698774,89.40351104736328,168576000
2010-10-29,89.31288872709558,89.64513331193274,89.15431901913257,89.4714584350586,144305500
2010-11-01,89.90939336303396,90.42285951808333,88.98817416477483,89.50164031982422,174074800
2010-11-02,90.17371438983153,90.422897870973,89.93208349443417,90.21147155761719,158345900
2010-11-03,90.37002462541903,90.62675488402014,89.44125262197653,90.57389831542969,226702800
2010-11-04,91.57817855098617,92.36348025360796,90.58900315908524,92.31817626953125,215039400
2010-11-05,92.37858672682732,92.81654447617875,92.25777417307118,92.66552734375,180654100
2010-11-08,92.37859369769943,92.6428823407944,92.07655941005048,92.49185943603516,156107100
2010-11-09,92.74103659806329,92.83919715877686,91.45737368009173,91.8273696899414,186621600
2010-11-10,91.80472440404458,92.24268218864643,91.11003632146324,92.19737243652344,221387400
2010-11-11,91.40451678724015,91.98593908639688,91.12512875412445,91.85002136230469,158017600
2010-11-12,91.23085005481437,91.63105067793471,90.34738764970703,90.76268768310547,239068800
2010-11-15,91.04963658149725,91.40453324502391,90.59657933992646,90.63433074951172,163940800
2010-11-16,90.07552471434788,90.22654181482507,88.7918563165594,89.2222671508789,299566200
2010-11-17,89.2600484273514,89.63759706587041,88.9957655325751,89.2676010131836,172308900
2010-11-18,90.12838669700419,90.90613575701768,90.12083411324609,90.5814437866211,197723700
2010-11-19,90.53619327694489,90.86843226638766,90.0453787395941,90.83068084716797,156852900
2010-11-22,90.37757078608078,90.79287072093534,89.6828770984959,90.75511932373047,181361000
2010-11-23,89.68290746576939,89.87168179851456,89.09393246935409,89.44127655029297,222309000
2010-11-24,90.00759042863392,90.7853454399249,89.99249101835584,90.76268768310547,140046100
2010-11-26,89.97740190985779,90.46821057271055,89.70556640625,89.70556640625,76007800
2010-11-29,89.47901196270585,90.21900970193416,88.90513651764722,89.97737884521484,223642300
2010-11-30,89.08636304183442,89.98492472029147,88.9579921498257,89.4714584350586,233930700
2010-12-01,90.7626958645901,91.54799777134097,90.7551490392382,91.37432861328125,221037200
2010-12-02,91.51776053997655,92.61265472363479,91.4649039766919,92.54469299316406,191213600
2010-12-03,92.22754627374574,92.89958213671106,92.20489428570264,92.79386901855469,151288900
2010-12-06,92.5975657955739,92.90715840691631,92.49940523538291,92.69573211669922,103050500
2010-12-07,93.5867699927685,93.63962657829401,92.6957548646698,92.74861145019531,206581000
2010-12-08,92.86185321008182,93.1638874716394,92.43144805033457,93.08837890625,138019200
2010-12-09,93.60939062629593,93.64714202563002,92.99021122006532,93.45082092285156,123705100
2010-12-10,93.73777838757327,94.08512245435905,93.42819149017224,93.99451446533203,117571700
2010-12-13,94.42491054154758,94.53817051685084,94.02470417204898,94.0549087524414,133812700
2010-12-14,94.19834096007612,94.5607900172177,93.85099706748711,94.13793182373047,147249600
2010-12-15,93.96428606150276,94.3342820317491,93.54898034729398,93.70755004882812,160823100
2010-12-16,93.76798178615297,94.31920534315539,93.44328972072638,94.2512435913086,185035200
2010-12-17,94.18517693286817,94.47362074346633,93.98781759339029,94.3521728515625,141075300
2010-12-20,94.61025081014,94.80761014454625,94.10926885816131,94.57988739013672,119085500
2010-12-21,94.87593697774008,95.24029227832318,94.78485249601758,95.1795654296875,94965500
2010-12-22,95.24789942405721,95.5059798841273,95.19476487102914,95.47561645507812,78878100
2010-12-23,95.369360320386,95.47562944089601,95.10368751911098,95.33899688720703,70053700
2010-12-27,94.98221908720276,95.46802236041911,94.91390571654662,95.37693786621094,58126000
2010-12-28,95.56669197890179,95.60464191592672,95.26306352654706,95.51355743408203,55309100
2010-12-29,95.62741143195109,95.79440156616195,95.56668458793045,95.58186340332031,58033100
2010-12-30,95.49081872724057,95.7413069285708,95.28586699105865,95.43009185791016,76616900
2010-12-31,95.28584675282929,95.54393299705086,95.1340354029802,95.45284271240234,91218900
2011-01-03,96.18155758888095,96.85712801085272,95.41489687281559,96.43964385986328,138725200
2011-01-04,96.65219320168963,96.68255663654547,95.78685557761338,96.38652038574219,137409700
2011-01-05,96.08287867463461,96.94821618024584,95.99178838253734,96.88748931884766,133975300
2011-01-06,96.92543093132673,97.03170002767219,96.40926426712105,96.69770812988281,122519000
2011-01-07,96.82674183791364,96.98614547171422,95.75645864204378,96.5079345703125,156034600
2011-01-10,96.08289182841666,96.52315294697702,95.79444209290256,96.38652038574219,122401700
2011-01-11,96.73565779462308,96.96337479055636,96.36371018950594,96.72806549072266,110287000
2011-01-12,97.32014637595921,97.70726701754047,96.75083939168724,97.60099792480469,107929200
2011-01-13,97.63896216175708,97.6845044079746,97.1987011442154,97.44159698486328,129048400
2011-01-14,97.30498605096629,98.17032361704173,97.23667267054422,98.14755249023438,117677900
2011-01-18,98.05647544120926,98.40565209083424,97.94261978506391,98.31456756591797,114401300
2011-01-19,98.23103165287039,98.32970265596633,97.09242920089899,97.35050964355469,151958400
2011-01-20,97.13037578659808,97.4643618896039,96.50034772837117,97.22146606445312,175745700
2011-01-21,97.82872924263901,98.04885396017814,97.33532788286794,97.44159698486328,151462900
2011-01-24,97.38086487153699,98.10957551906473,97.35809374965763,97.99571990966797,113715500
2011-01-25,97.73764544045571,98.13236426134391,97.24425560119413,98.04886627197266,167552200
2011-01-26,98.29174852336354,98.71682487573037,98.09438337229186,98.42837524414062,141281500
2011-01-27,98.45113602973879,98.83826819622665,98.27655359958466,98.67127227783203,123302700
2011-01-28,98.78513238565316,98.94454179958079,96.78878515904127,96.94818878173828,295637300
2011-01-31,97.21385944990833,97.75279132761072,96.97095209252224,97.6768798828125,149249200
2011-02-01,98.26899402123279,99.41518306394092,98.20826716313076,99.2406005859375,167194300
2011-02-02,98.98250207642646,99.31649398293452,98.92937331809823,99.05082702636719,118323600
2011-02-03,98.8762315623887,99.42276165931503,98.352484170092,99.27095031738281,145886700
2011-02-04,99.3089305864354,99.58978221752795,98.85348486564105,99.55182647705078,134634800
2011-02-07,99.77195005494191,100.50064921600533,99.76435195833929,100.17425537109375,112439100
2011-02-08,100.26532334529861,100.68281320338244,99.99205830932216,100.62968444824219,99072800
2011-02-09,100.35642003773725,100.67522731795302,99.90097444745044,100.40196228027344,146436700
2011-02-10,99.89338843994197,100.55377412498292,99.66566564364636,100.4399185180664,162708500
2011-02-11,100.04521123901547,101.16862915833329,100.02244011502324,101.03958892822266,137710300
2011-02-14,100.97883282406701,101.36595340227898,100.86497723708129,101.28245544433594,101690700
2011-02-15,100.97127454886758,101.12308590145584,100.43992902357681,100.96367645263672,119575400
2011-02-16,101.30526690790866,101.72274523369839,101.10031521068169,101.60130310058594,130183500
2011-02-17,101.3052484367452,102.04153394482655,101.2141523754408,101.9049072265625,109810500
2011-02-18,101.99599320419794,102.23890059463018,101.76068390875538,102.11744689941406,130002400
2011-02-22,101.047170940711,102.14023117350116,99.7947128470759,100.06797790527344,233116400
2011-02-23,100.00724924931814,100.2501566666597,98.83828915513551,99.45313262939453,227584000
2011-02-24,99.34684437119664,99.7719206871066,98.45113792056272,99.3847885131836,260431400
2011-02-25,99.80229707611917,100.50823661966369,99.74157022208048,100.447509765625,141686900
2011-02-28,100.81949436778059,101.19902865782801,100.4855023393441,101.06997680664062,141585500
2011-03-01,101.38873957240641,101.47982404511257,99.35443088310184,99.3847885131836,258565500
2011-03-02,99.24817457979604,100.06038317418016,98.94455191005123,99.59735107421875,200277400
2011-03-03,100.5006498475329,101.42671420665447,100.49306333334694,101.31285858154297,176480100
2011-03-04,101.23695180814238,101.43431701078106,99.8934090396164,100.55379486083984,277202300
2011-03-07,100.84980155220696,101.0775243287826,99.24058067400571,99.76432800292969,216790400
2011-03-08,99.92374964704514,100.95608298902847,99.49108674283005,100.63727569580078,174615000
2011-03-09,100.43989798851757,100.8042474386413,99.89336802210187,100.49302673339844,153806000
2011-03-10,99.4379341074912,99.57456082378255,98.53464109713771,98.6333236694336,301291800
2011-03-11,98.31448831258903,99.67321490465211,98.29171719971622,99.31645202636719,225621800
2011-03-14,98.67128515115796,99.04322117773071,97.96534566175889,98.71682739257812,234974100
2011-03-15,96.09045751614096,98.17030891871238,96.02214414594695,97.58582305908203,359585400
2011-03-16,97.27460323590842,97.59342213159731,95.0960808043044,95.77924346923828,468670300
2011-03-17,97.16075931124797,97.45679553647582,96.47759656409426,97.0468978881836,254303700
2011-03-18,98.22318413205875,98.253685271351,97.20924227333938,97.39983367919922,230435400
2011-03-21,98.61203293056147,99.11518557911972,98.49767106692249,98.90935516357422,153992600
2011-03-22,98.89409226313636,99.0236930528838,98.47478874761293,98.56626892089844,129538600
2011-03-23,98.29179995309141,99.10753680126551,97.826768063259,98.84833526611328,148603100
2011-03-24,99.41248778452068,99.9385220060563,98.85596405182527,99.79367065429688,159129800
2011-03-25,100.05288509940411,100.53316761104661,99.78605243410858,100.09862518310547,155642800
2011-03-28,100.31206879649267,100.57127031315498,99.82415526927933,99.85464477539062,109762400
2011-03-29,99.77081968682555,100.55605561806296,99.44300793988072,100.52556610107422,129798800
2011-03-30,101.05158554510622,101.51662913198142,100.90673418698104,101.21930694580078,135835000
2011-03-31,101.08969286928361,101.36414497681055,100.97533103869415,101.08206176757812,132537100
2011-04-01,101.70723288490512,101.9816850617334,101.2650592870829,101.5090103149414,153850100
2011-04-04,101.72248106196155,101.90545307405235,101.30318910418924,101.59288024902344,100768900
2011-04-05,101.39468756187718,102.02745279748301,101.34894745880884,101.5776596069336,120791500
2011-04-06,102.06554093208324,102.15702110909453,101.48613545693345,101.89781951904297,120411600
2011-04-07,101.71484043777646,102.141763411091,101.13544663581793,101.63861083984375,170731500
2011-04-08,102.08840448712452,102.14939514551499,100.86861458487252,101.28791809082031,147945400
2011-04-11,101.39464357320595,101.73770583016871,100.73900857050418,100.98297119140625,121385400
2011-04-12,100.4188247886969,100.61703571024279,99.86230100809492,100.22823333740234,161187400
2011-04-13,100.69330529966956,100.76953492198666,99.83945907991138,100.22064208984375,162059000
2011-04-14,99.64121699754783,100.44932295943653,99.31340525680355,100.2968521118164,161220400
2011-04-15,100.47982040443145,100.91436288576838,100.18249819105999,100.66278076171875,170006700
2011-04-18,99.55736253961626,100.65517132388237,98.73400595141669,99.53449249267578,210759300
2011-04-19,99.6869586449444,100.13676335669949,99.44300761149944,100.10626220703125,124258800
2011-04-20,101.30317245121327,101.69197482611335,101.23455068747167,101.47089385986328,156133800
2011-04-21,101.99691542968465,102.03503604630251,101.47089279836229,101.98929595947266,135935400
2011-04-25,101.91303497891049,102.05026684558808,101.54710272239804,101.8825454711914,65757100
2011-04-26,102.19514170465972,102.96512700415407,102.08841095391021,102.75928497314453,146600000
2011-04-27,102.95751266619368,103.58264662809592,102.53820911278244,103.43017578125,143031000
2011-04-28,103.24716458186558,103.9027994438569,103.23192564591325,103.76557922363281,124791100
2011-04-29,103.80374447128041,104.1163172843622,103.66651255926234,104.00957489013672,115094100
2011-05-02,104.49746460948226,104.5813136630194,103.64360717625817,103.84944915771484,126278700
2011-05-03,103.65125123866177,103.82659210186974,102.94986452027386,103.47589874267578,138375000
2011-05-04,103.43017948120396,103.47591957361598,102.33237073219411,102.789794921875,182678500
2011-05-05,102.2180159489422,102.8812705249395,101.40990999823747,101.85970306396484,226900000
2011-05-06,102.87364893135819,103.39968322537585,101.9130605221852,102.30949401855469,222787200
2011-05-09,102.30184163320045,103.0032165886363,102.14173973892312,102.70589447021484,114104500
2011-05-10,103.0490030272847,103.76562887430924,102.91940221302426,103.58265686035156,114806900
2011-05-11,103.43015345625712,103.44540402748392,102.0197838863802,102.49244689941406,193564200
2011-05-12,102.21801894399266,103.19384634318465,101.69198462370724,102.98038482666016,171550700
2011-05-13,103.03371875514082,103.17857009805421,101.82156009514559,102.18749237060547,157444900
2011-05-16,101.82158428520931,102.62207077958337,101.37179121135021,101.53951263427734,141675400
2011-05-17,101.15832151242715,101.66148574049717,100.72376741560873,101.52425384521484,192686200
2011-05-18,101.57761921046188,102.53819589123378,101.3565266231806,102.43146514892578,135217900
2011-05-19,102.76689920441765,102.94224005912356,102.11126423380269,102.67540740966797,119489500
2011-05-20,102.40860741402463,102.67542848547212,101.66911159888241,101.85970306396484,182594900
2011-05-23,100.61704125767632,101.18119617241283,100.31971904257537,100.67803192138672,168700000
2011-05-24,100.96772540597873,101.18880636297122,100.40357054298134,100.59416198730469,147199600
2011-05-25,100.1901229979476,101.3489223978646,100.15963348103566,100.92961883544922,151050100
2011-05-26,100.65513482843036,101.5776023740917,100.46454341784364,101.3946304321289,164850000
2011-05-27,101.67672414715119,102.05790705136369,101.36416300660903,101.78345489501953,120921900
2011-05-31,102.74401714063997,102.85836732972378,102.03501106999204,102.8431167602539,164731200
2011-06-01,102.54583338402074,102.85840619599398,100.449327151603,100.53318786621094,233094300
2011-06-02,100.60178987670676,100.81525135690838,99.83942412376432,100.42643737792969,200466800
2011-06-03,99.22192283078434,100.19013083559692,99.1685632638192,99.42776489257812,234690200
2011-06-06,99.17616544326785,99.38200746917138,98.24607822433077,98.37567901611328,179951200
2011-06-07,98.87887119718593,99.16095453695971,98.23086705507293,98.31472778320312,161660500
2011-06-08,98.1622167181667,98.49004006287477,97.72004315599014,97.90301513671875,198696400
2011-06-09,98.16983349075977,99.05416885324233,97.9335019873042,98.65011596679688,160964400
2011-06-10,98.2308100857893,98.29178909562594,97.01864578351864,97.27784729003906,238629400
2011-06-13,97.49899264457456,97.76582541238352,96.8586079611722,97.35414123535156,207599800
2011-06-14,98.24608316646872,98.93221940973599,98.20797418027027,98.58915710449219,160570400
2011-06-15,97.76575549487768,98.5738610602207,96.57646136475748,96.83566284179688,300958000
2011-06-16,96.86619946270996,97.55995515245829,96.30205038313184,97.0491714477539,308032800
2011-06-17,98.01300453077044,98.02066762325333,97.00935568890804,97.33879852294922,233284900
2011-06-20,97.00933648171251,98.04363164349608,96.97868996307568,97.8367691040039,159479000
2011-06-21,98.34240993242877,99.36904181574278,97.87506083771875,99.17750549316406,193157300
2011-06-22,98.87107217702457,99.45333850761412,98.51864012794947,98.5799331665039,176703000
2011-06-23,97.42305767229273,98.55694965850182,96.6798956547934,98.29646301269531,334286500
2011-06-24,98.27343847671548,98.35004597496268,97.00929785116816,97.15486145019531,226129300
2011-06-27,97.21618256020561,98.3960412501442,97.02464622356004,98.02063751220703,168904700
2011-06-28,98.4113707957515,99.31542841466853,98.27347024006706,99.30010223388672,165556300
2011-06-29,99.75214426954867,100.31142722528159,99.31544740260603,100.15054321289062,244295500
2011-06-30,100.47227530264628,101.26906112118799,100.14283849694026,101.1081771850586,223322700
2011-07-01,101.20012560876252,102.74008507878742,100.96262244623803,102.6021728515625,202385700
2011-07-05,102.4949685300799,102.72481457305658,102.19617218134685,102.51795196533203,165936000
2011-07-06,102.27275640113781,102.77074624833111,101.98161740037483,102.6405029296875,143331600
2011-07-07,103.55224044466385,103.9659539182438,103.33772061533294,103.7054672241211,170464200
2011-07-08,102.53325097046513,103.70545261939128,102.19614508886112,102.9699478149414,194100500
2011-07-11,101.7057694715767,102.03520627728273,100.87067405714079,101.1081771850586,195918600
2011-07-12,100.89367458046314,101.72877013646759,100.64084523323761,100.6714859008789,214675700
2011-07-13,101.20014994942665,102.06589805113514,100.76345312081965,101.00861358642578,204062600
2011-07-14,101.26141807308657,101.72876715143559,100.11985742191959,100.31139373779297,226111800
2011-07-15,100.87072384459948,101.03160786013751,100.18885478673825,100.89370727539062,220012800
2011-07-18,100.42635825804145,100.57958502714519,99.31544956897292,100.06626892089844,196872100
2011-07-19,100.62554892662321,101.81307681051182,100.60256549645689,101.69049072265625,166554900
2011-07-20,101.95098756543958,102.01226891800302,101.45298597485393,101.62919616699219,137145400
2011-07-21,102.20377975068862,103.29171637926001,101.64449694731577,103.03888702392578,245246300
2011-07-22,103.06187464166797,103.21510137192219,102.47959670007172,103.10784149169922,126019400
2011-07-25,102.12720033966013,103.03891538058922,102.01994043428336,102.53325653076172,136653800
2011-07-26,102.46427649205279,102.6328293930609,101.92030818599032,102.15015411376953,131278200
2011-07-27,101.58320786593336,101.61386022619781,99.92833112515672,100.05858612060547,249020100
2011-07-28,100.05858739927517,100.95497605603845,99.60655275797379,99.76744842529297,207939900
2011-07-29,98.76378406702297,100.02026177230518,98.04360568281578,99.08556365966797,307038400
2011-08-01,100.24248067539001,100.33442609064062,97.70654078246879,98.66422271728516,325790900
2011-08-02,97.92105008072605,98.44969232242384,96.14359283447266,96.14359283447266,346653800
2011-08-03,96.27383608520394,96.77182593100075,94.6419426030107,96.66456604003906,370830800
2011-08-04,95.32382778803583,95.47706040494661,91.98343272732751,92.13666534423828,520721800
2011-08-05,93.28587339345587,93.52337661697669,89.53175944838995,91.99874877929688,655619200
2011-08-08,89.57007761400713,92.02940408848139,85.82362055722172,86.00749969482422,702263900
2011-08-09,87.39417893122956,90.12931694252615,84.48282495969441,90.0067367553711,717828700
2011-08-10,88.30593251553171,89.08739835848937,85.76998692001557,86.03047943115234,662607400
2011-08-11,86.77364136694447,91.11002187743026,86.05346272314993,89.89185333251953,487979700
2011-08-12,90.71159767406917,91.33217344860643,89.8535129001463,90.49707794189453,313731600
2011-08-15,91.31687970939673,92.50440167126298,91.1713102007887,92.41246795654297,258810600
2011-08-16,91.53137258672967,92.46607071301622,90.64264130428532,91.62330627441406,294095200
2011-08-17,92.128989477849,92.85682531026973,90.95678788584098,91.68462371826172,238201100
2011-08-18,89.25592010956052,91.71524561887772,86.87320795489767,87.73129272460938,512956300
2011-08-19,86.54380374115081,88.78094742480776,86.19137747689473,86.29863739013672,428281300
2011-08-22,88.2369674671461,88.2829401675417,86.12241029617229,86.3675765991211,275090600
2011-08-23,86.68934218960683,89.30955772259311,86.2526396007758,89.2099609375,331136600
2011-08-24,89.01843916076565,90.58903378122382,88.81157662185375,90.4664535522461,246869700
2011-08-25,90.96443905108696,91.47775502750571,88.7732629047822,89.0873794555664,312365400
2011-08-26,88.63535361355933,90.79588317416219,87.22564319045452,90.38216400146484,314495900
2011-08-29,91.60034417562679,93.03303820953502,90.45112605025753,92.97940826416016,190977200
2011-08-30,92.57334123989921,93.79917259373157,91.37049331063479,93.22456359863281,241315700
2011-08-31,93.82216366202228,94.62661865878975,92.9334380500484,93.63829040527344,301828400
2011-09-01,93.69193380474735,94.5423557765333,92.53505246421602,92.65763854980469,254585900
2011-09-02,90.72693242015887,92.60399206533137,89.96845014798237,90.29022979736328,255517200
2011-09-06,87.63937080869901,89.76159681509108,87.63170771812591,89.63134765625,285130500
2011-09-07,90.98742830831331,92.19793358420743,90.68096898274531,92.15962982177734,209803200
2011-09-08,91.60799854089896,92.65761976637553,90.99507992765824,91.20194244384766,250568200
2011-09-09,90.15998669150187,91.2172651898008,88.32123664840462,88.81156921386719,380195100
2011-09-12,87.70066710753213,89.45514081965683,87.37888743418847,89.38618469238281,305793500
2011-09-13,89.67731916733342,90.54306134342004,89.04141709836851,90.2059555053711,272514700
2011-09-14,90.66566101583356,92.55038420087851,89.42450897351937,91.45479583740234,319389500
2011-09-15,92.4354276464178,93.06366653164278,91.4777460625246,93.03302001953125,326777200
2011-09-16,93.40654973619137,93.93022425055024,92.65954283882252,93.58367156982422,284528300
2011-09-19,92.0511407866963,93.12929471354624,91.4273542890434,92.65182495117188,241517000
2011-09-20,93.04458609332453,93.94561237733741,92.42079956984892,92.54401397705078,218932200
2011-09-21,92.59019927875845,92.87513582268296,89.67148572775265,89.81780242919922,316251300
2011-09-22,87.21485471026214,87.95415873387599,85.71314433033811,86.91451263427734,513911300
2011-09-23,86.33692288022438,87.9156487246652,86.2676100130394,87.43817901611328,307242500
2011-09-26,88.26219571940011,89.64069157755222,87.00692012532366,89.51747131347656,260673700
2011-09-27,91.28103740142974,92.07424889273743,89.97955104648803,90.51863098144531,311753900
2011-09-28,90.70346761302386,91.25024448202703,88.53946247471352,88.67037963867188,286696800
2011-09-29,90.14126381087766,90.58792258044222,87.73852153545924,89.37115478515625,298108900
2011-09-30,88.1389785117323,88.90908756251359,87.0762301368218,87.1378402709961,288392300
2011-10-03,86.62958159962793,87.75394031796374,84.56568872441053,84.6581039428711,365136800
2011-10-04,83.44131232702048,86.69887611309237,82.73281342866943,86.51404571533203,459177500
2011-10-05,86.72966747399488,88.34689500831003,85.9287535033275,88.11585998535156,284108000
2011-10-06,88.0696689689419,89.84092208467099,87.41507746981266,89.70999908447266,257800800
2011-10-07,90.23369560553591,90.29530575304881,88.60876468655243,89.10933685302734,312657900
2011-10-10,90.62645948015654,92.12817021229465,90.61875674229577,92.08966827392578,230666300
2011-10-11,91.54284382504905,92.44386979611501,91.4504286451457,92.1820297241211,209088000
2011-10-12,92.87516695591158,94.06113581123086,92.66724006022667,92.99068450927734,281544900
2011-10-13,92.44389495915522,93.08308690767844,91.73539601343758,92.80584716796875,212538800
2011-10-14,93.88402675910713,94.41539817612471,93.36035220468526,94.39229583740234,211397600
2011-10-17,93.94560534543294,94.37687042702505,92.35918251535531,92.59021759033203,202311600
2011-10-18,92.52092543396618,95.1084930010358,91.79702085405167,94.39999389648438,318857900
2011-10-19,94.24596169443,94.78504165921592,92.9598807417211,93.2833251953125,226601300
2011-10-20,93.5143700831708,94.03034189053584,92.27449367262837,93.69149780273438,262075600
2011-10-21,94.79273625670108,95.58595364841969,94.50779962006698,95.4704360961914,278999400
2011-10-24,95.62444741400132,96.87972903194091,95.53973494130112,96.6409912109375,203215600
2011-10-25,96.17893811907342,96.22514279121278,94.55400722688037,94.7619400024414,268596800
2011-10-26,95.76305789593758,96.0865022824469,94.1150250212864,95.72455596923828,289053800
2011-10-27,98.28899776573279,99.66749341544741,97.50348926515399,99.05911254882812,393220200
2011-10-28,98.57397107000176,99.22856854701172,98.41995159039149,99.03604125976562,225906500
2011-10-31,97.92708862009106,99.05144147073992,96.51008463789202,96.6487045288086,228146700
2011-11-01,93.97641043787914,95.11617446567513,93.58365316050448,93.95330810546875,416565800
2011-11-02,95.36262542469476,95.80158744186305,94.56171113670109,95.48583984375,244717600
2011-11-03,96.47157066000376,97.41880749995165,95.18548978928632,97.22628021240234,291174800
2011-11-04,96.44076587546351,96.80271221968879,95.50123182659618,96.63329315185547,249401600
2011-11-07,96.56399638152317,97.33410561552556,95.64756451291082,97.23399353027344,196617200
2011-11-08,97.74224807407765,98.58937280622354,96.81041674418348,98.48155212402344,224426300
2011-11-09,96.17891928429574,96.87972134366132,94.61559884474583,94.84663391113281,337982000
2011-11-10,96.10191192116802,96.21742945720695,94.73881557174757,95.73995971679688,231866500
2011-11-11,96.90282315418675,97.7961465967839,96.8720180871364,97.5420150756836,189924400
2011-11-14,97.18007932038958,98.15041265701366,96.20203737136676,96.6178970336914,159258300
2011-11-15,96.39457282756261,97.6113468452926,96.04802601735203,97.09537506103516,184709400
2011-11-16,96.11734467881996,97.29561102690488,95.41654823587677,95.55516815185547,235782500
2011-11-17,95.37800538489901,95.61674318751167,93.36032341901887,94.03801727294922,331219600
2011-11-18,94.33837380191834,94.53090109539164,93.545162292883,93.93791961669922,215580400
2011-11-21,92.56712179534789,92.68263934832669,91.3734560824784,92.1512680053711,229611600
2011-11-22,91.95102120572595,92.49009518737753,91.27332148540312,91.78929901123047,216494900
2011-11-23,90.92678241729826,91.78930673599449,89.763916015625,89.763916015625,224329100
2011-11-25,89.62528748836877,90.64183118080045,89.48666762687964,89.594482421875,99557000
2011-11-28,92.05884116581757,92.55171051253524,91.50436168189367,92.18975830078125,210686000
2011-11-29,92.45159149169922,93.18319272072527,92.11274163802031,92.45159149169922,199241500
2011-11-30,95.10076447024906,96.43305570538197,92.41308554413747,96.25592803955078,324439500
2011-12-01,96.14814720560912,96.75653427206498,95.82470270206585,96.24056243896484,176954800
2011-12-02,97.12615415923555,97.41879347902466,96.09420499125116,96.15581512451172,221109700
2011-12-05,97.6806269874374,97.94246711406558,96.60247904092626,97.20316314697266,225263900
2011-12-06,97.19548571838644,97.88858520408203,96.84893891327224,97.23399353027344,178842100
2011-12-07,96.91054463171274,98.00410422565774,96.24055334843911,97.595947265625,237802500
2011-12-08,96.95672555556101,97.17235513833428,95.22398028267735,95.45500946044922,240862800
2011-12-09,95.8862816965007,97.31868503293865,95.80156922898811,97.07225036621094,209111400
2011-12-12,96.22512963784851,96.24053511010044,94.8466395200748,95.6552505493164,215826100
2011-12-13,96.15583578300374,96.70261261336502,94.29986977917997,94.7619400024414,245159800
2011-12-14,94.38458687799321,94.74653916203279,93.54517062391614,93.75309753417969,238618800
2011-12-15,94.74650274533279,94.87741985612276,93.94558873593802,94.09191131591797,199109200
2011-12-16,94.72742352294603,95.28541367253746,94.0066795945703,94.2314224243164,220481400
2011-12-19,94.5956734279423,94.79717332685568,93.02243808936787,93.22393798828125,183903000
2011-12-20,94.68870613717148,96.2076926887773,93.28596979319866,96.0449447631836,225418100
2011-12-21,96.04492214350763,96.378169506782,95.13042979168932,96.23091888427734,194230900
2011-12-22,96.58740172974629,97.1841498131678,96.27740917562126,97.0833969116211,119465400
2011-12-23,97.39339706001594,97.98239356593493,97.19190307890157,97.9513931274414,92187200
2011-12-27,97.78090252880227,98.28464935267425,97.69565279340566,98.02890014648438,86075700
2011-12-28,98.04440538016097,98.05990264477198,96.66491823332142,96.74241638183594,119107100
2011-12-29,97.06015151910655,97.8428963454342,96.76565621710478,97.74214935302734,123507200
2011-12-30,97.66465928430245,97.90491124325936,97.26166534423828,97.26166534423828,95599000
2012-01-03,99.01313777593029,99.49363571223529,98.75738858824879,98.81163787841797,193697900
2012-01-04,98.57912482976361,99.05187111715973,98.19937984754864,98.96662139892578,127186500
2012-01-05,98.43189684755578,99.3773836699681,97.98239933204096,99.23013305664062,173895000
2012-01-06,99.35414848018401,99.3696516588395,98.64890758234506,98.97440338134766,148050000
2012-01-09,99.19914983684586,99.33864296508304,98.74190659367709,99.21465301513672,99530200
2012-01-10,100.276345916842,100.47783984393793,99.93534709756048,100.0748519897461,115282000
2012-01-11,99.7648721201068,100.26086729904212,99.60213016906593,100.12911987304688,111540700
2012-01-12,100.41587140134432,100.5166124728238,99.61761755135257,100.3693618774414,118983700
2012-01-13,99.69512427030976,100.01287431881113,98.98213194897397,99.8501205444336,179836200
2012-01-17,100.81112438998642,100.99712702901671,99.89662619657742,100.23762512207031,132209200
2012-01-18,100.2143831636951,101.4001219836109,100.03613801327532,101.34587860107422,163395200
2012-01-19,101.69460498651637,101.96585732692769,101.3691092732972,101.88060760498047,126328900
2012-01-20,101.71010693569214,102.26034545898438,101.46210344739458,102.26034545898438,138230200
2012-01-23,101.91935263838519,102.49285187009728,101.5086071837326,101.99685668945312,129295800
2012-01-24,101.3691092732972,101.91160212866248,101.21411300397244,101.88060760498047,103083300
2012-01-25,101.72564509778816,102.9733851370224,101.3304026600665,102.73313903808594,198613200
2012-01-26,103.19037176491753,103.38412012484073,101.80313871107036,102.20613861083984,184880500
2012-01-27,101.71010946895186,102.33785205433635,101.64035109521998,102.15960693359375,135259100
2012-01-30,101.14436501077076,101.86511488400875,100.7956204126369,101.81085968017578,147311800
2012-01-31,102.31463352603956,102.43862348456396,101.27613336698809,101.77214050292969,157212000
2012-02-01,102.52382518016184,103.18257400155166,102.39983527975124,102.663330078125,166234500
2012-02-02,102.86484760745823,103.08960226532386,102.46185964414428,102.82609558105469,113090400
2012-02-03,103.84909460619812,104.32958663291593,103.67084947136063,104.26758575439453,160598500
2012-02-06,103.83360526942927,104.24435079710268,103.7173609976198,104.1978530883789,107694500
2012-02-07,103.98084220104674,104.6395911890902,103.57009672747655,104.46133422851562,135528100
2012-02-08,104.51556739249689,104.79456537471735,104.08931883279118,104.77131652832031,139361400
2012-02-09,104.94185872439473,105.0813518596316,104.28310960676976,104.90310668945312,148602900
2012-02-10,103.9731164794066,104.21336253924704,103.7251129173386,104.12811279296875,167907500
2012-02-13,104.87211215677631,105.02710847108196,104.42261456746738,104.90310668945312,115841900
2012-02-14,104.62406595083507,104.8333173938644,104.0428211399971,104.77131652832031,165329500
2012-02-15,105.1123294386437,105.2673257105123,104.07382958366325,104.2830810546875,195195100
2012-02-16,104.29084142996749,105.53082346455824,104.10483880332283,105.43782806396484,186567800
2012-02-17,105.80207711932412,105.88732684607011,105.36808281060199,105.71682739257812,129869400
2012-02-21,105.96482253775429,106.2128260511106,105.43783281005975,105.7633285522461,134042300
2012-02-22,105.60059318786479,105.82534788922919,105.2363453550001,105.42234802246094,124455300
2012-02-23,105.3681078309799,105.96484423444296,105.01160566389969,105.8873519897461,137704300
2012-02-24,106.11981964111328,106.32907112894274,105.88733112736774,106.11981964111328,105539100
2012-02-27,105.41458101781107,106.58481652198341,105.24408156350013,106.2980728149414,145728900
2012-02-28,106.32907993786274,106.73207977083932,106.11982843269766,106.60807800292969,129355900
2012-02-29,106.76307028516852,107.09632354571096,105.8175775349677,106.18958282470703,185934700
2012-03-01,106.41431141309717,106.94131292354336,106.11981022121672,106.73980712890625,145023500
2012-03-02,106.67006344476225,106.80956836982999,106.17406827038606,106.41431427001953,120638300
2012-03-05,106.25157615113527,106.32906837855981,105.61607602877982,105.9803237915039,140765000
2012-03-06,104.89535198568545,104.95734104570451,104.12810433152735,104.43035125732422,202129900
2012-03-07,104.67060201927715,105.32935110992808,104.56984909764671,105.15885162353516,143692200
2012-03-08,105.80205971587222,106.422056551545,105.58506259720515,106.20504760742188,116968900
2012-03-09,106.406562745615,106.8948003928674,106.27481532807343,106.61581420898438,122836800
2012-03-12,106.60031682390863,106.76305877334515,106.24381474938002,106.62356567382812,104003500
2012-03-13,107.19706686346387,108.5998026864637,107.01880991020221,108.54554748535156,184090500
2012-03-14,108.57659483534421,108.8478354669533,108.09609082068786,108.4293441772461,145163600
2012-03-15,108.59205192561352,109.10355031588206,108.31305387869057,109.05705261230469,165118500
2012-03-16,109.25477032568244,109.34817328173486,108.97454958024193,109.20806884765625,152893500
2012-03-19,109.13803099120354,109.9709018392559,109.06018726606149,109.63619995117188,125291100
2012-03-20,109.01348323123986,109.44937957635264,108.6943405938235,109.31705474853516,121729700
2012-03-21,109.37929169431948,109.48047424890954,108.91225326121811,109.13799285888672,122388400
2012-03-22,108.33627366782542,108.62428593583229,107.99379217382656,108.35184478759766,135216700
2012-03-23,108.4452597684135,108.82666312369128,107.84589636789708,108.70211791992188,120521000
2012-03-26,109.48047070405268,110.22772979736328,109.44156073362137,110.22772979736328,120164000
2012-03-27,110.32894166117397,110.39899387175704,109.81520169566691,109.88525390625,119868500
2012-03-28,109.83075168313175,110.00199830535588,108.69429790630618,109.34036254882812,148562100
2012-03-29,108.69431746419848,109.35595333977756,108.26620083160506,109.153564453125,164963700
2012-03-30,109.6906801086974,109.79187457505029,109.0134848394984,109.60505676269531,135486800
2012-04-02,109.47276425102804,110.69484219771806,109.25481601091451,110.40682983398438,151741100
2012-04-03,110.25112944551988,110.43794727105286,109.30927257305882,109.95533752441406,155806700
2012-04-04,109.14579079980402,109.23919375119132,108.46080415020985,108.86557006835938,146896000
2012-04-05,108.49195781871329,109.13023118259412,108.39854298019894,108.81108856201172,137439400
2012-04-09,107.44110860178398,108.84999178646603,107.2932126869664,107.58900451660156,127555900
2012-04-10,107.37885863729112,107.68243015056488,105.67418326379824,105.78315734863281,235360300
2012-04-11,106.86510153428523,107.05969893169271,106.4447763818894,106.63937377929688,154133000
2012-04-12,106.74058926759966,108.11833056118431,106.66274554237894,108.03270721435547,154321500
2012-04-13,107.78361167103414,108.05605278904707,106.64715759941365,106.74835205078125,169246700
2012-04-16,107.29323686585755,107.44891243543314,106.3124700879752,106.67831420898438,147825300
2012-04-17,107.29320794729468,108.4763633362875,107.1842338902349,108.25841522216797,147877600
2012-04-18,107.77583206225243,108.25842982615045,107.71355946734899,107.89258575439453,123884200
2012-04-19,107.90815121069166,108.31290524040287,106.69386536699322,107.19981384277344,198666700
2012-04-20,107.67466002106079,108.06385491224776,107.31659549516316,107.37886810302734,143199600
2012-04-23,106.2813089753343,106.56932119905571,105.81428234953738,106.47590637207031,171844900
2012-04-24,106.5693175668838,107.15310973719461,106.48369424014693,106.88066864013672,137484200
2012-04-25,107.92370292209083,108.39074138814087,107.83029997979345,108.34403991699219,150252200
2012-04-26,108.110502204886,109.22360521188976,108.04822962823799,109.09906005859375,136291600
2012-04-27,109.42598732249618,109.58944245126212,108.8188445182339,109.27809143066406,130725000
2012-04-30,109.06016983489198,109.1380135475922,108.57757207254298,108.87335205078125,115092200
2012-05-01,108.81108793055746,110.26668470589279,108.68655460873433,109.55056762695312,138832200
2012-05-02,108.91224702764272,109.33258396883218,108.55419454306806,109.2236099243164,121081000
2012-05-03,109.23922729231518,109.32485064980449,108.18840813471333,108.39078521728516,143759700
2012-05-04,107.82252928117344,108.42967221090217,106.57710118685259,106.63937377929688,193927300
2012-05-07,106.25798040105948,107.07529201328101,106.2190704154225,106.71723937988281,127765900
2012-05-08,106.078932132514,106.46034730656379,105.02032181744275,106.28910064697266,213377700
2012-05-09,105.16043861917329,106.33580262714928,104.68562049301137,105.65860748291016,220752500
2012-05-10,106.3902998370181,106.52263653969766,105.63527274559493,105.87657165527344,150600000
2012-05-11,105.21486464653213,106.53812388476385,105.16816319582506,105.55735778808594,153032400
2012-05-14,104.54553001253076,105.55743910741877,104.23417884977393,104.38985443115234,163910000
2012-05-15,104.3197620756401,104.93468454261142,103.62699590927856,103.79045104980469,207629300
2012-05-16,104.25754506304892,104.73236337694314,103.3701810525091,103.3935317993164,207265500
2012-05-17,103.41684856268793,103.54139375625878,101.80557629873383,101.86006927490234,247992900
2012-05-18,102.25704835047722,102.43608652832837,100.84038531059423,100.98828125,319615900
2012-05-21,101.31519958220494,102.76300480469088,101.15173252988147,102.72408294677734,177861100
2012-05-22,102.98872238808413,103.70483936916936,102.23368355293597,102.9030990600586,197531200
2012-05-23,102.16364267728694,103.10549939006901,101.1828759834071,102.95760345458984,204958400
2012-05-24,103.23783212605446,103.40128731559786,102.29597534102311,103.15998840332031,167357600
2012-05-25,103.12102097453094,103.40903311955202,102.57615078801427,102.82524108886719,135465600
2012-05-29,103.65037638274572,104.24972790634723,102.10137658778042,104.0707015991211,152883500
2012-05-30,103.18332963216214,104.06291373337379,102.35045888665516,102.56061553955078,162370400
2012-05-31,102.52168714217433,103.09768777560889,101.45528544156144,102.33486938476562,196186000
2012-06-01,100.73144845706342,102.3582806371735,99.75846099853516,99.75846099853516,253240900
2012-06-04,99.93742817012131,100.20986924805169,98.96444128791464,99.71170043945312,202545800
2012-06-05,99.51709378584478,100.61461986406178,99.46260675981472,100.46673583984375,164149400
2012-06-06,101.16730364850358,102.7707844253602,101.13616141125937,102.72408294677734,184202800
2012-06-07,103.89165050266264,103.9383519736406,102.57617030947006,102.78633880615234,184772700
2012-06-08,102.5217146132668,103.627026583558,102.19478048087798,103.60367584228516,143915400
2012-06-11,104.43652845378213,104.49880104541455,102.1869830441714,102.28817749023438,169756100
2012-06-12,102.58395511801888,103.53359133354562,102.09357777066349,103.46353912353516,181931800
2012-06-13,103.16001652284518,103.80608159033366,102.45167883565192,102.80196380615234,172223900
2012-06-14,103.01205583982862,104.30418516329432,102.73183516579124,103.89163970947266,230615500
2012-06-15,104.35956367590809,105.04808766631503,104.14048623275698,104.9542007446289,169444500
2012-06-18,104.516027614653,105.41580896061868,104.28129841258534,105.15760803222656,131360900
2012-06-19,105.68966824794038,106.60510144789832,105.1341428331844,106.17476654052734,137382600
2012-06-20,106.18259797179715,106.4877423705267,105.05590728761916,106.00263214111328,206451800
2012-06-21,106.12787428101831,106.23741304311567,103.53805559663601,103.6241226196289,205272200
2012-06-22,104.16394109715392,104.61774770986608,103.76489786694974,104.4221420288086,130029200
2012-06-25,103.31895288594178,103.35807642118846,102.38004773415535,102.74778747558594,146375700
2012-06-26,103.04509794877669,103.57715175171855,102.44262894714188,103.26417541503906,141634000
2012-06-27,103.60844948914142,104.3986924002787,103.25636153621203,104.19526672363281,108088000
2012-06-28,103.50667689721422,104.05438224920236,102.71643439670314,103.89788818359375,169242100
2012-06-29,105.78356709241591,106.62076527381973,105.50972625779639,106.48775482177734,212250900
2012-07-02,106.78505335810327,106.9180637926716,106.03393420538515,106.80852508544922,129524500
2012-07-03,106.78506637716723,107.59096095116173,106.67552765659006,107.51272583007812,80450000
2012-07-05,107.11365485875326,107.8178423994815,106.63637656982776,107.027587890625,126177500
2012-07-06,105.99481573071256,106.22954495418038,105.50971742401684,106.01046752929688,151192100
2012-07-09,105.9244077545573,106.0730700041657,105.39235401589691,105.8774642944336,103780500
2012-07-10,106.41732765542207,106.58946163773012,104.59428098012339,104.9542007446289,167884800
2012-07-11,105.00896452942743,105.3141089301829,104.35955220190702,104.96984100341797,141733400
2012-07-12,104.35954347264727,105.02459560388337,103.74925472218455,104.46125030517578,143583200
2012-07-13,104.73508896166886,106.32340587316077,104.71943716691123,106.2138671875,129642600
2012-07-16,105.97133284444216,106.27647722117416,105.54881789892217,105.9635009765625,97525200
2012-07-17,106.38599490474292,106.91021657972772,105.27495631821712,106.6911392211914,138860300
2012-07-18,106.4407986075451,107.6926799353907,106.37821528609545,107.4814224243164,113349700
2012-07-19,107.7004739076441,108.11515696054471,107.35621796734382,107.76306915283203,129847300
2012-07-20,107.15278887095182,107.31710289485792,106.65987067687998,106.77722930908203,142904500
2012-07-23,105.21241896833926,106.70684972393276,104.71948867101759,105.69751739501953,145210900
2012-07-24,105.77570069853134,105.82264413876987,104.08566521702421,104.78984069824219,173301200
2012-07-25,105.00897546256564,105.28281629549525,104.25784427698049,104.81336975097656,129122300
2012-07-26,106.3234183305493,106.76940499223592,105.83048821791097,106.54249572753906,156526500
2012-07-27,107.10586180581686,108.81154980067946,106.51904467737411,108.50639343261719,236768900
2012-07-30,108.38121485205643,109.02279537096481,108.18560914257552,108.50639343261719,106782000
2012-07-31,108.3577329540387,108.65504548614969,107.74744415283203,107.74744415283203,120575900
2012-08-01,108.52206204471612,108.54553377838411,107.50490981007096,107.65357208251953,138293800
2012-08-02,106.83980974499319,107.63788414977735,106.08085885845932,106.91022491455078,199556600
2012-08-03,108.4124885058238,109.25750646308792,106.94152999442072,109.03060913085938,157825000
2012-08-06,109.32011412063704,109.67220199142132,109.19492360783504,109.24186706542969,86326200
2012-08-07,109.68000015017549,110.25899720283682,109.5626415294843,109.78955078125,109545100
2012-08-08,109.42183441439865,110.04776310939616,109.39053081635403,109.9225845336914,89754700
2012-08-09,109.7660756087329,110.23553400545455,109.6565369080076,110.0164566040039,90291700
2012-08-10,109.57049333793809,110.235557552217,109.39053942091253,110.1964340209961,99792700
2012-08-13,110.00865977244472,110.19643361950011,109.5704929387227,110.14167022705078,79426900
2012-08-14,110.54851426389445,110.61894139074205,109.828686706847,110.15730285644531,102379400
2012-08-15,110.03997487887955,110.47030993477681,109.96955967123127,110.28252410888672,71085900
2012-08-16,110.43896250463759,111.22921709520442,110.1651217150583,111.09620666503906,112014200
2012-08-17,111.28399657642419,111.33877190555805,110.99450394764521,111.244873046875,90813700
2012-08-20,111.08839438128467,111.27618016576552,110.78324994326915,111.2527084350586,78255700
2012-08-21,111.52652562406261,111.9568604938142,110.67368775235128,110.9162368774414,105581100
2012-08-22,110.63459057285255,111.14317260868296,110.37640152834754,110.96321868896484,133243500
2012-08-23,110.6893636376154,110.69718356828619,109.88346904198288,110.05560302734375,111466400
2012-08-24,109.78177497535756,110.97106134058043,109.71135976698449,110.7206802368164,99481200
2012-08-27,111.01796284378344,111.16662507558979,110.58762794613969,110.74411010742188,68785900
2012-08-28,110.46241807307763,110.97881985970412,110.29811601112836,110.63455200195312,75689600
2012-08-29,110.72851210807661,111.01800481282915,110.41553572837158,110.7206802368164,65421300
2012-08-30,110.24336881128902,110.27467240933365,109.68785530365504,109.9225845336914,96589900
2012-08-31,110.54852234569405,110.96321745162571,109.82087480527885,110.44681549072266,151970400
2012-09-04,110.35295085357929,110.68157906795096,109.64095489265203,110.34513092041016,120226200
2012-09-05,110.39201290772849,110.68933734615268,110.03210516115217,110.25118255615234,100660300
2012-09-06,110.91625979613087,112.4967573085145,110.90843986554604,112.48893737792969,158272500
2012-09-07,112.67669723353727,112.9740217024018,112.57499039326032,112.92707824707031,107272100
2012-09-10,112.81753799101331,113.01314367809424,112.24637272760759,112.28548431396484,86458500
2012-09-11,112.35589297571687,112.95834979699467,112.32458938518558,112.59844207763672,88760000
2012-09-12,112.97396850585938,113.09915895367692,112.59057723647494,112.97396850585938,87640900
2012-09-13,112.95836363379344,115.04743085184298,112.66105112025718,114.69534301757812,225470200
2012-09-14,114.92229148216461,115.88466840770216,114.82839260586852,115.20396423339844,169777000
2012-09-17,114.9692339774184,115.16483972137377,114.52324715056314,114.81275177001953,119427800
2012-09-18,114.61709658118289,114.86746561724848,114.4293108500172,114.71880340576172,98326600
2012-09-19,114.8518482987354,115.14917281096211,114.55453572533429,114.78143310546875,128318300
2012-09-20,114.25719193330652,114.85182891859506,113.94422761238066,114.78924560546875,154009800
2012-09-21,115.34697232333075,115.37056935265217,114.69409317280248,114.74128723144531,108737500
2012-09-24,114.17490705628846,114.8277860497578,114.08838063540566,114.56820678710938,95682000
2012-09-25,114.81206692662971,115.03231382378851,113.31752069298845,113.34899139404297,133165200
2012-09-26,113.32540409561356,113.35686279681231,112.4444044288114,112.71184539794922,146502200
2012-09-27,113.18378550514733,114.03331428483855,112.88487389676871,113.77373504638672,111830300
2012-09-28,113.3410998140996,113.71080247647973,112.84555037504732,113.24671173095703,150696100
2012-10-01,113.6793671469333,114.59968715438379,113.2781937060185,113.54564666748047,135911200
2012-10-02,113.99402092854979,114.17493548906477,113.13663018245902,113.66365051269531,113422200
2012-10-03,113.97042142505782,114.39517994977665,113.37261001923481,114.12773895263672,121283100
2012-10-04,114.5603702688846,115.11098761242886,114.40305274252309,114.94580841064453,124311600
2012-10-05,115.55934407868646,115.7559939684116,114.6075533312919,114.95365905761719,124842100
2012-10-08,114.52889743976738,114.93792055735085,114.30077685250312,114.56035614013672,78415400
2012-10-09,114.47382157287946,114.56820966983375,113.38831044768281,113.42764282226562,148872900
2012-10-10,113.4118835576008,113.52201898423147,112.55449318424266,112.70394897460938,124247500
2012-10-11,113.49056149370183,113.65575265031318,112.74329445748405,112.76689147949219,123601500
2012-10-12,112.84556135234213,113.2309873977033,112.1533500018168,112.3971939086914,124181900
2012-10-15,112.66463760923854,113.45123707143189,112.30280857806055,113.333251953125,107689100
2012-10-16,113.86812760753702,114.56033893728129,113.7894748671463,114.48167419433594,108815500
2012-10-17,114.56032265346458,115.09521642384198,114.38726984562655,115.00081634521484,128834100
2012-10-18,114.70193481445312,115.25255201576124,114.31649677226004,114.70193481445312,148108500
2012-10-19,114.48957004013026,114.4974317149253,112.5230711112464,112.79051208496094,185645200
2012-10-22,112.60172794822539,113.01076310097505,111.91739013698755,112.8062515258789,125578600
2012-10-23,111.58702678678586,111.74434431621457,110.77683010779775,111.24092102050781,192056300
2012-10-24,111.6420659845106,111.77579846740258,110.75321667374357,110.92626953125,120179400
2012-10-25,111.71285921429498,111.91737075397168,110.57229239224802,111.2487564086914,134457400
2012-10-26,111.14654255255348,111.57130111914225,110.43073392856803,111.18587493896484,146023500
2012-10-31,111.57917479796004,111.7207569859699,110.6588425656592,111.18587493896484,103438500
2012-11-01,111.42184273351704,112.49161880590302,111.31959293422999,112.35003662109375,100995600
2012-11-02,113.01863110588701,113.0501018130843,111.23305855557714,111.35104370117188,137702200
2012-11-05,111.18587038416736,111.83087588516567,110.85548795389364,111.57917022705078,98378500
2012-11-06,111.91733863760041,112.89272601377124,111.79935355290516,112.45223236083984,107068100
2012-11-07,111.42967605072151,111.44539939718804,109.38451276994336,109.90367126464844,264304500
2012-11-08,109.88795726030664,110.44644823476868,108.49567266408857,108.58219909667969,181517300
2012-11-09,108.25180431459435,109.68342096699061,108.19674859856983,108.67657470703125,201055300
2012-11-12,109.0148205248697,109.18787337301129,108.5192710075149,108.76311492919922,97677500
2012-11-13,108.18888632543381,109.53397670650888,108.04730418140247,108.38553619384766,123018300
2012-11-14,108.71592809272948,108.88896894979544,106.67862615491174,106.92247009277344,191505000
2012-11-15,106.96178587908327,107.36295926532404,106.33250394193578,106.74153900146484,178128400
2012-11-16,106.8988444118816,107.48093223844867,105.95492761404432,107.26854705810547,239483900
2012-11-19,108.47206444336666,109.45531380199962,107.30003888951178,109.43959045410156,151495800
2012-11-20,109.26657705998996,109.66773862224079,108.61369780981391,109.48682403564453,119807400
2012-11-21,109.58115312180341,109.78567663367939,109.3609062648243,109.69127655029297,81710800
2012-11-23,110.22622232281184,111.22519532281702,110.15541922624773,111.18587493896484,65409200
2012-11-26,110.63520501624801,111.19369589261038,110.27337599991868,110.9498519897461,100124400
2012-11-27,110.83975889765793,111.21732336667824,110.31273857562425,110.38352966308594,128646200
2012-11-28,109.9351331090304,111.3352791481485,109.33732185720574,111.2723617553711,177086500
2012-11-29,111.68928463472017,112.09830779626742,111.20158470740198,111.79153442382812,151085900
2012-11-30,111.80725520805039,112.02750211327916,111.42969079945196,111.81511688232422,136568300
2012-12-03,112.326363752591,112.42075181207062,111.17792368453561,111.26445007324219,124656300
2012-12-04,111.25660299894821,111.59483492482553,110.80823565249422,111.10714721679688,127512200
2012-12-05,111.20157885092702,111.82299924093421,110.41497927045206,111.30384063720703,147300500
2012-12-06,111.20150952416635,111.72852947421578,111.03633043667678,111.68133544921875,103220600
2012-12-07,112.11403379685382,112.23989260647276,111.43755769834792,112.01964569091797,108726400
2012-12-10,111.86232955925374,112.3342820973081,111.81512350314713,112.06684112548828,98840700
2012-12-11,112.530929943312,113.35686187309011,112.47587421602367,112.82984161376953,152570400
2012-12-12,113.27029514184422,113.70292714185479,112.72753972388118,112.88485717773438,145880100
2012-12-13,112.81411931305762,113.13662804717092,111.90953452499723,112.19271087646484,135715000
2012-12-14,111.94885547622832,112.15336704152134,111.60274974838106,111.77580261230469,137701700
2012-12-17,112.06683472601345,113.15234590589802,112.03536402373949,113.08941650390625,143238200
2012-12-18,113.27035421972657,114.45025374284872,113.10516300536366,114.34799194335938,177762800
2012-12-19,114.47383136484734,114.5131637427946,113.45912322812495,113.49844360351562,150895400
2012-12-20,113.56922266165942,114.16703387131096,113.25457570719489,114.15129852294922,168487000
2012-12-21,112.62397331781547,114.14495401229779,112.44177571624563,113.11511993408203,245883800
2012-12-24,112.86955362714939,112.93292933764397,112.63982725332725,112.7665786743164,53874600
2012-12-26,112.99632858877551,113.05178687989225,111.97442375239793,112.29129028320312,106947700
2012-12-27,112.3229828856072,112.55272141702955,110.84161297595391,112.14078521728516,167920600
2012-12-28,111.41194011672779,112.02983813768398,110.80195952610389,110.9287109375,148806700
2012-12-31,110.63563453410603,112.93294698197639,110.54056490967034,112.81412506103516,243935200
2013-01-02,114.95296908170018,115.77682901942435,114.65193752383989,115.70553588867188,192059000
2013-01-03,115.65011930554576,115.95113885277249,115.13519613595528,115.44414520263672,144761800
2013-01-04,115.63426724357798,116.1412608713059,115.39661133640017,115.95113372802734,116817700
2013-01-07,115.53917406891205,115.74513601149133,115.2064486489087,115.63423156738281,110002500
2013-01-08,115.42829560773114,115.58672883673837,114.84999679471794,115.30154418945312,121265100
2013-01-09,115.55508469869247,115.91157472707127,115.37288701126016,115.59469604492188,90745600
2013-01-10,116.23632831774066,116.52151301315298,115.63427711084022,116.51359558105469,130735400
2013-01-11,116.48193030960483,116.56907043483628,116.14129933040908,116.50570678710938,113917300
2013-01-14,116.36309979415545,116.50569821025715,115.9986923642819,116.42647552490234,89567200
2013-01-15,115.88779638875921,116.61661130215981,115.81650321930228,116.50570678710938,93172600
2013-01-16,116.2680515032279,116.67205822027539,116.14130003163767,116.48986053466797,104849500
2013-01-17,117.00476803150849,117.57513754776714,116.56906741663242,117.24242401123047,133833500
2013-01-18,117.21863762205521,117.63057377041412,116.79085452130631,117.50382232666016,169906000
2013-01-22,117.50383566853709,118.13758087158203,117.22656836480357,118.13758087158203,111797300
2013-01-23,118.13763597146303,118.43073827840564,117.92374429704248,118.32775115966797,104596100
2013-01-24,118.1534237328384,118.93768483453738,118.04251922137762,118.3593978881836,146426400
2013-01-25,118.73175429947017,119.02485656738281,118.3277354029545,119.02485656738281,147211600
2013-01-28,119.0564931738423,119.08818708074347,118.4385949537914,118.8822250366211,113357700
2013-01-29,118.64454069363603,119.50009465997407,118.56531803302512,119.34957885742188,105694400
2013-01-30,119.33376046465038,119.57141641567392,118.77130845015083,118.8822250366211,137447700
2013-01-31,118.73959661106434,119.12776830252092,118.50987023868765,118.58908081054688,108975800
2013-02-01,119.34170272364543,119.95168363770449,119.1357406366777,119.80909729003906,131173000
2013-02-04,119.08027452984477,119.83284166586944,118.37522408075232,118.46236419677734,159073600
2013-02-05,119.10402400053606,119.99917734830102,119.0564831441893,119.6585464477539,113912400
2013-02-06,119.23870329860722,119.82490761362165,119.15156318587754,119.74569702148438,138762800
2013-02-07,119.78530198658319,119.89620647982026,118.7158563043318,119.5872573852539,162490000
2013-02-08,119.79318261545609,120.3239405334338,119.79318261545609,120.25264739990234,103133700
2013-02-11,120.20515559776068,120.33189495599684,119.9278883207725,120.22891998291016,73775000
2013-02-12,120.23682140380295,120.64875750434288,120.1021525433283,120.42694854736328,65392700
2013-02-13,120.67252850215465,120.89433747129485,120.1892992291673,120.5299301147461,82322600
2013-02-14,120.1655160557487,120.78341409997391,120.03084720894887,120.64081573486328,80834300
2013-02-15,120.75172837167183,120.8784797964167,120.05461971093743,120.49823760986328,215226500
2013-02-19,120.70420065666829,121.42508579251853,120.53784998696825,121.40132141113281,95105400
2013-02-20,121.31423727271043,121.35384862251769,119.8249375513028,119.88831329345703,160574800
2013-02-21,119.5872144117702,119.95160957816866,118.77918934415803,119.15943145751953,183257000
2013-02-22,119.73773547528525,120.3239517211914,119.21490702642905,120.3239517211914,106356600
2013-02-25,120.91016430398388,121.09236190810053,118.03455352783203,118.03455352783203,245824800
2013-02-26,118.60502579738302,118.98526828458074,117.8207643353277,118.84268188476562,186596200
2013-02-27,118.73963973010558,120.67255728306385,118.63665265284114,120.33984375,150781900
2013-02-28,120.33189163483355,121.10030563394699,119.94373196298314,120.10216522216797,126866000
2013-03-01,119.69021238671625,120.68043522813329,119.15153696307235,120.49823760986328,170634800
2013-03-04,120.22100836625307,121.13993835449219,120.03089325674497,121.13993835449219,99010200
2013-03-05,121.72611748249882,122.54997757563788,121.71027053233809,122.22518157958984,121431900
2013-03-06,122.66091646420585,122.72429219494772,122.12224088442694,122.3915786743164,94469900
2013-03-07,122.5499589524309,122.77176787024905,122.40737268569612,122.61333465576172,86101400
2013-03-08,123.15206216286998,123.30256590861396,122.51831701102589,123.13621520996094,123477800
2013-03-11,123.04115963176744,123.61151698107905,122.89064379593766,123.60359954833984,83746800
2013-03-12,123.51643634344616,123.65903471987492,122.95399653203386,123.32630920410156,105755800
2013-03-13,123.38967536653799,123.6748600096402,122.96982187637089,123.50057983398438,92550900
2013-03-14,123.82542093684454,124.21359275822572,123.50855436798813,124.15813446044922,126329900
2013-03-15,124.01014198543348,124.16131514275835,123.58045617403461,123.99422454833984,138601100
2013-03-18,122.80864799032517,123.84306305419594,122.69725019215136,123.30994415283203,126704300
2013-03-19,123.57246593959054,123.7395564831857,122.21181080595608,123.02342987060547,167567300
2013-03-20,123.74754465390485,124.08969059259626,123.54065441986293,123.8828125,113759300
2013-03-21,123.14276917593963,123.84299043469066,122.61761537331863,122.82449340820312,128605000
2013-03-22,123.21438869914768,123.81116485595703,123.11889625787762,123.81116485595703,111163600
2013-03-25,124.13747145948075,124.34436176135846,122.81661529451745,123.29402923583984,151322300
2013-03-26,123.80321381341415,124.31246237143218,123.66794599316098,124.2806396484375,86856600
2013-03-27,123.54063081829564,124.32042715826334,123.33375276522197,124.2806396484375,99950600
2013-03-28,124.20105875768347,124.80579973898547,123.9305231299656,124.66256713867188,102932800
2013-04-01,124.59893936793671,124.85356976655802,123.86689518406892,124.16926574707031,99194100
2013-04-02,124.6149101511401,125.09233628221943,124.42393727041818,124.78201293945312,101504300
2013-04-03,124.85359311602154,124.94907346263793,123.19057899139703,123.51680755615234,154167400
2013-04-04,123.67590075622658,124.26472434397859,123.40536511108792,124.01805877685547,131885000
2013-04-05,122.49827802984055,123.6122677287469,122.35505754735752,123.4610824584961,159666000
2013-04-08,123.54854760413016,124.30446143136058,123.13477951729638,124.2965087890625,86571200
2013-04-09,124.5273318739409,125.17981317874633,124.11356353775808,124.72625732421875,101922200
2013-04-10,125.06040736692891,126.4130975326511,125.02858464812775,126.25395965576172,135711100
2013-04-11,126.27784931847309,127.08151575480815,126.15053414063574,126.6677474975586,110142500
2013-04-12,126.2619217991343,126.54837485566249,125.65719296488261,126.35741424560547,116359900
2013-04-15,125.72083871404368,125.82428379571525,123.41330918915999,123.42921447753906,217259000
2013-04-16,124.36020209964515,125.31505376641331,124.05784373718231,125.25139617919922,147507800
2013-04-17,124.36021737450162,124.38409959640317,122.76086127667362,123.42129516601562,226834800
2013-04-18,123.62821567419942,123.66005055336436,122.18004434986769,122.64950561523438,167583200
2013-04-19,122.93594429266021,123.77143372099692,122.63357368357039,123.71572875976562,149687600
2013-04-22,123.95443201619926,124.55916104539733,123.13486008998552,124.26475524902344,106553500
2013-04-23,124.88535028252097,125.66513436718999,124.26470407247643,125.54578399658203,166141300
2013-04-24,125.585593958595,125.95957470863294,125.35483367889819,125.62538146972656,96781200
2013-04-25,125.9914033068301,126.73141219575894,125.80044267080534,126.13463592529297,131060600
2013-04-26,125.98344495206125,126.19828779929813,125.50601910074458,125.91183471679688,95918800
2013-04-29,126.25396840093242,127.03375255071242,126.05504300568141,126.75526428222656,88572800
2013-04-30,126.73141921997286,127.0894825738096,126.20625315890832,127.05764770507812,116010700
2013-05-01,126.77919984706942,126.84285746340566,125.80048979647854,125.94371032714844,138874200
2013-05-02,126.2619659801674,127.22477057806168,126.14261555711917,127.11337280273438,96407600
2013-05-03,128.21932057243643,128.80814396769992,127.13716620419845,128.40232849121094,144202300
2013-05-06,128.49790474436435,128.91166099226882,128.44219978323443,128.72865295410156,66882100
2013-05-07,129.00710752415443,129.4208636246778,128.64107943675265,129.38108825683594,90359200
2013-05-08,129.23785040553523,130.00968191684962,129.16624017659498,129.9698944091797,97419200
2013-05-09,129.91420497749468,130.25635084114668,129.2776412626114,129.6038818359375,106738600
2013-05-10,129.6914414647642,130.1370325325786,129.30949585682674,130.025634765625,103203000
2013-05-13,129.85849270273567,130.3438711420081,129.55613436486138,130.1290283203125,81843200
2013-05-14,130.23249272020504,131.56927785832775,130.23249272020504,131.47378540039062,119000900
2013-05-15,131.25897147749666,132.44455936374604,131.219183960054,132.18197631835938,120718500
2013-05-16,131.91146638637383,132.37297496765368,131.36243010620564,131.5613555908203,109913600
2013-05-17,132.04675376745104,132.91406609455976,131.8716983438117,132.83450317382812,129801000
2013-05-20,132.7070961639116,133.3436597968298,132.57182836490068,132.82644653320312,85071200
2013-05-21,132.94589156503042,133.5187979761225,132.48438294823686,133.0175018310547,95804200
2013-05-22,133.15271928614405,134.52929196611092,131.4260480577212,132.03077697753906,244031800
2013-05-23,130.62239959248325,132.01487762725077,130.447344239654,131.6488494873047,211064400
2013-05-24,130.86904337821477,131.5931347495714,130.4791452225359,131.5374298095703,151573900
2013-05-28,132.91406810749703,133.50289200878785,131.93535796338193,132.32525634765625,143679800
2013-05-29,131.62500403718778,131.92737463800995,130.76564454651992,131.4658660888672,160363400
2013-05-30,131.5692842254678,132.5559465874949,131.46583911663154,131.9512176513672,107793800
2013-05-31,131.5851643763819,132.33312579271376,129.80280063510676,130.0574188232422,176850100
2013-06-03,130.3598369805102,130.8611330368031,129.42886726271402,130.7736053466797,168390700
2013-06-04,130.84521050740588,131.3703766277064,129.48455503961753,130.14498901367188,157631500
2013-06-05,129.7709702726143,130.03355325605483,128.21140194492511,128.3227996826172,211737800
2013-06-06,128.2671050207629,129.49249237500578,127.51119087289409,129.48452758789062,200225500
2013-06-07,130.37573858626962,131.2510032397769,129.81078499290103,131.13165283203125,188337800
2013-06-10,131.53745635981184,131.60906660445923,130.78949476075147,131.13165283203125,105667100
2013-06-11,129.93812965945475,130.92479229778678,129.49253851421471,129.77899169921875,159505400
2013-06-12,130.67011099496722,130.805378803029,128.5853767955742,128.70472717285156,177361500
2013-06-13,128.63314384090535,130.89293382707345,128.34669073410626,130.6621856689453,163587800
2013-06-14,130.5189262575919,131.028174771669,129.6277443933175,129.8425750732422,141197500
2013-06-17,130.72586752562452,131.46587664986058,129.87447275591862,130.84523010253906,136295600
2013-06-18,130.91683402045408,132.07856414897913,130.90888137229103,131.879638671875,114695600
2013-06-19,131.76818447880686,131.99893259122467,130.00172602704853,130.0574188232422,206149500
2013-06-20,128.79228577371484,130.07336607720146,126.5006608478642,126.83485412597656,321255900
2013-06-21,127.69792490553506,127.7939104199564,125.96211768752842,127.24198150634766,271956800
2013-06-24,125.91415224700417,126.73005370796493,124.57029372512942,125.6341781616211,222329000
2013-06-25,126.77003204030224,128.06589759308306,125.9221273956265,126.84203338623047,162262200
2013-06-26,127.88190551143735,128.38585389047194,127.38596406266451,128.09788513183594,134848000
2013-06-27,128.8658093945301,129.44174692746438,128.7458152885182,128.8498077392578,129483700
2013-06-28,128.48990160668265,129.10582521744956,127.87396579022413,128.32191467285156,160402900
2013-07-01,128.99382592606165,129.96971970290468,128.8498476011293,129.07382202148438,131954800
2013-07-02,128.88185604403776,129.82575883303363,128.38591436167087,128.953857421875,154863700
2013-07-03,128.3698793353394,129.40177269066032,128.16190660129817,129.0098114013672,75216400
2013-07-05,129.96173347983733,130.4496804001882,129.02583768946423,130.4016876220703,122416900
2013-07-08,131.07356444721833,131.4975167778442,130.44963414155433,131.1455535888672,108092500
2013-07-09,131.96951390089575,132.2494880586087,131.40158306305534,132.08950805664062,119298000
2013-07-10,131.9614848126138,132.5854152018143,131.6895176595138,132.13746643066406,121410100
2013-07-11,133.67331391454016,134.07326997170702,132.12947718691711,133.93728637695312,135592200
2013-07-12,133.89731582399313,134.32926308392382,133.68934302561058,133.99330139160156,104212700
2013-07-15,134.36120969764048,134.6971712481565,134.12922839958026,134.50518798828125,69450600
2013-07-16,134.59317824295937,134.67317431900415,133.64129328987667,134.00125122070312,88702100
2013-07-17,134.51315589675124,134.7691212966412,134.16918751497172,134.3451690673828,92873900
2013-07-18,134.63324306220775,135.40116427380684,134.54525221718802,135.08119201660156,103620100
2013-07-19,134.80115286073257,135.3690834579278,134.63316599614632,135.3210906982422,103831700
2013-07-22,135.51313960976668,135.77711212164022,135.1931673806658,135.5851287841797,79428600
2013-07-23,135.82504868706852,135.8490450686075,135.22511473721897,135.29710388183594,80829700
2013-07-24,135.81705746298297,135.87305716350846,134.52919861347436,134.80117797851562,112914000
2013-07-25,134.56115883433858,135.24908344429812,134.3371845153457,135.12908935546875,111088600
2013-07-26,134.56121106131374,135.3131303693529,134.0012750465047,135.27313232421875,107814600
2013-07-29,134.92916689386246,135.23313739706282,134.4732233447519,134.857177734375,79695000
2013-07-30,135.26514071618388,135.40911903515882,134.53721777730408,134.857177734375,85209600
2013-07-31,135.13714713497794,135.86507004845427,134.77718914441272,134.9531707763672,142388700
2013-08-01,135.97703045379825,136.6329518753508,135.90502910532248,136.51296997070312,110438400
2013-08-02,136.2090553805598,136.76099677959655,136.02507898277824,136.7449951171875,91116700
2013-08-05,136.4409873975616,136.75295257035387,136.26500579181337,136.5449676513672,54072700
2013-08-06,136.281062676638,136.57703854495202,135.4651608706534,135.7691192626953,87495000
2013-08-07,135.3371237535521,135.52909483683467,134.82518052198296,135.32911682128906,84854700
2013-08-08,135.9690515574505,136.1290315318615,135.12914143468063,135.8250732421875,102181300
2013-08-09,135.6491309863984,136.06508880516773,134.9612059116117,135.4331512451172,91757700
2013-08-12,134.75319435454387,135.43311229906567,134.68919992346716,135.27313232421875,68593300
2013-08-13,135.51313096042085,135.90508013322545,134.71321874726308,135.67311096191406,80806000
2013-08-14,135.60909804335253,135.82507772907147,134.9451695322093,134.9771728515625,79829200
2013-08-15,133.91324845572785,133.9292379049583,132.85735893356846,133.08934020996094,152931800
2013-08-16,132.83339041272652,133.28934613083587,132.38544162659812,132.6494140625,130868200
2013-08-19,132.49743325893067,132.95338899230467,131.793506739626,131.801513671875,96437600
2013-08-20,132.01741221540573,132.94531265082668,131.8734339783661,132.44937133789062,89294400
2013-08-21,132.08147847406084,132.80940139473992,131.33756609991102,131.63352966308594,159530500
2013-08-22,131.90548840132107,133.02537256280013,131.8974936750972,132.83338928222656,101471400
2013-08-23,133.2253388039447,133.4493131753227,132.60140845429353,133.2813262939453,90888900
2013-08-26,133.4172795458363,133.82524236261492,132.6973638308041,132.7853546142578,89702100
2013-08-27,131.47358212947472,132.7854377734668,130.55368789464646,130.64967346191406,158619400
2013-08-28,130.59366666887897,131.57756750283903,130.42569193526083,131.11361694335938,108113000
2013-08-29,130.82560693949227,132.01746797959473,130.70561281892404,131.32154846191406,119200500
2013-08-30,131.59354935800962,131.60955101932723,130.52166995786513,130.90562438964844,134928900
2013-09-03,132.16948187418322,132.44945601054246,130.94561725421883,131.49755859375,142375100
2013-09-04,131.529528965002,132.8093930926584,131.2895651210442,132.58541870117188,97389400
2013-09-05,132.66542714920274,133.1053690412489,132.56942939698482,132.75341796875,63090500
2013-09-06,133.19335773009576,133.56931738890242,131.56953716362852,132.81739807128906,159756500
2013-09-09,133.1453461770786,134.16923253154167,133.1453461770786,134.08924865722656,87559300
2013-09-10,134.89721559726704,135.10518841018026,134.59324500434542,135.08119201660156,105847200
2013-09-11,134.89715248104827,135.5050811767578,134.66518338309095,135.5050811767578,94545900
2013-09-12,135.45712211422267,135.633103765708,134.96118048132269,135.14515686035156,83209000
2013-09-13,135.2891776883156,135.5531502246492,134.97721236459293,135.44915771484375,72727800
2013-09-16,136.9129777508854,136.97697219281613,136.01706776954677,136.23304748535156,106299200
2013-09-17,136.35299560780362,136.87293349013166,136.35299560780362,136.8409423828125,82523300
2013-09-18,136.7929619321282,138.80074908695843,136.44900559262382,138.42478942871094,203460600
2013-09-19,138.8007050887369,138.86469950024775,138.05678073489818,138.19276428222656,146616900
2013-09-20,138.5207598171872,138.5207598171872,137.11409047868327,137.22662353515625,132867100
2013-09-23,137.0417889045703,137.17038938722956,136.1575915946126,136.59164428710938,104616500
2013-09-24,136.56751730166098,137.07392228002755,136.012897879147,136.27011108398438,106333100
2013-09-25,136.35849694828286,136.6317897434343,135.75563870094044,135.87620544433594,117306500
2013-09-26,136.10129074043337,136.78452276311643,135.8842583260832,136.39869689941406,77146900
2013-09-27,135.71548635930395,135.95663218352624,135.4180801263686,135.77175903320312,99141800
2013-09-30,134.62225996891223,135.47429764827524,134.35700087275885,135.04827880859375,143937000
2013-10-01,135.1527997252179,136.24598332688464,135.01615330815758,136.11737060546875,127160000
2013-10-02,135.32160186135062,136.11736699046114,134.9036166604419,135.98875427246094,113350000
2013-10-03,135.67527505389828,135.79585408234712,134.10784580553917,134.7348175048828,176698000
2013-10-04,134.83927134742,135.8922616083302,134.66243197755324,135.755615234375,96878000
2013-10-07,134.5739822998912,135.40190631739202,134.43733595639065,134.58201599121094,96295000
2013-10-08,134.55794873793147,134.73478812895294,132.91817978912897,133.01463317871094,178015000
2013-10-09,133.27187425857335,133.59339377181377,132.25103079300098,133.11111450195312,168973000
2013-10-10,134.46954420250222,136.0530529409671,134.42131750227415,135.980712890625,195955000
2013-10-11,135.77173493993493,136.9051115270269,135.65920187729213,136.85687255859375,105040000
2013-10-14,136.0128529076959,137.51597542244306,135.90835356190271,137.4034423828125,112106000
2013-10-15,137.05785395905008,137.5722926764638,136.22189564269775,136.40676879882812,155485000
2013-10-16,137.2266632163565,138.38415342631808,137.16235684189346,138.3118133544922,161676000
2013-10-17,137.74911992714186,139.31656156231293,137.7250065726179,139.23617553710938,129389000
2013-10-18,139.75061678416625,140.27308916206078,139.46927795595496,140.1766357421875,138316000
2013-10-21,140.22485487640535,140.4660006782462,139.87117600239677,140.18466186523438,104104000
2013-10-22,140.59464583962242,141.4145245837481,140.20880756159974,140.99655151367188,126663000
2013-10-23,140.51421112829473,140.57851748569115,139.83097907817705,140.32130432128906,105484000
2013-10-24,140.60267870516725,140.96439135663258,140.2731131107529,140.7875518798828,70350000
2013-10-25,141.07689363353305,141.47076552118932,140.8036007801479,141.43057250976562,93625000
2013-10-28,141.38228587573414,141.84849762723323,141.22955985616963,141.65557861328125,84979000
2013-10-29,141.9771869398128,142.4675122995768,141.7762341245847,142.41123962402344,87401000
2013-10-30,142.58003622027942,142.68452333715467,141.19747995916762,141.70387268066406,140002000
2013-10-31,141.59135926044698,142.18618405333837,141.09300016638417,141.30198669433594,133795000
2013-11-01,141.48684605830624,141.96109170657292,140.84379466708467,141.6395721435547,142805000
2013-11-04,142.0253758795562,142.1941693309506,141.4546646394144,142.13790893554688,85677000
2013-11-05,141.58326005119702,142.07358522064214,141.12509418821023,141.68775939941406,85825000
2013-11-06,142.29870653810315,142.67649881194689,141.90483460478896,142.41123962402344,87348000
2013-11-07,142.67644147718133,142.78897451788,140.47399509187102,140.6106414794922,157000000
2013-11-08,140.5624235343531,142.52372430732996,140.54635614552575,142.5076446533203,136713000
2013-11-11,142.3710577570626,142.7006233434898,142.20226424755717,142.53182983398438,62614000
2013-11-12,142.2263214686639,142.5639206196103,141.76814330761934,142.24240112304688,83990000
2013-11-13,141.54316071443304,143.4240766359127,141.54316071443304,143.38389587402344,103844000
2013-11-14,143.5123913464666,144.2197488567057,143.27929158432732,144.09918212890625,103435000
2013-11-15,144.33233963748629,144.78247195494046,144.14746649250026,144.72621154785156,102818000
2013-11-18,144.96733830636583,145.08790506655245,143.89826806036913,144.21978759765625,104796000
2013-11-19,144.1474109831876,144.58146347496017,143.65708584081025,143.90626525878906,93891000
2013-11-20,144.19565086825168,144.62970339973802,143.0622744455066,143.45614624023438,124909000
2013-11-21,143.85807829834803,144.726195786835,143.7696585838211,144.61366271972656,92841000
2013-11-22,144.6699476069844,145.35319208626186,144.5011541103446,145.3371124267578,81296000
2013-11-25,145.59434951095358,145.62649656733487,144.98344505302165,145.19244384765625,79486000
2013-11-26,145.26477955986056,145.66668521108525,145.01560001853122,145.2326202392578,86994000
2013-11-27,145.38530516588185,145.68272360386567,145.2084657482213,145.5862579345703,58800000
2013-11-29,145.74698670741006,146.09261947969048,145.3290016383347,145.48976135253906,55870900
2013-12-02,145.56219293583106,145.8354858483847,144.88699435239698,145.112060546875,99726000
2013-12-03,144.63777245937618,144.99948500424767,144.01883447314813,144.48504638671875,116563000
2013-12-04,143.96258618249604,145.07183726239046,143.35972780194152,144.46897888183594,123033000
2013-12-05,144.21170014238393,144.47695918109463,143.6972617153879,143.8339080810547,106934000
2013-12-06,145.22449596975503,145.5781746846844,144.8065109189131,145.4415283203125,127728000
2013-12-09,145.86759773615634,146.02835749919382,145.61841826367072,145.8113250732422,70124000
2013-12-10,145.4737525426346,145.77920473399436,145.20045966888426,145.28887939453125,80976000
2013-12-11,145.34515883120616,145.36927218794233,143.48031080903172,143.6571502685547,130591000
2013-12-12,143.59281583651065,143.769655261478,142.8854581366413,143.18287658691406,115565000
2013-12-13,143.4802796579379,143.60889237606534,142.8935009961093,143.1667938232422,107808000
2013-12-16,143.8419885728678,144.53326658391256,143.80179556631728,144.05902099609375,96195000
2013-12-17,144.1876362595194,144.21174961083918,143.27932580919415,143.60084533691406,89886000
2013-12-18,143.8178961155843,146.07660358877175,142.53180557541174,146.052490234375,234906000
2013-12-19,145.63446003955792,146.0524451620854,145.256680182198,145.88365173339844,136531200
2013-12-20,146.02919126712226,147.07982158273447,145.93221418105145,146.7322998046875,197087000
2013-12-23,147.4515645961613,147.60511985914326,147.14446640197247,147.51622009277344,85598000
2013-12-24,147.52424403809067,147.90408723591813,147.5161667283518,147.8394317626953,45368800
2013-12-26,148.1708099763022,148.67188689043527,148.15465535425818,148.591064453125,63365000
2013-12-27,148.78497520442068,148.84961833194203,148.42937634421367,148.5829315185547,61814000
2013-12-30,148.5991452257143,148.7203788845038,148.36477988289113,148.55874633789062,56857000
2013-12-31,148.760776272867,149.2618408203125,148.6476199358085,149.2618408203125,86119900
2014-01-02,148.68802333423724,148.76076845163186,147.47576091342683,147.83135986328125,119636900
2014-01-03,148.0819513148757,148.3809845504756,147.59705355179173,147.8071746826172,81390600
2014-01-06,148.2920258181423,148.34859165204625,147.15249618052948,147.3787841796875,108028200
2014-01-07,147.96877826411296,148.5344983760346,147.85563424172864,148.28396606445312,86144200
2014-01-08,148.25972126160218,148.56683174915221,147.80714517370117,148.31629943847656,96582300
2014-01-09,148.79309701375345,148.809263966353,147.73438975625828,148.4132537841797,90683400
2014-01-10,148.66379706328632,148.8820077783354,147.90411054789305,148.81735229492188,102026400
2014-01-13,148.43754003779864,148.84970495739472,146.55449030984474,146.8373565673828,149892000
2014-01-14,147.32219941547768,148.51830716519208,147.04742290477458,148.43748474121094,105016100
2014-01-15,148.78506422681306,149.46392845788253,148.46987638154687,149.23764038085938,98525800
2014-01-16,148.9305113710337,149.2376218653665,148.56683503035075,149.0436553955078,72290600
2014-01-17,148.7850197033395,149.06787354908758,148.15464420144508,148.4132537841797,107848700
2014-01-21,149.2698942729476,149.32647243243395,147.93641068578626,148.84963989257812,88621200
2014-01-22,149.1002563203975,149.16491182021426,148.63151319555783,148.9467010498047,61270900
2014-01-23,148.1950154668642,148.2192597253594,146.94235433871364,147.7262725830078,132496900
2014-01-24,146.76457666688702,146.81306519107264,144.5259285900722,144.5744171142578,208677100
2014-01-27,144.71182173813756,145.08358768521188,143.14396017609064,143.8632354736328,180843100
2014-01-28,143.96828529215415,144.90577119503223,143.95211834023664,144.7198944091797,110463200
2014-01-29,143.51572605072113,144.29965683134887,142.95000598526104,143.32984924316406,216597300
2014-01-30,144.52594755498018,145.31795566140642,144.06528185122528,144.84921264648438,118938100
2014-01-31,143.05503195711796,144.8976697084112,142.98229917709142,144.00059509277344,194677900
2014-02-03,143.8308938732055,144.15415891383347,140.48505014244537,140.75982666015625,254837100
2014-02-04,141.39025054383893,142.10952598757322,140.7113863269656,141.745849609375,165012400
2014-02-05,141.2528359017314,141.88321146154988,140.3880950006564,141.56802368164062,164230500
2014-02-06,141.89936323116532,143.4348907470703,141.60841974763085,143.4348907470703,132877600
2014-02-07,144.105664440629,145.36641531149948,143.63692151883376,145.21286010742188,170787200
2014-02-10,145.22905145224524,145.5280846010663,144.83305357707755,145.47958374023438,92218800
2014-02-11,145.60081367609496,147.44345172393125,145.5038242886806,147.07168579101562,117814100
2014-02-12,147.28996638490665,147.75870959587635,146.8535570956744,147.14450073242188,94717700
2014-02-13,146.15037536347182,148.05766900451155,146.1422980522839,147.90411376953125,100542200
2014-02-14,147.76675999888067,148.99518983384377,147.6293716859627,148.7204132080078,96498400
2014-02-18,148.84975350719313,149.10029826387978,148.4214214907166,148.89825439453125,80460900
2014-02-19,148.51022725120393,149.47195743342897,147.79095202503274,147.9121856689453,126524300
2014-02-20,148.1141866369309,149.12440505227462,147.5727110461188,148.78497314453125,104998100
2014-02-21,149.06787142231357,149.42347038380044,148.54256262215344,148.61529541015625,118116400
2014-02-24,148.93046684787228,150.44174993692593,148.86581137724832,149.4396209716797,114063900
2014-02-25,149.56091722616122,149.98924914341032,148.89013025550523,149.38311767578125,117085000
2014-02-26,149.6013106862408,149.99732097082347,148.97093502132952,149.3911895751953,98677200
2014-02-27,149.1729985679811,150.21553928049624,149.0032763287558,150.17514038085938,93880800
2014-02-28,150.15084409683143,151.24996270922085,149.5528024243518,150.554931640625,150842000
2014-03-03,149.22953180820016,149.87607437416352,148.50217912885,149.49623107910156,167748500
2014-03-04,150.95902316151282,151.92075351416247,150.926701583138,151.5974884033203,167545900
2014-03-05,151.72677071233676,151.99346992768812,151.49239306925324,151.73484802246094,88376900
2014-03-06,152.10660827758403,152.42987331533766,151.75908664681666,152.0823516845703,82516500
2014-03-07,152.71276610378933,152.71276610378933,151.47624690590666,152.14703369140625,114513500
2014-03-10,151.91266790914355,152.12278898654245,151.19339259477965,152.06622314453125,74939200
2014-03-11,152.29253362898004,152.51074438153248,150.96712682063952,151.31463623046875,99009100
2014-03-12,150.5792154442303,151.41163494829974,150.23977099415453,151.3550567626953,104824400
2014-03-13,151.80760079899065,151.9288344574442,149.23761001917646,149.65785217285156,155014300
2014-03-14,149.39119564707693,150.15895964638943,149.05984084437327,149.23764038085938,153919600
2014-03-17,149.98927180527792,150.94292520429207,149.9246162924822,150.5873260498047,98359500
2014-03-18,150.8943456626554,151.86415310623653,150.73270081224965,151.662109375,101804600
2014-03-19,151.67827246167994,151.88840584622932,149.8922126836385,150.85394287109375,176267300
2014-03-20,150.5225855881936,151.84799202305504,150.25588637284224,151.73484802246094,117241000
2014-03-21,152.37206992232737,153.43544977665977,151.00833715731488,151.14633178710938,163128000
2014-03-24,151.66587574696592,151.85258532926431,149.86380747520056,150.5213165283203,121411000
2014-03-25,151.28432875124116,151.74702756374853,150.3914201235818,151.23562622070312,103852000
2014-03-26,151.82817191136652,152.07169691431358,150.10728335994747,150.1478729248047,119843000
2014-03-27,149.96926289831842,150.44818747697155,149.27927757326668,149.83126831054688,142383000
2014-03-28,150.26149576048502,151.32487532910824,150.1722036844681,150.56996154785156,101642000
2014-03-31,151.52784376222954,152.0392450714311,150.59434562550007,151.8038330078125,99745000
2014-04-01,152.29902340351032,152.8997169162232,151.7957473491451,152.8104248046875,89193000
2014-04-02,153.0051833466765,153.52469749119953,152.72106882346478,153.32176208496094,78774000
2014-04-03,153.55726231669948,153.59785190178027,152.6481150646612,153.11892700195312,77435000
2014-04-04,153.95498735125653,153.98745158062394,151.0651878757686,151.30870056152344,169381000
2014-04-07,150.94339474396224,151.1950327360269,149.32803638734177,149.63648986816406,140803000
2014-04-08,149.57157579584833,150.4969611762853,149.0277101446108,150.25344848632812,112660000
2014-04-09,150.6593021644429,151.91749220524406,150.22095460051347,151.86878967285156,100254000
2014-04-10,151.86062991917512,151.9336836952534,148.4918946277392,148.67860412597656,172959000
2014-04-11,147.8507111983364,148.88974013479307,147.17696374347432,147.3393096923828,167251000
2014-04-14,148.49195094716953,148.84911939172162,147.28246335271743,148.5000762939453,132382000
2014-04-15,148.80856357808057,149.62841861724274,147.33930001354074,149.52288818359375,157093000
2014-04-16,150.55375548581534,151.09762101576325,149.8881212518451,151.08950805664062,105197000
2014-04-17,150.88655329554493,151.72264626748512,150.62679000249392,151.300537109375,105255000
2014-04-21,151.34119399967653,151.87694674028907,151.15449679111194,151.82823181152344,68329000
2014-04-22,151.98243583799837,152.93217239570822,151.90126907791813,152.5181884765625,85790000
2014-04-23,152.4613636560861,152.54253041120086,152.03925441641638,152.1610107421875,73869000
2014-04-24,152.90780229488436,152.92404059937977,151.738892095159,152.46946716308594,88170000
2014-04-25,151.9743632707161,152.0636554008762,150.878506435679,151.2194366455078,100380000
2014-04-28,151.83634365274807,152.35585803755842,150.1398058445924,151.69834899902344,135121000
2014-04-29,152.18533676181895,152.6399101508873,151.8606450228261,152.40451049804688,84098000
2014-04-30,152.1528889210588,153.01333326958962,151.94182812041728,152.85910034179688,101508000
2014-05-01,152.78608934894973,153.28936545540054,152.38833128618012,152.87538146972656,93019000
2014-05-02,152.85907861489667,153.5328257169549,152.42885650178167,152.65614318847656,98122000
2014-05-05,151.90941168484278,153.05397098527612,151.4873023369707,152.9484405517578,75883000
2014-05-06,152.6074831297984,152.71301354448244,151.58469275508773,151.61715698242188,85454000
2014-05-07,152.12856634084216,152.5831398645524,150.99212014536693,152.5100860595703,106500000
2014-05-08,152.37205041555015,153.45978139552375,151.8606491458657,152.34768676757812,93618000
2014-05-09,152.37209197154507,152.63995592413275,151.65775506811238,152.5750274658203,83679000
2014-05-12,153.25685412721708,154.13353675647372,152.6074582107829,154.0604705810547,86940000
2014-05-13,154.26347583672833,154.57194182351313,154.04431436988884,154.19854736328125,66454000
2014-05-14,154.0604635258058,154.13352969787874,153.24872176398625,153.4678955078125,72367000
2014-05-15,153.159420245972,153.1918968507154,151.3735909571471,152.12039184570312,154956000
2014-05-16,152.20975414376394,152.71304265988908,151.56848334551262,152.64810180664062,97458000
2014-05-19,152.35585933305742,153.32994726458463,152.2178646781594,153.20819091796875,63839000
2014-05-20,153.13512680603594,153.15136511453886,151.85258531690928,152.24221801757812,111644000
2014-05-21,152.68048571759238,153.5977577561389,152.65613445871014,153.5247039794922,89093000
2014-05-22,153.56531519745292,154.21471114606499,153.3055642497266,153.89813232421875,61549000
2014-05-23,154.0361385488842,154.6205937080226,153.89814391217075,154.51507568359375,61092800
2014-05-27,155.09139128377007,155.51350050139808,155.00209918746793,155.4647979736328,72010000
2014-05-28,155.46479386988028,155.7083188884758,155.09138718987424,155.3511505126953,66723000
2014-05-29,155.70836745106047,156.17916694466268,155.31060938376112,156.15481567382812,64377000
2014-05-30,156.00868747681875,156.50385056216197,155.87880579202726,156.40643310546875,76316000
2014-06-02,156.62559628588872,156.65807289798525,155.83009269630014,156.5850067138672,64656000
2014-06-03,156.20350751025612,156.58502724211843,156.05739989526202,156.5038604736328,65047000
2014-06-04,156.23597935578314,156.90972668326003,156.07363343756936,156.8204345703125,55529000
2014-06-05,156.99897943005064,158.00553130231162,156.42263732077498,157.8431854248047,92103000
2014-06-06,158.18411777590333,158.6386911939893,158.11106398789596,158.59811401367188,78696000
2014-06-09,158.5737703777886,159.14198717772507,158.42765040854934,158.76046752929688,65119000
2014-06-10,158.5656725602503,158.80919762712816,158.22474242110107,158.7767333984375,57129000
2014-06-11,158.20850839621696,158.3870926243482,157.86757824783905,158.22474670410156,68772000
2014-06-12,158.03801797726675,158.12731007351337,156.75546440672332,157.10450744628906,106350000
2014-06-13,157.41300956242438,157.73771379911304,156.90973347830712,157.58348083496094,82017000
2014-06-16,157.3886260870458,158.04613500077133,157.2019289305281,157.71331787109375,87424000
2014-06-17,157.49413302992178,158.26528519181107,157.323661817662,158.15164184570312,84834000
2014-06-18,158.1516844477899,159.4017615917166,157.80262897102006,159.31246948242188,105267000
2014-06-19,159.4504230092661,159.588430004024,158.9390341389942,159.4910125732422,85929000
2014-06-20,159.8882384411842,159.94533861879486,159.61907855862407,159.81483459472656,100587000
2014-06-23,159.85566542167012,159.90460133362413,159.47231751729387,159.7659454345703,70611000
2014-06-24,159.48042718071758,160.2715907362299,158.62401161133783,158.80345153808594,96237000
2014-06-25,158.46905327404014,159.6843488015205,158.4364334870733,159.52122497558594,82782000
2014-06-26,159.54579096929265,159.56210709557755,158.3386589809249,159.40713500976562,84312000
2014-06-27,159.03190077651576,159.7659769372282,158.95849689411094,159.717041015625,71445100
2014-06-30,159.6191514074546,160.00249937464412,159.48049548568142,159.63546752929688,70201200
2014-07-01,160.026957823478,161.19331777756653,159.9698700687547,160.7039337158203,90470000
2014-07-02,160.72024242647555,161.07095811296563,160.6468385542641,160.86705017089844,52475000
2014-07-03,161.32379113553574,161.7316069922817,161.20145135673283,161.658203125,52938800
2014-07-07,161.3482694902469,161.47876110413068,160.85888549013833,161.0954132080078,61696000
2014-07-08,160.8017703760834,160.85887056387025,159.66804291173207,160.05955505371094,108143000
2014-07-09,160.45917168834768,160.92408758875314,160.1166079727823,160.7772674560547,72992000
2014-07-10,159.22757948312903,160.56521462058768,159.09707545860897,160.14108276367188,99040000
2014-07-11,160.04320184425634,160.47548551098006,159.6843220200597,160.36129760742188,64243000
2014-07-14,161.1769598189418,161.38086771748075,161.0383039414014,161.16880798339844,58658000
2014-07-15,161.26671421774927,161.5766582722684,160.15745451508158,160.86705017089844,111307000
2014-07-16,161.58481843101475,161.70715822433422,161.02203049063777,161.4624786376953,79986400
2014-07-17,160.96486278987126,161.57658634375392,159.39883953984983,159.62722778320312,145398000
2014-07-18,160.1493308007832,161.42171459143066,160.05961079269625,161.2585906982422,124330000
2014-07-21,160.75281818800568,161.08723010832705,160.21449838147123,160.95672607421875,67592000
2014-07-22,161.50323110814816,161.9518310396792,161.38904316608136,161.658203125,67678000
2014-07-23,161.90282565673516,162.18830161218244,161.57657808954994,162.0170135498047,65612000
2014-07-24,162.1720276748297,162.35961945246922,161.86208369351644,162.02520751953125,56888000
2014-07-25,161.56847284742753,161.70712873642307,160.94859726505604,161.26669311523438,76837000
2014-07-28,161.29929220669374,161.5684521139276,160.36947272968115,161.33192443847656,69259000
2014-07-29,161.63374361308757,161.86211950915165,160.6142039179612,160.638671875,80466000
2014-07-30,161.20955753730712,161.4216296879075,159.99427459353782,160.6630859375,104222000
2014-07-31,159.54567497440098,159.6843308331207,157.39240835592946,157.4902801513672,183479000
2014-08-01,157.0580454100407,158.03680100610674,156.25057795492376,157.0091094970703,189261000
2014-08-04,157.31088966510322,158.47724952464864,156.64207811018667,158.14283752441406,91340000
2014-08-05,157.4984379980459,157.90625372311015,156.0384507328087,156.60939025878906,152690000
2014-08-06,155.8753439591924,157.32716710336967,155.8508760086596,156.65835571289062,94818000
2014-08-07,157.36796372122566,157.5229357173271,155.4186046848166,155.8101043701172,135733000
2014-08-08,156.16077190721052,157.7186182089819,155.74479198509945,157.6125946044922,117014000
2014-08-11,158.20806811494617,158.77085593039433,157.996008371748,158.0694122314453,74544000
2014-08-12,157.91440362000372,158.35483912162888,157.3679320485872,157.84915161132812,73632000
2014-08-13,158.46907890496817,159.09711880422367,158.19993139369655,158.9176788330078,69047000
2014-08-14,159.1786278921973,159.66799926757812,159.03180776769977,159.66799926757812,57371000
2014-08-15,160.2471914200604,160.39399917997753,158.48542362772838,159.63546752929688,139951000
2014-08-18,160.5163317050604,161.0464873670342,160.42661171428222,160.97308349609375,75424000
2014-08-19,161.36458668208482,161.9355264330081,161.03833895171528,161.8131866455078,59135000
2014-08-20,161.59291465053673,162.44117841076942,161.56029486539677,162.24542236328125,72763000
2014-08-21,162.38413959532218,162.9306114331637,162.2536355143455,162.7185516357422,67791000
2014-08-22,162.5880227621875,162.87349884009836,162.098651201479,162.46568298339844,76107000
2014-08-25,163.2404623023245,163.6074939306332,162.43298276360764,163.28939819335938,63855000
2014-08-26,163.39547729492188,163.79514125289558,163.35469322646736,163.39547729492188,47298000
2014-08-27,163.47702315705044,163.5912235200768,163.07737166865655,163.33021545410156,47874000
2014-08-28,162.79186351048128,163.34649931839627,162.6287397242288,163.24046325683594,58330000
2014-08-29,163.49335688930495,163.72173274886646,162.97951742806706,163.70542907714844,65907000
2014-09-02,163.91749875048535,163.94196670509572,163.01214709324708,163.62387084960938,72426000
2014-09-03,164.25189369341865,164.276361645492,163.30575806141465,163.5341339111328,57462000
2014-09-04,163.81140094431981,164.41497263697087,162.84896190404734,163.2975616455078,85236000
2014-09-05,163.26498152429306,164.09692926981626,162.64510596725574,164.03167724609375,102177000
2014-09-08,163.87668858994124,164.11322870758858,163.12630906172328,163.60752868652344,64146000
2014-09-09,163.4607365318308,163.57492446121444,162.23728909748448,162.5717010498047,88591000
2014-09-10,162.6613640833712,163.28940374595166,162.12305681813544,163.18338012695312,67251000
2014-09-11,162.5309178754833,163.39548540923244,162.4085656640437,163.3710174560547,66774400
2014-09-12,163.20786580991356,163.22416947888667,161.95178634824822,162.4167022705078,117409300
2014-09-15,162.44122326371507,162.5717273314084,161.8050314906513,162.29440307617188,76401000
2014-09-16,161.99261024857515,163.81146543027336,161.90289026496393,163.51783752441406,116201000
2014-09-17,163.75436848578198,164.49658382245588,162.92242072498516,163.73805236816406,151266000
2014-09-18,164.23558278897806,164.63524676144363,164.02352304909573,164.61077880859375,94990000
2014-09-19,165.13439836460185,165.44577865746382,164.12647299787486,164.4624481201172,121649000
2014-09-22,164.17566490678607,164.2002472346494,162.84815668352988,163.19232177734375,125553000
2014-09-23,162.60229797986884,163.2824381302417,162.20896828577418,162.2581329345703,111393000
2014-09-24,162.28273105470626,163.6348215468331,161.85662905451485,163.52828979492188,107276000
2014-09-25,163.1021449633603,163.11034740658323,160.83229385356177,160.8896484375,150300000
2014-09-26,161.18471424476942,162.56957730942267,160.95527080841936,162.1680450439453,103547000
2014-09-29,160.7749640313389,162.15982685476516,160.65205239175026,161.87301635742188,95112000
2014-09-30,161.99592552635377,162.49578698735422,161.11092429194022,161.4468994140625,131302000
2014-10-01,161.18465837729127,161.2420254683598,158.89841474903852,159.25897216796875,177798000
2014-10-02,159.11968573425557,159.84080070839985,157.62011369151168,159.28358459472656,157285000
2014-10-03,160.34882781042037,161.3813354581614,159.8571688148669,161.03717041015625,121569000
2014-10-06,161.70908206330185,161.92214551372737,160.26686507020136,160.84866333007812,104778000
2014-10-07,160.02106449840716,160.3816219517862,158.33301142461104,158.36578369140625,147913000
2014-10-08,158.45595717564856,161.36498725139458,157.6283228457938,161.1355438232422,186461000
2014-10-09,160.88148372859766,161.10273716699956,157.80856793195136,157.93968200683594,210705000
2014-10-10,157.8987453567088,158.6854049881865,156.09597015553217,156.13693237304688,221909000
2014-10-13,156.0713439923961,156.63674997335028,153.48189738323353,153.57203674316406,230939000
2014-10-14,154.39966264360115,155.54689193652553,153.26882573444396,153.80966186523438,215847000
2014-10-15,151.72829676324722,153.80148966670126,149.07329295433365,152.76898193359375,380715000
2014-10-16,150.00742697747162,153.7113176137753,149.868122988318,152.63784790039062,270391000
2014-10-17,154.39974487511412,155.4896076571642,153.74418671626114,154.4407196044922,214625000
2014-10-20,154.1620691070693,156.06317349146246,154.11290444681242,155.9402618408203,130011000
2014-10-21,157.07105738488724,159.13606025850163,156.90717104653953,159.029541015625,154949000
2014-10-22,159.30814185230938,159.71786393155276,157.83313986628806,157.89869689941406,151822000
2014-10-23,159.48024246117586,160.77496592961484,159.1852420189527,159.73426818847656,154944000
2014-10-24,159.99645615523556,161.01257131282466,159.3736831575854,160.96339416503906,117927000
2014-10-27,160.38977429362376,160.97977498743901,159.81616598122653,160.7421417236328,82954000
2014-10-28,161.2830241365299,162.59412744120144,161.2092646508088,162.5859375,106736000
2014-10-29,162.70061474704164,163.16769134246317,161.26658769375018,162.34005737304688,142557000
2014-10-30,161.90581131217454,163.8478903621699,161.75830483166465,163.3808135986328,113330000
2014-10-31,165.3474137541019,165.3801985170661,164.5197797932462,165.24908447265625,146903000
2014-11-03,165.46216027750094,165.8964646741042,164.96229884884286,165.33924865722656,93600000
2014-11-04,164.89678763196594,165.19999055242735,163.93803921626957,164.76568603515625,93343000
2014-11-05,165.9702370613781,166.0112117756525,165.07704580734182,165.8063507080078,91709000
2014-11-06,165.8473044491068,166.56021687316212,165.23272132389337,166.47007751464844,107089000
2014-11-07,166.4864894327522,166.83885696782158,166.02760264601483,166.62579345703125,89540000
2014-11-10,166.65856376537008,167.19938742924273,166.45370271737593,167.1502227783203,66319000
2014-11-11,167.21575762526558,167.42061864607547,166.8797825502435,167.3140869140625,54499400
2014-11-12,166.63400383201974,167.36330876073302,166.60121905784848,167.1338653564453,90120300
2014-11-13,167.29772907592934,167.84675518358503,166.5192595950362,167.3223114013672,85357900
2014-11-14,167.24863580836228,167.56821867918157,166.93724288160914,167.3633575439453,80417500
2014-11-17,167.04364000619825,167.64183053779516,166.87974122715573,167.46974182128906,80441000
2014-11-18,167.52718396323064,168.73995794851413,167.52718396323064,168.436767578125,76068100
2014-11-19,168.2400677695883,168.43673885679863,167.41243372206222,168.16632080078125,82373000
2014-11-20,167.37966192066125,168.56786597197197,167.3141048865132,168.46133422851562,72840300
2014-11-21,170.14937325750884,170.31325957756687,168.78909304395012,169.36270141601562,142327300
2014-11-24,169.76423520853706,169.94451391350262,169.55118424072546,169.83798217773438,65880800
2014-11-25,170.067442893027,170.272303941975,169.46106219052567,169.715087890625,79108300
2014-11-26,169.8626035558224,170.24774337737108,169.64955253902582,170.1494140625,62167800
2014-11-28,170.02650999557414,170.3378903411174,169.5512307796385,169.7888641357422,57890100
2014-12-01,169.1332694452952,169.247991127426,168.2974454056534,168.60882568359375,103968400
2014-12-02,168.64981235337908,169.9035610054865,168.62523002715943,169.69869995117188,74507200
2014-12-03,169.8707789873394,170.56729902979092,169.7068926540406,170.354248046875,68952000
2014-12-04,170.06738393607097,170.66558699430394,169.37905405112207,170.1657257080078,91316600
2014-12-05,170.33788047260785,170.8295520478434,170.0756648018824,170.4444122314453,91025500
2014-12-08,170.0511020533535,170.54276118147166,168.74817598007724,169.30540466308594,108588200
2014-12-09,167.46979040238645,169.29715978829483,167.09285311017462,169.1906280517578,125180100
2014-12-10,168.73177375944923,168.78912835679273,166.2898208159152,166.47830200195312,159856400
2014-12-11,167.0682857026919,168.9611997837637,166.92898169063534,167.3223114013672,159012800
2014-12-12,166.05217618825847,167.01912686949117,164.58537653656094,164.61814880371094,202330200
2014-12-15,165.5113173750629,165.96201413505062,162.88909873112254,163.48728942871094,189965800
2014-12-16,162.72521931231313,165.85548943461473,162.1352185294361,162.1761932373047,259543800
2014-12-17,162.6105360899907,165.8063639999519,162.48761193731326,165.3556671142578,253910100
2014-12-18,167.77299584682268,174.5170175424843,167.10104565775663,169.4446563720703,257633900
2014-12-19,170.09151334131593,170.83309123538643,169.41586689319604,170.16567993164062,245084600
2014-12-22,170.35518328492228,170.9484405517578,170.11623837846253,170.9484405517578,148318900
2014-12-23,171.5251722233269,171.57460822112338,170.8907142485549,171.17910766601562,122167900
2014-12-24,171.40156358298128,171.66522640012536,171.1543710481537,171.19557189941406,42963400
2014-12-26,171.64051518473343,172.08546427954812,171.59107919036182,171.7476348876953,57326700
2014-12-29,171.56634916500434,172.1843241967947,171.50043031955192,171.97833251953125,79643900
2014-12-30,171.55814702551612,171.68997216904498,170.9813601600387,171.05552673339844,73540800
2014-12-31,171.37688329824263,171.54167416681173,169.23456428863253,169.358154296875,130333800
2015-01-02,170.05026505754233,170.46224844022055,168.23752811557006,169.26748657226562,121465900
2015-01-05,168.2293336136723,168.39412449200552,165.90575331187634,166.2106170654297,169632600
2015-01-06,166.5154919065633,167.0345951519791,163.85408195469216,164.6450958251953,209151400
2015-01-07,165.9634167647709,167.03457628336741,165.518480156632,166.69674682617188,125346700
2015-01-08,168.09744281172385,169.8689787695426,168.08097253000707,169.6547393798828,147217800
2015-01-09,170.06681240511423,170.08329526825628,167.68554787708942,168.2952880859375,158567300
2015-01-12,168.4270726875914,168.5836284061777,166.37539063350323,166.9768829345703,144396100
2015-01-13,168.18808878441223,169.30868406597367,165.21356831758087,166.5072021484375,214553300
2015-01-14,164.50497821214233,165.6997402147332,163.61510506928573,165.50198364257812,192991100
2015-01-15,166.13643959644816,166.44953844924805,163.87053076429905,163.9858856201172,176613900
2015-01-16,163.77983817027933,166.29293871612947,163.59856451957987,166.13638305664062,211879600
2015-01-20,166.77089890804422,167.0345743562975,164.9334562042021,166.49075317382812,130991100
2015-01-21,166.0293380046406,167.80910960815234,165.56791853100518,167.33120727539062,122942700
2015-01-22,168.0810094473482,169.95140522448418,166.71322140038436,169.819580078125,174356000
2015-01-23,169.56413505878655,169.81957534719535,168.75665105410798,168.88848876953125,117516800
2015-01-26,168.6742539205843,169.3746181767097,167.96564194967536,169.2839813232422,92009700
2015-01-27,167.24056477719182,168.1881216948727,166.2270889979633,167.05105590820312,134044600
2015-01-28,168.22929169842698,168.3281636862448,164.71919783080995,164.90870666503906,168514300
2015-01-29,165.10645749447005,166.68847210843228,163.70570399431702,166.43304443359375,173585400
2015-01-30,165.263092207484,166.58143206313224,164.0765775364822,164.34024047851562,197729700
2015-02-02,164.83458263222118,166.46603359139985,163.0300930901773,166.37539672851562,163107000
2015-02-03,167.26530627751242,168.78965030470357,166.8945236303613,168.78140258789062,124212900
2015-02-04,168.02333226827574,169.2263294995467,167.68550281472338,168.13868713378906,134306700
2015-02-05,168.79786576480814,169.9843801555203,168.72371175857302,169.8360595703125,97953200
2015-02-06,170.1986267298921,170.75893084490582,168.84732131134493,169.36642456054688,125672000
2015-02-09,168.72372279474547,169.4405700473822,168.2046195716701,168.60836791992188,87219000
2015-02-10,169.63831882609458,170.6600297923435,168.6495484329355,170.40460205078125,96164200
2015-02-11,170.23981611142796,170.93194534851392,169.59712288088554,170.50347900390625,91087800
2015-02-12,171.29442753315112,172.20079588342236,170.5363797187122,172.1431121826172,97545900
2015-02-13,172.26675145476713,172.90119686249804,172.0113111759659,172.8517608642578,93670400
2015-02-17,172.5386200850968,173.2966805049052,172.291440135957,173.12364196777344,76968200
2015-02-18,172.75288656616885,173.21430597391142,172.4892111487526,173.14015197753906,80652900
2015-02-19,172.54691643643517,173.3791185028344,172.40684356819395,173.01657104492188,91462500
2015-02-20,172.60461947074984,174.12896358965654,171.98664416406976,174.0548095703125,140896400
2015-02-23,173.80758522426862,174.03005981445312,173.42855490664826,174.03005981445312,74411100
2015-02-24,173.9558749322599,174.722170629938,173.65924636747098,174.5244140625,72472300
2015-02-25,174.40087767490456,174.8787800968967,174.03833014285948,174.37615966796875,73061700
2015-02-26,174.28552090432734,174.44207666172477,173.56866099270437,174.170166015625,72697900
2015-02-27,174.07124638593027,174.33492183432463,173.52743777590726,173.57687377929688,108076000
2015-03-02,173.67578480164306,174.73046168667474,173.62634878714786,174.67279052734375,87491400
2015-03-03,174.24428028315134,174.72218259095698,173.09896680206552,173.9558868408203,110325800
2015-03-04,173.36260702480507,173.43677359094355,172.2584945472415,173.2225341796875,114497200
2015-03-05,173.5439345465778,173.69225515211932,172.90948897593807,173.412109375,76873000
2015-03-06,172.5551595887865,172.98362592918326,170.64356277570667,170.97314453125,188128000
2015-03-09,171.17090718432462,172.03606246641996,171.0143514444442,171.6817626953125,89818900
2015-03-10,170.322231053756,170.40462021347557,168.85555816697376,168.89675903320312,157121300
2015-03-11,169.15214898215018,169.32518755252903,168.41881898909006,168.501220703125,110145700
2015-03-12,169.12747624118268,170.70949150665908,169.07804022862712,170.64358520507812,93993500
2015-03-13,170.37162249544068,171.327414449138,168.56713315220063,169.5970916748047,162410900
2015-03-16,170.32219260996493,171.95364344794794,169.62181576036696,171.86300659179688,136099200
2015-03-17,171.12971349315757,171.73120590124896,170.54469137319978,171.35218811035156,94510400
2015-03-18,170.88252451846586,174.07952066808863,170.24806637508686,173.412109375,228808500
2015-03-19,173.00013941021743,173.42035810882558,172.2338434624728,172.62110900878906,117917300
2015-03-20,173.56542645661938,174.64963931072836,173.38334355895196,174.144775390625,177715100
2015-03-23,174.15302924625576,174.72410621804497,173.805419921875,173.805419921875,71784500
2015-03-24,173.68126953613915,174.13646408145203,172.76258328603416,172.82879638671875,77805300
2015-03-25,173.03574974503988,173.26748933946288,170.25486198310298,170.29623413085938,159521700
2015-03-26,169.63407240858214,170.801041900528,168.9388412251926,169.89064025878906,153067200
2015-03-27,169.77478398768255,170.45344616516104,169.58441658852533,170.27964782714844,118939000
2015-03-30,171.30589757582993,172.65496248677306,171.28935377449938,172.3570098876953,96180400
2015-03-31,171.53768533953814,172.23291668553748,170.7928099467254,170.85073852539062,126768700
2015-04-01,170.81759788900095,170.84242622096593,169.26162173196178,170.24652099609375,137303600
2015-04-02,170.18033393458242,171.3059314616564,169.99825105308088,170.8590087890625,86900900
2015-04-06,169.97341805293084,172.5225656951408,169.8410044754476,172.00942993164062,114368200
2015-04-07,172.03432648818995,172.77920209374432,171.52119052120193,171.55429077148438,81236300
2015-04-08,171.77767898221072,172.572210909801,171.38868491994106,172.13356018066406,89351900
2015-04-09,171.96806125782373,173.12675909960655,171.47975378370523,172.89501953125,85548900
2015-04-10,173.14335839334655,173.87996205271412,172.94473164493616,173.8385772705078,72722900
2015-04-13,173.6978233352913,174.32684151356358,173.0026046813825,173.05226135253906,74436600
2015-04-14,172.85362386603953,173.5653989088068,172.23289025765612,173.38331604003906,75099900
2015-04-15,173.846819433349,174.66617982856766,173.76404988910943,174.16131591796875,99529300
2015-04-16,173.8302523325971,174.61651243919104,173.63161301592615,174.1116485595703,68934900
2015-04-17,172.9281223630453,173.1681338203195,171.33076118581155,172.10874938964844,191113200
2015-04-20,173.02745832216522,174.0123578736731,172.94470140108723,173.68130493164062,92189500
2015-04-21,174.35995399162735,174.51720854723484,173.17642781644966,173.47438049316406,72559800
2015-04-22,173.81371006782535,174.50894141841778,172.89502367522857,174.3268585205078,78264600
2015-04-23,173.92957348475434,175.41106495177615,173.81370370204252,174.7655029296875,102585900
2015-04-24,175.1793355574748,175.43590347488626,174.72412830294158,175.17105102539062,61327400
2015-04-27,175.73381178132567,175.85795344263508,174.2523206024646,174.44268798828125,79358100
2015-04-28,174.41787405170209,175.04687956901284,173.25089182364948,174.99722290039062,86863500
2015-04-29,174.1116520804401,174.87308386645512,173.47437460567704,174.27719116210938,125684900
2015-04-30,173.70616890949674,174.0951631420665,171.83568277955806,172.53091430664062,161304900
2015-05-01,173.30885448866758,174.44273670365686,173.20954113188554,174.40135192871094,103399700
2015-05-04,174.8234058131989,175.47725227079633,174.71582057790178,174.8979034423828,70927200
2015-05-05,174.6579072601889,175.01380114443174,172.75432140966632,172.89501953125,113326200
2015-05-06,173.44123586592173,173.74746038938505,171.12382798568237,172.18321228027344,135060200
2015-05-07,172.0839333191981,173.29230048064142,171.75288039683915,172.8701934814453,88244900
2015-05-08,174.53376057319656,175.3448490392088,174.4509910316435,175.14620971679688,155877300
2015-05-11,175.10490875329475,175.3697486619732,174.23587872917145,174.31036376953125,75708100
2015-05-12,173.4826852745384,174.32688679003272,172.66331210107083,173.78890991210938,119727600
2015-05-13,174.19444394936284,174.81517769861114,173.59026663617541,173.82200622558594,94667900
2015-05-14,174.83173533709504,175.72559345762346,174.5586109700841,175.63455200195312,95934000
2015-05-15,175.82484436035156,175.96554244570675,175.34480891268657,175.82484436035156,76510100
2015-05-18,175.65937957905905,176.61943818239672,175.59316646350808,176.37115478515625,74549700
2015-05-19,176.4869976258911,176.76012195000274,176.03179041903832,176.3131866455078,72114600
2015-05-20,176.41246559994647,176.9338858105937,175.87450158780857,176.1890106201172,76857500
2015-05-21,176.04837547205562,176.90912072496616,175.8828363671192,176.70220947265625,64764600
2015-05-22,176.32143194885973,176.7352543237789,176.21384671900327,176.28005981445312,57433500
2015-05-26,175.79175933015534,176.2138662819026,173.97094320413913,174.384765625,124308600
2015-05-27,174.84000214283043,176.27182442311454,174.43445155596746,176.0400848388672,93214000
2015-05-28,175.7338632910631,175.94904644335773,175.15451432037722,175.84146118164062,74974600
2015-05-29,175.77518534107256,175.81655747296756,174.4840616303224,174.7489013671875,124919600
2015-06-01,175.4110677211803,175.74212064019534,174.3185703564839,175.10484313964844,93338800
2015-06-02,174.64967973513563,175.6180230265762,174.02894588455612,174.9310760498047,91531000
2015-06-03,175.46074436711126,176.0152650154497,174.90622371877285,175.39453125,87820900
2015-06-04,174.6910284471704,175.3448624114101,173.59853103387678,173.9130401611328,151882800
2015-06-05,173.76402126999574,174.28544152933597,172.9612048127622,173.61505126953125,121704700
2015-06-08,173.5075108812999,173.6564935599734,172.4729545502893,172.5474395751953,89063300
2015-06-09,172.52255249023438,173.0605291764976,171.8935470015442,172.52255249023438,105034700
2015-06-10,173.28400959901603,174.97241227621174,173.2260810227127,174.59169006347656,134551300
2015-06-11,175.03035617419903,175.53522011524936,174.79861659098182,175.15451049804688,73876400
2015-06-12,174.33514109075904,175.03035985503084,173.54059633954816,173.813720703125,135382400
2015-06-15,172.67977737077655,173.35016750928315,171.97627437447545,173.0687713623047,124384200
2015-06-16,172.91986216752656,174.0951291699091,172.74606379131728,174.01235961914062,85308200
2015-06-17,174.29373168945312,174.8979215426942,173.27573202639746,174.29373168945312,126708600
2015-06-18,174.88968393574558,176.56980247723928,174.32689133000042,176.1063232421875,165867900
2015-06-19,175.8651175741638,175.93996490246164,174.95027459400237,175.32452392578125,130478700
2015-06-22,176.2393695139098,176.80489958980397,176.01481483540366,176.2227325439453,70696000
2015-06-23,176.4306300357443,176.6801337954622,175.95658431353976,176.3474578857422,68476800
2015-06-24,176.08135086351967,176.45560020261894,175.04176231586064,175.06671142578125,92307300
2015-06-25,175.56568477605794,175.69043030134037,174.4595612541665,174.53440856933594,97107400
2015-06-26,174.89201794529356,175.13320954385787,173.95223872653727,174.5011444091797,104174800
2015-06-29,173.02909491791098,174.50946777644972,170.76694955626542,170.841796875,202621300
2015-06-30,172.37210923589186,172.4220201506252,170.7254043778412,171.199462890625,182925100
2015-07-01,172.76301234306723,173.01251617977732,171.7899588011609,172.5717315673828,135979900
2015-07-02,173.0457283654755,173.21205996715375,171.99781516335582,172.4136505126953,104373700
2015-07-06,171.13288898053196,172.69642131727892,170.93328343762698,171.9229736328125,117975400
2015-07-07,172.12256625817042,173.12888065535947,169.75229978892563,173.00413513183594,173820200
2015-07-08,171.67348080097753,171.95624582037016,169.86875673209303,170.10162353515625,164020100
2015-07-09,172.18912259799822,172.44695121445062,170.30123895596645,170.4093475341797,144113100
2015-07-10,172.39704947359968,172.97090440572762,170.45094267878432,172.55506896972656,129456900
2015-07-13,173.81087728800534,174.5676880375423,173.76929121180714,174.45957946777344,106069400
2015-07-14,174.4180032755056,175.5241269755584,174.35978022747096,175.21640014648438,81709600
2015-07-15,175.25801483638108,175.7154363945804,174.6841598533939,175.15821838378906,97914100
2015-07-16,176.2061108732206,176.56373596191406,175.96493189409927,176.56373596191406,106683300
2015-07-17,176.55537469499166,176.7716172078095,176.1478641567518,176.71339416503906,89030000
2015-07-20,176.93794096279018,177.2955532715179,176.48884436968999,176.80487060546875,70446800
2015-07-21,176.67176154876014,176.92959006845186,175.80682979620676,176.10623168945312,77965000
2015-07-22,175.4243307306454,176.1229439069139,175.3910694795328,175.79026794433594,88667900
2015-07-23,175.92329760142377,176.0230940219481,174.44292480897113,174.800537109375,90509100
2015-07-24,174.9003790266702,174.95858938613225,172.65487031166467,172.98753356933594,117755000
2015-07-27,172.10598994723267,172.61330973883602,171.54044709727387,171.98123168945312,132361100
2015-07-28,172.8128631006647,174.23502569603966,171.98951716307448,174.09364318847656,123544800
2015-07-29,174.2183821512823,175.51578646845462,174.0769996490559,175.29124450683594,105791300
2015-07-30,174.78388857218434,175.49912576400212,174.16844778703884,175.33279418945312,91304400
2015-07-31,175.83184707402353,175.85679618394414,174.78394638648757,175.06671142578125,103266900
2015-08-03,175.0334421513048,175.09165250835423,173.52810734346542,174.47621154785156,113965700
2015-08-04,174.40130557986927,174.85872690412018,173.652807187666,174.1351776123047,81820800
2015-08-05,175.02513274776874,175.7403702064177,174.42632870377005,174.7091064453125,85786800
2015-08-06,174.89207166726732,175.0001929474416,172.69646095255442,173.2786407470703,116030800
2015-08-07,173.1205792856466,173.27027392318615,172.04771695546134,172.9459228515625,117858000
2015-08-10,174.05209161490575,175.208113702649,174.05209161490575,175.1249542236328,80270700
2015-08-11,173.7942272588926,174.21006260904733,172.78790012779152,173.5447235107422,126081400
2015-08-12,172.2473178456554,173.93560833830855,170.79189413196906,173.7526397705078,172123700
2015-08-13,173.59464834728124,174.2766245174708,172.99584433599424,173.53643798828125,89383300
2015-08-14,173.34511374830117,174.2433196055732,173.20373125552976,174.16847229003906,72786500
2015-08-17,173.57799302121936,175.1415252685547,173.1205716096502,175.1415252685547,79072600
2015-08-18,174.86711365601124,175.2164139007703,174.4013799963325,174.63424682617188,71692700
2015-08-19,173.89405478493381,174.65919044323707,172.44695562934967,173.25367736816406,172946000
2015-08-20,171.7483330321831,173.22870604693054,169.57767172781692,169.63589477539062,194327900
2015-08-21,167.77289853601638,169.6108960575666,164.27157258454858,164.52938842773438,346588500
2015-08-24,155.93001501292537,164.23840096196662,151.6967995804624,157.60166931152344,507244300
2015-08-25,162.5333543963451,162.5499913590795,155.45584324182553,155.74693298339844,369833100
2015-08-26,159.74728923668474,162.00110944012312,156.6617857488648,161.72666931152344,339257000
2015-08-27,163.85579140320547,165.85179633033704,162.35046922286938,165.72705078125,274143900
2015-08-28,165.086679769256,166.20111577089492,164.60430910654108,165.73538208007812,160414400
2015-08-31,164.7622994799919,165.61060723271672,163.8474565417309,164.3963623046875,163298800
2015-09-01,160.61226520831102,161.9845296798491,158.62457244980104,159.48951721191406,256000400
2015-09-02,161.8597424703319,162.5583554809262,160.03006952607157,162.5167694091797,160269300
2015-09-03,163.22370363788403,164.71240144906955,162.14254176999756,162.6332244873047,152087800
2015-09-04,160.38767496572717,161.22765767536018,159.35639888743367,160.1714324951172,207081000
2015-09-08,162.95756555502172,164.34645415715417,162.31717553693585,164.19674682617188,116025700
2015-09-09,165.76862468873168,165.8933702286587,161.63521992863076,162.0011444091797,149347700
2015-09-10,161.80982826003762,164.022075079209,161.55201240710525,162.8826904296875,158611100
2015-09-11,162.49182165376186,163.68942946439893,161.78489649906183,163.62289428710938,119691200
2015-09-14,163.7975654478636,163.84746366661327,162.53342224828344,163.0157928466797,79452000
2015-09-15,163.5147793493629,165.49415970669656,162.97419846216422,165.05337524414062,113806200
2015-09-16,165.35273546483447,166.6750885186725,165.0117475130041,166.48379516601562,99581600
2015-09-17,166.35079551829418,168.73768663258204,165.73535456315815,166.10960388183594,276046600
2015-09-18,163.6125236401053,166.09541609186883,162.98552763315365,163.39515686035156,223657500
2015-09-21,164.22274797518264,165.2593729050372,163.19447839737887,164.23947143554688,105726200
2015-09-22,162.08263297513628,162.5675113614586,160.97911400841684,162.1077117919922,153890900
2015-09-23,162.27489386503237,162.74304874679908,161.2717030103517,161.84854125976562,92790600
2015-09-24,160.6363098990292,161.72310510967256,159.30708193866133,161.2633056640625,159378800
2015-09-25,162.7179360806015,163.01889455002123,160.3520705930473,161.2215118408203,155054800
2015-09-28,160.32704193062546,160.4357253096563,156.8660248278942,157.1753387451172,178515900
2015-09-29,157.39264922943826,158.6215618615437,156.27240718124472,157.26724243164062,159045600
2015-09-30,159.14834420010394,160.36890236049032,158.3708750701725,160.2017059326172,163452000
2015-10-01,160.5778418844145,160.92060272676466,158.68849870907687,160.61964416503906,131079000
2015-10-02,158.64667341224848,163.0439997119208,158.10326935549577,163.0189208984375,211003300
2015-10-05,164.23947085628345,166.1455371306783,164.13078749869322,165.91981506347656,126320800
2015-10-06,165.78605429593955,166.3461690364086,164.6909036275402,165.35133361816406,110274500
2015-10-07,166.27929262132514,167.05677410065115,165.09218202151945,166.70565795898438,124307300
2015-10-08,166.32110868153157,168.49469955536287,166.02015014140514,168.21046447753906,153055200
2015-10-09,168.35256277089263,168.78727069095308,167.68376467414845,168.31076049804688,107069200
2015-10-12,168.38604569865194,168.67028082629506,167.95969300718727,168.4696502685547,56395600
2015-10-13,167.7422906453634,169.00465049927638,167.2407016011464,167.40789794921875,88038700
2015-10-14,167.34936598496148,167.926204207173,166.31274101172406,166.60533142089844,99106200
2015-10-15,167.26578677357645,169.17185327783363,166.89794714007698,169.1634979248047,134142200
2015-10-16,169.56474708986744,169.94929737355176,168.80398911805145,169.93258666992188,114580100
2015-10-19,169.28890886262784,170.01622009277344,168.97959493831587,170.01622009277344,76523900
2015-10-20,169.58150464532827,170.40913111058862,169.33070372156925,169.79885864257812,78448500
2015-10-21,170.21682902565695,170.3673019023697,168.57827430485062,168.7454833984375,102038000
2015-10-22,169.69014044561686,171.80520526590783,168.74547544394838,171.59620666503906,174911700
2015-10-23,173.25986464451492,173.84505825852705,172.465672400051,173.4772186279297,144442300
2015-10-26,173.3016584394646,173.3601714198698,172.68301793135217,173.0508575439453,69033000
2015-10-27,172.38202528414612,173.05082328771798,172.03926455332967,172.7164306640625,77905800
2015-10-28,173.05088906637462,174.70615486829857,172.39045891892656,174.6810760498047,135906700
2015-10-29,174.17946046172494,174.94857387664396,174.0624217411126,174.5807342529297,90525500
2015-10-30,174.77297051034887,175.0906524339745,173.6694646411279,173.8282928466797,131076900
2015-11-02,174.15435544360557,176.07713231346827,174.02894863279155,175.88485717773438,86270800
2015-11-03,175.53380867919853,176.94664176722318,175.30808653780127,176.39488220214844,95246100
2015-11-04,176.68738006490256,176.81277409296123,175.32470543078836,175.8597412109375,96224500
2015-11-05,175.9183273318255,176.37812688635816,174.79809769442923,175.6842498779297,78408700
2015-11-06,175.34149700270723,175.82637535999683,174.2714250267109,175.59228515625,110471500
2015-11-09,174.98197430655537,175.1324599219075,173.00902714215445,173.95370483398438,131008700
2015-11-10,173.47722939150313,174.3884731715726,173.20971776118415,174.3550262451172,75874600
2015-11-11,174.62254315060736,174.67270078187678,173.60262879391465,173.6695098876953,67846000
2015-11-12,172.63287117466905,173.10102607244553,171.2284064813396,171.2451171875,121315200
2015-11-13,170.83545668590742,171.10296825429884,169.2387043583204,169.32229614257812,153577100
2015-11-16,169.13839960000348,171.95569675375208,169.02134813351492,171.8971710205078,117645200
2015-11-17,172.20649496162457,173.08427889656232,171.27854064628644,171.7717742919922,121123700
2015-11-18,172.2482890016951,174.63923361307806,172.2064994846576,174.4971160888672,121342500
2015-11-19,174.3801138593773,174.76467699542673,174.05407646944508,174.3466796875,88220500
2015-11-20,175.0990180715506,175.65913276814356,174.6057844552427,174.9819793701172,94011500
2015-11-23,175.04052831813067,175.54211735241194,174.32157255502375,174.7813720703125,64931200
2015-11-24,173.77816093332171,175.41671565576152,173.3936106327194,175.01544189453125,98874400
2015-11-25,175.1408140445587,175.34145727820032,174.73117222613837,174.99034118652344,51980100
2015-11-27,175.08231090258715,175.39163752221893,174.60580070108003,175.1909942626953,37317800
2015-11-30,175.34983615940328,175.46687487233424,174.35500072135858,174.46368408203125,112822700
2015-12-01,175.09067912625167,176.24435554581143,174.8147994278238,176.12730407714844,97858400
2015-12-02,176.07712009174398,176.39480201624121,174.0790941715735,174.32989501953125,108441300
2015-12-03,174.5807276920756,174.84823929073755,171.16986870435804,171.88882446289062,166224200
2015-12-04,171.8888317671986,175.53376834223343,171.8888317671986,175.2411651611328,192913900
2015-12-07,174.9151251015423,175.33312235019997,173.21805729249317,174.17945861816406,102027100
2015-12-08,172.6244829344692,174.12926260313878,172.03092131598504,173.009033203125,103372400
2015-12-09,172.37370159741678,174.45531966113742,170.69334455078356,171.66310119628906,162401500
2015-12-10,171.73002138522665,173.410366058189,171.49594390112046,172.10621643066406,116128900
2015-12-11,169.9994971174157,170.6599272002176,168.46125744818977,168.7705841064453,211173300
2015-12-14,168.9294571495133,169.74872839344607,167.1571396902951,169.62332153320312,182385200
2015-12-15,171.1280966842371,172.30685216353294,169.59822499422316,171.4039764404297,154069600
2015-12-16,172.5241572691842,174.2128694997998,171.21165271708713,173.9119110107422,197017000
2015-12-17,174.22125585920915,174.2881369527101,171.2451173578712,171.2618408203125,173092500
2015-12-18,170.52349829427862,170.65804374797423,168.0510443280171,168.21083068847656,251393500
2015-12-21,169.37968017326628,169.77493688840588,168.26959420763754,169.59832763671875,99094300
2015-12-22,170.48140418132726,171.43170419116151,169.49747102460722,171.13735961914062,111026200
2015-12-23,172.13810048751947,173.29864285088595,172.04559330156735,173.256591796875,110987200
2015-12-24,173.00434911096158,173.51734132331308,172.75205554498507,172.970703125,48539600
2015-12-28,172.2811253197084,172.61750820754412,171.50743441193845,172.57546997070312,65899900
2015-12-29,173.66868210922584,174.74512250927899,173.63504896080372,174.41714477539062,92640700
2015-12-30,174.1732746058439,174.25737672780107,173.03796012033254,173.18092346191406,63317700
2015-12-31,172.5081777608578,173.14731033221142,171.44854736328125,171.44854736328125,114877900
2016-01-04,168.6060448318298,169.06016289116468,167.0081944650401,169.0517578125,222353500
2016-01-05,169.37134067094848,169.79182564067,168.23603895201018,169.33770751953125,110845800
2016-01-06,166.79793965461604,168.24440867303812,166.17563024281182,167.2016143798828,152112600
2016-01-07,164.266687257801,166.041134639797,162.80339469908975,163.19024658203125,213436100
2016-01-08,164.14891619534833,164.70395940691208,161.11301435487553,161.39894104003906,209817200
2016-01-11,162.31555287982326,162.65194845022415,159.63287038688262,161.55868530273438,187941300
2016-01-12,162.99677138132162,163.6106757369849,160.74296566414114,162.86221313476562,172330500
2016-01-13,163.52660092153366,163.8714016738215,158.4219201004555,158.80035400390625,221168900
2016-01-14,159.40584897331868,162.5258401527385,157.8164163570412,161.4073486328125,240795600
2016-01-15,157.06793245834035,158.74145414049227,156.0167202128959,157.94253540039062,324846400
2016-01-19,159.75063665218838,159.87677699547342,156.5885818372409,158.1527862548828,195244400
2016-01-20,155.60467084575157,157.68186767584265,152.23238592197683,156.12606811523438,286547800
2016-01-21,156.59703987018045,158.83401046805514,155.27671072200022,157.00070190429688,195772900
2016-01-22,159.59926579231154,160.42341269715334,158.8423980189931,160.22158813476562,168319600
2016-01-25,159.71700140431025,159.9104208877375,157.60617158102588,157.79959106445312,130371700
2016-01-26,158.45552839379948,160.22997518752416,158.11914560620974,159.95245361328125,141036800
2016-01-27,159.43105832270268,161.0961749556126,157.3118108057931,158.21165466308594,185681700
2016-01-28,159.75059591705252,159.952420414845,157.39587839610803,159.0357666015625,143798800
2016-01-29,159.8011181289219,163.04726274340183,159.68338284579292,162.91270446777344,210529300
2016-02-01,161.91192342078782,163.63591417149198,161.3316521739096,162.8538055419922,136061600
2016-02-02,161.43257147696843,161.44097655554074,159.39741323054122,159.9188232421875,182564900
2016-02-03,160.97007068979818,161.28122548332553,157.34549204497247,160.8775634765625,205054900
2016-02-04,160.38135915486075,162.09693193226437,159.75063179325662,161.12982177734375,139531800
2016-02-05,160.6168586201288,161.18871203825225,157.42957525911237,158.060302734375,180788300
2016-02-08,156.22699232255783,156.5213241078544,153.7293105266084,155.93264770507812,191526700
2016-02-09,154.2002088682213,157.2108820153618,154.0656506328656,155.94100952148438,184513100
2016-02-10,156.76519315488096,158.3882588094194,155.68033486002952,155.80648803710938,148214100
2016-02-11,153.34244670274717,154.82256192212859,152.29123433997384,153.77975463867188,219058900
2016-02-12,155.5457773093388,156.9670054690548,154.70480752309757,156.9501953125,127632400
2016-02-16,158.74989866451398,159.62450175318617,157.7911934492347,159.59927368164062,120250700
2016-02-17,160.75979914610784,162.576297096638,160.6336459696596,162.20626831054688,136009500
2016-02-18,162.4753623648004,162.5342364100918,161.23073065709553,161.54188537597656,102343000
2016-02-19,160.76821050040357,161.6175854600442,160.1627111599252,161.46621704101562,114793000
2016-02-22,163.03883720417437,163.94708627390327,162.97155806950747,163.8041229248047,103640300
2016-02-23,163.14812878315922,163.41724525812413,161.6175577042008,161.7353057861328,111455300
2016-02-24,160.31407141872498,162.75287861972492,159.21240307277986,162.47535705566406,150812200
2016-02-25,162.92112929603172,164.45170099441646,162.16426136020115,164.4432830810547,110728300
2016-02-26,165.30943331309925,165.40192766860665,163.9050025094279,164.06478881835938,129833700
2016-02-29,164.08162778086034,165.02350990560976,162.5847024759486,162.7781219482422,125918100
2016-03-01,163.99754130870676,166.6886553484673,163.52660020140348,166.60455322265625,141799700
2016-03-02,166.29333396927436,167.40340717285216,165.88125424409031,167.3529510498047,102415000
2016-03-03,167.17640731481302,168.0257951596379,166.6045539198895,168.00897216796875,95172200
2016-03-04,168.20241241060234,169.32932201217227,167.37826536769782,168.5556182861328,129293600
2016-03-07,167.63892745402748,169.09381453920702,167.56324324696448,168.6901397705078,100219000
2016-03-08,167.62215343107079,168.12672775244536,166.6886761795158,166.84844970703125,123974900
2016-03-09,167.6557996856485,168.01741066927798,166.8736908197425,167.67262268066406,94801200
2016-03-10,168.16030168533513,169.09377853690737,165.99059838621642,167.8070831298828,156838700
2016-03-11,169.253560077013,170.55706570058754,167.79028098675542,170.5150146484375,137964500
2016-03-14,170.01047529591776,170.7505200699857,169.6824975535446,170.29640197753906,73612000
2016-03-15,169.3376611930471,170.32159421315438,169.07696263628955,170.0188446044922,93169100
2016-03-16,169.53949802238395,171.40645179803926,169.49744697060842,171.00277709960938,129303200
2016-03-17,170.91869902861794,172.59222064220828,170.5234422139494,172.087646484375,134278500
2016-03-18,172.5863958012671,173.10203378785332,172.2736362170376,172.763916015625,138372400
2016-03-21,172.5018718065143,173.23728505094533,172.27363521748302,173.00904846191406,72926700
2016-03-22,172.2398129731797,173.482415751694,172.07921541878494,172.9160614013672,97471900
2016-03-23,172.53568908181504,172.72165773645887,171.605845808596,171.77491760253906,81052500
2016-03-24,170.75209710695995,171.73265679981606,170.5323218234029,171.69883728027344,84360900
2016-03-28,172.1130373151868,172.32436416160795,171.35226582741745,171.80027770996094,62408200
2016-03-29,171.3945240897095,173.49934416291794,171.09021290922598,173.3894500732422,92922900
2016-03-30,174.3868619644017,174.86868031711376,173.78668823210228,174.15017700195312,86365300
2016-03-31,174.0572389294983,174.47989260303018,173.56695912039737,173.72756958007812,94584100
2016-04-01,172.7385622989475,175.09696413244765,172.4257898082557,174.91099548339844,114423500
2016-04-04,174.8349301055988,175.03780852386896,174.04033909033305,174.3446502685547,63497000
2016-04-05,173.0090000159627,174.35303518920986,172.34966151971454,172.60325622558594,99662200
2016-04-06,172.60334068711117,174.5475505190194,172.42582043662486,174.48837280273438,91839800
2016-04-07,173.4063235448381,173.76135103137932,171.67344115467193,172.40040588378906,113859000
2016-04-08,173.57533493022092,174.00644975180867,172.33273261804635,172.8652801513672,95040600
2016-04-11,173.49933441929358,174.19249264083268,172.3666256604711,172.45960998535156,83757500
2016-04-12,172.62863889668202,174.34461149553252,172.18907553736943,174.06565856933594,115350600
2016-04-13,174.97860629741962,175.90844946124486,174.84335403752408,175.82391357421875,96336400
2016-04-14,175.8831267424022,176.33113865758003,175.485831210321,175.8323974609375,65212900
2016-04-15,175.83235650917135,175.96760876484055,175.3167185705019,175.637939453125,75761600
2016-04-18,175.63790106262655,176.90586166105635,174.97856258331203,176.87205505371094,82531000
2016-04-19,177.29472281960233,177.68355687791993,176.6184745331453,177.42996215820312,88316100
2016-04-20,177.4723019745627,178.2922512580045,176.9989318518269,177.59910583496094,81100300
2016-04-21,177.61594271407756,177.7258367763028,176.37334011235748,176.6438446044922,85695000
2016-04-22,176.28881713233847,176.9143361982628,175.74782104643316,176.6438446044922,99251700
2016-04-25,176.04372158929198,176.38185230196618,175.4350992048462,176.33958435058594,66166500
2016-04-26,176.7030104947856,177.1087672355,176.1282077929864,176.60157775878906,75864200
2016-04-27,176.22121334134943,177.35392202438942,175.866185824204,176.965087890625,77329400
2016-04-28,176.2127774753617,177.31166672176528,174.9448164387114,175.3590087890625,97216200
2016-04-29,174.74190072853477,175.08847976684544,173.31332953511696,174.4122314453125,142424100
2016-05-02,174.91094789268305,175.97603022150804,174.47984590447453,175.79852294921875,62188000
2016-05-03,174.5728199727289,174.8095049208189,173.5246345609286,174.2685089111328,106422100
2016-05-04,173.27958140905682,174.00654634285803,172.79774996413784,173.29647827148438,92243800
2016-05-05,173.76137777983067,174.11640532102402,172.839995858755,173.2626495361328,67619200
2016-05-06,172.49342360262426,173.93890491198147,172.3412744639378,173.89663696289062,89315000
2016-05-09,173.769822100806,174.47141578602287,173.59230189840062,174.04031372070312,74374900
2016-05-10,174.74192194397955,176.22120968389922,174.67429581377937,176.2042999267578,77472200
2016-05-11,175.74787107035834,176.28040598098474,174.5559844970703,174.5559844970703,81727000
2016-05-12,175.22372960038683,175.39280136466272,173.60074127058297,174.60665893554688,89586300
2016-05-13,174.31080402981107,174.86024855249067,172.76389030030523,173.08509826660156,96474600
2016-05-16,173.25418056057407,175.26600305543033,173.1950028615428,174.79263305664062,77486800
2016-05-17,174.5221236457904,174.80952498741053,172.63707937362392,173.1611785888672,114924900
2016-05-18,172.81461861769614,174.3868906401381,172.12992179956848,173.2119140625,120062100
2016-05-19,172.49341286002985,172.89915676962522,171.41142050219796,172.61175537109375,115430500
2016-05-20,173.22036288247395,174.2178321605185,173.1696465104042,173.7021942138672,104990400
2016-05-23,173.71915813010966,173.99811118253803,173.2796074702561,173.465576171875,58682600
2016-05-24,174.27701511625924,176.02680752513348,174.2516569275828,175.7140350341797,93537800
2016-05-25,176.39027632722886,177.32011953546845,175.71402789381517,176.90591430664062,76621400
2016-05-26,177.04117041438258,177.2694070065147,176.64387493482036,176.95663452148438,55280700
2016-05-27,177.1172485896185,177.72587091546708,177.06653221219221,177.71742248535156,64211200
2016-05-31,177.98789472041207,178.09778879176213,176.82136657335826,177.3792724609375,109879400
2016-06-01,176.7706562122627,177.92027464165395,176.57623914726463,177.74276733398438,69936200
2016-06-02,177.3454608924536,178.30064929932263,176.8720909034982,178.28375244140625,63044700
2016-06-03,177.72586251561034,178.09779979697967,176.5508858667569,177.751220703125,101757100
2016-06-06,178.10624320674253,179.01072819715816,177.94563275809935,178.65570068359375,64887000
2016-06-07,178.8078709162646,179.49256783743573,178.78251272647063,178.93466186523438,60974800
2016-06-08,179.0698867439369,179.64470238750525,178.94309581436713,179.5178985595703,66170900
2016-06-09,178.79091956376394,179.39109334545566,178.52042796943206,179.2727508544922,73786900
2016-06-10,177.903384549395,178.2415023186319,177.03270614179615,177.57371520996094,113829200
2016-06-13,176.97353264712376,177.8272883564658,176.1197769377817,176.2042999267578,117751200
2016-06-14,175.8239356895269,176.44946779644985,174.9110021679503,175.8577423095703,125059300
2016-06-15,175.85772805044004,176.97353989690447,175.42662596341478,175.6125946044922,109124500
2016-06-16,175.61260180337405,176.3057600209619,173.78673483342055,176.13668823242188,149533100
2016-06-17,176.03303010509904,176.05852016671878,174.82645298180685,175.48072814941406,117055700
2016-06-20,177.43500710950025,178.10626685198173,176.525818571425,176.6107940673828,82789600
2016-06-21,176.9932094086812,177.52002133379412,176.5513600388268,177.11216735839844,72461700
2016-06-22,177.29061447535392,178.01286757292578,176.67882697199653,176.8232879638672,95560500
2016-06-23,178.2762427665224,179.17692616715493,177.81740870098164,179.12594604492188,102731400
2016-06-24,173.02509410890087,179.1599532196565,172.2518609629972,172.69371032714844,333444400
2016-06-27,171.29160852062913,171.30011384770867,168.79347986151174,169.6007080078125,230775800
2016-06-28,171.19817759408187,172.6851580246095,170.89228395832714,172.65966796875,159382400
2016-06-29,174.0532194520448,175.8290962229699,173.95125920581162,175.5996856689453,137328600
2016-06-30,176.06700220207614,178.04679920829113,175.51468735402474,177.99581909179688,165021900
2016-07-01,177.99581846783693,178.85402697728696,177.83437278921002,178.36968994140625,106055300
2016-07-05,177.54551930273485,177.65598489147834,176.49189540559277,177.08668518066406,109803700
2016-07-06,176.59384505741852,178.2677616588078,175.93956986140972,178.1488037109375,96021500
2016-07-07,178.3271955191567,178.98996293735152,177.27357191353474,178.03829956054688,85593800
2016-07-08,179.329889804336,180.93582857417718,179.10046627566044,180.6894073486328,133971000
2016-07-11,181.14824498624836,181.89598802426735,180.94431153075868,181.32667541503906,73633900
2016-07-12,182.28680301556167,182.94107802574163,181.35212442959033,182.6436767578125,101275600
2016-07-13,183.060089723762,183.06858208960585,182.13391619446537,182.6182403564453,87324100
2016-07-14,183.87577903313377,184.10520254210473,183.24700692287342,183.6378631591797,91230900
2016-07-15,184.19864912093422,184.39407721649118,182.9495844443756,183.3914337158203,107155400
2016-07-18,183.51040585168255,184.04572303036477,183.25549229205092,183.88427734375,58725900
2016-07-19,183.46790317859939,183.73130908147078,183.22149496910583,183.69732666015625,54345700
2016-07-20,183.69736933902962,184.70001306876955,183.69736933902962,184.46209716796875,58159500
2016-07-21,184.35163243052796,184.57255061947964,183.3234857396611,183.7653350830078,67777300
2016-07-22,183.88425292035626,184.64048816870735,183.62084703105114,184.58950805664062,62787500
2016-07-25,184.3856276782116,184.43660780494187,183.51043426149064,184.08822631835938,55873100
2016-07-26,183.98622100908554,184.53003050344367,183.33194595690057,184.17315673828125,70080500
2016-07-27,184.54706761742406,184.61504543941956,183.21302717096927,183.97776794433594,84083900
2016-07-28,183.7823186331244,184.47908155336592,183.32348456195902,184.190185546875,65035700
2016-07-29,183.92680022473132,184.84446846995627,183.64639655212855,184.4875946044922,79519400
2016-08-01,184.54706633314595,184.93792260009536,183.88429878010672,184.3346405029297,73311400
2016-08-02,184.08824571984553,184.24119908160068,182.32087396818895,183.15357971191406,92295500
2016-08-03,183.09406829957314,183.7483434882138,182.7966799159683,183.68885803222656,53993600
2016-08-04,183.79930183539204,184.19866338687842,182.04891527293285,183.88427734375,46585500
2016-08-05,183.88432465086828,185.43077817038306,183.88432465086828,185.38829040527344,71892200
2016-08-08,185.57515931378427,185.67713250638295,185.0143650989755,185.27777099609375,39906500
2016-08-09,185.34581560560937,185.8811199565648,185.06541191442057,185.38829040527344,51251700
2016-08-10,185.49872776314322,185.5751979494322,184.58104663134466,184.92942810058594,57941100
2016-08-11,185.456274856435,186.034079958571,185.19286885497655,185.78765869140625,72504300
2016-08-12,185.48171396682633,185.8386007360844,185.22681336798837,185.6261749267578,61313500
2016-08-15,185.9915304612029,186.50984992494227,185.98303809687468,186.16146850585938,49813500
2016-08-16,185.74511871594618,185.81308356016547,185.20130920410156,185.20130920410156,53213600
2016-08-17,185.23529658385354,185.68563824014774,184.40259108274523,185.5496826171875,75134300
2016-08-18,185.52419988498724,186.00003161869705,185.41374728173182,185.96604919433594,52989300
2016-08-19,185.498709461304,185.87258095575433,185.014385363815,185.6941375732422,75443000
2016-08-22,185.45624541430962,185.91509247631538,185.0908792033087,185.6856689453125,61368800
2016-08-23,186.29740985593588,186.59481113538277,186.00000857648902,186.0594940185547,53399200
2016-08-24,185.9150799012492,186.00854778048802,184.6915051059202,185.1078643798828,71728900
2016-08-25,184.72546365361646,185.39673641740734,184.5725233066918,184.98037719726562,69224800
2016-08-26,185.1673209524872,186.18696220581037,183.74831815541748,184.6320037841797,122506300
2016-08-29,184.7594277273904,185.80455881723432,184.7254323457634,185.54115295410156,70502200
2016-08-30,185.45619340636233,185.73659698441068,184.6829734413154,185.2352752685547,58114500
2016-08-31,184.90392421035452,185.02288214638892,183.93526302680513,184.70849609375,85269500
2016-09-01,184.70001280074456,185.00590652496516,183.56141342492953,184.71701049804688,97844200
2016-09-02,185.566680311418,185.9745342148569,184.98038303216353,185.5496826171875,79293900
2016-09-06,185.83013099011055,186.18700486226328,185.11638324580503,186.11053466796875,56702100
2016-09-07,185.94904261442906,186.2719339749219,185.49020859754495,186.09349060058594,76554900
2016-09-08,185.76213853955875,186.03404982957287,185.36277693575295,185.66867065429688,74102900
2016-09-09,184.3601699613609,184.41115009703577,181.1992718950532,181.22476196289062,221589100
2016-09-12,180.4684883089777,184.22417544194204,180.4005104872635,183.82481384277344,168110900
2016-09-13,182.55019708879203,182.81360295540418,180.56189509684285,181.1821746826172,182828800
2016-09-14,181.2331852212836,182.43126981456757,180.56192541512283,181.11422729492188,134185500
2016-09-15,180.95281320717464,183.30648191855082,180.77436981654438,182.9241180419922,134427900
2016-09-16,182.31093525496496,182.49028002347347,181.53380934059015,182.2169952392578,155236400
2016-09-19,182.86605270272938,183.50654930012172,181.92665248084597,182.2511749267578,80250500
2016-09-20,183.1052107522729,183.2589237146808,182.2255962737668,182.25975036621094,69665300
2016-09-21,182.9599813426876,184.48862739308572,182.2767824084513,184.30929565429688,110284400
2016-09-22,185.31697497131336,185.76959142531237,185.06932207477823,185.47068786621094,76678700
2016-09-23,185.077880755407,185.21452314433975,184.36052775991317,184.4544677734375,73630900
2016-09-26,183.62612218361085,183.80545394726772,182.76357836004044,182.9600067138672,89827300
2016-09-27,182.79768771836007,184.18969112891062,182.4304629810589,184.09576416015625,78494800
2016-09-28,184.31784825725526,185.16330848389094,183.36137747790448,185.00958251953125,87411000
2016-09-29,184.8045969886785,185.2059758640299,182.78916734916712,183.33572387695312,128070600
2016-09-30,184.16408772176285,185.4194618994715,183.91643480964768,184.7191925048828,117202900
2016-10-03,184.30928307819204,184.49715006712572,183.6431547153356,184.27511596679688,83512100
2016-10-04,184.38614758781864,184.6081816978476,182.74647800446056,183.33572387695312,119948100
2016-10-05,183.9591536594831,184.57403139469778,183.89083246324418,184.14703369140625,72816000
2016-10-06,183.92497474513854,184.49715006712572,183.3869665345465,184.27511596679688,62927400
2016-10-07,184.5484039938564,184.71920046104418,182.91726971570253,183.64315795898438,89788300
2016-10-10,184.5996551513672,185.06080694964336,184.4544774920777,184.5996551513672,51855000
2016-10-11,184.1726534010862,184.24097459765528,181.54234597238792,182.2682342529297,130367400
2016-10-12,182.40485118152537,183.0282771265842,181.90953234875016,182.50733947753906,73866100
2016-10-13,181.1836576651646,182.40486476810696,180.37236468400783,181.9095458984375,101357000
2016-10-14,182.88316980648273,183.3443347713794,181.92669881401542,182.00355529785156,93346200
2016-10-17,181.9778809646954,182.234082196945,181.19220674181636,181.37155151367188,58275700
2016-10-18,182.95995593955305,183.01972883387154,182.13157946433486,182.50733947753906,76869700
2016-10-19,182.7721217434871,183.30159478701952,182.41344519487444,182.99415588378906,66519200
2016-10-20,182.64397856230016,183.2076186121692,181.9949467972882,182.65252685546875,73639800
2016-10-21,182.65247757059353,182.8232739857283,181.69599419016262,182.7378692626953,89089100
2016-10-24,183.60906150103625,183.8823463590514,183.1649801222312,183.51512145996094,60146600
2016-10-25,183.33574051636367,183.59194176253314,182.73794629592604,182.90020751953125,66542300
2016-10-26,182.08037296255412,183.11370014460235,181.84124225159334,182.53298950195312,75705500
2016-10-27,183.25035565251608,183.2845097388476,181.96936240462156,182.0462188720703,77220200
2016-10-28,182.0205352637256,182.69518573387865,180.7993283902421,181.5081329345703,140623200
2016-10-31,181.84121773548517,182.0632648590971,181.3544471778253,181.51670837402344,61272500
2016-11-01,181.84125364128977,181.8925043167362,178.99746012352333,180.2015838623047,122781800
2016-11-02,179.89414564956775,180.27845404672607,178.68147361145748,179.1170196533203,103330800
2016-11-03,179.33045907972232,179.54395788250886,178.0238474491433,178.297119140625,88939300
2016-11-04,178.4081620972983,179.24507384660942,177.95554562862452,178.10072326660156,109122100
2016-11-07,178.10075768897855,182.06329614440926,178.10075768897855,182.0291290283203,109794900
2016-11-08,181.6362813584885,183.4125933311949,181.37154487286696,182.8489532470703,106772100
2016-11-09,181.3630365347768,185.40244499664522,181.33741770993944,184.78756713867188,258429000
2016-11-10,185.57319489302805,186.4357255180889,183.7968829751666,185.24867248535156,172113300
2016-11-11,184.53128477345274,185.06075762868406,183.8822531112036,184.82164001464844,100552700
2016-11-14,185.3426179657257,185.5475815499278,184.2238860926938,184.96685791015625,94580000
2016-11-15,185.35116668357506,186.41012573242188,185.14621611543055,186.41012573242188,91652600
2016-11-16,185.7952457984158,186.2905647172134,185.67568695808095,186.0599822998047,65617700
2016-11-17,186.21373682943002,187.07626766484796,186.10271323531964,187.01649475097656,69797200
2016-11-18,187.0847602699003,187.25555672704027,186.418631934466,186.5979766845703,86265800
2016-11-21,187.17016824377677,188.03269889737496,187.0249905910485,188.007080078125,72402600
2016-11-22,188.31451216564693,188.55362982400158,187.64839682723974,188.37429809570312,67429000
2016-11-23,187.86191362132126,188.52802902338945,187.6654983183874,188.47679138183594,56620200
2016-11-25,188.81837125729808,189.21120180882446,188.7415017746651,189.1770477294922,37872300
2016-11-28,188.86967950170788,189.1429513313337,188.1864803812343,188.28895568847656,76572500
2016-11-29,188.3230397794785,189.10871386078892,188.02413622389,188.65609741210938,69886700
2016-11-30,189.27101604264698,189.4332772633448,188.14373579207478,188.20352172851562,113291800
2016-12-01,188.502404564412,188.502404564412,187.15309024313768,187.51177978515625,79040500
2016-12-02,187.59716236922688,188.09248125019275,187.2470211382266,187.60569763183594,74840300
2016-12-05,188.43405237374407,189.07454883052898,188.2376371089915,188.7329559326172,67837800
2016-12-06,188.92086588064257,189.36494714306397,188.4426305353899,189.33078002929688,59877400
2016-12-07,189.1770355384427,191.86711542201004,189.05747672208267,191.80734252929688,110738100
2016-12-08,191.78170232334563,192.74670800814332,191.51695287363884,192.27700805664062,99714400
2016-12-09,192.49910470733676,193.4555753778149,192.46493759428506,193.43849182128906,88005800
2016-12-12,193.34457054945193,193.82281896198756,192.79801396606234,193.2164764404297,102016100
2016-12-13,193.87403320914964,195.00130032531882,193.85694965302935,194.5059814453125,110477500
2016-12-14,194.20707871517268,194.9073481010056,192.46492096624655,192.9004669189453,142501800
2016-12-15,193.1395646839671,194.54865160357252,192.90898232280023,193.6946563720703,124972600
2016-12-16,194.14910068653683,194.20923899620848,192.9980052029393,193.3158416748047,156420200
2016-12-19,193.49630456591848,194.157760642372,193.35027119200552,193.73683166503906,90341100
2016-12-20,194.26937364194734,194.63017730203725,194.03744528469852,194.484130859375,89838800
2016-12-21,194.35532343975555,194.5271266289824,193.9429931640625,193.9429931640625,67909000
2016-12-22,193.79689753600582,193.91716104060143,193.21275115101358,193.60791015625,56219100
2016-12-23,193.65089354617749,193.90001928669471,193.4619192327482,193.8914337158203,36697800
2016-12-27,194.15775554824944,194.76765885225183,194.1405712965506,194.3725128173828,42672500
2016-12-28,194.63015622632082,194.64732736428263,192.65438741838653,192.76605224609375,64095000
2016-12-29,192.8347941105853,193.1869990877424,192.28501616652497,192.72312927246094,48696100
2016-12-30,193.04953921738596,193.13544734077695,191.33148161148063,192.01870727539062,108998300
2017-01-03,193.31582414465785,193.99446419753377,192.31936075647693,193.48764038085938,91366500
2017-01-04,193.81413552546695,194.78484257378554,193.80554995351264,194.63880920410156,78744400
2017-01-05,194.37246601957602,194.63876287194785,193.69382587217012,194.484130859375,78379000
2017-01-06,194.59581569011266,195.64383199684897,194.0546232885752,195.17996215820312,71559900
2017-01-09,194.92228126898283,195.0597290602939,194.50135232349612,194.5357208251953,46939700
2017-01-10,194.55289196830208,195.38615117997924,194.149147273665,194.5357208251953,63771900
2017-01-11,194.44980880377815,195.0854949951172,193.78835279054965,195.0854949951172,74650000
2017-01-12,194.57004011890174,194.78479733757604,193.24714141927393,194.59580993652344,72113200
2017-01-13,194.76761545137668,195.34316323147314,194.73326006337803,195.04251098632812,62717900
2017-01-17,194.4068558061732,194.81060049499678,193.96875572388794,194.35531616210938,61240800
2017-01-18,194.6044034593869,194.8277593648899,194.05462548142256,194.78480529785156,54793300
2017-01-19,194.86207708547713,194.99952483033368,193.63367227363483,194.0631866455078,66608800
2017-01-20,194.74186135988379,195.26586954642843,194.1147738932784,194.77622985839844,129168600
2017-01-23,194.77623096881686,194.83635617994787,193.51345734990758,194.26939392089844,75061600
2017-01-24,194.48415413642564,195.92732962629242,194.37248928326196,195.51499938964844,95555300
2017-01-25,196.45989611624702,197.20726013183594,196.2966785368915,197.20726013183594,84437700
2017-01-26,197.06123910305723,197.32754909240646,196.72621833139917,197.00111389160156,59970700
2017-01-27,197.07842442804207,197.2244577797934,196.5114621628368,196.69186401367188,59711100
2017-01-30,196.00460906777474,196.0303788843842,194.49272302648026,195.47201538085938,79737300
2017-01-31,194.98239593722,195.51500282280193,194.41544676728236,195.45486450195312,75880800
2017-02-01,195.4548408148971,196.36540933417217,194.94801691948786,195.5321502685547,79117700
2017-02-02,195.5321485461528,195.94449184417536,194.84493593159607,195.6610107421875,69657600
2017-02-03,196.56301895450204,197.19010644438944,196.25376799509664,197.00970458984375,80563200
2017-02-06,196.6059615783239,197.00112068280168,196.32248043749593,196.65750122070312,57790100
2017-02-07,197.04406675804452,197.2845938178819,196.47710449939572,196.6660919189453,57931200
2017-02-08,196.66608630559708,197.0526467044636,196.12489388253917,196.92379760742188,51566200
2017-02-09,196.92383719978613,198.39276963236222,196.92383719978613,198.0921173095703,65955200
2017-02-10,198.43569449439863,199.0971504795477,198.109259287333,198.87379455566406,66015900
2017-02-13,199.36342945848503,200.21387279157153,199.3376596400043,199.95616149902344,55182100
2017-02-14,199.7757582406565,200.763649337106,199.4321519248641,200.7550506591797,71109000
2017-02-15,200.540266194773,201.99202693111846,200.48872656517904,201.80303955078125,86785800
2017-02-16,201.82879852468176,202.00920032630964,200.88387478148962,201.6312255859375,84722400
2017-02-17,200.96978909393363,201.94908142089844,200.9526048474284,201.94908142089844,77204100
2017-02-21,202.31851997056626,203.3235823585384,202.30992129134683,203.1517791748047,88946100
2017-02-22,202.74803168672034,203.19471733671713,202.58481407671505,202.97137451171875,62115200
2017-02-23,203.4867546919814,203.50392583111403,202.35283033771688,203.10877990722656,74615900
2017-02-24,202.2669601179496,203.40945707411748,202.22400604937198,203.36651611328125,82381600
2017-02-27,203.28062725924806,203.85617513110842,203.0315146102534,203.6843719482422,56515400
2017-02-28,203.30637042107935,203.54689746709954,202.74800687304838,203.1345672607422,96961900
2017-03-01,204.7838862185403,206.44181870851824,204.76670197144094,205.97793579101562,149158200
2017-03-02,205.78895814761938,205.7975568254465,204.6292770143903,204.68081665039062,70246000
2017-03-03,204.5949198902585,204.9728947189234,204.21694506159358,204.80967712402344,81974300
2017-03-06,204.01936622780934,204.55195995780062,203.5984373429105,204.19976806640625,55391500
2017-03-07,203.89909466987922,204.25129965513565,203.38367210083368,203.58984375,65103700
2017-03-08,203.88192506816966,204.1396363712053,203.07443576893735,203.21188354492188,78168800
2017-03-09,203.33214146120667,203.79602441541863,202.50748104353806,203.46958923339844,90683900
2017-03-10,204.4231901034029,204.4661441871227,203.23772555301542,204.1826629638672,81991700
2017-03-13,204.12242695585928,204.328598594417,203.79600491281758,204.28564453125,57256800
2017-03-14,203.74446380575915,203.79601654914697,202.89403360209778,203.50393676757812,59880800
2017-03-15,204.07094947329878,205.68592836449596,203.83900794775064,205.26499938964844,96081800
2017-03-16,205.402413749063,205.47972320907772,204.53479922416713,204.86122131347656,78344000
2017-03-17,205.12264223608113,205.3124518330771,204.50144958496094,204.50144958496094,89002100
2017-03-20,204.501459845826,204.7861742556055,203.88890325050352,204.2771453857422,52537000
2017-03-21,204.88107751431994,205.00186424803397,201.52491773672975,201.65432739257812,131809300
2017-03-22,201.68879355694983,202.41351377291028,201.06760103905137,202.12879943847656,97569200
2017-03-23,202.12885377022735,203.04338378830042,201.5421791038283,201.9131622314453,100410300
2017-03-24,202.2151062549792,202.78452182936317,200.9899800725699,201.76646423339844,112504900
2017-03-27,200.10132571992898,201.81823491644124,199.82524742676122,201.5594024658203,87454500
2017-03-28,201.2574499256847,203.44887000641816,201.14528612102265,203.026123046875,93483900
2017-03-29,202.74141628747404,203.44887766371772,202.51708866970682,203.21592712402344,61950400
2017-03-30,203.1554995811267,204.06140646283444,202.98294902384038,203.8629608154297,56737900
2017-03-31,203.5264602661847,204.05274796519814,203.33665072458888,203.388427734375,73733100
2017-04-03,203.4402453756266,203.63867788894436,201.80961800237137,203.0347442626953,85546500
2017-04-04,202.7500909287249,203.25049698823622,202.37047163083562,203.16421508789062,56466200
2017-04-05,203.8371165982791,204.81204651620817,202.3531578345219,202.5602264404297,108800600
2017-04-06,202.69828610441428,203.64732099263955,202.2582669322238,203.12966918945312,69135800
2017-04-07,202.87943596787073,203.61279239281885,202.43943001176115,202.92257690429688,74412300
2017-04-10,203.0606550063687,203.83713932676267,202.5171080832324,203.04339599609375,67615300
2017-04-11,202.66374260068065,202.90531604474356,201.31782965096872,202.80178833007812,88045300
2017-04-12,202.52573199408363,202.71554160139317,201.68884777042805,201.9131622314453,81864400
2017-04-13,201.57667553274217,202.3100319998575,200.60174560546875,200.60174560546875,92880400
2017-04-17,201.1193993230347,202.37904357910156,200.92096681285324,202.37904357910156,68405400
2017-04-18,201.6456910607653,202.31002463439688,201.09352129125438,201.7751007080078,83225800
2017-04-19,202.33590270620948,202.70688579774216,201.17978616556684,201.40411376953125,68699900
2017-04-20,202.01670210339964,203.48341518711555,201.69748281953486,203.04339599609375,92572200
2017-04-21,202.9657147675082,203.01747862452962,201.99942099706792,202.3962860107422,110389800
2017-04-24,204.63087634045624,204.8293220405731,202.3704331606191,204.62225341796875,119209900
2017-04-25,205.26068118771292,206.15795211813352,205.17439931383385,205.81285095214844,76698300
2017-04-26,205.77834596347805,206.6583711066453,205.64031338720525,205.68344116210938,84702500
2017-04-27,206.00268673883906,206.15797833385002,205.32109407691138,205.85601806640625,57410300
2017-04-28,206.1148099683487,206.140691897407,205.27792582275546,205.4073486328125,63532800
2017-05-01,205.92498779296875,206.34774788302525,205.5108637885809,205.92498779296875,66882500
2017-05-02,206.06304180758352,206.18382852892205,205.59715392949636,206.00265502929688,57375700
2017-05-03,206.00266620730903,206.09757100527935,205.07950015752797,205.75245666503906,73137700
2017-05-04,206.05444902415172,206.13209482106194,205.14854189923076,205.99404907226562,61462700
2017-05-05,206.36503246575137,206.82229746086,205.9250133145879,206.80503845214844,62001300
2017-05-08,206.84818412390703,206.99485278939494,206.34777817795415,206.77053833007812,48385700
2017-05-09,207.0293304725549,207.22776296193527,206.23557418550524,206.5806884765625,51363200
2017-05-10,206.53761233577927,206.9517364501953,206.33054369618714,206.9517364501953,54293800
2017-05-11,206.50309450770234,206.6929041242144,205.4505186942327,206.5289764404297,62358300
2017-05-12,206.27875795356732,206.57209528830768,205.91639774628214,206.18385314941406,53912700
2017-05-15,206.60667147115242,207.44355593480483,206.58941245696573,207.32276916503906,61918900
2017-05-16,207.61606629683743,207.6419482307101,206.74467713866528,207.13291931152344,51241800
2017-05-17,207.13285198256173,207.13285198256173,203.3970738189677,203.4574737548828,172174100
2017-05-18,203.37986121587352,205.12265252811457,203.12102873745883,204.2771453857422,107047700
2017-05-19,204.76026688843976,206.270107466075,204.70850303214038,205.60577392578125,115011400
2017-05-22,206.1148105771657,206.81366215810078,206.04580087598345,206.6497344970703,61010600
2017-05-23,207.02074326215902,207.27095282784222,206.64112403475502,207.10702514648438,48341700
2017-05-24,207.33993731240122,207.6936613772002,207.0034459246956,207.5901336669922,46927700
2017-05-25,208.09918949569263,208.8584279085556,207.89213404837835,208.58233642578125,64071700
2017-05-26,208.39250275904723,208.70309905891992,208.31485697527032,208.5391845703125,46629900
2017-05-30,208.21991023498225,208.60815224041355,208.06461869871464,208.3579559326172,35201900
2017-05-31,208.65134506164196,208.68586307701707,207.6160284014036,208.30624389648438,91796000
2017-06-01,208.7634938022781,209.9799970435517,208.4787794374206,209.96273803710938,68962000
2017-06-02,210.01450080915959,210.81688004503397,209.7211635249752,210.6615753173828,88666100
2017-06-05,210.48904287204337,210.77375725994833,210.3078562016436,210.5063018798828,44698800
2017-06-06,209.94552467778522,210.49769452111272,209.75571505994446,209.8333740234375,50375400
2017-06-07,210.16979376579113,210.44587202815976,209.50546028842197,210.2215576171875,54144300
2017-06-08,210.31651135502514,210.79965830020518,209.79884639103685,210.32513427734375,65950700
2017-06-09,210.59256449448196,211.38630769016876,208.7462456520709,210.00588989257812,132256400
2017-06-12,209.76430553969885,210.0145018916717,209.11723102814028,209.96273803710938,86108100
2017-06-13,210.4976883950623,211.04123529985745,210.15258718981383,210.98947143554688,60067000
2017-06-14,211.25684970917013,211.2654726284844,209.90230098537683,210.72193908691406,78602300
2017-06-15,209.37602716824955,210.4372387285892,209.09994891949773,210.3164520263672,66464900
2017-06-16,210.4751375338906,210.52715382162995,209.48678837995016,210.3624267578125,84553100
2017-06-19,211.18607102170412,212.17442027941766,211.09070340784731,212.11373901367188,65123800
2017-06-20,211.75829478868482,211.7669597619697,210.6659128512818,210.68324279785156,56906400
2017-06-21,211.07335999027543,211.18605754202875,210.1630352304678,210.63119506835938,55977600
2017-06-22,210.63988871186203,211.13405673092268,210.36245084020524,210.5358428955078,44148100
2017-06-23,210.5965114980298,211.11668759998207,210.21504108588627,210.78724670410156,66986800
2017-06-26,211.45481868793817,211.8709754678572,210.7178991944742,210.92596435546875,56700500
2017-06-27,210.70924772268842,211.004028786433,209.20938717140842,209.2267303466797,82247700
2017-06-28,210.24107197299102,211.29878069236827,210.00698542585917,211.09938049316406,70042600
2017-06-29,211.24677104550017,211.2987873400625,208.0389716674855,209.2440643310547,106949700
2017-06-30,210.05034463781132,210.42315013272864,209.4434658159337,209.6342010498047,86820700
2017-07-03,210.5704945890348,211.00398127043258,209.9896240234375,209.9896240234375,39153800
2017-07-05,210.35376768150232,210.68320858940575,209.54747551205259,210.4751434326172,54427600
2017-07-06,209.71224806572283,209.83362384316334,208.36843631115232,208.55050659179688,65400800
2017-07-07,209.12265284091893,210.05030746972056,208.5591122118483,209.90292358398438,57972300
2017-07-10,209.9029638349086,210.50117769282184,209.59951780499233,210.1283721923828,36663300
2017-07-11,210.12832363116158,210.284385711013,208.810533682673,209.97227478027344,50354600
2017-07-12,210.93464241773597,211.7149132288822,210.93464241773597,211.55018615722656,59610400
2017-07-13,211.55885557542805,212.01835042519957,211.33343402190394,211.9056396484375,39471600
2017-07-14,211.9056631814736,213.24947476430907,211.81029556646038,212.89401245117188,60262700
2017-07-17,212.81594941384432,213.19741980471335,212.69457367392815,212.8679656982422,33531900
2017-07-18,212.46049305671633,213.03269865888714,212.12237396979063,212.98068237304688,42742500
2017-07-19,213.2927629155551,214.14239299742746,213.28408471650945,214.13372802734375,51034300
2017-07-20,214.3851901038616,214.50656585569095,213.68294373763698,214.22914123535156,47135200
2017-07-21,213.65693594313413,214.06441451686462,213.43151438296377,214.0384063720703,82340800
2017-07-24,213.9603983003764,214.12512539283267,213.51824654875693,213.98641967773438,46622300
2017-07-25,214.73196960532394,214.83601541107564,214.2811529532698,214.50656127929688,54915600
2017-07-26,214.79268139600626,214.82735451474008,214.25516206735588,214.51524353027344,47575400
2017-07-27,214.9747346806394,215.0094077966364,212.99802311573262,214.31582641601562,70766600
2017-07-28,213.83897055329027,214.1944328001912,213.38815393811012,214.06439208984375,50088400
2017-07-31,214.46318447392966,214.5585520676384,213.7349300650426,213.94300842285156,65838700
2017-08-01,214.5412213154105,214.57589442709948,213.8996563029796,214.4198455810547,55050400
2017-08-02,214.54993392803271,214.662644716735,213.59625778278055,214.52392578125,47211200
2017-08-03,214.41122088306062,214.43722903055786,213.83035020734545,214.1077880859375,40856000
2017-08-04,214.5932466256809,214.82731990459592,214.11640863887794,214.4978790283203,60191800
2017-08-07,214.56725709319855,214.89669799804688,214.46321128680444,214.89669799804688,31995000
2017-08-08,214.58457170928014,215.7983423514395,213.99503617400325,214.36782836914062,61719400
2017-08-09,213.68293843106287,214.41119292395376,213.32747615633122,214.3591766357422,62632600
2017-08-10,213.52684590777946,213.65689983873887,211.2813882602169,211.33340454101562,120479500
2017-08-11,211.55887943410963,212.23511771301636,211.32479288249857,211.64556884765625,74869900
2017-08-14,212.92004532032038,213.96041100464754,212.8853721967287,213.74366760253906,73291900
2017-08-15,214.12511471817118,214.14245789255634,213.41420331597075,213.71763610839844,55242700
2017-08-16,214.23777694285496,214.63659048951143,213.66557137855077,214.09039306640625,56715500
2017-08-17,213.48352220429825,213.79563313907357,210.75254821777344,210.75254821777344,128490400
2017-08-18,210.58787060091672,211.7062738918112,209.98099175998811,210.42315673828125,136748000
2017-08-21,210.36239078761662,210.84789369545265,209.66014456528507,210.58779907226562,65469700
2017-08-22,211.16871153000784,212.94599636753395,211.15136835837896,212.78994750976562,63140100
2017-08-23,211.82760788301152,212.4518297759899,211.68022399563662,212.02700805664062,50203800
2017-08-24,212.40849057565453,212.56453944331724,211.3247737870032,211.53285217285156,50741700
2017-08-25,212.32177583139043,212.9373327529811,211.87962416926572,212.02700805664062,64445900
2017-08-28,212.5558664090604,212.58187455268435,211.6195335517056,212.0356903076172,40565600
2017-08-29,210.72653744061483,212.53850854228116,210.6138266733943,212.27842712402344,51135700
2017-08-30,212.26111158888938,213.55290679326467,212.0790413434407,213.2841339111328,62030800
2017-08-31,213.89965706878095,214.80998169419007,213.31878653592977,214.56723022460938,103803900
2017-09-01,214.94005648507263,215.29551877510065,214.72331312222116,214.87069702148438,62007000
2017-09-05,214.36786495407853,214.59328653283174,212.36515826603326,213.32749938964844,91398800
2017-09-06,214.003739320956,214.38520978428556,213.4748849475156,214.05575561523438,57916900
2017-09-07,214.35919353648387,214.37653671024327,213.6222607848127,214.0297393798828,58034700
2017-09-08,213.74361870908626,214.2377999027549,213.53555355719578,213.77830505371094,63832800
2017-09-11,215.04414660500692,216.1365419126065,215.02681665619664,216.0585174560547,71364800
2017-09-12,216.4225853869284,216.82138576355234,216.24051514266796,216.78671264648438,56896000
2017-09-13,216.5006268937401,216.92544867786958,216.387916103693,216.89076232910156,59228000
2017-09-14,216.57002510719033,217.02085511906736,216.39663301922786,216.82144165039062,95446300
2017-09-15,216.67767368089642,217.20043140814286,216.57312479437098,217.11331176757812,95432400
2017-09-18,217.47924758949407,217.92359365475687,217.19172485504657,217.57508850097656,46235200
2017-09-19,217.81898389418555,217.87997959109146,217.47047883780115,217.7928466796875,47108100
2017-09-20,217.8799981241204,217.98454699100557,216.87802273620898,217.87127685546875,59574100
2017-09-21,217.7144819664055,217.80160160197312,217.113299314129,217.2875518798828,48211400
2017-09-22,216.99131857041976,217.49666031124144,216.965181350603,217.33111572265625,51214000
2017-09-25,217.07847688650335,217.42699537052746,216.1462181928081,216.8867950439453,57064400
2017-09-26,217.31370202233495,217.55765828782063,216.78222302367988,217.01747131347656,54082000
2017-09-27,217.71447926071124,218.24595822115745,216.83448187847011,217.8625946044922,81001400
2017-09-28,217.58374699503923,218.20235879113042,217.4966273737161,218.1239471435547,44778800
2017-09-29,218.1152052409047,218.969065193562,217.9322447472032,218.89064025878906,85578000
2017-10-02,219.11721709572956,219.8403778076172,218.9429512512324,219.8403778076172,59023000
2017-10-03,219.8403536295987,220.33697400686873,219.7619286903532,220.3108367919922,66810200
2017-10-04,220.16271909384366,220.81617604791793,220.04944896752707,220.5722198486328,55953600
2017-10-05,220.90331222571203,221.8965663385826,220.60708157503166,221.879150390625,63522800
2017-10-06,221.43476782066193,221.91397223140945,221.17339568263182,221.62644958496094,80646000
2017-10-09,221.85300313361688,221.91398553794212,220.9991431161343,221.26052856445312,35803100
2017-10-10,221.82686811027568,222.21893963932018,221.28666796651436,221.8442840576172,43057400
2017-10-11,221.74846601668025,222.1928253173828,221.58293473218265,222.1928253173828,47674300
2017-10-12,221.87918461635664,222.22768975390164,221.62650709121053,221.86175537109375,47065100
2017-10-13,222.2973957914904,222.41066594496903,221.86175771764218,222.13185119628906,54800400
2017-10-16,222.35839493352228,222.6197671461682,222.01859776246346,222.42808532714844,38221700
2017-10-17,222.3757583694124,222.6284358414579,222.15793938056714,222.58486938476562,31561000
2017-10-18,222.9594966198149,223.00306307356746,222.6109915790245,222.80267333984375,40888300
2017-10-19,222.02727568083037,222.89855172401792,221.60906690259324,222.8636932373047,61903800
2017-10-20,223.65657889461002,224.03994249441706,222.8462852323601,224.01377868652344,89176400
2017-10-23,224.3361263623088,224.36226357551334,223.06404441507385,223.1424560546875,63915300
2017-10-24,223.5694349022459,223.76981137229262,223.1773500525499,223.53457641601562,66935900
2017-10-25,223.203520578776,223.31679073400198,221.30414492891353,222.42808532714844,103715300
2017-10-26,223.03794206480885,223.3080221958349,222.59358280813078,222.71556091308594,69798000
2017-10-27,223.45611025814588,224.69333361980836,222.72424176123502,224.53648376464844,85562500
2017-10-30,223.45617803770907,224.44072426563199,223.40390359987563,223.70013427734375,54285700
2017-10-31,224.07470593625874,224.30124615490797,223.75233814155177,224.04856872558594,60304800
2017-11-01,224.82406638614185,225.16385019959108,223.97892760294408,224.3448486328125,54202700
2017-11-02,224.27515302350042,224.57138366575603,223.2121952651795,224.43197631835938,56449500
2017-11-03,224.58878657471539,225.22482757480614,224.17928582464648,225.1812744140625,59589700
2017-11-06,225.05062833529198,225.6605323015323,224.98093793963778,225.52984619140625,49652600
2017-11-07,225.63435801716324,225.96544716792442,224.86763084471306,225.37298583984375,57502200
2017-11-08,225.1986990902852,225.85215606215831,224.9198844008703,225.7563018798828,50469600
2017-11-09,224.553968593793,225.12901393308397,223.36029816253628,224.9373321533203,95085500
2017-11-10,224.55401386828285,225.0419263898298,224.24034062486652,224.86766052246094,59984700
2017-11-13,224.18802922848425,225.3032614637964,224.1531707429087,225.07672119140625,50228600
2017-11-14,224.27515563886934,224.65851920137254,223.4997072454137,224.55397033691406,61315200
2017-11-15,223.58689230298575,224.10966333642224,222.72433738082103,223.43006896972656,80811500
2017-11-16,224.3709977699362,225.69535437682566,224.32744460333475,225.32940673828125,67777000
2017-11-17,224.980924822167,225.30329273809534,224.5888399254102,224.66725158691406,75756800
2017-11-20,224.91124787059857,225.24231048698562,224.66726501235686,225.05062866210938,48075500
2017-11-21,225.81729412101691,226.70601260626515,225.0157351377626,226.5230255126953,69176800
2017-11-22,226.53172953926637,226.66241560384688,226.15708729105887,226.3226318359375,45033400
2017-11-24,226.8105660547947,226.9499734001881,226.67115870940125,226.84539794921875,27856500
2017-11-27,226.8890163124573,227.18524700086792,226.53178991457588,226.73219299316406,52274900
2017-11-28,227.19390824344177,229.05842481063272,227.09805406970813,229.03228759765625,98971700
2017-11-29,229.16300725511863,229.6944994491904,228.44858113262555,228.89291381835938,77512100
2017-11-30,229.8078011967744,231.80300439577496,229.7293895355647,230.8968963623047,127894400
2017-12-01,230.67907762661457,231.15826886437077,227.19397309242424,230.4176788330078,164390900
2017-12-04,232.02955515946084,232.45647197503965,230.0865997244341,230.13890075683594,94040600
2017-12-05,229.3111114501953,231.01880480795086,229.1804253800767,229.3111114501953,77994500
2017-12-06,229.4069344611841,229.78160330702298,228.89288486948706,229.3546600341797,75898600
2017-12-07,230.07785034179688,230.3914969262056,229.09330424757107,230.07785034179688,77218600
2017-12-08,231.0275523480179,231.34119895197028,230.04300619244404,231.33250427246094,76563900
2017-12-11,232.029541015625,232.09053672534347,231.30639353645628,232.029541015625,83077500
2017-12-12,232.81363763596883,232.90949181624418,232.06435308668742,232.43899536132812,85195800
2017-12-13,232.6829351934743,233.11857313498672,232.32570889072653,232.412841796875,102905400
2017-12-14,232.70914483746373,232.82241499178923,231.41095187624578,231.46322631835938,100666700
2017-12-15,232.46247566200603,233.85488277446572,232.40993401437748,233.3907470703125,144610300
2017-12-18,234.78308820741816,235.22095296471468,234.67800494169003,234.87066650390625,83653600
2017-12-19,235.11589260270347,235.15966839263996,233.89861563076957,233.96868896484375,82382900
2017-12-20,234.93198079578954,234.98452243615404,233.54833972427858,233.84608459472656,76751500
2017-12-21,234.467863490585,235.03710918095996,234.08254028101567,234.32774353027344,67032300
2017-12-22,234.34521564491334,234.3802523073704,233.73219431505825,234.2664031982422,78720900
2017-12-26,233.86353007310808,234.20507737373754,233.72343688454004,233.98614501953125,45244400
2017-12-27,234.15254773320353,234.45905838981105,233.82853210841412,234.10000610351562,57751000
2017-12-28,234.59924251355173,234.62551333558523,234.21391930696083,234.5817108154297,45116100
2017-12-29,235.1596234661862,235.17712843378723,233.50450873565194,233.6971435546875,96007400
2018-01-02,234.55543559516968,235.40489445852347,234.1701123958041,235.36985778808594,86655700
2018-01-03,235.53626684050087,237.00751313638506,235.53626684050087,236.85862731933594,90070400
2018-01-04,237.49790793094982,238.33860096911457,236.91992311560224,237.85693359375,80636400
2018-01-05,238.64503856791578,239.56454379109778,238.15463221886648,239.44195556640625,83524000
2018-01-08,239.3456281426395,240.037461932517,239.05664916593514,239.8798370361328,57319200
2018-01-09,240.30012981313524,241.0445051103658,240.01989000533143,240.42274475097656,57254000
2018-01-10,239.6696542810785,240.317712314285,239.00411800325506,240.0549774169922,69574300
2018-01-11,240.60671222051525,241.80645751953125,240.44032145530824,241.80645751953125,62361500
2018-01-12,242.0691724071142,243.5491307499253,241.77140084390925,243.3827667236328,90816100
2018-01-16,244.6350215690264,245.283052795058,241.85894751739193,242.55078125,106555100
2018-01-17,243.47906062865408,245.24802451632235,242.5507895393176,244.86270141601562,113258800
2018-01-18,244.74893200753343,245.16926513510293,243.96075394304466,244.45118713378906,100728000
2018-01-19,245.0292368618973,245.56344604492188,244.45127859524612,245.56344604492188,140920100
2018-01-22,245.3532291251008,247.56005859375,245.30066075011038,247.56005859375,91322400
2018-01-23,247.6037666679911,248.37441295502668,247.27975100756595,248.08543395996094,97084700
2018-01-24,248.7247301960566,249.3202466802405,246.8156459375998,247.98912048339844,134816100
2018-01-25,248.84725735522073,248.94357475644838,247.3059651344655,248.0941162109375,84587300
2018-01-26,248.92606931860863,251.01030946086934,248.6721003224566,250.9665069580078,107743100
2018-01-29,250.39730458826736,250.83516929466805,249.14501794199515,249.30264282226562,90118300
2018-01-30,247.48112337405334,249.3551703141434,246.27261257687022,246.74551391601562,131796400
2018-01-31,247.59501927863693,248.09416479890285,245.79975770965564,246.86814880371094,108364800
2018-02-01,246.14131723392478,247.88401053028454,245.7997698727501,246.58792114257812,90102500
2018-02-02,245.2744096965888,245.40579055692658,241.18476617867827,241.2198028564453,173174800
2018-02-05,239.468264594396,241.5700102435903,230.58835381573178,231.1313018798828,294681800
2018-02-06,227.63714745239045,236.18427664100065,226.55125133339826,235.6851043701172,355026800
2018-02-07,235.13338368290727,238.51368691076328,234.32770073952963,234.4065399169922,167376100
2018-02-08,234.70430506757302,234.8444250144231,225.57919062692255,225.61422729492188,246449500
2018-02-09,228.39025925571744,230.851057188824,221.48951938838374,229.00328063964844,283565300
2018-02-12,231.04371344712894,233.8285537034904,229.14339530591576,232.36607360839844,143736000
2018-02-13,231.16630106964814,233.4869787378475,230.58831643292163,232.94403076171875,81223600
2018-02-14,231.46399548648787,236.44689704746193,231.4552296419612,236.0878448486328,120735700
2018-02-15,237.8218908915382,239.10921445633494,235.36983200732504,239.10044860839844,111200300
2018-02-16,238.47874020097862,241.10592954205097,238.43493767686954,239.17054748535156,160420100
2018-02-20,238.224763947886,239.66097357273725,236.88489849306805,237.6730499267578,86369700
2018-02-21,238.1108581787282,240.58042191213403,236.39443575185126,236.49075317382812,98883700
2018-02-22,237.41030841934827,239.1179651655026,236.13175064053598,236.7972869873047,110511300
2018-02-23,238.01450978077298,240.57162475585938,237.54160840450416,240.57162475585938,92766400
2018-02-26,241.64001580702427,243.46154799203504,241.05329205354371,243.36520385742188,86491400
2018-02-27,243.54906290953025,244.2584282299904,240.26507803298506,240.32638549804688,99099200
2018-02-28,241.42109545648609,241.8677260411564,237.5766569550853,237.89190673828125,121907800
2018-03-01,237.68171834840885,239.2230106359419,232.94401911355615,234.43276977539062,176855100
2018-03-02,232.76894973995334,236.20182201401437,231.91075171530076,235.64134216308594,139083200
2018-03-05,234.45904615794302,238.97781315135055,234.3539361789086,238.3647918701172,97307400
2018-03-06,239.33692298788952,239.4157621812176,237.48038024819,238.96913146972656,79213200
2018-03-07,236.81482163392596,239.23181727361526,236.6221600436107,238.88153076171875,87063500
2018-03-08,239.5558539816856,240.16010962590673,238.5663018481794,240.0375213623047,66901200
2018-03-09,241.4386435020961,244.21469116210938,241.1233669724046,244.21469116210938,113625300
2018-03-12,244.50368898314173,245.12544944991558,243.52284948642702,243.90817260742188,71924800
2018-03-13,245.06415054281683,245.5633227931773,241.72762314328241,242.33187866210938,91968900
2018-03-14,243.28637664689475,243.47027233344934,240.53660029385185,241.08828735351562,105895100
2018-03-15,241.59622290395203,242.2354882400483,240.3264046272263,240.82557678222656,83433000
2018-03-16,241.35053707930095,242.13307082578123,241.03402466421792,241.08677673339844,100343700
2018-03-19,240.33952278274853,241.2627112204845,236.18072066887277,237.82489013671875,109208400
2018-03-20,238.22044709160454,238.86229968619318,237.55221846338517,238.229248046875,59757300
2018-03-21,238.18524554622545,240.2690324847603,237.5609949265369,237.77200317382812,78709600
2018-03-22,235.55632442999936,236.40038420959462,231.55578105845223,231.828369140625,148785900
2018-03-23,232.2680532723436,232.59336667364272,226.69366700379408,226.88710021972656,183534800
2018-03-26,230.47440379867055,233.37587522490952,228.08287803665996,233.09451293945312,141956100
2018-03-27,234.02647538338294,234.5539960078321,227.58165448885407,229.12911987304688,129941400
2018-03-28,229.26102769532312,230.9227983594075,227.35307176606125,228.45211791992188,146452300
2018-03-29,229.58638088891024,233.2264352613656,228.46095850542287,231.37123107910156,111601600
2018-04-02,230.84361696405603,231.3535893470145,223.9152399272108,226.37710571289062,186286300
2018-04-03,227.608019944904,229.75335982524743,225.82317036263714,229.278564453125,119956900
2018-04-04,225.74402848477143,232.4350070630453,225.6121483428415,231.73162841796875,123715300
2018-04-05,233.48137667319213,234.43976862395363,232.39993232626645,233.56053161621094,82652600
2018-04-06,231.60856401075682,233.0944494808967,226.84308886487935,228.35537719726562,179521200
2018-04-09,229.80611776570538,232.85707053025092,228.54881558338204,229.48080444335938,105442900
2018-04-10,232.35593638938647,233.9122029452148,231.22174005637157,233.12966918945312,103529000
2018-04-11,231.65256076803283,233.560516759632,231.58223361804787,231.9075469970703,91140200
2018-04-12,233.22640173391812,234.75626543924633,233.05054361120307,233.8154754638672,68890500
2018-04-13,235.11675325942593,235.2310583547333,232.12735303095369,233.12966918945312,85079200
2018-04-16,234.7562655902731,235.81136066287758,233.9385816667049,235.04640197753906,63405300
2018-04-17,236.80487742177513,238.15890984627407,236.2949317937387,237.56103515625,64682000
2018-04-18,238.00063777761414,238.5369594052971,237.27965708240498,237.73687744140625,57303900
2018-04-19,237.08623160267544,237.28846575513265,235.38931077612648,236.41802978515625,77655900
2018-04-20,236.34766193363552,236.56747115211715,233.5340932041984,234.413330078125,99953100
2018-04-23,234.98487999850548,235.5388035799496,233.30553417444793,234.37820434570312,65558000
2018-04-24,235.3981317325626,235.61794098262143,229.7270423481719,231.2217559814453,112885500
2018-04-25,231.16019172549036,232.23286188697082,229.34896573954205,231.79324340820312,103840900
2018-04-26,232.81316662268776,234.97608207281635,232.3735481342447,234.14959716796875,67731900
2018-04-27,234.7562511462982,235.0551884709674,233.4373958027797,234.369384765625,57053600
2018-04-30,234.98484156743206,235.53876505828364,232.49658633585722,232.5669403076172,82182300
2018-05-01,232.00424241401504,233.08571348812194,230.45677684433647,232.98020935058594,74203400
2018-05-02,232.7867531910517,233.59563605382283,231.02827951976636,231.41514587402344,86368900
2018-05-03,230.58866949186387,231.5558085805169,227.7662998275908,230.90518188476562,136311500
2018-05-04,229.93799620325126,234.57159127006764,229.6126828833328,233.89456176757812,91222100
2018-05-07,234.65955231065522,235.65306748213024,233.97372176043777,234.68592834472656,55304900
2018-05-08,234.3166370355465,235.046391866308,233.12966183797334,234.68592834472656,67499200
2018-05-09,235.3540977861297,237.27962850508365,234.8353512992768,236.95431518554688,59666100
2018-05-10,237.69294735954202,239.49539946051001,237.58744320381433,239.17005920410156,72063900
2018-05-11,239.29311991959236,240.16355587155402,238.78314748731788,239.89979553222656,59871500
2018-05-14,240.3305351317497,240.9811616459894,239.4688735822702,240.01402282714844,54790600
2018-05-15,238.79196254326607,238.80953762286538,237.42035503340827,238.36114501953125,87036100
2018-05-16,238.39635554756293,239.82071532877447,238.36995267617584,239.36349487304688,53942600
2018-05-17,239.0996866008191,240.23390972369216,238.38750685282884,239.16123962402344,56536400
2018-05-18,238.81835600077213,239.17884640022527,238.2116803080564,238.56336975097656,64368000
2018-05-21,240.04043649829885,240.89329722901473,239.65357017722093,240.35694885253906,58025900
2018-05-22,240.87572636643998,241.13071257278165,239.36343787063615,239.68875122070312,52966400
2018-05-23,238.4227012850976,240.37460843443773,238.26441823782346,240.34820556640625,64694200
2018-05-24,239.95250392071392,240.2250651657974,238.07972535585412,239.85577392578125,76043800
2018-05-25,239.2843017578125,239.90855240411972,238.78313031694742,239.2843017578125,56374800
2018-05-29,237.66651064654422,238.4226682898626,235.4244674131459,236.53228759765625,115908600
2018-05-30,237.83357429694598,240.12836965748122,237.76324715322068,239.68875122070312,69678400
2018-05-31,239.2843894779005,239.58332689462455,237.62264518608316,238.22052001953125,93519900
2018-06-01,239.51289492596226,240.85812612869415,239.4425409574061,240.55918884277344,71258400
2018-06-04,241.3768808866275,241.95718040231645,241.13949660700942,241.7021942138672,45385200
2018-06-05,241.83407381801285,242.25611714632782,241.06914208658665,241.8780517578125,51135000
2018-06-06,242.48469509947213,244.00575740592097,241.86921868144145,243.90025329589844,62732200
2018-06-07,244.3839043069838,244.67404067452273,242.96831896135797,243.87393188476562,72969400
2018-06-08,243.41679621039611,244.64772278248697,243.2497390150209,244.594970703125,72139700
2018-06-11,244.81467715999997,245.63236087888467,244.70037209199285,244.92018127441406,58892500
2018-06-12,245.33341275126716,245.5971730256273,244.59485715088428,245.23670959472656,72329000
2018-06-13,245.47418757980134,245.72917383050293,244.25203523349435,244.4542694091797,79070600
2018-06-14,245.31590267258005,245.59723809571156,244.4806168621763,245.06971740722656,77097600
2018-06-15,244.2890235334783,245.09272527289687,243.18504207043173,244.75711059570312,120041600
2018-06-18,243.30861721127397,244.37729042408938,242.83171673643022,244.25363159179688,52917600
2018-06-19,241.99277270640738,243.53834698464172,241.57767453643166,243.3175506591797,97531500
2018-06-20,243.99750391616027,244.3949479369149,243.39694460038282,243.73255920410156,53785500
2018-06-21,243.72373018902312,243.74141113910272,241.71006942469776,242.20465087890625,71061400
2018-06-22,243.4587669902237,243.5735853463572,242.4254287376879,242.64622497558594,54898500
2018-06-25,241.498036265631,241.65700304940535,237.6650177473357,239.3430633544922,137854200
2018-06-26,239.90836656004487,240.72088159957022,239.15765398139763,239.87303161621094,68547400
2018-06-27,240.4559356165198,241.8778504044173,237.73571096182008,237.8858642578125,105110700
2018-06-28,237.83290077950338,240.0055283746205,237.1263365942884,239.24600219726562,76650500
2018-06-29,240.33229574304445,241.69240817765476,239.47560522258217,239.59042358398438,97592500
2018-07-02,238.02713743764045,240.26159384124662,237.78866029858509,240.10260009765625,63554800
2018-07-03,240.9946359040203,241.09180024895247,238.83084928113527,239.2547607421875,42187100
2018-07-05,240.3764502388254,241.26844867540132,239.30777708547188,241.2066192626953,56925900
2018-07-06,241.23318056910415,243.61776406289744,240.853390508735,243.24684143066406,66493700
2018-07-09,244.2449044373829,245.49019904924194,244.20075594974736,245.4372100830078,50550400
2018-07-10,245.88756043727318,246.41747687382474,245.5960942684685,246.3203125,51966800
2018-07-11,244.77474695036685,245.5607946326727,244.2183360206754,244.51861572265625,77054700
2018-07-12,245.7727136919339,246.78837102234908,245.17215437775212,246.73538208007812,60124700
2018-07-13,246.5587801344927,247.22998243887085,246.10834713803578,246.92970275878906,48216000
2018-07-16,246.97383394153132,247.11511980465158,246.26726986261153,246.7088623046875,48201000
2018-07-17,245.9404785002454,248.09545162248708,245.8874895671298,247.70684814453125,52315500
2018-07-18,247.7862519690247,248.3338220704783,247.34465969976813,248.22784423828125,44593500
2018-07-19,247.5655942858729,247.94535738117995,246.8148816177688,247.29180908203125,61412100
2018-07-20,247.0886386829849,247.71571939052308,246.85018845434266,247.0091552734375,82337700
2018-07-23,246.80607130007968,247.67157539339786,246.46161619567616,247.4684600830078,47047600
2018-07-24,248.872632040719,249.5526745782968,247.84813452195758,248.71363830566406,68026900
2018-07-25,248.46646314469285,251.15135351236918,248.42231466883828,250.8334197998047,78882900
2018-07-26,250.1179757947418,250.92165033968266,250.02081143983833,250.24160766601562,57919500
2018-07-27,250.56838777060267,250.66555212783368,247.62739382664256,248.54591369628906,76768700
2018-07-30,248.62546261400763,248.784429473909,246.7265929609436,247.24769592285156,63742500
2018-07-31,248.00718415505807,249.07583048615243,247.62742106380432,248.4664306640625,68570500
2018-08-01,248.66952496798916,249.17294680266315,247.40657709727742,248.05128479003906,53853300
2018-08-02,246.75310876921614,249.57044456441832,246.5499664844106,249.4026641845703,63426400
2018-08-03,249.52625329547863,250.5242566432012,249.34960551701437,250.4712677001953,53935400
2018-08-06,250.50666160689948,251.69894005781967,250.11805796494795,251.3898468017578,39400900
2018-08-07,252.05211409955874,252.59968434377706,251.91961482211352,252.2198944091797,43196600
2018-08-08,252.05222645332233,252.51147303484242,251.65478234914397,252.11402893066406,42114600
2018-08-09,252.17578876586805,252.5643922863209,251.637058902724,251.76953125,35717000
2018-08-10,250.338788045859,250.8775179349385,249.3760927197562,250.08265686035156,77076000
2018-08-13,250.35645879925394,250.96585861951505,248.85503348357662,249.14649963378906,65732900
2018-08-14,249.87068683298415,250.97466797152953,249.48208331600298,250.73619079589844,43842000
2018-08-15,249.39374687675829,249.53505968969637,247.43307539532,248.86383056640625,102925400
2018-08-16,250.29462761533514,251.74306397579707,250.2592926680228,250.87753295898438,69967900
2018-08-17,250.67441481267045,252.20233473703993,250.26815721384136,251.7607421875,65618500
2018-08-20,252.21109934390057,252.56436788672985,251.76066645401252,252.29942321777344,39807500
2018-08-21,252.8116603975641,253.74783417155695,252.33473303731756,252.89114379882812,67272000
2018-08-22,252.48497288786544,253.26218012580844,252.2200011734731,252.74110412597656,44993300
2018-08-23,252.5644233792702,253.4211139340078,252.08749591769774,252.40545654296875,49204900
2018-08-24,252.97948519900802,254.06581233019867,252.92649626116108,253.92449951171875,57487400
2018-08-27,255.11679452574154,256.0353144305907,254.95782770163285,255.92933654785156,57072400
2018-08-28,256.38862725312487,256.4946321068167,255.59376604279515,256.05303955078125,46943500
2018-08-29,256.26494502760124,257.66036537146607,256.02649479713034,257.4307556152344,61485500
2018-08-30,256.95383162780604,257.3247542134845,255.79686149898535,256.3885803222656,61229500
2018-08-31,255.98224099503003,256.8389312012845,255.49650020858618,256.3973388671875,66140800
2018-09-04,255.9822897550722,256.30906383212346,254.95779211049984,255.95579528808594,57594400
2018-09-05,255.6025060025253,255.80564820137695,254.2600748630529,255.2668914794922,72452400
2018-09-06,255.37287948324018,255.67315908086647,253.47403755411614,254.49853515625,65909900
2018-09-07,253.45647312213768,254.97555259274915,253.2179958922097,254.00404357910156,73524800
2018-09-10,255.01087267638653,255.27584439412243,254.2513463814218,254.44564819335938,50210900
2018-09-11,253.80075644949582,255.7260924260024,253.45632846780953,255.2845001220703,50530500
2018-09-12,255.29340083774392,255.94694897693955,254.56036929940245,255.3463897705078,59810800
2018-09-13,256.40634434545655,257.04223879388354,256.1237186011169,256.85675048828125,51034200
2018-09-14,257.0598152146336,257.24527651158894,256.1236413026373,256.9008483886719,55079900
2018-09-17,256.8479564718751,256.88326447809345,255.2670472316184,255.54083251953125,68244000
2018-09-18,255.75259543255072,257.5189647073053,255.72610097153566,256.92724609375,61930400
2018-09-19,256.9803451034907,257.6162393929191,256.8566862640088,257.2011413574219,49080600
2018-09-20,258.45526183517813,259.60339151190027,257.2187813185035,259.2854309082031,100360600
2018-09-21,260.024368276411,260.1397063566886,258.8887755296782,259.0484619140625,105479700
2018-09-24,258.4718627895413,258.61381530247604,257.61129429371255,258.1879577636719,53409600
2018-09-25,258.64045746369817,258.74691509115587,257.7089261487671,257.9484558105469,44370000
2018-09-26,258.09040260622646,259.2703440505764,256.75962814321076,257.1766052246094,79739700
2018-09-27,257.64679250455623,258.9775668714285,257.3717679680432,257.89520263671875,59249500
2018-09-28,257.2741911414216,258.4186647996057,257.2387233149633,257.9218444824219,70091400
2018-10-01,259.15503895977173,259.8825355901914,258.1525448125983,258.81793212890625,62078900
2018-10-02,258.6670837402344,259.3768193389714,258.29448202703463,258.6670837402344,47258200
2018-10-03,259.7139991408268,260.1309763243409,258.45421416914235,258.80908203125,64694600
2018-10-04,258.3299446701572,258.38317348526033,255.20707019384005,256.7862548828125,111545900
2018-10-05,257.00805749692273,257.5226117482122,253.92953125946568,255.34902954101562,105951700
2018-10-08,254.66588127116367,255.70389734273365,253.29075838650212,255.34902954101562,87742200
2018-10-09,254.96749545911888,256.27162827331057,254.41741934248682,254.97634887695312,74339000
2018-10-10,254.4706220479149,254.54161183134144,246.5303524999164,246.9029541015625,214731000
2018-10-11,245.8206752119577,247.43535491100366,239.85880384790093,241.46463012695312,274840500
2018-10-12,245.54558458555246,245.82948959193328,241.64198550916652,244.818115234375,183186500
2018-10-15,244.46320216125636,245.78512290321214,243.35422369550096,243.4429473876953,102263700
2018-10-16,245.39478348063147,249.1386962174045,244.9245776497542,248.7660675048828,118255800
2018-10-17,248.80160534585232,249.43149770167693,246.2465139465882,248.81048583984375,110626000
2018-10-18,247.87887944579612,248.47330385992822,243.94866597258974,245.2173309326172,134557500
2018-10-19,245.86501487749734,247.7901867141416,244.39228793386016,245.08428955078125,139901600
2018-10-22,245.7496158254183,246.06898861187773,243.4518158072744,243.984130859375,82415800
2018-10-23,240.38221330103357,243.85995504523984,238.30618152631777,242.74209594726562,146352700
2018-10-24,242.49373869531894,242.8752479954551,234.83737147811587,235.38742065429688,177806700
2018-10-25,237.21503434387782,241.1452491899324,236.19477913904547,239.61041259765625,138061500
2018-10-26,235.919686707921,240.42656388937482,232.69920847590527,235.39622497558594,201574600
2018-10-29,238.47477285454744,239.7611989981916,230.5345014729558,234.0920867919922,160749100
2018-10-30,233.92356062912407,237.87150885425123,233.43559371949442,237.5609893798828,157116000
2018-10-31,240.11604628903387,242.4049933311253,239.64584043537533,240.0983123779297,128296300
2018-11-01,240.95891952431904,242.84862373496037,239.87655513053133,242.6534423828125,99495000
2018-11-02,243.75351677776416,244.17937434285767,239.1756494830406,241.2161865234375,122634100
2018-11-05,241.70414710230466,243.09703095872834,240.73712084759322,242.54698181152344,65622500
2018-11-06,242.48489882784148,244.2415040919282,242.42278951101324,244.08181762695312,60085900
2018-11-07,246.24656494163546,249.38720102651303,245.82070726200857,249.30735778808594,102752100
2018-11-08,248.5087678073283,249.49355482068842,247.71918917288457,248.8547821044922,65584900
2018-11-09,247.55069347645488,247.7369943421544,245.02221628610278,246.42398071289062,98812600
2018-11-12,245.9182543346288,246.15778399423746,241.3048919723185,241.81947326660156,99673600
2018-11-13,242.28078648339832,244.2680676104156,240.6483731183949,241.3669891357422,98176600
2018-11-14,243.2300950162858,243.62931112227972,238.1642876570456,239.71685791015625,125335900
2018-11-15,238.45702674823613,242.68002615726408,236.8867227096391,242.2186737060547,135101400
2018-11-16,241.12745002947233,243.7535038549721,240.6128687812642,242.8485870361328,126668000
2018-11-19,242.24530815536264,242.53809370819096,237.8271541279223,238.74095153808594,103061700
2018-11-20,235.42282142769082,236.87781425641884,233.46215496550255,234.32272338867188,136021300
2018-11-21,235.86640032839483,237.0108736927533,235.11231662694203,235.1211700439453,75563700
2018-11-23,233.48885503701393,234.9438483995958,233.39127788631157,233.55096435546875,42807900
2018-11-26,235.79556168054762,237.54331375549887,235.40519888692614,237.32151794433594,79981400
2018-11-27,236.2923088135213,238.11990356445312,235.6890308922706,238.11990356445312,75502400
2018-11-28,239.1845676852802,243.60272216796875,238.05782782750268,243.60272216796875,127629600
2018-11-29,242.8308320751664,244.4632454166376,241.69523900828753,243.0703887939453,82346400
2018-11-30,242.91961870638872,245.11096219306737,242.60024576485566,244.55203247070312,98204200
2018-12-03,248.65957945490499,248.76603705268732,246.20209299053286,247.79013061523438,103176300
2018-12-04,246.96512140499067,247.3909789815745,239.45068049374675,239.76119995117188,177986000
2018-12-06,235.91971868896132,239.51279906111833,232.83231205737232,239.3974609375,204185400
2018-12-07,239.0602860614735,240.6217365601886,233.00083903579494,233.8347930908203,161018900
2018-12-10,233.65735774205484,235.24542272552435,229.44323893637647,234.2783966064453,151445900
2018-12-11,237.46340468272,237.64970553153896,232.86780324734315,234.33164978027344,121504400
2018-12-12,237.29484321205325,238.6522321483486,235.43175345692626,235.5115966796875,97976700
2018-12-13,236.45200246750798,237.3125710570535,234.32276869095844,235.43174743652344,96662700
2018-12-14,233.29359506914284,234.2428872182489,230.53446939658846,231.0845184326172,116961100
2018-12-17,230.13525384256258,231.2442325398327,224.92749421213006,226.55104064941406,165492300
2018-12-18,228.18348000060263,228.8488672551829,224.70571070380527,226.30264282226562,134515100
2018-12-19,226.38247815956686,230.13525835424576,221.21908028326692,222.91358947753906,214992800
2018-12-20,221.67154333984448,223.23298053526167,217.0493139863957,219.28501892089844,252053400
2018-12-21,220.18186223190455,222.8321839675242,214.14947386453696,214.79197692871094,255345600
2018-12-24,213.31066967349895,214.91692748461426,209.05410349453476,209.11656188964844,147311600
2018-12-26,210.57105762691342,219.6820831298828,208.5989279125675,219.6820831298828,218485400
2018-12-27,216.46074189913128,221.565051449296,213.23930731621283,221.36874389648438,186267300
2018-12-28,222.7161418877055,224.34023679957718,219.9230390490351,221.08311462402344,153100200
2018-12-31,222.69832548812266,223.26051908414857,220.8332882654994,223.0195770263672,144299400
2019-01-02,219.5036463731044,224.1707189074987,219.47687654809107,223.25157165527344,126925200
2019-01-03,221.5114719055297,221.81488595919683,217.4422949789893,217.92417907714844,144140700
2019-01-04,220.94031504398598,225.8661662538114,220.56552394120638,225.22366333007812,142628800
2019-01-07,225.49139953468548,228.40050047544105,224.5990357792695,226.99949645996094,103139100
2019-01-08,229.17689771717087,229.6141473029635,226.6604250449765,229.13226318359375,102512600
2019-01-09,229.83719158120317,231.04188801850194,228.61465767376785,230.20306396484375,95006600
2019-01-10,228.67714800280606,231.26499748458872,227.99894282433766,231.01513671875,96823900
2019-01-11,229.94431128528677,231.13117046106527,229.36428022693917,231.10440063476562,73858100
2019-01-14,229.2125434323212,230.49754943156907,228.8109960780443,229.69442749023438,70908200
2019-01-15,230.06928557436655,232.63929816848656,230.06035322016328,232.32696533203125,85208300
2019-01-16,232.75526852366238,233.77257646093233,232.5500422517043,232.88914489746094,77636700
2019-01-17,232.02356375539918,235.51271013402146,231.97892921738054,234.65602111816406,96118400
2019-01-18,236.45853975233865,238.24326712760123,234.69164984702843,237.7792205810547,127900300
2019-01-22,236.315794647781,236.5299532512682,232.96049795163958,234.56674194335938,115531200
2019-01-23,235.59301047584734,236.28905325371463,232.60358585615072,235.05758666992188,86030300
2019-01-24,234.8790794198042,235.76253814239962,233.87070392027388,235.18247985839844,59204100
2019-01-25,237.02077150031676,237.99347215348422,235.2806781682309,237.1724853515625,96883400
2019-01-28,235.0397180517145,235.43233307573223,233.6119305026941,235.36988830566406,85613700
2019-01-29,235.51270098987644,236.07486739167285,234.22769474876972,235.05758666992188,66136300
2019-01-30,236.56565691157263,239.61752596151732,235.80714220909275,238.77870178222656,92473700
2019-01-31,238.7162728356407,241.3576623238347,238.50208698383028,240.8757781982422,104012100
2019-02-01,241.0720544623004,242.0090527116639,240.20646056117508,240.9917449951172,85782500
2019-02-04,241.03633188766523,242.7496820742339,240.36705915167047,242.6872100830078,60744800
2019-02-05,243.1155959499973,244.00795975036206,242.6158744004156,243.70455932617188,79552800
2019-02-06,243.42784374262052,243.91863276836705,242.6514918645836,243.38320922851562,58347800
2019-02-07,241.7770362337253,242.32136504865792,239.4122777463993,241.0631561279297,95482000
2019-02-08,239.8227686891252,241.45578244326347,239.00178201946778,241.35763549804688,75788900
2019-02-11,242.00905655513216,242.26782243146113,240.9649789996095,241.49147033691406,68021400
2019-02-12,243.09774400981368,244.9716860928263,243.02633965967624,244.59690856933594,72270200
2019-02-13,245.42690702457563,246.23002929972935,245.00749479170312,245.39120483398438,65277200
2019-02-14,244.31134754114603,245.97115828504187,243.49929325687182,244.84677124023438,83234400
2019-02-15,246.61368782804527,247.55068631399297,246.40846154879682,247.51498413085938,97088700
2019-02-19,246.7207642365391,248.59470651392925,246.71183188365032,247.94329833984375,59120800
2019-02-20,247.90759992306843,248.8981379613445,247.40787834381004,248.44302368164062,76610800
2019-02-21,247.80949217681587,248.1664323280742,246.60479533762955,247.55963134765625,64214700
2019-02-22,248.175306220895,249.2907610737079,247.54173548967697,249.09446716308594,78114600
2019-02-25,250.51329725249707,251.03085626968215,249.35320798266986,249.4335174560547,69030700
2019-02-26,249.0855756091028,250.1296262719881,248.880322078763,249.255126953125,56844100
2019-02-27,248.5411516654407,249.4959874515312,247.61311293637814,249.14797973632812,56921600
2019-02-28,248.93379021020638,249.3710669767745,248.36269155717653,248.68392944335938,69268300
2019-03-01,250.25448603032754,250.64712824922503,248.80886114837762,250.2366485595703,78880500
2019-03-04,251.28964245666796,251.53057087017055,247.0419822074901,249.32643127441406,106494600
2019-03-05,249.45142766714278,249.64774882660245,248.44305204049925,248.9873809814453,59114600
2019-03-06,249.103264593585,249.112196943037,247.15791870714165,247.47915649414062,75039800
2019-03-07,247.0330013295276,247.1757827722608,244.57009633251332,245.40892028808594,94885100
2019-03-08,243.5617839077705,245.08771841916655,243.09776452384176,244.9181671142578,85795800
2019-03-11,245.63210731638674,248.63043708887793,245.60533748744615,248.46981811523438,65098900
2019-03-12,249.02311981263978,249.9244162545433,248.8357309796467,249.40682983398438,79667500
2019-03-13,250.2902734857053,251.98575969985632,250.12962726303425,251.0576934814453,80639200
2019-03-14,251.0843766719062,251.50378871150951,250.4597384047559,250.89698791503906,67518400
2019-03-15,251.4463989125399,252.94319500655243,251.2581574243086,252.13653564453125,81309000
2019-03-18,252.3517335915356,253.34663482057678,252.12765994162206,253.05084228515625,62199800
2019-03-19,254.1083957302534,254.87022397304105,252.22617230389451,253.11349487304688,90268100
2019-03-20,252.89840780961697,254.09943891227132,251.2492295483872,252.35165405273438,84609200
2019-03-21,251.53609370694923,255.60525091513992,251.4912625717152,255.20193481445312,79550400
2019-03-22,253.84852766172398,254.36836643299236,250.22749024752656,250.2902374267578,122659300
2019-03-25,249.94968391479242,251.13279941388024,248.84725900437408,250.10206604003906,85575200
2019-03-26,251.84977067913186,252.91636327100957,250.56807617048426,251.96629333496094,68125900
2019-03-27,251.95741697189442,252.54003047148615,249.10720608530013,250.64883422851562,72224700
2019-03-28,251.27619351280148,252.0469937300756,250.12893753291758,251.59884643554688,56238500
2019-03-29,253.10451747310472,253.50783342789356,251.9841497885913,253.1851806640625,82186800
2019-04-01,255.1749851271893,256.4835670796357,254.90608043927517,256.1877746582031,77617900
2019-04-02,256.37607115052464,256.5463692835884,255.5245804852058,256.3133239746094,40070400
2019-04-03,257.523364972723,257.91773677565595,256.11617591920054,256.7167053222656,68243200
2019-04-04,257.03934532302384,257.6488190413837,256.3492083789462,257.3978576660156,48997500
2019-04-05,258.061121328043,258.6974827565158,257.7743005268839,258.6437072753906,58621700
2019-04-08,258.22240554553275,258.9484017747412,257.5681008285221,258.8408508300781,53566300
2019-04-09,257.8818272500247,258.20448010644867,256.9676168040888,257.51434326171875,66142300
2019-04-10,257.9266096377098,258.4823350989078,257.5143219044501,258.3927001953125,52601500
2019-04-11,258.8766820006816,258.88565369694953,257.7563140764879,258.32098388671875,55093100
2019-04-12,259.92534573388645,260.3466051469437,258.3658024123571,260.0687561035156,69727800
2019-04-15,260.140488185737,260.23909479705657,259.10078335831236,259.89849853515625,49596700
2019-04-16,260.7768362558313,260.8306117253508,259.4771985860694,260.0687561035156,52153200
2019-04-17,261.18022253460333,261.20711027659587,259.0201494187386,259.4324645996094,58268300
2019-04-18,260.0149866851149,260.21217252885253,258.72432068114665,259.9432678222656,68708500
2019-04-22,259.1814564680707,260.31974047739857,259.09182156001907,260.1673583984375,40160100
2019-04-23,260.5348854922284,262.73978971372134,260.3018675160108,262.5067443847656,52246600
2019-04-24,262.42605599753017,262.7576805629462,261.7807229084622,261.92413330078125,50392900
2019-04-25,261.82547299248705,262.4170304822071,260.5796382033679,261.7627258300781,57770900
2019-04-26,261.8075158359229,263.0533504293761,261.03668867544906,262.9816589355469,50916400
2019-04-29,263.0714205795363,263.9139396398111,262.98178565451457,263.3940734863281,57197700
2019-04-30,263.0534379566247,263.81529367659437,261.64627651929874,263.5284729003906,81111700
2019-05-01,264.1559192830297,264.3620768674727,261.53872727662645,261.5476989746094,71671900
2019-05-02,261.4311183473855,262.3453560513314,259.4951193512274,260.98297119140625,65030200
2019-05-03,262.4529364877734,263.8152941480737,261.09055147473833,263.5374450683594,56543700
2019-05-06,259.2531642106628,262.89211741292036,258.9394556892126,262.45294189453125,107198100
2019-05-07,260.0598124870552,260.6513700683735,256.1698981063263,258.0700378417969,144729900
2019-05-08,257.7115173339844,259.41447115468867,257.11995977153765,257.7115173339844,91568300
2019-05-09,255.65000750381657,257.5322034636537,253.92013888950547,256.93170166015625,103471100
2019-05-10,255.99956198160442,258.9752654873306,253.0238584758782,258.2223815917969,112429300
2019-05-13,253.13133691931313,254.09035061048309,250.89954649395077,251.73309326171875,127290500
2019-05-14,252.7460330950823,255.53352272595444,252.62056611045082,254.0098114013672,77003200
2019-05-15,252.38756813357963,256.13407262584394,252.18141054901224,255.49771118164062,73956400
2019-05-16,256.1967699119321,259.2172774500788,256.12507840020066,257.8638916015625,76749600
2019-05-17,255.56944858720954,258.6706201620972,255.5515051899321,256.19683837890625,100353000
2019-05-20,254.60147846076717,256.30443297484504,253.75895922752173,254.50289916992188,62877600
2019-05-21,256.1878317468838,257.1737611168127,255.93687039387783,256.7973327636719,46847100
2019-05-22,255.84727950945393,256.95867595197024,255.53357095956173,256.00860595703125,49482500
2019-05-23,253.7947035256118,253.83950730062355,251.47330451372397,252.8804931640625,98733800
2019-05-24,254.31452112285137,254.72683617081282,252.83564108449852,253.45408630371094,55268100
2019-05-28,253.73204752892224,254.6821176634975,251.07902304101822,251.09693908691406,70029400
2019-05-29,249.98544567865576,250.3887617006994,248.01358728400507,249.41180419921875,104972900
2019-05-30,250.16475488218688,250.99832958897656,248.99958292616304,250.0930633544922,62523800
2019-05-31,247.55649011464865,248.38106553151368,246.69602791522783,246.72291564941406,86862800
2019-06-03,246.75887611436892,247.87027271943427,244.76910091168438,246.0956268310547,96428000
2019-06-04,248.38117763171198,251.5719845079737,247.93303029119497,251.4375457763672,77231900
2019-06-05,253.0507629420872,253.64232047470728,251.2492299615094,253.6154327392578,71169700
2019-06-06,253.91121688409606,255.93682337813306,253.2658839016666,255.2646026611328,69430400
2019-06-07,256.2775552616853,258.89474800732216,256.107257068335,257.8191833496094,74272200
2019-06-10,259.36074011961,260.6603781109152,258.9125928609169,259.0022277832031,60799100
2019-06-11,260.81267444687654,261.18015839902773,258.29408960533016,258.9394226074219,58641300
2019-06-12,258.70643444478026,259.26213260858515,257.97146645593216,258.48236083984375,47096300
2019-06-13,259.3875627521784,259.90742875930414,258.68845429820976,259.54888916015625,48945200
2019-06-14,259.2621765136719,259.8626785590629,258.50032065732336,259.2621765136719,52324700
2019-06-17,259.495125935518,260.1225429109013,259.1903891440477,259.3606872558594,39205700
2019-06-18,261.1712383067742,263.12515353382963,260.81269866463964,262.07647705078125,85434800
2019-06-19,262.2109718257297,263.1969013470161,261.2429857020286,262.6680908203125,78674400
2019-06-20,265.3390271353072,265.581016799397,262.73080690028075,265.17767333984375,116570000
2019-06-21,264.90932572830695,266.16122030813983,264.5760881959581,264.792236328125,83309500
2019-06-24,264.9994306460424,265.3146375506765,264.31492482523606,264.4680480957031,47582700
2019-06-25,264.52203943497835,264.5490579503013,261.7660409289425,261.8741149902344,82028700
2019-06-26,262.76581212825516,263.2701761840348,261.5049019888059,261.61297607421875,51584900
2019-06-27,262.3694009589699,263.0448911665439,261.99114183475797,262.54052734375,40355200
2019-06-28,263.51322339656014,264.3868585052382,262.9998717236081,263.8915100097656,59350900
2019-07-01,267.2059187927584,267.42209435949115,265.0893772140861,266.2872619628906,78705600
2019-07-02,266.24226171664947,267.034841473531,265.404660263216,266.9808044433594,61504500
2019-07-03,267.6562712698563,269.1333565933882,267.51216337347967,269.1153259277344,40898900
2019-07-05,267.89051643837115,268.9713121862036,266.60258787034473,268.8091735839844,51677300
2019-07-08,267.5032492589889,268.6290667418327,266.7917249138137,267.3321228027344,45841800
2019-07-09,266.1791797032662,267.96245628769606,266.1251426846936,267.6652526855469,41101300
2019-07-10,268.72806575397624,269.8899168340314,268.1966833184836,268.9442138671875,58448500
2019-07-11,269.5836613281804,269.8178125905179,268.57493362213694,269.57464599609375,50826100
2019-07-12,270.06104314152424,270.85362287067034,269.75482415267635,270.78155517578125,40326000
2019-07-15,271.21383481192174,271.21383481192174,270.3672181920815,270.87158203125,33900000
2019-07-16,270.7815808274925,270.98874111270794,269.69179733956526,269.9980163574219,36650100
2019-07-17,269.9709674033634,270.1330784852856,268.16064453125,268.16064453125,36036300
2019-07-18,267.66536725428836,269.5207123148028,267.22405558512867,269.1424255371094,51392600
2019-07-19,270.23214960844706,270.2591681205926,267.4761514265193,267.64727783203125,58678600
2019-07-22,268.0434292983077,268.8450239699754,267.5300777799036,268.30462646484375,43638100
2019-07-23,269.4214552751175,270.2230224609375,268.59284210257306,270.2230224609375,44564500
2019-07-24,269.46663183286364,271.49310302734375,269.37656094928735,271.49310302734375,47213200
2019-07-25,271.0426920080247,271.09672902425126,269.394480555815,270.1960754394531,55394100
2019-07-26,270.8806828397141,272.20464520675074,270.7545780972456,272.0065002441406,45084100
2019-07-29,271.8892728778087,272.0063622261813,270.96160090669963,271.510986328125,38126500
2019-07-30,270.1150162620722,271.2498485590155,269.7367296678358,270.84454345703125,45849000
2019-07-31,271.0877334885615,271.2768905449335,265.8729686415346,267.88140869140625,104245200
2019-08-01,268.0346112139535,270.9797396278574,264.75621776268565,265.5487976074219,142646600
2019-08-02,264.6571304997098,264.9002971362273,262.0001907364451,263.54931640625,116749700
2019-08-05,259.46934746825957,259.57742152550486,253.73218721471815,255.62356567382812,178745400
2019-08-06,257.5058783257292,259.42427492312476,256.03780853576865,259.2080993652344,120711700
2019-08-07,256.14592653629853,260.1268282910362,254.02039683355144,259.36126708984375,140572300
2019-08-08,260.8473662533496,264.4499816894531,260.2979805925156,264.4499816894531,87713900
2019-08-09,263.51324043844005,264.10767516291054,260.87433176426345,262.64862060546875,93730000
2019-08-12,261.1535457059839,262.63961885110217,258.5056215627096,259.4513244628906,65527600
2019-08-13,259.1541243644712,264.92731871564195,258.8118715111946,263.48626708984375,94299800
2019-08-14,259.45137173581514,260.05479444786425,255.56955568303667,255.6956329345703,135622100
2019-08-15,256.57816238818685,257.26266781404627,254.33554406555913,256.3710021972656,99556600
2019-08-16,258.01935467292986,260.58619645356737,256.4251795832291,260.1539001464844,83018300
2019-08-19,263.1620087111855,263.9635762174009,262.4865184312846,263.2880859375,53571800
2019-08-20,262.78369081572106,263.3150731411027,261.14452215391043,261.2705993652344,51596400
2019-08-21,263.42310614800994,263.7653313387473,262.73860079501634,263.3960876464844,49524700
2019-08-22,264.09871638415376,264.72915753530043,261.54985080842727,263.31512451171875,51666400
2019-08-23,262.0181829782447,263.67538246569245,255.30830200906564,256.55120849609375,149161500
2019-08-26,258.7306967057391,259.38818359375,257.20859023509547,259.38818359375,72423800
2019-08-27,260.77524050704426,261.14451176642103,257.61393770328715,258.3704833984375,66668900
2019-08-28,257.71308250775724,260.35199145283605,256.91148746063425,260.18988037109375,59696700
2019-08-29,262.7386652204971,264.0356085832633,261.7389254473887,263.5132141113281,57899400
2019-08-30,264.9902342080116,265.00823738044215,262.46841577976073,263.3960876464844,62901200
2019-09-03,261.703013846112,262.6126556070422,260.5321472688688,261.8561096191406,69101400
2019-09-04,264.01760331130134,264.8461892118585,263.27004544878713,264.82818603515625,46887300
2019-09-05,267.3050851284011,269.142399338986,264.7922529907369,268.2327575683594,83258100
2019-09-06,268.5478903361211,269.07927265061045,267.87240015038213,268.4397888183594,49584300
2019-09-09,269.4216290978449,269.51167250198444,267.63832442630144,268.57501220703125,51260300
2019-09-10,267.81835045130987,268.5749236886284,266.5664561971447,268.5118713378906,57947100
2019-09-11,268.8181628872153,270.5023812339653,268.16969099846807,270.42132568359375,68821100
2019-09-12,271.321967859559,272.4117513041566,270.5654219362683,271.3580017089844,72908700
2019-09-13,271.79924860741954,272.150516712728,270.8085241273065,271.17779541015625,62104800
2019-09-16,270.05205515889173,271.2229216903592,269.700814439494,270.34027099609375,58191200
2019-09-17,270.142038313085,271.1147320905333,269.9709119331818,271.0246887207031,41475500
2019-09-18,270.6374460314941,271.2949331869254,268.6109750229394,271.1868591308594,73375800
2019-09-19,271.5740673040189,272.56479171883785,270.83552478699335,271.16876220703125,76560500
2019-09-20,271.7696332635808,272.0501507115491,269.100451345295,269.88763427734375,89565000
2019-09-23,269.2270694354284,270.5390591956708,268.97372292597385,269.8242492675781,43476800
2019-09-24,270.91010804409495,271.2991710708117,266.74796203940343,267.7070617675781,94869400
2019-09-25,267.7883822298212,269.73372418132254,266.31353298263394,269.2903747558594,71854000
2019-09-26,269.2995594440009,269.507648809653,267.32707327813137,268.7295227050781,56179700
2019-09-27,269.48042710932464,269.5890278573318,265.7345158777197,267.28173828125,84746600
2019-09-30,267.79740115935846,269.2269929969579,267.75217157192895,268.521240234375,51662400
2019-10-01,269.3990516504339,270.0505182065115,265.11024626366753,265.327392578125,88242400
2019-10-02,263.75300095877276,263.7620579252307,259.355622841825,260.64044189453125,122539500
2019-10-03,260.41421121100484,262.8029306373284,257.70882934443205,262.7757873535156,85278800
2019-10-04,263.42725373830876,266.5850420764219,263.37293955799163,266.3316955566406,65091200
2019-10-07,265.5354464421896,267.1550692865488,264.9020663585836,265.18255615234375,59610500
2019-10-08,263.33682468669383,264.06972112299644,261.0295346060289,261.06573486328125,95708100
2019-10-09,263.07442896754986,264.476878334848,262.4501056717316,263.544921875,62359400
2019-10-10,263.4634797451511,266.2050624159976,263.30062000930803,265.327392578125,55296300
2019-10-11,268.06888493024525,270.30377370590077,267.95128245800737,268.07794189453125,98720400
2019-10-14,267.7613050131464,268.4308854111592,267.4355855865738,267.7794189453125,40394800
2019-10-15,268.81988478165454,271.1724035525062,268.7022547012077,270.4304504394531,46754500
2019-10-16,269.9689809890641,270.6837908068591,269.5618318113538,269.9961242675781,48928200
2019-10-17,271.154339092206,271.66103213680316,270.1047527533405,270.79241943359375,45736600
2019-10-18,270.25852194722205,270.90093126683837,268.75652947180714,269.6070556640625,64304000
2019-10-21,270.91912254267635,271.6339049366315,270.48480235900485,271.4348449707031,39048600
2019-10-22,271.968722907503,272.258269740881,270.4577004188405,270.5481872558594,48594700
2019-10-23,270.2947977198641,271.3896137194795,270.08668078906885,271.3353271484375,34352200
2019-10-24,272.26729329320835,272.41206669212943,270.9553033492189,271.7786865234375,35453100
2019-10-25,271.2086653826225,273.4345254538607,271.15437880651467,272.8916320800781,45205400
2019-10-28,274.1041205810019,274.9275039292483,274.07697728876116,274.4298400878906,42147000
2019-10-29,274.15832464822154,275.27125452053383,274.0316375807567,274.34832763671875,44284900
2019-10-30,274.5474431635399,275.5608294575838,273.24451003899617,275.18988037109375,49643900
2019-10-31,275.1808373277208,275.1808373277208,273.0092912145036,274.45697021484375,69053800
2019-11-01,275.89560817239567,277.04471080872463,275.7327208372592,276.9994812011719,71141500
2019-11-04,278.5465942049122,278.68231058688036,277.74129765074747,278.1122741699219,60606900
2019-11-05,278.3113499124113,278.6099535824334,277.515110275944,277.8046569824219,42933200
2019-11-06,277.8047289739284,278.13950535949533,276.9270592762012,277.8680725097656,46487100
2019-11-07,279.19813566220006,280.17532148829997,278.37475257286513,278.8452453613281,54272300
2019-11-08,278.50142839994095,279.5872150373997,277.804732335404,279.5329284667969,49032100
2019-11-11,278.1576150386581,279.171001145757,278.0218710031677,278.99908447265625,35797300
2019-11-12,279.36104647935787,280.48300589473985,278.8181530932133,279.5872497558594,46484600
2019-11-13,278.60091337809416,280.0757626644481,278.37471017743115,279.6776428222656,53917700
2019-11-14,279.3971693561255,280.16626580577037,278.76378931225406,280.0848083496094,51219900
2019-11-15,281.41494010951646,282.156893425013,280.7273009797878,282.1116638183594,62023600
2019-11-18,281.8763222079318,282.5549317880183,281.4239158212075,282.3196716308594,49228000
2019-11-19,282.91689092495204,282.92594789001487,281.59587182260094,282.23828125,67804700
2019-11-20,281.6501841603827,282.16593418758833,279.6414982342091,281.188720703125,79406200
2019-11-21,281.29739655389153,281.40596972277314,279.9401767174552,280.73638916015625,54664700
2019-11-22,281.47819526115194,281.6139116511986,280.35623628650774,281.3605651855469,44850200
2019-11-25,282.2835536082596,283.5412292480469,282.2835536082596,283.5412292480469,48647200
2019-11-26,283.5774455384936,284.3646284301698,283.2607554660706,284.18365478515625,37569000
2019-11-27,284.66322888151734,285.450439453125,284.44608257911733,285.450439453125,44444600
2019-11-29,284.8893902243896,285.13370739133796,284.1655509144457,284.3917541503906,36592700
2019-12-02,284.6450416588715,284.70838517885187,281.5505974957822,281.9758605957031,75767800
2019-12-03,279.27048230227246,280.16626580577037,277.8951767026078,280.0848083496094,73941700
2019-12-04,281.1253797697638,282.4101986278276,280.7815464488824,281.8130187988281,49080000
2019-12-05,282.50970219442365,282.5277885093226,281.01673902807784,282.3196716308594,40709000
2019-12-06,284.2198278152459,285.2965573907383,284.21077085005226,284.8984375,48927000
2019-12-09,284.5094091482941,285.1789619492192,283.9303155595032,284.0027160644531,34838500
2019-12-10,283.94843867294895,284.6089345289355,283.03456865414756,283.68603515625,52649800
2019-12-11,284.1384121824113,284.7446490140432,283.6045758505534,284.4913024902344,53429100
2019-12-12,284.50035315953534,287.7214853233215,284.26512054939514,286.943359375,96389600
2019-12-13,286.70805752730325,288.3367373053921,285.9389610442639,287.115234375,81503900
2019-12-16,288.83442200600217,289.6758915127746,287.0519391986686,289.0877685546875,82749700
2019-12-17,289.46775204589784,289.7663281501422,289.06963216510667,289.15106201171875,61097700
2019-12-18,289.54022721792916,289.7664305204432,289.11496390469455,289.16925048828125,48133000
2019-12-19,289.35919234435806,290.42689269211144,289.10584580362206,290.3544921875,85310500
2019-12-20,291.38189255833026,292.7548861145354,290.40900397558755,291.6274108886719,147142100
2019-12-23,292.4093287245588,292.46388218092653,291.92742136100946,292.0729064941406,52990000
2019-12-24,292.3002756332288,292.3457276057537,291.7819899538515,292.0820617675781,20270000
2019-12-26,292.4638859962015,293.6459423126431,292.45481225232305,293.6368408203125,30911200
2019-12-27,294.3642718901657,294.4188253533874,293.0367580376793,293.5641174316406,42528800
2019-12-30,293.64605176946776,293.7824354630033,291.46380167904823,291.9457092285156,49729100
2019-12-31,291.44563197386356,292.90045614563235,291.10010811136635,292.6549377441406,57077300
2020-01-02,294.18244866671154,295.40995713786896,293.26408574966416,295.3917541503906,59151200
2020-01-03,292.01848272129286,294.2734616635699,291.9639292406983,293.1550598144531,77709700
2020-01-06,291.4092110411044,294.3552371881082,291.29100260562666,294.2734069824219,55653900
2020-01-07,293.70964975181556,294.182483506946,293.0004268675797,293.44598388671875,40496400
2020-01-08,293.6368940302927,296.21919321098,293.3914034289501,295.0098876953125,68296000
2020-01-09,296.5647551368362,297.08304088810894,295.9828144164329,297.0102844238281,48473300
2020-01-10,297.59219676942917,297.74675568148257,295.69184361108466,296.1555480957031,53029300
2020-01-13,296.77387604888196,298.20139552344506,296.34652203143133,298.19232177734375,47086800
2020-01-14,297.75584613787055,298.80149124864306,297.18300698847196,297.7376708984375,62832800
2020-01-15,297.64671572057415,299.16516667291756,297.5648855268959,298.4104919433594,72056600
2020-01-16,299.78349174098173,300.8927917480469,299.5561763932098,300.8927917480469,54050300
2020-01-17,301.6021218272131,302.03854969119607,300.8292438201229,301.8294372558594,95846000
2020-01-21,300.87464321259114,302.03849689387584,300.80191449746235,301.23834228515625,77742400
2020-01-22,302.09298788425326,302.73858343412036,301.1200993097716,301.274658203125,48914900
2020-01-23,300.62914750870215,302.02941805033095,299.51984731959936,301.6202392578125,51963000
2020-01-24,302.27489868037776,302.35672888648327,297.65583466927774,298.9378967285156,87578400
2020-01-27,293.71876411583315,295.6191174690561,293.38234177437914,294.1461181640625,84062500
2020-01-28,295.5645514816852,298.10139892647504,294.23703741404154,297.228515625,63834000
2020-01-29,298.5832188633492,298.81053417976887,296.7828715678626,296.98291015625,53888900
2020-01-30,294.92805295887075,298.155948000126,294.1824796021824,297.9468078613281,75491800
2020-01-31,297.32860381871427,297.48319053155427,291.62754241384044,292.53680419921875,113845600
2020-02-03,294.00971748755245,296.5647401340601,293.89150905042175,294.7098388671875,69083000
2020-02-04,298.3014390790439,300.06540868055777,297.9831919914277,299.20159912109375,62573200
2020-02-05,302.1203078450114,302.8659089327399,300.66551164748887,302.6567687988281,65951100
2020-02-06,303.6115159327302,303.86610804710017,302.6022212214516,303.6751708984375,50359700
2020-02-07,302.62043938821614,303.68425987543606,301.5111391738703,302.05670166015625,64139400
2020-02-10,301.17464943831084,304.3752394273112,301.138271214443,304.31158447265625,42070000
2020-02-11,305.6573801762899,306.4393318263524,304.31166303033257,304.83905029296875,54864500
2020-02-12,306.2664594334923,307.01206032981906,305.90276047747614,306.8029479980469,43992700
2020-02-13,305.384583005048,307.4395230692545,305.11181562858764,306.4757080078125,54501900
2020-02-14,306.8849361313353,307.08497482236896,305.69380548196455,306.9667663574219,64582200
2020-02-18,305.97562052387593,307.0303672773859,304.79356383100367,306.1756591796875,57226200
2020-02-19,307.13944365167055,308.31237098409207,306.8575748122398,307.6395263671875,48814700
2020-02-20,307.0939679878166,307.91232553087383,303.4023685434506,306.37567138671875,74163400
2020-02-21,305.0300028349485,305.3391484620784,302.40222338164955,303.2205810546875,113788200
2020-02-24,293.8187012092157,303.2931881390229,292.09108259097366,293.1640319824219,161088400
2020-02-25,294.5461478579809,295.15533747281677,283.40769541596455,284.28057861328125,218913200
2020-02-26,285.6717381934317,289.24512881329986,282.5075263003692,283.23492431640625,194773800
2020-02-27,277.7430794140114,283.2895814994862,270.51446533203125,270.51446533203125,284353500
2020-02-28,262.5037337575844,270.8598468580594,259.6304648801433,269.37774658203125,384975800
2020-03-02,271.1508997939303,281.1073256272958,267.74116872064934,281.0436706542969,238703600
2020-03-03,281.41647571156864,285.36266787315276,270.56899107802036,272.9967041015625,300139100
2020-03-04,278.343143597917,284.68979925998445,275.8062960824147,284.4715576171875,176613400
2020-03-05,277.3066158052619,280.4799299446313,272.7875844936558,275.0152587890625,186366800
2020-03-06,266.5500180417733,271.66916501204014,263.89498985282967,270.46893310546875,228667200
2020-03-09,250.31969051543348,258.4030389140831,248.63757886753456,249.3468017578125,309417300
2020-03-10,258.81213904591675,262.3400494352902,248.68295526363653,262.2491455078125,276444100
2020-03-11,255.22964556471337,256.35712064223424,246.30069337444888,249.46490478515625,255316300
2020-03-12,232.7709352018375,242.46366575529143,225.2058731481479,225.59686279296875,392220700
2020-03-13,239.21754031512586,246.84625556596885,225.9696110406633,244.8822479248047,329566100
2020-03-16,219.29567026756763,233.58926139863348,215.82229873657448,218.08636474609375,297240000
2020-03-17,222.80546423875327,232.92556451863092,215.55866179476584,229.86134338378906,262070500
2020-03-18,214.81304740905762,225.83329327447962,207.32982852060815,218.2227783203125,327597100
2020-03-19,217.54082834842114,224.93312927499895,211.14872068807995,218.68649291992188,289322000
2020-03-20,221.81992633759734,223.5942684841913,208.98797436710205,209.26235961914062,347158800
2020-03-23,208.70444775234532,210.0672050409845,199.62238105359475,203.91189575195312,326025200
2020-03-24,214.40243776362843,223.2558517852743,213.8353851846469,222.386962890625,235494500
2020-03-25,223.96009476171582,234.45980644396235,219.27730546743715,225.7161407470703,299430300
2020-03-26,228.21302993098874,240.35901111388173,227.78316298320365,238.89566040039062,257632800
2020-03-27,231.64282838705617,238.53896824316124,229.6123970169316,231.78001403808594,224341200
2020-03-30,233.8653046759227,240.02061371023277,231.8806066353149,239.30722045898438,171369500
2020-03-31,238.31029629114397,240.84375080740338,234.3409002868605,235.74024963378906,194881100
2020-04-01,226.80454835925843,235.6579634150699,223.0729450503608,225.1308135986328,189554600
2020-04-02,224.2527626516447,231.1031684005244,223.70399220839067,230.3257598876953,177660400
2020-04-03,229.34717921138076,231.68858825298818,224.28025521689204,226.99664306640625,135561200
2020-04-06,235.8225935231229,244.2004086447503,226.97833320682912,242.24313354492188,188061200
2020-04-07,250.79474370469424,251.54472923812475,242.27061523602737,242.4901123046875,201427200
2020-04-08,245.0784176857371,252.43187579591768,242.5998371553158,250.63009643554688,153774500
2020-04-09,253.87698064060288,257.18788640634193,251.94717036549818,254.44406127929688,189999200
2020-04-13,253.47452554643522,253.8129261087018,248.233810603204,252.1208953857422,114839100
2020-04-14,256.9865638804305,260.5718115819123,251.98365704305175,259.5566101074219,134143400
2020-04-15,253.86783290758441,259.6938833213936,251.9379948776648,254.04161071777344,121775000
2020-04-16,255.31287012366016,256.1177297950417,252.21236288007296,255.26715087890625,131798300
2020-04-17,261.0108843332455,262.76691639123914,258.2853419351938,262.1632995605469,146684800
2020-04-20,258.47741548206835,262.3004990519238,257.3250281055535,257.5445251464844,100109300
2020-04-21,253.09950011214448,254.29763444548425,248.7916760256004,249.72459411621094,126385700
2020-04-22,254.581194737837,257.0049008539564,253.26415671405383,255.26715087890625,92951600
2020-04-23,256.53848723165555,259.69389720469235,254.94707763393185,255.24888610839844,104709700
2020-04-24,256.7580183558884,259.47440633757606,254.71843163785363,258.8067321777344,85063200
2020-04-27,260.77305162758813,263.6540615008413,260.3157475870202,262.5382385253906,77896600
2020-04-28,266.1692816947441,266.5168372940742,261.02918781823894,261.3310241699219,105270000
2020-04-29,266.63576694119143,269.69971044755005,265.61141007125656,268.17230224609375,118745600
2020-04-30,266.8004266189656,268.2729607567487,263.9468526835562,265.67547607421875,122901700
2020-05-01,260.9468619298038,265.8400213562658,257.4804890548701,258.6420593261719,125180000
2020-05-04,256.76714197902675,259.65730774517107,255.294635917444,259.3554992675781,80873200
2020-05-05,262.16335494813103,264.55046938143977,259.48353122781396,261.75177001953125,79569900
2020-05-06,263.4437285183799,263.827848295089,259.54748902772616,259.97735595703125,73632600
2020-05-07,263.1784396561765,265.03509269262935,262.6113871886323,263.1144104003906,75250400
2020-05-08,266.2333213332557,267.9345072510261,265.10834309873604,267.4680480957031,76452400
2020-05-11,265.54742207503284,268.8948924529247,265.12670999053455,267.5229797363281,79514200
2020-05-12,268.7027718058145,269.1143287808688,262.05355181087856,262.1907653808594,95870800
2020-05-13,261.6328562681384,262.66636814540334,255.13913155221232,257.5537109375,144721100
2020-05-14,255.1299635672098,260.7639254068416,249.67887870539946,260.6358947753906,121977900
2020-05-15,258.25792384810507,261.87976465743145,257.3158784788834,261.83404541015625,111146300
2020-05-18,268.0259508942396,271.4100127656581,267.70586031884966,269.8094482421875,119703800
2020-05-19,269.2149804032603,270.9161385808999,267.01992588852465,267.0382080078125,95189300
2020-05-20,270.5593529321453,272.43428822067204,270.3307009256605,271.5745544433594,85861700
2020-05-21,271.44664299463113,272.2515028766382,268.611351287246,269.6997375488281,78293900
2020-05-22,269.4161179191645,270.3856002837618,268.18139138715867,270.2118225097656,63958200
2020-05-26,276.14762383993184,276.3854308835985,270.23010816848546,273.5409851074219,88951400
2020-05-27,276.32136129957706,277.64755404889337,271.51966935508966,277.6109619140625,104817400
2020-05-28,278.6354121938182,280.6384065978622,276.4312028479003,277.098876953125,90405200
2020-05-29,276.63240179778086,278.91892240887853,273.89773207862925,278.3335876464844,119090800
2020-06-01,277.69336979462093,280.06220196111565,277.18119137546694,279.45855712890625,55758300
2020-06-02,280.37317234448284,281.8182691361264,279.0470070132092,281.77252197265625,74267200
2020-06-03,283.7479363333264,286.4734778309987,283.4735651372863,285.52227783203125,92567600
2020-06-04,284.5436868628639,286.2723094131286,282.6870337042213,284.7723388671875,75794400
2020-06-05,290.1412345834649,293.83623244605394,290.07720529627494,292.071044921875,150524700
2020-06-08,292.87589740127135,295.793500374782,292.3362818049174,295.6014404296875,73641200
2020-06-09,292.9490397309873,295.6745826285939,292.08930565964937,293.397216796875,77479200
2020-06-10,293.9733123467785,294.8604832133015,291.046555614928,291.75994873046875,95000800
2020-06-11,284.8639052224834,285.49498720882065,274.3916564962647,274.9403991699219,209243600
2020-06-12,281.9188104439579,282.68707794933687,273.1020022913101,278.2329406738281,194678900
2020-06-15,272.571533180231,281.95542250093104,271.4008357686363,280.8304443359375,135782700
2020-06-16,288.54054784445304,288.68688847686843,281.3974614499298,286.2357177734375,137627500
2020-06-17,287.2510847303176,287.5437661352904,284.3151714875679,285.046875,83398900
2020-06-18,283.5377389878954,285.6321719795781,283.0804348201973,285.1565856933594,80828700
2020-06-19,288.606925057698,288.7998301267632,281.58855589183077,283.5268859863281,135549600
2020-06-22,282.92969448323436,285.74070848311646,281.79059883305774,285.345703125,74649400
2020-06-23,287.9822882833986,288.9101167071253,286.25525352949296,286.6594543457031,68471200
2020-06-24,284.6292467086996,285.2447431567849,277.5190362259304,279.34710693359375,132813500
2020-06-25,278.77755738775835,282.60826932957065,276.7657488767601,282.34185791015625,89468000
2020-06-26,281.24875849709974,281.4600542364899,275.0571793782524,275.6358947753906,127961000
2020-06-29,276.88519211835774,279.82480106993296,274.6069720524608,279.68701171875,79773300
2020-06-30,279.2552015830545,284.95993198050036,279.0990496919848,283.2696228027344,113394800
2020-07-01,284.3811913050776,286.5124263442875,283.921874858754,285.2538757324219,72396500
2020-07-02,288.6712318949843,290.012456292064,286.1633816866912,286.8247985839844,69344200
2020-07-06,290.6278998033505,291.83130671638787,289.8838093619901,291.2525634765625,61713800
2020-07-07,289.718414264675,291.6842738605442,287.8719533827628,288.24859619140625,82910000
2020-07-08,289.0111086325023,290.5636006128082,287.25654430949635,290.453369140625,54638600
2020-07-09,291.0596644429372,291.29851798418645,285.40088203041387,288.7998352050781,83354200
2020-07-10,288.7355118423281,292.0150381063535,287.31164202517806,291.7486267089844,57550400
2020-07-13,294.081988558485,296.45204937769444,288.57019052506786,289.222412109375,102997500
2020-07-14,287.80768781432056,293.74207676938335,286.6134762105575,292.9704284667969,93657000
2020-07-15,296.1765111680916,296.7552545262097,293.29198967983916,295.6620788574219,87196500
2020-07-16,293.7696908622151,295.1384452286561,293.12663646975597,294.6883239746094,54622500
2020-07-17,295.68955664678975,296.32341557834684,293.7236688220878,295.5425720214844,62774900
2020-07-20,295.27622821454463,298.6751818708139,294.5321376523244,297.93109130859375,56308800
2020-07-21,299.8877446097255,300.3286704937744,297.5819668813905,298.5649108886719,57292200
2020-07-22,298.20658418016615,300.57667257601804,298.09635272630305,300.2643127441406,57792900
2020-07-23,299.90617411436045,300.60434429920406,295.3222035367767,296.6817626953125,75738000
2020-07-24,294.8352766153247,295.7906347636458,293.27358928008266,294.7709655761719,73766600
2020-07-27,295.4599699891878,297.0951357943914,294.66993094112354,296.92059326171875,48293000
2020-07-28,296.1948119559722,297.3063779975777,294.74338424671515,295.037353515625,57495000
2020-07-29,295.9100253712527,299.2263047193863,295.8732722055928,298.6659240722656,48454200
2020-07-30,295.7079903642907,298.0137684247476,293.63189861413105,297.6003723144531,61861700
2020-07-31,299.38247841301813,300.05309057149844,295.1843190245131,299.9520263671875,84986800
2020-08-03,301.6055948819654,302.7998065744939,301.063604773236,302.037353515625,53077900
2020-08-04,301.1830061675054,303.2040100097656,301.1830061675054,303.2040100097656,41917900
2020-08-05,304.49930864404297,305.344463414178,304.2328972007619,305.08721923828125,42697700
2020-08-06,304.50847479244663,307.2459831711578,304.1869476378153,307.1265563964844,43679400
2020-08-07,306.16203189273534,307.631850428163,305.2617613816024,307.3470764160156,57308300
2020-08-10,307.79720470001274,308.4494263523326,305.8680695802584,308.2657165527344,44282100
2020-08-11,309.4416118054088,310.07547098234113,304.99543029793716,305.72113037109375,69601100
2020-08-12,308.1462848519516,310.7551994541002,308.1187269807283,309.9835510253906,53774400
2020-08-13,309.22102584901387,310.72759735332505,308.50449326474353,309.4231262207031,41816100
2020-08-14,309.0373065810643,309.9651348090941,308.31157871851264,309.43231201171875,47260400
2020-08-17,310.442902112571,310.8103497812543,309.4415953007634,310.41534423828125,35481000
2020-08-18,310.8103002489864,311.5084703323429,309.22105499298743,311.0859069824219,38733900
2020-08-19,311.4625096622481,311.97694190316844,309.23023818456306,309.7906188964844,68054200
2020-08-20,308.0727671388715,311.23286708334615,307.9441730893931,310.75518798828125,42207800
2020-08-21,310.42453944890786,312.0780679747212,310.08462162015525,311.85760498046875,55106600
2020-08-24,314.2825941575373,315.09099536585273,311.82986070922544,315.01751708984375,48588700
2020-08-25,315.578035456616,316.2026992516571,314.42054875121903,316.1200256347656,38463400
2020-08-26,316.7079499261824,319.55569004926366,316.1659597726134,319.289306640625,50790200
2020-08-27,320.1527714738535,321.4296566689116,318.3338681796613,319.9873962402344,58034100
2020-08-28,321.00706390510135,322.1829128264426,319.8220196842775,322.0542907714844,48588900
2020-08-31,321.8430202781473,322.71570465324675,320.65797606793086,320.88763427734375,66099200
2020-09-01,321.7145179417289,324.0111008904695,320.8234426362391,323.9100646972656,54908700
2020-09-02,325.81160515901706,329.55961577116307,324.6724810821894,328.5950622558594,69540000
2020-09-03,326.91390709312424,327.38241887389745,314.71446250184243,317.2866516113281,148011100
2020-09-04,317.96646795020814,319.52812734335566,307.6226506452831,314.6961364746094,139156300
2020-09-08,309.31280967637167,314.7603229130816,305.79445875791276,306.09759521484375,114465300
2020-09-09,310.08448592607925,314.59497627275397,309.2209688638553,312.1422424316406,91462300
2020-09-10,314.0071344529514,314.6593560242993,305.76699543534016,306.7223815917969,90569500
2020-09-11,308.49534310221514,309.5517654532482,304.0675252807341,306.8785400390625,84680200
2020-09-14,310.0294570524929,312.6843200062255,307.02553709097856,310.9205322265625,65605700
2020-09-15,313.36404795300973,314.1908119497624,310.929676393618,312.4913635253906,52920900
2020-09-16,313.7223455643582,315.1462154132683,310.97561399935194,311.251220703125,82096000
2020-09-17,306.41925059089203,310.22240503175595,305.8956230024617,308.51373291015625,91523300
2020-09-18,309.31512721590326,309.425799922104,302.4900382490499,304.9618225097656,105877900
2020-09-21,300.3964860710057,301.71538308915785,296.73491293099994,301.56781005859375,99450800
2020-09-22,303.043459504694,305.19242981762375,300.54397867680115,304.6390380859375,63612100
2020-09-23,305.1925142443561,305.4692242600831,297.076193756614,297.5742492675781,93112200
2020-09-24,296.2645346304888,301.4110140489383,294.95484153622937,298.3674011230469,76681300
2020-09-25,297.5188397783968,303.97501178267646,296.6518940041928,303.1910705566406,71069400
2020-09-28,307.33225602777424,308.9370670302283,306.34537719783094,308.2268981933594,64584600
2020-09-29,308.02395029629054,308.7617872255907,305.85651561479375,306.5482482910156,51304000
2020-09-30,307.21229184325324,312.00831599678094,307.0186145881831,308.8724670410156,104081100
2020-10-01,311.4549036577027,312.4233180156539,308.9831193152461,310.85540771484375,88698700
2020-10-02,305.9303234212104,310.82778863279594,305.45993618333404,307.904052734375,89431100
2020-10-05,309.9515464147121,313.5485503664023,309.90544216593185,313.3641052246094,45713100
2020-10-06,313.5024159911563,315.58684573448136,308.40204248328774,308.9093017578125,90128900
2020-10-07,311.8515557905092,315.08887396765715,311.8238876072292,314.2864685058594,56999600
2020-10-08,316.2140356726997,317.136345808454,315.30092949856623,317.07177734375,45242500
2020-10-09,318.7135930004572,320.36453656708585,318.0956607685628,319.90338134765625,59528600
2020-10-12,322.43047714589153,326.51630530793193,321.9416537782736,325.0498352050781,80388500
2020-10-13,324.9113973432425,325.0866385120567,321.96922590473577,322.9284362792969,73255500
2020-10-14,323.50033584861643,324.5886552411015,320.1708091953333,320.8994140625,57727900
2020-10-15,317.0072439350563,320.98239880801316,316.4723163816997,320.5028076171875,60357700
2020-10-16,321.8493854624627,323.500328734651,320.1339018625422,320.30914306640625,89501900
2020-10-19,321.5634563511587,322.1906205529244,314.54468900491094,315.4393310546875,68425600
2020-10-20,316.7766838154975,319.9309973867883,316.02041077038155,316.7029113769531,60051900
2020-10-21,316.65678774336294,318.8150186473506,315.79904590648505,316.1034240722656,63575000
2020-10-22,316.3154741888246,318.4183401585938,314.1849400410323,317.8372802734375,55399300
2020-10-23,319.0547837817538,319.1101201460179,316.47232629384683,318.91644287109375,49143900
2020-10-26,315.5500092529845,316.3339785921289,309.54576053915537,313.02288818359375,91473000
2020-10-27,313.3642136582386,313.6962319163576,311.731706115775,311.94384765625,65994100
2020-10-28,306.2992612343689,311.9714640421637,300.79306752806804,301.2818908691406,127094300
2020-10-29,301.5124642403669,307.49824909412393,299.83385273532434,304.3439636230469,90597700
2020-10-30,302.7759837968387,304.07644452408306,297.5372687463835,301.1711730957031,120287300
2020-11-02,304.546875,306.5390404964642,301.8168162223565,304.546875,86068300
2020-11-03,307.7657776282638,311.9715110465133,304.62992771419084,309.9239807128906,93294200
2020-11-04,314.37874190116787,320.90871596969384,313.20741770500365,316.8505554199219,126959700
2020-11-05,322.1076883413508,324.82851539196406,321.75720587146236,323.0299987792969,82039700
2020-11-06,322.7440352568417,324.20130128726,320.64116890696374,322.9561767578125,74973000
2020-11-09,335.693318037009,336.07146867931255,326.55321857844086,327.0143737792969,172304200
2020-11-10,326.02741100790297,327.5861174374779,323.2789447318522,326.5346984863281,85552000
2020-11-11,328.7114074071208,329.78129080470626,327.47551489956834,328.96044921875,58649000
2020-11-12,327.9550663459089,329.00651354142656,323.97070745695135,325.7691955566406,67546200
2020-11-13,327.6692037314988,331.0171949671076,327.1527121622969,330.27935791015625,62892200
2020-11-16,332.93559901843656,334.59574638349557,331.65357412637275,334.4020690917969,74541100
2020-11-17,332.0040500584204,333.80256645757106,330.5006797195766,332.6035461425781,66111000
2020-11-18,332.8709782269809,333.4151378683076,328.5637772011029,328.6006774902344,70591300
2020-11-19,327.9734711162287,330.35301874563146,326.63611023732454,329.9841003417969,59940900
2020-11-20,329.7259436268605,329.92885302572876,327.6507453802579,327.7245178222656,70417300
2020-11-23,329.5229862809576,330.94335186636596,327.3002153270848,329.6889953613281,63230600
2020-11-24,332.2253327900278,335.5456549747492,331.376823210232,335.0014953613281,62415900
2020-11-25,334.918533340122,334.9462015223956,333.3967270217236,334.48504638671875,45330900
2020-11-27,335.573311382419,335.8868934462718,334.4111916218627,335.4165344238281,28514100
2020-11-30,334.64187053638915,334.90934843385025,331.26623923653534,333.93170166015625,83872700
2020-12-01,337.16896165443563,339.1150227531008,336.57866958962217,337.583984375,74231400
2020-12-02,336.4772067543695,338.4509359040713,335.90537894601357,338.2941589355469,45927000
2020-12-03,338.1927332221173,339.5854307786495,337.10441382598,338.20196533203125,62882000
2020-12-04,338.783041556463,341.1164855957031,338.69080489293344,341.1164855957031,50749900
2020-12-07,340.3508978397775,340.90428958580924,339.1519058456032,340.41546630859375,48944300
2020-12-08,339.1519495672629,341.9742168745156,339.10584531026393,341.41162109375,42458900
2020-12-09,342.0663961179011,342.22317308272335,337.51941379129926,338.3494873046875,74098300
2020-12-10,336.9845044596191,339.2810480632366,336.1175305396437,338.2388610839844,57735400
2020-12-11,336.5510258365132,338.24807342601844,335.03845156732064,337.8422546386719,57698600
2020-12-14,340.0005174178294,341.0703727066199,336.15447068733243,336.3297119140625,69216200
2020-12-15,338.8568165510045,340.8766784667969,337.4918152485287,340.8766784667969,63865300
2020-12-16,341.08880685472656,342.32469929707383,340.21260079833104,341.41162109375,58420500
2020-12-17,343.0439969588717,343.52358804467536,342.2231275166286,343.3206787109375,64119500
2020-12-18,343.6079012926033,343.77461802271546,339.949235092986,341.9499206542969,136542300
2020-12-21,338.05047081899306,350.54546365353127,335.3273176661251,340.727294921875,96386700
2020-12-22,341.0515319715881,341.1626764801447,339.0323313550487,340.153076171875,47949000
2020-12-23,341.11633348883834,342.35749412526934,340.13451942917413,340.4587097167969,46201400
2020-12-24,340.93107872570647,341.8110197666795,340.3475701195771,341.7832336425781,26457900
2020-12-28,344.32114641440614,345.10845766342516,343.7005801859581,344.7194519042969,39000400
2020-12-29,346.2384721497358,346.41446036686983,343.47826119327533,344.0617980957031,53680500
2020-12-30,344.8767719797852,345.58072459626425,344.16357616921727,344.5525817871094,49455300
2020-12-31,344.3581702862446,347.02575115427703,343.8487486102848,346.30328369140625,78520700
2021-01-04,347.6277697833951,347.7574571892461,337.91150340640877,341.58868408203125,110210800
2021-01-05,340.9494813694871,345.0249380719067,340.90315233727534,343.94122314453125,66426200
2021-01-06,342.44076383002215,349.1745581522752,341.89428469428384,345.9975280761719,107997700
2021-01-07,348.3595799979264,351.87928786836846,348.1835917777384,351.1383056640625,68766800
2021-01-08,352.5183216455743,353.3519335138123,349.28574719059816,353.138916015625,71677200
2021-01-11,349.9804442235394,352.5090660622088,349.8600282756686,350.75848388671875,51034700
2021-01-12,350.94378384862574,351.8422112962133,348.60036486061927,350.8326110839844,52547700
2021-01-13,350.75850265414215,352.768431491567,349.98046294933357,351.7773742675781,45303600
2021-01-14,352.51834010082484,353.01851855461456,350.2120072157381,350.5454406738281,49989100
2021-01-15,348.933739417708,349.7302936319594,346.13649993977657,347.9889831542969,107160000
2021-01-19,350.4342113858284,351.25857990215223,348.96149076900673,350.7213439941406,51233300
2021-01-20,353.0000326205539,356.40862425349655,352.61102685664434,355.57501220703125,61836100
2021-01-21,356.13066931635393,356.5567608588735,354.9821386306928,355.89910888671875,47840100
2021-01-22,354.0558980073029,355.79723696621016,353.67613550952814,354.6394348144531,52860500
2021-01-25,355.37122119584785,356.39006461227206,350.5454808302178,356.0381164550781,70402000
2021-01-26,356.9827761467726,357.39032470947745,355.2507088886021,355.4822692871094,42665300
2021-01-27,352.1756829435316,352.26831278333765,344.57124514864984,346.7942199707031,123351100
2021-01-28,348.60038809417415,353.75956226380936,348.16508153694485,349.7767333984375,94198100
2021-01-29,347.92416289657984,348.88746214768764,341.1070095092321,342.7742614746094,126765100
2021-02-01,346.1550740721614,349.5080647438886,343.0614299643618,348.4799499511719,75817600
2021-02-02,351.64767805001776,354.95436791269526,348.563305430762,353.40753173828125,64450700
2021-02-03,354.2319040558715,355.3989777290151,352.41647810504685,353.6854248046875,52427100
2021-02-04,354.7135208194631,357.75159252733863,353.79655056291546,357.7052917480469,47142600
2021-02-05,359.5669757186649,359.8170507574866,357.6589204151108,359.11309814453125,48669800
2021-02-08,360.558106078852,361.7529658186462,359.7059795212632,361.7066650390625,38365200
2021-02-09,360.8729815940819,362.0585979957618,360.465461289318,361.4657897949219,35551100
2021-02-10,363.197890590525,363.34609265440474,358.9186584626159,361.308349609375,59154400
2021-02-11,362.3827831768322,362.7996032364326,359.4743990216484,361.8918762207031,42913300
2021-02-12,361.09534309546916,363.92036905749677,361.0212279279476,363.6795654296875,50593300
2021-02-16,364.90218870691695,365.09671982469814,362.6514280582041,363.3646240234375,50972400
2021-02-17,361.62333111241526,363.69810367108147,360.6137026893847,363.4480285644531,52290600
2021-02-18,360.854465504746,362.64210502833146,359.1409128726459,361.901123046875,59712800
2021-02-19,363.15162613106077,363.43875882521473,360.8174787248331,361.2620849609375,83241000
2021-02-22,358.5110930037713,360.88226938109636,358.21468888994264,358.4833068847656,67414200
2021-02-23,356.28820811887664,360.26179373405154,352.1571772120316,358.9187316894531,107284100
2021-02-24,357.83496090759934,363.2998098164091,356.85314691923423,362.87371826171875,72433900
2021-02-25,361.614054243243,362.9756307811768,352.6943414403151,354.1300048828125,146670500
2021-02-26,356.00102164898425,357.1402809088511,350.33242667147107,352.3052978515625,152701600
2021-03-01,357.1495498565867,362.0864341700933,352.49982648838284,360.8452453613281,105348800
2021-03-02,361.0675824477177,361.29914289591414,357.52933201527884,358.0295104980469,79595300
2021-03-03,357.33478094068346,358.2980519232204,353.18520809288117,353.287109375,119940200
2021-03-04,353.1018857931817,355.67683676199033,344.45079112435485,348.915283203125,183433000
2021-03-05,352.39793809635813,356.3807946921803,345.1547488924629,355.3341369628906,152039600
2021-03-08,356.2881246989713,359.0853643704964,353.28711072907987,353.5649719238281,123149200
2021-03-09,357.39045202087965,361.1509919709042,356.8902734672658,358.61309814453125,113633600
2021-03-10,360.94714665159455,362.53101211553303,359.53926937994413,360.8452453613281,109899400
2021-03-11,363.29983372649673,366.46756487354185,362.8459560202513,364.5039367675781,86245000
2021-03-12,363.15166075062507,365.1338036755719,362.345834837524,364.994873046875,64653600
2021-03-15,365.2449404075043,367.43088589690996,363.1145954350534,367.1715393066406,73427200
2021-03-16,367.782879057633,368.4868036822963,365.9396384500891,366.70843505859375,73722500
2021-03-17,365.4301208451546,368.7553250112462,364.2908334278087,367.9587707519531,97959300
2021-03-18,365.38379682361085,367.4585689638705,361.92890547697283,362.6050720214844,115349100
2021-03-19,362.306000247874,363.87647838803684,359.7690674770165,361.9342956542969,113624500
2021-03-22,362.4453063598302,366.1995871570597,362.3895521009953,364.8242492675781,73778600
2021-03-23,364.1923772601294,365.6327429914725,361.1722317802097,361.95281982421875,90686600
2021-03-24,363.3467123632342,364.97294445181643,360.0663710560635,360.1128234863281,97588600
2021-03-25,358.6817356717282,362.928502774503,356.7488269231494,362.1386413574219,116128600
2021-03-26,363.28159933715943,368.3740383743186,362.68687787049055,367.9744567871094,114409100
2021-03-29,366.50620018848747,368.69000297943103,365.02865575356833,367.7886047363281,108107600
2021-03-30,366.5247931234567,367.48194559201005,365.2237849563697,366.8128662109375,76262200
2021-03-31,367.379739547907,369.85161555750506,367.35186241979716,368.2997131347656,112734200
2021-04-01,370.2232566445008,372.33272962738533,370.0188149536316,372.2769470214844,99682900
2021-04-05,374.9254075734241,378.15929585241673,374.85107802689595,377.62030029296875,91684800
2021-04-06,377.0628133197033,378.43812282723076,376.72825941298316,377.3973388671875,62021000
2021-04-07,377.2300221296708,378.1778727378527,376.77468630209785,377.83404541015625,55836300
2021-04-08,379.07932488554803,379.6833482520154,378.1500494419872,379.6275939941406,57863100
2021-04-09,379.5067812528372,382.55480332633414,379.38597091748704,382.38751220703125,61104600
2021-04-12,381.79272012299043,382.7963248570688,381.18869691716,382.52685546875,56704900
2021-04-13,382.42475109343,384.2833021211937,382.04374472962985,383.6606750488281,56551000
2021-04-14,383.63277915671523,384.68286497352676,381.8114071791653,382.35040283203125,61659900
2021-04-15,384.47840249341357,386.7272614837685,384.43195006619254,386.457763671875,60229800
2021-04-16,387.74014885492164,388.3534740033724,386.32766049921406,387.74945068359375,82037300
2021-04-19,386.82014695346464,387.26618094928665,384.52483581919165,385.8443908691406,78498500
2021-04-20,384.63640040393466,385.73293861586444,381.55119913988244,383.01947021484375,81851800
2021-04-21,382.40615242461456,386.84808797516496,382.2667384186611,386.6436462402344,66793000
2021-04-22,386.4763357663494,387.3033760742911,382.0529760615345,383.1123352050781,97582800
2021-04-23,383.6700044272526,388.66951158839044,383.5956748588698,387.26629638671875,73209200
2021-04-26,387.9166850756221,388.6415186781956,387.33123709676823,388.07464599609375,52182400
2021-04-27,388.37206467020457,388.56723292463965,386.8573412168641,387.9910583496094,51303100
2021-04-28,388.26058398462,389.37572589844,387.41493989916654,387.87957763671875,51238900
2021-04-29,390.59300004695626,390.9647044942961,386.9874073533742,390.35137939453125,78544300
2021-04-30,388.0933284049745,388.93897250611576,386.89455507926465,387.7866516113281,85527000
2021-05-03,389.76600704578584,390.1470133949862,388.1305014883067,388.6230163574219,68128300
2021-05-04,386.64361861912283,387.13613344183,382.55481257184357,386.2254333496094,101591200
2021-05-05,387.8609452628347,388.0932640974251,385.7886510489646,386.3462219238281,60162200
2021-05-06,386.4206161525747,389.5615718594526,384.42267951252586,389.4314880371094,74321400
2021-05-07,390.1934506174759,392.9162206585883,389.51506938475586,392.2657165527344,67733800
2021-05-10,392.6188718952487,392.84188892503846,388.2605678296134,388.3813781738281,81852400
2021-05-11,383.88373990772925,385.9002519938557,381.0587342617995,384.91522216796875,116888000
2021-05-12,382.14593854145664,383.4097394915113,375.42726709184967,376.737548828125,134811000
2021-05-13,378.2801563667472,383.1867295062854,378.23367557967265,381.26312255859375,106394000
2021-05-14,383.9858999881605,387.9631977718594,383.95802285908553,387.1175537109375,82201600
2021-05-17,386.0116948349033,386.9409701694624,384.1252386808852,386.1324768066406,65129200
2021-05-18,386.39271466558824,386.6343353537289,382.6477357955868,382.80572509765625,59810200
2021-05-19,378.14071391443656,381.97859704474223,376.6631412455345,381.8020324707031,106467100
2021-05-20,382.67553575598805,387.1639510846834,382.55475379550967,385.909423828125,78022200
2021-05-21,387.38700043150294,388.6229524956767,385.1381700248017,385.593505859375,76578700
2021-05-24,387.82373290586355,390.59298338499224,387.5821122637456,389.5243225097656,51376700
2021-05-25,390.6023692130514,390.9554984502717,388.08404047916116,388.6601867675781,57451400
2021-05-26,389.2456215946333,389.93327638516723,388.2141394088324,389.4314880371094,43088600
2021-05-27,390.453631092409,390.9647211844155,389.3570646409822,389.6358642578125,56707700
2021-05-28,391.19707455869894,391.457270541841,390.10053636968837,390.3328552246094,58520200
2021-06-01,392.68390661909086,392.8232922551266,389.55225310614026,389.989013671875,54216600
2021-06-02,390.6395043968989,391.43869600618797,389.6358994197464,390.6023254394531,49097100
2021-06-03,388.2977009886876,390.2863354413077,386.83873191934526,389.1526184082031,58138800
2021-06-04,390.99265720434005,393.00919746881766,389.2177376389968,392.7118225097656,55938800
2021-06-07,392.70245396777017,392.8790185472602,391.4014741919741,392.33074951171875,51555000
2021-06-08,393.18568426469994,393.2786174726193,390.5930264269201,392.4143981933594,47134300
2021-06-09,393.2507697660974,393.32512768168914,391.6059624638834,391.8289794921875,48436300
2021-06-10,393.0463062654877,394.5982086261025,391.7360245783089,393.65032958984375,51020100
2021-06-11,394.1986050940301,394.41232026935137,392.9162006051728,394.3008117675781,45570800
2021-06-14,394.41237080126155,395.2858919893771,393.1764469359521,395.1836853027344,42358500
2021-06-15,395.3323529313738,395.3695035287047,393.585310642845,394.4588317871094,51508500
2021-06-16,394.59823144884797,394.82124847769757,390.22135210226025,392.2564392089844,80386100
2021-06-17,391.8476629839961,393.1021623830284,389.663859606148,392.1264343261719,90949700
2021-06-18,388.85959618267134,389.5495007745932,386.6313762009673,386.83648681640625,118676300
2021-06-21,388.58912956449535,392.5608031135424,387.7780195471861,392.37432861328125,72822000
2021-06-22,392.3650319575485,395.3018204521082,391.64713072526837,394.4720458984375,57700300
2021-06-23,394.54667538647084,395.3484532153009,393.9127075517657,393.9966125488281,49445400
2021-06-24,396.13152274866854,396.7468259040809,395.879779369445,396.3273010253906,45110300
2021-06-25,397.0732018408674,398.1826596628426,396.7468856958135,397.7351379394531,58129500
2021-06-28,398.25724298746064,398.70473623877365,397.0638802306052,398.53692626953125,53159600
2021-06-29,398.91918326202716,399.5531510094126,398.2199465974664,398.7513732910156,35970500
2021-06-30,398.2945925943664,399.75833510993823,398.2666242607193,399.0870666503906,64827900
2021-07-01,399.84228149033163,401.45519810294695,399.7770125543945,401.29669189453125,53441000
2021-07-02,402.45271689824966,404.7182371428583,401.38053111850644,404.36395263671875,57697700
2021-07-06,404.4199154656729,404.63435832589875,400.90509541286673,403.62744140625,68710400
2021-07-07,404.3079918986779,405.33354476274883,402.303519022366,405.0538330078125,63549500
2021-07-08,399.75834018924974,402.5086829915684,398.5836132571109,401.7535095214844,97595200
2021-07-09,403.25446917430344,406.34043156356205,401.5576479376436,406.0420837402344,76238600
2021-07-12,405.95820582921755,407.74826443657537,405.529348587086,407.49652099609375,52889600
2021-07-13,406.7132991811884,408.2050096516596,405.8462526062558,406.1072998046875,52911300
2021-07-14,407.79489909676516,408.2797214909891,405.4734420081782,406.7134094238281,64130400
2021-07-15,405.38009436786723,406.0513626561597,403.4315584155207,405.32415771484375,55126400
2021-07-16,406.49891518452205,406.54551958157515,401.75343241278944,402.1449890136719,75874700
2021-07-19,397.34360297120685,402.2102917266134,393.40922985130334,396.2061767578125,147987000
2021-07-20,396.86807940233047,403.15190560272424,396.0756054886236,401.8839416503906,99608200
2021-07-21,403.07734671744265,405.2776264574665,401.8373794156442,405.13775634765625,64724400
2021-07-22,405.31490711357736,406.2285867170565,404.33598703643406,405.9861755371094,47878500
2021-07-23,407.9067170456665,410.49855331355985,407.2261448569842,410.1629333496094,63766600
2021-07-26,409.57560895526535,411.1791931015135,409.5290045509511,411.16986083984375,43719200
2021-07-27,410.13491566325905,410.16288399022255,406.4802263786354,409.29583740234375,67397100
2021-07-28,409.9204951499821,410.49852624000596,407.7109118436593,409.1280212402344,52472400
2021-07-29,410.05111111743514,411.897078053185,410.04177885549115,410.8249206542969,47435300
2021-07-30,408.2702559269949,410.274728423669,408.1397181090116,408.82965087890625,68951200
2021-08-02,410.53585279390853,411.08591559023773,407.6177003787268,407.97198486328125,58783300
2021-08-03,408.76444835011597,411.4122212036647,406.5828332901923,411.291015625,58053900
2021-08-04,410.0137854934574,411.2630850809124,409.0348654177105,409.2679443359375,46732200
2021-08-05,410.4240280683783,411.94370724678896,410.10704413730144,411.85980224609375,38969700
2021-08-06,412.1767254379363,412.9598671143708,411.8970136914866,412.5403137207031,46930000
2021-08-09,412.51236355148603,412.8293474498061,411.44020627292963,412.2047119140625,41222600
2021-08-10,412.6522603659039,413.4260983713757,411.9716880778355,412.717529296875,43339300
2021-08-11,413.78031206478073,413.8362487240308,412.6615219757521,413.7430114746094,44034300
2021-08-12,413.5938909226204,415.12290234474574,412.69887580714226,414.9830322265625,38909400
2021-08-13,415.43054010755844,415.756856285703,414.9457461970688,415.73822021484375,39470300
2021-08-16,414.44228007699377,416.8476419659867,412.8946326638833,416.7171325683594,73740000
2021-08-17,414.17188917128794,414.8431575675143,411.0113539592329,413.9854431152344,92673900
2021-08-18,412.978558984422,414.5355387391959,409.2120240010242,409.45440673828125,89351900
2021-08-19,406.74133861748237,411.28173973529556,406.6014969603048,410.0883483886719,92812200
2021-08-20,410.4332558288395,413.6776955043849,409.94843356779614,413.35137939453125,72008700
2021-08-23,415.02958895216034,417.89180448672965,413.4260050862399,416.9874572753906,54973000
2021-08-24,417.6494140625,418.18084077483024,417.1366518711725,417.6494140625,38744700
2021-08-25,417.8360048031246,419.03867175780704,417.46305570347994,418.5259094238281,40529700
2021-08-26,418.2461253948904,418.47920431591973,415.96196904001306,416.0552062988281,57829600
2021-08-27,416.85696346783124,420.1480365315559,416.80102680571815,419.7751159667969,77235100
2021-08-30,420.4463669901376,422.40423543923686,420.2039558296545,421.62109375,48357400
2021-08-31,421.5278867191652,421.8635067020357,420.3997927296068,420.9964599609375,59300200
2021-09-01,421.9287227307321,422.4414849020611,420.98707492126005,421.22015380859375,48721400
2021-09-02,422.63741044178664,423.3179827747985,421.322841733503,422.5162048339844,42501000
2021-09-03,421.387988849166,422.92630380282,420.9870715426401,422.41351318359375,47170500
2021-09-07,422.0685927572297,422.161830008836,420.23192986344264,420.9031982421875,51671500
2021-09-08,420.3718058247561,421.09901087419547,418.47917779201987,420.39044189453125,56181900
2021-09-09,420.19461777386266,421.938043250285,418.34862279482104,418.5910339355469,57970400
2021-09-10,420.51168409438407,420.931209090967,415.169504855089,415.29071044921875,89948200
2021-09-13,418.27398943027833,418.53503660090104,414.05057340769116,416.3533935546875,83738600
2021-09-14,417.789288718798,417.99439930193716,413.2209476783512,414.1066589355469,78197100
2021-09-15,414.5261632376649,418.05964737696985,413.4260376429731,417.5655212402344,78792200
2021-09-16,417.04343662553293,418.01302440036307,413.9667779592012,416.9035949707031,77786700
2021-09-17,416.13481245625456,416.5556814670835,412.48710977006306,412.842529296875,118425000
2021-09-20,406.7442992472896,408.31560037858753,401.1137607120605,405.9586486816406,166445500
2021-09-21,408.2875359159857,409.5782577328852,405.05139775953694,405.5751647949219,92526100
2021-09-22,407.8386598671586,411.5611742401926,405.68747544919097,409.53155517578125,102350100
2021-09-23,411.39277968477785,416.1067119256756,411.1589540771979,414.50732421875,76396000
2021-09-24,412.8798959122565,415.9009329556939,412.6647660835853,415.1900939941406,62094800
2021-09-27,414.1612437208706,415.32100953578424,413.31011513170654,414.00225830078125,61371100
2021-09-28,411.24311932770905,411.57048088015347,404.9298280542011,405.65936279296875,130436300
2021-09-29,407.0342471994263,408.7645623202573,405.78094542874345,406.3421325683594,82329200
2021-09-30,407.81055870084094,408.5120355292715,401.0389781842043,401.3757019042969,140506000
2021-10-01,403.0966246093554,407.8198901478323,399.58924073132897,406.14569091796875,129240100
2021-10-04,404.9859246361656,405.8838069157906,398.7755032227819,400.90802001953125,128570000
2021-10-05,402.40454874779994,407.3148869982612,401.60956443702145,405.07952880859375,90682500
2021-10-06,401.4972736297954,406.9687986871979,399.87921865411016,406.7630310058594,113032200
2021-10-07,410.0272637647416,413.10438834176847,409.8495540118839,410.27978515625,72437500
2021-10-08,411.0467692620776,411.43024672745184,408.90491846012617,409.53155517578125,74557400
2021-10-11,408.8767566592956,411.77619949626927,406.5010808265694,406.5665588378906,65233300
2021-10-12,407.4831828203635,407.8853559760008,404.7801453584149,405.5657958984375,71181200
2021-10-13,406.5852480931628,407.8385497291835,403.6203558355388,407.02484130859375,72974000
2021-10-14,410.6725909235282,414.0209897091665,410.20493969427326,413.871337890625,70236800
2021-10-15,415.9756898880979,417.38800546762263,415.3583869568452,417.0232238769531,66260200
2021-10-18,415.24622902810097,418.59459923333367,414.5915058971594,418.2579040527344,62213200
2021-10-19,419.87592853190614,421.55009912756316,419.2679591915799,421.4846496582031,46996800
2021-10-20,421.9430117230665,423.4395013974078,421.830779992545,423.14019775390625,49571600
2021-10-21,422.5415781375362,424.468298903712,422.1113470020355,424.24383544921875,41305400
2021-10-22,423.81356137612727,425.2539349972513,421.86811649039765,423.80419921875,58845100
2021-10-25,424.8891720800844,426.40435739743305,423.1214653908989,426.0769958496094,45214500
2021-10-26,427.6202741364318,428.8267936967001,426.0863644802023,426.4604797363281,56075100
2021-10-27,426.9188157990134,427.58287254810574,424.4963573294037,424.5711975097656,72438000
2021-10-28,425.9927757181125,428.7425667516378,425.9834421045025,428.6677551269531,51437900
2021-10-29,426.37633178072844,429.8276001732101,426.0863902989246,429.53765869140625,70162400
2021-11-01,430.5196789876019,430.893822778383,428.55556680181957,430.2765197753906,48433600
2021-11-02,430.44493394260024,432.3249011723894,430.31397788693596,432.0162353515625,48908400
2021-11-03,431.45500068055804,435.05592075419565,431.0154073955712,434.65374755859375,52509800
2021-11-04,435.2523210060828,436.7862306774894,434.90626367716334,436.7020568847656,52847100
2021-11-05,438.91873147438207,440.20009126070624,436.71143139873345,438.2172546386719,66390600
2021-11-08,439.3116013484249,439.8073105381087,437.908647580282,438.5914001464844,50405200
2021-11-09,438.9561516297501,439.1899772416883,435.7387089260269,437.14166259765625,51149100
2021-11-10,435.45815451293214,437.14171625142313,432.1472039925876,433.6249694824219,69429700
2021-11-11,435.1120661491066,435.1869063329562,433.7465324971055,433.7652282714844,34848500
2021-11-12,435.02780204881316,437.59052122194834,434.0831375901782,437.0386962890625,53466700
2021-11-15,438.32021323135274,438.4791986852117,436.06613059639767,437.1884765625,46980500
2021-11-16,436.92662404534116,440.0505314483277,436.85181239288346,438.9188232421875,48857500
2021-11-17,438.65688553568276,438.8345952994172,437.23523596897536,437.8525390625,47858300
2021-11-18,438.8812515456025,439.60145259969585,436.1688805259715,439.3395690917969,50625600
2021-11-19,439.2274065320901,440.4713748786704,438.18923442659184,438.55401611328125,57315600
2021-11-22,440.42460812441726,442.90315404190204,437.11362928083673,437.31939697265625,72762000
2021-11-23,436.99201694576334,438.7503901392518,434.4012394044777,437.8992614746094,73206500
2021-11-24,435.9070024095088,439.18992272744345,435.0932939478714,439.0683288574219,61858800
2021-11-26,432.4277214537044,433.88679095900204,428.1533825042478,429.2757568359375,112669600
2021-11-29,434.0457338068449,436.3746273388419,431.8571299075296,434.54144287109375,86268800
2021-11-30,432.10974551490875,434.0084084065052,425.84320748519656,426.0863952636719,148559600
2021-12-01,431.77301163649753,434.6069767536424,421.1573237370427,421.3537292480469,131939200
2021-12-02,421.56889106102784,429.369310207567,421.1760514660489,427.8073425292969,127637800
2021-12-03,429.46279691605116,430.5196646058951,419.875947732394,424.0848083496094,137331600
2021-12-06,426.61951391631123,430.9780267874127,424.2157797535011,429.107421875,98977500
2021-12-07,434.36381305031244,438.5446161321875,428.976461819127,437.9834289550781,95484700
2021-12-08,438.37629263787375,439.59217446913857,436.62725298872556,439.1432189941406,72238800
2021-12-09,437.8618166085867,439.24607444800387,435.98187817780683,436.17828369140625,61272600
2021-12-10,438.8719839338528,440.4339230591345,436.3279600988827,440.2842712402344,77159800
2021-12-13,439.76988472108684,440.11594207915067,436.1034863624048,436.38409423828125,87724700
2021-12-14,433.1292229901505,435.60776885896564,430.4729673662913,433.3817443847656,97264100
2021-12-15,433.4379460079786,440.3965711333131,430.9313133323819,440.1534118652344,116899300
2021-12-16,441.9958353261995,442.27641461198965,434.7285178494483,436.27178955078125,116568600
2021-12-17,433.2054531879676,436.19955239682724,429.9297889238789,431.6286315917969,135511600
2021-12-20,426.56961576775086,427.4331009530433,423.43473432064894,427.0389099121094,107134800
2021-12-21,430.4459816424699,434.7634937029002,428.28723993397614,434.6227111816406,69806300
2021-12-22,434.3693066437573,439.08100980710736,434.1721824687357,438.9683837890625,58890200
2021-12-23,439.96334315913737,443.1920897716103,439.86011217679714,441.6997375488281,56439700
2021-12-27,443.07001273264143,447.9976015537163,443.0230947726751,447.95068359375,56808600
2021-12-28,448.382431076323,449.4054889482958,446.8243709664045,447.5846252441406,47274600
2021-12-29,447.6879018485856,449.1708589058926,446.6930004438283,448.1571960449219,54503000
2021-12-30,448.57950388680786,449.5838002524032,446.4583137848695,446.918212890625,55329000
2021-12-31,446.43010133910735,447.5751514355115,445.51966964723715,445.7918395996094,65237400
2022-01-03,447.04957296731953,448.50440194397424,444.7500489359987,448.37298583984375,72668200
2022-01-04,449.7903556966754,450.5036920806799,446.3738800084919,448.222900390625,71178700
2022-01-05,447.85686371156027,448.62651310720656,439.522193776869,439.6160583496094,104538900
2022-01-06,439.1561460016045,441.9062031753526,436.8471978839519,439.20306396484375,86858900
2022-01-07,439.2123722486289,440.3856075322897,436.11501391370075,437.4665832519531,85111600
2022-01-10,434.28484075797536,437.1381287170904,428.5594460975087,436.9222717285156,119362000
2022-01-11,436.65950709740383,440.9957810759172,433.6747741107534,440.90191650390625,74303100
2022-01-12,442.62887430153415,444.140016431985,440.1416209152974,442.0938720703125,67605400
2022-01-13,443.1920625646944,443.8396908575435,434.9794139965531,436.0024719238281,91173100
2022-01-14,432.8676006358353,436.52808978679013,431.6568135400959,436.1808166503906,95890900
2022-01-18,431.5065888243464,431.71307940228024,427.3486494050049,428.4561767578125,109709100
2022-01-19,429.9954611015999,431.38455344940263,423.7350645572912,424.00726318359375,109357600
2022-01-20,425.8844492805024,430.56799582128895,417.202507339247,419.3143310546875,122379700
2022-01-21,418.1974651021742,420.5439362137734,411.0548207873205,411.0829772949219,202271200
2022-01-24,405.4983319626778,413.3355505734703,394.92045135440037,412.8287048339844,251783900
2022-01-25,406.46503923320813,412.71604063041366,400.91797904771346,407.7884521484375,167997300
2022-01-26,413.6546462199283,416.7707663219055,402.52297383173703,406.7654113769531,186391100
2022-01-27,411.34574456850135,414.4712312098772,403.0767833933203,404.7568359375,149878300
2022-01-28,406.1084105135008,414.8560610276969,401.54688476779603,414.80914306640625,164457400
2022-01-31,414.142700120237,422.627546532085,412.8005257004034,422.2802734375,152251400
2022-02-01,423.0030831577815,425.7719308528355,419.4927711274475,425.1336975097656,123155400
2022-02-02,427.52700300171256,429.986099950846,425.22745003532464,429.2633972167969,117361000
2022-02-03,423.2564800563561,425.15241844539145,418.3382570186423,419.1736145019531,118024400
2022-02-04,418.9388736381123,424.9739892475167,416.57361290207217,421.1445617675781,118454400
2022-02-07,421.9048228773997,423.2939151867245,418.4695863682104,419.7929992675781,84472900
2022-02-08,419.29553033132913,424.1668055368736,417.878252938021,423.2469787597656,81012000
2022-02-09,427.2642403570165,429.7608891004601,427.06714480037397,429.4417724609375,92589900
2022-02-10,423.6224088627865,429.6012113130062,419.73666847993013,421.7264709472656,140103700
2022-02-11,421.8109600128864,423.8758370313711,411.98393963004395,413.41058349609375,153214600
2022-02-14,412.9037733723224,414.480594825984,408.6050229613756,412.05902099609375,123006300
2022-02-15,416.4798044209463,418.8731931731084,415.96356366027453,418.7042541503906,88482700
2022-02-16,416.6675706954675,420.5439456416827,414.7997888146647,419.1736145019531,84863600
2022-02-17,416.00115999955716,419.1454369302685,409.6187702110395,410.2194519042969,102259100
2022-02-18,410.4728334127503,411.72117196742954,405.3012310451236,407.563232421875,132642900
2022-02-22,405.36695455226914,408.7552449000615,399.70723904825377,403.1894226074219,124391800
2022-02-23,406.08965770586263,406.6528164705641,395.47422526850164,396.0373840332031,132578000
2022-02-24,385.7785700815535,402.4291467489523,385.42193057202616,401.99737548828125,213942900
2022-02-25,403.22691227876925,410.95150442325064,401.58438272743587,410.8670349121094,121804500
2022-02-28,405.49828418057956,411.2893863387321,404.24997439986817,409.8157958984375,145615000
2022-03-01,408.32350426508583,410.3227021337157,400.8804765076019,403.5742492675781,137785900
2022-03-02,405.8174781319554,412.71610887615117,405.0666188393467,410.9985046386719,117726500
2022-03-03,413.42005221055416,414.020733918867,407.1596546990393,408.9523620605469,105501700
2022-03-04,405.2355105238223,406.7560190318932,401.6031782782215,405.6297302246094,113978200
2022-03-07,405.04774297619673,405.751684155261,393.6063500543305,393.67205810546875,137896600
2022-03-08,393.85047743128945,400.974360268534,389.6268294424803,390.68743896484375,164772700
2022-03-09,399.03152381738494,403.1331509298736,396.85399164926844,401.162109375,116990800
2022-03-10,396.57240437767916,400.2422888653408,394.62015289257846,399.35064697265625,93972700
2022-03-11,401.82842103783685,402.4384977081336,393.7659509253849,394.2727966308594,95636300
2022-03-14,395.0424799965583,398.4776882871235,390.255673493645,391.391357421875,95729200
2022-03-15,393.99124132149103,400.62706816648796,392.72416989957503,399.99822998046875,106219100
2022-03-16,403.48976588827804,408.92417189713063,398.7123259052682,408.86785888671875,144954800
2022-03-17,406.96250340047624,413.983154296875,406.58707380377643,413.983154296875,102676900
2022-03-18,412.3788587296018,418.8375640496455,411.6444865688326,418.5174560546875,106345500
2022-03-21,418.3480491435097,420.3440338146594,414.90213969461723,418.3951416015625,88349800
2022-03-22,419.77904208379323,424.22294298577435,419.77904208379323,423.2908630371094,74650400
2022-03-23,420.7676314797247,422.2551954239961,417.75480664692736,417.83953857421875,79426100
2022-03-24,419.85447216024164,424.1477299023903,418.743503870044,424.1383056640625,64736900
2022-03-25,424.7690334312819,426.48257795134367,422.1987166511893,426.20953369140625,77101300
2022-03-28,425.61638352750333,429.2411804199219,423.73337514000565,429.2411804199219,68529800
2022-03-29,433.11073878007403,435.04083957177517,430.4368703799773,434.5512390136719,86581500
2022-03-30,433.41203287887015,434.221741418466,429.7684162817575,431.86798095703125,79666900
2022-03-31,431.1053791315065,431.9244832020018,424.7690454159792,425.2209777832031,121699900
2022-04-01,426.79334974718194,426.93456965820747,422.8672925585049,426.4261779785156,89048800
2022-04-04,426.6237670104872,430.18265143910884,425.8046630222813,430.0790710449219,59601000
2022-04-05,428.5916034503726,431.04891596697667,423.5074858006422,424.6466979980469,74214500
2022-04-06,420.74892398348453,422.66957231264905,417.52896622528687,420.4005432128906,106898000
2022-04-07,419.5248225851807,424.32649940320846,417.5853263725242,422.518798828125,78097200
2022-04-08,421.76560347137945,424.27000788847994,419.8543512494377,421.3890075683594,79272700
2022-04-11,418.131430249241,418.9693828064198,413.6875578619317,414.1865539550781,89770500
2022-04-12,417.16163958908623,419.67546827237953,411.1077748954318,412.65185546875,84363600
2022-04-13,412.40706356027755,418.1313961761753,412.22817547236576,417.3782043457031,74070400
2022-04-14,417.60422818757394,418.7152251179499,412.0776024456247,412.1811828613281,97869500
2022-04-18,411.2584072065128,414.0264315832301,410.1285907836965,412.3505554199219,66002500
2022-04-19,412.2469673182449,419.7225120961973,412.07750347771895,419.0069885253906,77821000
2022-04-20,420.77703385456124,421.3890057859334,417.5382573839223,418.6962890625,65224400
2022-04-21,422.30233899562865,423.68635144045646,411.5315277032449,412.43536376953125,85417300
2022-04-22,411.3526468930056,412.45419083312686,400.55359142974106,401.1184997558594,132471800
2022-04-25,398.8871834126549,403.61352517620196,394.339701051996,403.4440612792969,119647700
2022-04-26,400.9207984996888,401.1185351073373,391.7317352658733,391.7599792480469,103996300
2022-04-27,392.83314518762535,398.1809100903439,390.73360952050496,392.86138916015625,122030000
2022-04-28,397.58781923542455,404.5078808966821,393.17216221026155,402.784912109375,105449100
2022-04-29,398.81181190653876,400.95844060924014,387.1559838147255,387.8997802734375,145491100
2022-05-02,387.96571223373144,391.59050980090655,381.3280891927511,390.2347412109375,158312500
2022-05-03,390.73370329446914,394.42438400889665,389.1801982351646,392.0235595703125,100028200
2022-05-04,392.6825909354839,404.52673082205837,389.5097261213919,403.9618225097656,144247900
2022-05-05,399.7155972479429,400.1392856315828,385.4894825550537,389.6038513183594,172929100
2022-05-06,387.052429506514,390.53597823132685,381.9965559339357,387.27838134765625,151770800
2022-05-09,381.40337111087143,382.63673935937004,373.30642894835574,374.8787536621094,155586100
2022-05-10,380.829020441603,382.32600865511546,371.72469101869683,375.7449035644531,132497200
2022-05-11,374.78456583577383,380.4053467898081,369.03196050848914,369.7757568359375,142361000
2022-05-12,366.5935017624292,372.6473671369606,362.62035271566276,369.3897705078125,125090800
2022-05-13,373.50415422453636,379.59568805484594,372.4684937718504,378.2210998535156,104174400
2022-05-16,376.5828802088455,380.33947297147097,374.3420954969533,376.6864318847656,78622400
2022-05-17,382.74969701428194,384.67037360597254,379.03074397272616,384.43499755859375,83029700
2022-05-18,379.896895930896,380.1793356616667,367.70440661313046,368.9377746582031,117674500
2022-05-19,365.88736256542336,371.0844842086102,364.4656820097794,366.67822265625,98510700
2022-05-20,370.24655877361363,373.8054438090952,358.2800473984459,366.83831787109375,131432200
2022-05-23,369.851096171746,374.46448991142154,367.5444280343373,373.7018737792969,76414900
2022-05-24,369.59687394240024,372.03536628996494,364.3244448543885,370.8490905761719,91448800
2022-05-25,369.36147972355167,376.0838329447459,368.9660640825553,374.12548828125,91472900
2022-05-26,375.3495911735156,383.2299788112734,375.14245904552183,381.6011657714844,82168300
2022-05-27,384.0489933488559,391.08203108602834,383.85128550592344,390.96905517578125,84768700
2022-05-31,389.35905760743515,392.0988383279228,386.04497310590705,388.77532958984375,95937000
2022-06-01,390.8842854474684,391.89167303805095,383.1262718156382,385.63067626953125,86585800
2022-06-02,385.4707269388475,393.02158154719785,383.2299419693613,392.9745178222656,79609600
2022-06-03,388.276330523708,389.8204112199368,385.5553982972068,386.525146484375,71874300
2022-06-06,390.517053280102,392.2399930695001,386.5344807583197,387.70196533203125,57508900
2022-06-07,384.22785213796186,391.8728612940174,383.7664955630781,391.4209289550781,59272400
2022-06-08,389.7168432014017,391.4963000067229,386.3745146420819,387.1653747558594,64350000
2022-06-09,385.39533612934156,387.6549405235344,377.95745849609375,377.95745849609375,86289800
2022-06-10,371.7812098207837,372.6285579152145,366.95128833036904,366.99835205078125,132893900
2022-06-13,357.63041909690946,359.4757595056047,351.4635486063113,353.0641174316406,170004900
2022-06-14,354.80590682519255,355.83214308056677,348.91208061939693,352.0002136230469,104011800
2022-06-15,355.2860394664343,361.4434854707774,350.352566259201,357.0184326171875,125666800
2022-06-16,348.83673585883366,349.24157577546,342.7828419203488,345.2025146484375,134473300
2022-06-17,345.61575893672597,349.2751150795737,342.45755440518343,345.9466857910156,111113900
2022-06-21,351.64851628810544,356.03595201089433,351.5728544262298,354.6554260253906,76811900
2022-06-22,350.4476289196659,358.10676218449237,350.03157524112396,354.012451171875,90059400
2022-06-23,356.13997099447135,358.2107454929241,352.5940787916053,357.482666015625,79292100
2022-06-24,360.6408975327615,368.8579146543749,360.6125315472774,368.84844970703125,98050300
2022-06-27,369.76554984252874,370.05867456131523,366.3520521820949,367.439453125,66009600
2022-06-28,368.99029067465796,371.76080759717377,359.81823772369825,359.93170166015625,86548900
2022-06-29,360.48015261997824,361.4635259830783,357.82309960843037,359.6385803222656,65676000
2022-06-30,355.7616996920369,359.9411371004125,352.2820045953657,356.71673583984375,112508300
2022-07-01,356.0642664574983,360.9245159721641,353.45448087489706,360.4895324707031,74839700
2022-07-05,355.42134927768956,361.1893400506747,352.60353638031745,361.17041015625,81438000
2022-07-06,361.31220220280136,364.8675591963436,358.93883808157653,362.3901672363281,70426200
2022-07-07,364.1584533535955,368.61208657268605,362.40914049035155,367.81781005859375,64525900
2022-07-08,366.1914052999561,369.37800498002616,364.66904928186506,367.5152282714844,72397800
2022-07-11,364.84865422697527,365.81312646509326,362.62655612996804,363.31683349609375,58366900
2022-07-12,362.7683853874002,365.1417783353174,358.3620201292297,360.10186767578125,62219200
2022-07-13,354.68376178018957,361.1325642695577,354.2677081449695,358.2107238769531,84224600
2022-07-14,353.27490712624945,358.4188177084197,350.8448106264778,357.34088134765625,89704800
2022-07-15,361.72831741140106,364.2813716626228,359.82773857300543,364.16790771484375,79060400
2022-07-18,367.24099693727663,367.912344500235,359.94118513181706,361.1609802246094,63203600
2022-07-19,365.0661917579055,371.4866296145937,364.41377404289227,370.9192810058594,78506000
2022-07-20,371.1083701548272,374.6920934702504,369.7467451710396,373.2831726074219,71843800
2022-07-21,372.70635127041953,377.13161760377886,370.31405726547354,377.0843505859375,64903900
2022-07-22,377.2072777513435,378.3986778470548,371.37309072029717,373.5857238769531,72197300
2022-07-25,374.20983824071493,374.8906507241828,371.8080790828495,374.0396423339844,53631500
2022-07-26,372.40379790822186,372.6118247488071,368.7255405509069,369.6143798828125,52946400
2022-07-27,372.8954459743451,380.9517310966384,372.60232120977315,379.2118835449219,82342100
2022-07-28,380.01568879561586,384.6584187925759,376.4792322767679,383.9681701660156,73966600
2022-07-29,385.3959148037413,390.5492896244354,384.630004404881,389.5658874511719,87003700
2022-08-01,386.8804412732961,390.9085837211499,386.1712628905919,388.4122619628906,69997500
2022-08-02,386.85215686600816,390.5209784232061,384.67735424307455,385.849853515625,63435400
2022-08-03,387.9679453326452,393.05512423189873,387.6842854468894,391.89208984375,67820600
2022-08-04,391.8163247050197,392.49713710795265,389.9913792556796,391.6272277832031,45656600
2022-08-05,387.36267776862576,391.608282965117,387.3059458085889,390.9653015136719,56814900
2022-08-08,392.648413572124,394.88941254367694,389.4145475954948,390.51141357421875,53886100
2022-08-09,389.78339679657284,390.2845484240548,387.89225422395475,388.96075439453125,44931800
2022-08-10,395.9862990766892,397.27229089166696,394.0384247471789,397.13043212890625,68665700
2022-08-11,399.9671456794408,401.82048597583395,396.392887760029,397.13043212890625,59489700
2022-08-12,399.05943196261893,403.9574840933842,398.11386071622206,403.8534851074219,61694500
2022-08-15,401.65031698074415,406.03778173235645,401.59358501038247,405.5177001953125,54048300
2022-08-16,404.44920466821014,408.2314897011034,403.6454633274114,406.3119812011719,59289000
2022-08-17,402.7282040772565,406.1228009765339,401.4327762441567,403.42791748046875,63563400
2022-08-18,403.62646741067334,405.2812168418877,402.34050456098305,404.6004333496094,49023200
2022-08-19,401.84890169679676,402.11366050668937,398.2935443726278,399.1634826660156,68016900
2022-08-22,394.3504946497515,394.52071941279587,389.95359392592934,390.8518981933594,77695600
2022-08-23,390.4263025639095,392.80916021108453,389.3578026007289,389.90625,49105200
2022-08-24,389.67933184867115,392.51604543751745,388.9985482896292,391.1544494628906,49177800
2022-08-25,392.63893709582493,396.7238112021701,391.5515360944728,396.6765441894531,50942300
2022-08-26,396.5631721445434,397.1021258692278,383.1927797477306,383.24951171875,103087000
2022-08-29,380.3088348009509,383.7506997474604,379.3632633855895,380.7154235839844,65370800
2022-08-30,381.86889298823525,382.10528576229547,374.4461541114354,376.5358581542969,85652400
2022-08-31,378.16230081283413,379.4009968343616,373.53847243354284,373.67083740234375,76029700
2022-09-01,371.5054577952036,375.1837145120207,368.8105742839667,374.84332275390625,78740100
2022-09-02,378.4932391584454,379.70356914138836,369.08479416646423,370.8908386230469,99632100
2022-09-06,371.7324237676469,372.6685300550319,367.2787913361997,369.4914245605469,76637400
2022-09-07,369.17937898507915,376.89524390582346,368.96191606413413,376.12933349609375,70964200
2022-09-08,373.86940805077325,379.0416547769603,372.6685141668355,378.5877990722656,80821700
2022-09-09,380.8193790648535,385.3297726688279,380.55462025307344,384.46929931640625,76706900
2022-09-12,386.53060660794216,389.32005328167793,386.2280168884876,388.6014099121094,69256300
2022-09-13,379.95892093775177,381.1598150143237,370.5883343007562,371.7041015625,122947100
2022-09-14,372.99947713125925,374.63532571628434,369.8318077999259,373.1224060058594,85023700
2022-09-15,371.5716492033494,374.4083627921359,367.6191685285438,368.88623046875,87633800
2022-09-16,364.72387185360486,366.7272091723702,362.7964492553366,366.07208251953125,103084800
2022-09-19,362.9388349935968,368.910888671875,362.8628623346067,368.910888671875,73278500
2022-09-20,365.5973034872937,366.60372391938756,361.9324194562877,364.67633056640625,77274900
2022-09-21,366.5942260628629,369.6324950611645,358.3054986149796,358.31500244140625,106746600
2022-09-22,357.54590716854085,359.1789716401422,354.5646322346763,355.3052062988281,89472600
2022-09-23,351.8492165492308,351.8872028833452,344.92770661744225,349.3521728515625,122346900
2022-09-26,347.8900418227232,351.4979616366179,344.68087714847763,345.89617919921875,92581200
2022-09-27,349.4185498276247,351.6782582118454,342.6299498244517,345.0130920410156,108294100
2022-09-28,345.9625820630532,353.4822530130937,344.2725525183402,351.8017272949219,110802200
2022-09-29,348.26980398508965,348.55462907314757,341.51918862235004,344.4530029296875,112952300
2022-09-30,343.51297496490554,347.4152519853497,338.9935866635343,339.1264953613281,153711200
2022-10-03,342.82928661109776,349.9217184398143,341.0538099415723,348.07977294921875,89756500
2022-10-04,353.5772481816866,358.8942051643231,348.04193496218414,358.86572265625,103602800
2022-10-05,354.517213813191,360.2803868520497,352.2005400048697,358.0301818847656,88065700
2022-10-06,356.6345194279789,359.5778376786651,353.8431175552407,354.33685302734375,82333500
2022-10-07,350.32063154436236,354.4222866629077,342.6965042864364,344.4530029296875,107789500
2022-10-10,345.56382461416007,345.8011884953058,339.5917702265936,341.8229675292969,76042800
2022-10-11,340.13290031732214,344.68079989118917,337.73077926422997,339.6581726074219,92482800
2022-10-12,340.0665108338142,341.6331067135325,338.2910045967103,338.5378723144531,76991800
2022-10-13,331.5593747401117,348.9344292266556,330.5149678078465,347.4722595214844,147254500
2022-10-14,349.92171536285457,351.5453046771926,338.91753266326896,339.5536804199219,123737000
2022-10-17,345.6113290586685,349.380668806043,339.22148268311986,348.279296875,93168200
2022-10-18,356.16915895876406,356.47299159823325,348.94378930959033,352.371337890625,97162900
2022-10-19,350.33952194733325,353.05497932795237,347.07339321019754,349.8742980957031,79746900
2022-10-20,349.42812063236454,353.8336082385052,346.18096994205536,346.9405517578125,88283100
2022-10-21,346.66512495382386,355.8558455809557,345.1649982836205,355.37164306640625,131038400
2022-10-24,356.8908558861546,360.85006925134127,354.2513416759188,359.72021484375,85436900
2022-10-25,359.64421973765667,365.777693519867,359.5302897254607,365.4643859863281,78846300
2022-10-26,362.33128308167875,367.9900309950609,362.074940471246,362.7110595703125,104087300
2022-10-27,363.7078613534191,365.54030319202553,360.1568787050726,360.7740478515625,81971800
2022-10-28,360.66960588007123,369.8318443830528,360.489207042208,369.35711669921875,100302000
2022-10-31,366.9075331139263,368.7684575139983,365.7871827386335,366.68914794921875,96631300
2022-11-01,370.4206205564319,370.6579844557042,363.91684392135363,365.08465576171875,85407600
2022-11-02,364.49597616975944,368.98691130694584,355.81796759742275,355.9223937988281,126990400
2022-11-03,352.69418764648026,355.28621123903116,350.1496542075025,352.2574462890625,87100100
2022-11-04,357.94474652084614,359.72022378402096,351.29855759340336,357.3276062011719,103505200
2022-11-07,358.61883592099326,361.3342937720169,356.5490298438672,360.7456359863281,68286900
2022-11-08,361.8469568156974,365.65428248614427,358.62831787010947,362.6919860839844,84641100
2022-11-09,360.7266178571878,361.87547986372505,354.7260521981255,355.21978759765625,78495500
2022-11-10,368.43614203225036,375.07285472285605,366.14798010542626,374.74053955078125,141455800
2022-11-11,375.59507007118657,379.16503175995996,373.71513788878525,378.36749267578125,93839900
2022-11-14,376.6110037402308,379.953076506213,374.873484033921,375.1488342285156,71903500
2022-11-15,380.8740658346402,381.9754376853018,374.55068876407796,378.3485107421875,93194500
2022-11-16,376.7249517855088,377.67440728463805,374.8355446142679,375.4621887207031,68508500
2022-11-17,370.7243833730803,374.9874582361336,370.42057963663734,374.3133239746094,74496300
2022-11-18,377.6364392872866,377.7029081294727,373.1740156097614,376.01287841796875,92922500
2022-11-21,374.693181084185,375.8135317656495,372.8132485190349,374.64569091796875,51243200
2022-11-22,376.5824559423881,379.84858445481706,375.1772516835277,379.6871643066406,60429000
2022-11-23,379.3549333957438,382.56409762142516,379.1270733477937,382.07989501953125,68261600
2022-11-25,381.5196875372828,382.54511569451665,381.2443663067082,381.9944152832031,30545400
2022-11-28,378.91824880487053,380.55131366861434,375.13940491752146,375.89898681640625,67881600
2022-11-29,376.0318273628986,377.2186467005862,373.4208248199859,375.2532958984375,52310000
2022-11-30,375.50011084303225,387.073974609375,373.59172517191445,387.073974609375,144566700
2022-12-01,388.1089126426204,389.27675333365096,384.29211197998836,386.7891845703125,76398200
2022-12-02,381.9183997534954,387.24483015277275,381.8139735770751,386.3428649902344,85342700
2022-12-05,383.5325856510467,384.46303355724604,378.044733664679,379.3929443359375,77289800
2022-12-06,379.2314305669505,379.7725980410521,371.8446698446672,373.9239501953125,77972200
2022-12-07,373.0790824780339,375.6426241653655,372.1581093951866,373.2879638671875,65927900
2022-12-08,375.16784142056355,377.2756047091014,373.39233538526526,376.21221923828125,60737900
2022-12-09,374.9779244191876,377.5224579807687,373.2783911110442,373.4018249511719,81447700
2022-12-12,374.18991841017703,378.7853088378906,373.5253169004451,378.7853088378906,75405800
2022-12-13,389.48562607620295,389.74196862339903,378.89920332598314,381.6526184082031,123782500
2022-12-14,381.3107822890158,385.00417782900206,376.2786800874481,379.2124938964844,108111300
2022-12-15,374.37025027855924,375.2722444929256,368.28426670085497,369.9363098144531,117705900
2022-12-16,367.39070005094055,368.72603612102915,363.4419184502397,365.56890869140625,119858000
2022-12-19,365.759638812042,366.09348006584634,360.8093339319744,362.4689636230469,79878100
2022-12-20,361.7154089937889,364.5768550701663,360.39913914135377,362.96490478515625,74427200
2022-12-21,365.5497703655622,369.5176461213456,365.01563604345074,368.39215087890625,78167400
2022-12-22,365.35900443658744,368.37306481720873,357.4614135029072,363.1366271972656,100120900
2022-12-23,362.1160163012456,365.36853035773834,360.57083998702353,365.2254638671875,59857300
2022-12-27,365.11106539954454,365.4544250283312,362.1160705771375,363.7852478027344,51638200
2022-12-28,363.71849326599545,365.6833801994517,359.03528424234065,359.2641906738281,70911500
2022-12-29,362.09689269287287,366.59890189536134,361.5722768337163,365.7309265136719,66970900
2022-12-30,363.0602696961742,364.9106445983467,360.9523169257117,364.767578125,84022200
2023-01-03,366.6179661169216,368.5828232200553,360.3800061783589,363.23193359375,74850700
2023-01-04,365.48293416385536,368.05824707832414,362.4498085414863,366.0361633300781,85934100
2023-01-05,364.0903838205467,364.20483700123856,361.26709863365966,361.85845947265625,76970500
2023-01-06,364.9392455332869,371.27259288151197,361.8870541421074,370.1566162109375,104189600
2023-01-09,372.34092442068106,375.51714610031314,369.76564022685335,369.94683837890625,73978100
2023-01-10,369.3650063190875,372.60797279309605,368.43025676671084,372.54119873046875,65358100
2023-01-11,374.1150200893582,377.32937328940335,373.3042711879849,377.2530517578125,68881100
2023-01-12,378.34990989531553,380.08583153671657,374.29619506277743,378.6264953613281,90157700
2023-01-13,375.4408047607676,380.66772351572655,375.1737376190185,380.0954284667969,63903900
2023-01-17,380.07639986503904,381.74557694149377,378.7219690868492,379.399169921875,62677300
2023-01-18,380.58182787980417,381.6405488233354,373.2088256024032,373.40911865234375,99632300
2023-01-19,371.3775455516614,373.01810918357603,369.37455652309,370.6908264160156,86958900
2023-01-20,372.08341391228544,377.74908002985853,370.44285016934947,377.5964660644531,91806400
2023-01-23,378.3976534216192,384.05377185885095,377.443838004556,382.1270751953125,84178800
2023-01-24,380.457966934161,382.623117843037,379.2752449179819,381.7170104980469,59524900
2023-01-25,377.6632639518551,382.19388763784025,375.38363090426293,381.86004638671875,84800300
2023-01-26,384.51164727734886,386.2189851730942,381.55481340491326,386.05682373046875,72287400
2023-01-27,385.01715091180836,389.3093204688235,384.80731034691763,386.94384765625,68346200
2023-01-30,384.1967601623723,386.4191659324068,381.79315627945675,382.0888366699219,74202000
2023-01-31,382.6039606559222,387.75455778693544,382.2605719895161,387.7068786621094,86811800
2023-02-01,386.49550726473996,394.5648060301805,383.7676093537023,391.82733154296875,101459200
2023-02-02,395.69982017672226,398.9904947612399,393.8112844222463,397.5311584472656,101654500
2023-02-03,392.580846652655,397.7123777653695,392.1039389895125,393.3057556152344,94736800
2023-02-06,390.86405950020315,392.29478274143617,389.2521089864295,390.9021911621094,60295300
2023-02-07,389.98646755802383,397.2545356824887,388.74651927787886,396.01458740234375,90990700
2023-02-08,394.0497069665525,395.3850425222963,390.99748646073925,391.6842346191406,76227500
2023-02-09,395.27066286428095,395.4232768287697,387.06784419886776,388.2887268066406,78694900
2023-02-10,387.115514984604,389.57637508525863,386.304795158678,389.1948547363281,70769700
2023-02-13,389.84347361138623,393.8971894997695,389.38563169094465,393.7636413574219,64913500
2023-02-14,392.24703262517374,395.8810669412816,389.6431352333331,393.5823974609375,88389300
2023-02-15,391.39811939038964,394.9367660502503,390.55875725790736,394.8604736328125,61555700
2023-02-16,389.91022227936105,393.8399372390062,389.2902480643342,389.42376708984375,76431500
2023-02-17,387.30627658309317,388.6893205477336,385.3890983264304,388.45086669921875,89257800
2023-02-21,384.4448207915137,385.4940235203808,380.40065293639157,380.6581726074219,82655900
2023-02-22,381.06829584759197,382.60395368803114,378.68375748701857,380.1335754394531,83742300
2023-02-23,383.01409817857655,383.62455398812614,377.94934088551855,382.1556701660156,96242400
2023-02-24,377.15767915293793,378.9031484388594,375.4598889913447,378.0733337402344,108194400
2023-02-27,381.4021728412389,382.7566035647617,378.4262733452024,379.36102294921875,80444700
2023-02-28,378.8841254999914,380.83943554893773,377.85398850305495,377.95892333984375,96438600
2023-03-01,377.1481633851746,378.3690459735666,375.2119192229247,376.50909423828125,99706800
2023-03-02,374.54423904245056,380.27667913690243,374.2103978176706,379.43731689453125,85127800
2023-03-03,381.24957080469574,385.7706758956866,380.60098327540186,385.5226745605469,90120000
2023-03-06,386.3429340367841,388.6321143894144,385.35098693265746,385.78973388671875,72795900
2023-03-07,385.74202541995913,385.9804792628776,379.2656108960152,379.87603759765625,108310600
2023-03-08,379.99048126599143,381.2494953064361,378.27359630662346,380.4960021972656,74746600
2023-03-09,381.27812390527305,382.9377823434292,372.4934930227915,373.4759216308594,111945300
2023-03-10,372.9322836127058,375.0020758920174,366.5703510301064,368.0869140625,189253000
2023-03-13,364.17622313398334,372.3599748381927,363.06979387547824,367.562255859375,157790000
2023-03-14,372.4649191205908,375.27868623479475,369.17424429944623,373.63812255859375,149752400
2023-03-15,368.06785035886526,371.5015626213284,365.98851059869224,371.30126953125,172996900
2023-03-16,368.9548421813165,378.159154025879,368.44932123547807,377.8157653808594,143254200
2023-03-17,376.4906939277479,377.620484528316,372.01936339877824,373.3981018066406,140553400
2023-03-20,374.17366441642594,377.4003145707897,373.47474047713115,376.98858642578125,93055800
2023-03-21,380.33969578047333,382.4173875215719,378.7503158002034,381.93865966796875,91524200
2023-03-22,381.7662983699507,385.36631171212144,375.3896402926609,375.42791748046875,111746600
2023-03-23,378.2811390116393,382.30246432046795,373.74280870365055,376.4428405761719,119351300
2023-03-24,375.16943071668686,378.99925344252387,372.833236516388,378.9130859375,107682400
2023-03-27,381.18220877571866,381.9481907671168,378.73112484169525,379.6215515136719,74010400
2023-03-28,378.9321907858517,379.6215599838787,376.9406960022324,378.7694396972656,62871700
2023-03-29,382.9152109829554,384.51417469094537,381.7183914833068,384.2748107910156,77497900
2023-03-30,386.89823380236453,387.14718161102934,384.66737508830965,386.52484130859375,69840000
2023-03-31,387.44403279107553,392.2696177717363,387.33869746852054,391.9728088378906,112062600
2023-04-03,391.45576785501316,393.8685456943349,391.0632075126421,393.4664306640625,67391100
2023-04-04,394.1079241464662,394.3951783979073,389.91426336080593,391.283447265625,66601500
2023-04-05,390.5557200333499,391.31211814402246,388.6120863205277,390.2589111328125,65200200
2023-04-06,389.4642553207361,392.05898137720516,388.4206320852357,391.78131103515625,63743300
2023-04-10,389.311073872341,392.26005398593924,388.6983173778572,392.1834411621094,63681000
2023-04-11,392.8057915925013,393.68663448889265,391.52280443872803,392.28875732421875,59297900
2023-04-12,394.3473074281028,394.6345616936378,390.1057853353767,390.6898193359375,86420400
2023-04-13,391.7716880699347,396.2334348165877,390.6323135315357,395.8791809082031,85814800
2023-04-14,395.24728574948534,397.4302835798645,392.61428257068803,394.91217041015625,78161500
2023-04-17,394.82595033401935,396.34830119021314,393.6004083681965,396.32916259765625,66436400
2023-04-18,397.89941712105417,398.0334749409728,395.21855291496564,396.58770751953125,63560000
2023-04-19,394.68236324131743,397.42067233366515,394.62491824072464,396.52069091796875,55227300
2023-04-20,393.7153643600863,396.09944900781187,392.81535363221457,394.35687255859375,75840400
2023-04-21,394.6536546185458,395.122798546293,392.719604685716,394.6632385253906,73457400
2023-04-24,394.46213502684145,395.4962034683657,393.1312868972539,395.0749206542969,64332100
2023-04-25,393.1121085624426,393.6674491748633,388.7461133509764,388.8035583496094,97766700
2023-04-26,389.4163794213185,390.48872511908525,386.6014573550663,387.1567687988281,80447000
2023-04-27,389.6844497545518,395.1323747434497,389.4355019352683,394.8642883300781,92968400
2023-04-28,393.9834220992783,398.2441114946902,393.9259770969372,398.2345275878906,89433100
2023-05-01,397.7940605397827,399.85258413885225,397.60255774112403,397.8323669433594,62122300
2023-05-02,397.12387775512695,397.1717680701673,390.4695783796922,393.361083984375,103998500
2023-05-03,393.85900113849453,396.262224530026,390.4217383465775,390.6611022949219,91531800
2023-05-04,389.6174515879438,389.94298302849234,386.56316548431346,387.89404296875,94901900
2023-05-05,391.51318454758655,396.11854378303155,391.25468204681897,395.0749206542969,87891800
2023-05-08,395.4004926700738,395.6589951973901,393.7823901542241,395.1802673339844,50046800
2023-05-09,393.6387073887216,394.5578565410412,393.21742460657003,393.44720458984375,49220100
2023-05-10,396.2717616781344,396.9036859335044,391.4748993691881,395.28558349609375,96142900
2023-05-11,394.42388691061444,394.88344694585095,392.5281141075764,394.5962219238281,70157100
2023-05-12,395.83135343149405,396.0419948569671,391.6664152391856,394.0791931152344,70481500
2023-05-15,394.68235310668433,395.8408662145273,392.7770257910844,395.4387512207031,54289400
2023-05-16,394.3376626382598,395.25684108298174,392.78658918922883,392.7961730957031,57705500
2023-05-17,394.80685403141115,398.16750358670436,393.16961300605146,397.5643310546875,87287000
2023-05-18,397.24830507598523,401.81538678686417,397.0281089980014,401.39410400390625,97177200
2023-05-19,402.29416293584904,402.82075186824875,399.5941309256764,400.8100891113281,103793300
2023-05-22,400.8292573658007,402.5048047952054,399.59413136502695,400.9728698730469,60745400
2023-05-23,399.33559189738094,400.9058331974647,396.0802485128697,396.4728088378906,86383500
2023-05-24,394.87383509017286,395.256811470501,392.44188978529047,393.60040283203125,89213700
2023-05-25,397.0951701927873,398.4547701518932,394.8643112540631,397.0090026855469,90961600
2023-05-26,397.6600433469777,402.8686044347789,397.5834597512282,402.1505126953125,93830000
2023-05-30,404.074979094816,404.60156797851874,400.9249420409186,402.3036804199219,72216000
2023-05-31,400.48448327405873,401.3844937768836,398.51212729192497,400.0727844238281,110811800
2023-06-01,400.3026119453019,404.9271388982078,399.05793134165066,403.8739318847656,88865000
2023-06-02,406.43990546910896,410.4995078956091,405.9133165725639,409.71441650390625,91426200
2023-06-05,410.0591119636998,411.34209905139056,408.23036813311154,408.9293212890625,65460200
2023-06-06,408.5175766121595,410.34629101870956,407.8664846247956,409.8197021484375,64022200
2023-06-07,410.21228457452565,411.3420751836078,407.9813966367141,408.4026794433594,85373300
2023-06-08,408.4697322463781,411.32296065481773,407.70377939997076,410.8729553222656,61952800
2023-06-09,411.6675524134741,413.61118588050283,410.62392944046087,411.610107421875,85742800
2023-06-12,412.5868209414102,415.4208816171955,411.86872917016797,415.3442687988281,76104300
2023-06-13,416.7995935234062,418.72405947829276,416.13894679853814,418.08258056640625,95899700
2023-06-14,418.41769324198367,420.38046559122165,415.1431821385499,418.5804443359375,100612100
2023-06-15,417.7666014534157,425.0145475724995,417.6708792659641,423.7698669433594,110303100
2023-06-16,425.7476478890072,426.31464161242656,421.8555599029222,422.3264465332031,114165800
2023-06-20,420.39480701035416,421.27892182844886,418.0691445357275,420.13531494140625,76160400
2023-06-21,419.1550409151872,419.95266805370534,417.3963723492286,417.98260498046875,76982300
2023-06-22,417.03123579350665,419.59712182011833,416.69487567418776,419.4914245605469,70637200
2023-06-23,416.0509861285015,418.09794671553647,415.60892874801584,416.320068359375,92074500
2023-06-26,415.75312807727073,417.6655331304873,414.37888755488666,414.619140625,72823600
2023-06-27,415.49365998386605,419.7797664878717,415.0419830447426,419.16473388671875,72813700
2023-06-28,418.0883469905335,420.3851802319676,417.47331443133595,419.3761291503906,75636000
2023-06-29,418.962851943863,421.1924071877769,418.55924326128763,421.0290222167969,67882300
2023-06-30,424.22923858544607,426.97771946925525,423.91208812792,425.99749755859375,104964000
2023-07-03,425.65159486229857,426.76634335863787,425.3728930743293,426.4876708984375,32793400
2023-07-05,424.6809269189928,426.5837417319984,424.6713074116075,425.8533630371094,58418400
2023-07-06,422.2880126868195,422.94149397333916,420.0200085430969,422.5186462402344,80658300
2023-07-07,421.5287406529986,425.38240854551253,421.2115902375523,421.45184326171875,86134200
2023-07-10,421.0963375627214,422.69162140529556,420.52934385873226,422.5186462402344,62443500
2023-07-11,423.27785797330125,425.6995982894802,422.3072262142427,425.20947265625,64463800
2023-07-12,428.9862448970164,430.03374466313784,427.56393630005715,428.6306457519531,91924500
2023-07-13,430.4373699947139,432.8206908722752,430.0049320898392,432.03265380859375,72425200
2023-07-14,432.9168067475371,433.76247288793445,431.00437243683245,431.7635803222656,69815800
2023-07-17,431.6194032211896,434.3102255823968,431.5713350157398,433.2627258300781,52680200
2023-07-18,432.9359794712025,437.1259784249401,432.5035122667073,436.48211669921875,80668200
2023-07-19,437.27013362266524,438.6347544080096,436.40519925341147,437.4527282714844,65891700
2023-07-20,436.462879583876,437.35661380071673,433.8393059855323,434.5504455566406,70591600
2023-07-21,436.2610459263221,436.462879583876,434.5408553784918,434.5504455566406,71275600
2023-07-24,435.6940427674301,437.2989458480087,434.6657528013967,436.49169921875,54023400
2023-07-25,436.22265220298175,438.9326842027925,436.17458399836414,437.6833801269531,55191200
2023-07-26,436.7512104988631,439.17295065598853,435.7037107326863,437.75067138671875,71052900
2023-07-27,441.1238279449385,441.5274659900454,433.94506533743083,434.8484191894531,92194400
2023-07-28,438.1062519781901,439.93216931576706,434.8484065015939,439.105712890625,80011800
2023-07-31,439.5765831414508,440.29734227377537,438.2695913310648,439.9417724609375,62040400
2023-08-01,438.48102764934566,439.42283016702106,437.7314393035273,438.682861328125,55291500
2023-08-02,435.5787978326574,435.83826057949295,431.83085596175755,432.5804443359375,93933400
2023-08-03,430.5719307015857,433.21471435225743,429.92803959884134,431.3407287597656,64276100
2023-08-04,433.14739252633814,435.24239195100046,428.87087677605945,429.38983154296875,100128900
2023-08-07,431.2157929076751,433.2915828601554,430.523862923515,433.1378173828125,58357500
2023-08-08,430.610350839472,433.1282275391779,427.90990879603123,431.2542419433594,71361300
2023-08-09,431.5233041246725,431.6866891018031,427.61197745800644,428.3711853027344,78789600
2023-08-10,430.7160393980688,434.08920144153984,427.36211636743525,428.5249328613281,93005500
2023-08-11,426.66056157281855,429.2841352767268,426.0647387376173,428.2750549316406,68690900
2023-08-14,427.3621646686425,430.6391906738281,427.05463370611966,430.6391906738281,47867400
2023-08-15,428.8708770611947,429.22647618823385,425.0556576931614,425.6226806640625,75707500
2023-08-16,425.20945229682616,426.8623944636419,422.3936935729571,422.4994201660156,80107200
2023-08-17,423.9601849698295,424.21964772988474,418.76110496657503,419.2800598144531,95711300
2023-08-18,416.4738690425287,420.510132174717,416.1279187140494,419.4818420410156,98852000
2023-08-21,420.4908700639508,422.9510589127824,418.3478316599045,422.2110900878906,68719000
2023-08-22,423.97943223887614,423.97943223887614,420.51019164511484,421.06756591796875,64994200
2023-08-23,422.12466824713596,426.37235567304435,421.98052226240617,425.7572937011719,68441000
2023-08-24,427.35254280721006,427.861878130185,419.82780041318796,419.8566589355469,88517300
2023-08-25,421.57678397318654,424.0946310005655,418.0402664588185,422.8164978027344,102325100
2023-08-28,424.99802710166506,426.1128047760357,422.8165399597136,425.4977722167969,61595400
2023-08-29,425.3920253511655,431.92692561420495,425.20943069514846,431.6482238769531,83081900
2023-08-30,431.9846290752829,434.0604190699575,431.2830795696017,433.4261474609375,69053900
2023-08-31,434.04111309241955,435.17510034218884,432.6092144351305,432.79180908203125,66084600
2023-09-01,435.5019052625726,435.9824113556043,432.1479527903315,433.5990905761719,58944100
2023-09-05,433.15708696932927,433.4742081258921,431.6579101191323,431.72515869140625,55166200
2023-09-06,430.91784492057485,431.0235715081806,426.50680264350075,428.8228454589844,70758500
2023-09-07,425.8341358343982,428.17900813567496,425.4881854921281,427.5063171386719,70355400
2023-09-08,427.5542931353447,429.67812174261354,427.1987233377208,428.1501159667969,61659700
2023-09-11,430.76410870034374,431.27344400453364,429.06312762659996,430.9659423828125,60180100
2023-09-12,429.5244300194834,431.04281644605425,428.02525327961035,428.6018371582031,67565400
2023-09-13,428.82292174853706,430.25482073095276,427.7273536183731,429.10162353515625,60199300
2023-09-14,431.5617375492493,433.4933520471616,430.26436526823954,432.8014221191406,83430800
2023-09-15,431.2226976956846,431.5505908236283,427.15292033053095,427.5868835449219,111848900
2023-09-18,427.2783073434339,429.12997218957395,426.80575976702727,427.8376770019531,55752200
2023-09-19,426.92150856778005,427.50980914474906,424.2790562688864,426.950439453125,66514600
2023-09-20,428.2041947836062,428.6188806317765,422.8228144717151,423.0253601074219,82562600
2023-09-21,420.18995642926694,420.45033436985153,415.87907838119946,416.03338623046875,104095800
2023-09-22,417.055696495469,418.64695406116914,414.68324615845955,415.09796142578125,100829700
2023-09-25,413.89246826227424,416.88209127104136,413.45847553843805,416.8435363769531,70874500
2023-09-26,413.81523500166236,414.5192590302796,409.8901119465823,410.7195129394531,96168400
2023-09-27,411.8864702649676,412.44583993852024,407.257352172029,410.88348388671875,104705800
2023-09-28,410.333802865898,414.93399013925836,409.745502299644,413.26556396484375,92258300
2023-09-29,416.30341993440965,416.47700522910236,410.7484550545368,412.2625732421875,115111300
2023-10-02,411.4331625829839,413.34268907348576,409.350050801858,412.0986022949219,83798600
2023-10-03,409.928751834983,412.15651831824437,405.22246490596143,406.582275390625,103760600
2023-10-04,407.0452620235336,410.2856394350738,405.5890052176934,409.5430603027344,87453000
2023-10-05,409.25367196798504,410.22772753300984,406.1772562634744,409.3887023925781,70142700
2023-10-06,406.9487069673823,415.78263268562836,405.627480956343,414.2492370605469,113273300
2023-10-09,412.3590123769111,417.47036086082164,411.80932558041656,416.9013671875,80374400
2023-10-10,417.5282094394434,421.6558488736504,417.1328010827686,419.0712585449219,78607300
2023-10-11,420.13211651194507,421.0386273478204,417.75966631617496,420.78790283203125,62451700
2023-10-12,421.3955169391734,421.7716184606987,415.87913565080567,418.2226257324219,81154200
2023-10-13,419.717357751377,420.91323616360404,414.5771083892652,416.1394348144531,95143100
2023-10-16,418.3769095461698,421.578731455087,418.135809030701,420.51788330078125,75433200
2023-10-17,417.40284337508905,422.54312271495667,417.0556727686725,420.4985656738281,75324700
2023-10-18,418.733716385894,419.68846496991176,413.8152601862858,414.8953857421875,93559800
2023-10-19,415.6091165353134,417.4125438390961,410.57493615662145,411.25,121323000
2023-10-20,410.8159967559263,411.3560595506144,406.09040315558224,406.1965026855469,123919900
2023-10-23,404.67268410500066,409.34041539624207,402.92711894728416,405.492431640625,92035100
2023-10-24,407.60452747929617,409.69729291312706,405.7625160007192,408.5496520996094,78564200
2023-10-25,406.8715348160067,406.9004656959786,402.17487280502843,402.6860046386719,94223200
2023-10-26,401.6252048310319,402.47385382688697,396.9478494758642,397.864013671875,115156800
2023-10-27,399.4457299187491,399.84113833304036,394.6429966038168,396.0606689453125,107367700
2023-10-30,398.83807208389743,401.84700148905324,397.54577698969393,400.7958068847656,86562700
2023-10-31,401.36484674476185,403.63119749728736,399.4649734881191,403.3129577636719,79665200
2023-11-01,404.27731320299,408.4242298564383,403.7468744665271,407.6141357421875,98068100
2023-11-02,411.39458907062107,415.5801196181461,411.37531162600504,415.4258117675781,94938900
2023-11-03,417.72110052299064,420.75896096668146,417.59572355276106,419.2159118652344,100167800
2023-11-06,419.96818924465083,420.6239756178728,418.2419012219719,420.18035888671875,67831700
2023-11-07,420.1802801725134,422.01263795735434,419.04229295606825,421.3761291503906,64256100
2023-11-08,421.9740622310195,422.4948475257227,419.3894720637267,421.68475341796875,61746000
2023-11-09,422.8228118894829,422.86139621479384,417.9718704320272,418.3962097167969,83174400
2023-11-10,420.45998395564305,425.23375607657056,418.386496162944,424.9251403808594,89462200
2023-11-13,423.5943543234561,425.61957523316283,422.81319095971963,424.5201721191406,52236100
2023-11-14,430.43192160638574,434.0387757848984,430.2100985439841,432.7561340332031,97176900
2023-11-15,434.0870491532855,435.3118587523366,432.82368465768604,433.67236328125,77327600
2023-11-16,433.22870327091186,434.52099852551896,432.16785509736394,434.2027587890625,66665800
2023-11-17,434.2123895584984,435.3504063975986,433.2962252275612,434.7428283691406,83133200
2023-11-20,434.49209437852244,438.9283501028601,434.48244093914565,438.0893249511719,69936200
2023-11-21,437.0476983171483,437.9638920043512,435.87112668099957,437.1344909667969,49244600
2023-11-22,438.78368021370784,440.1338372741124,437.73248545127797,438.8222351074219,59394900
2023-11-24,438.87043049439643,439.2851162959046,438.54253734218906,439.09222412109375,29737400
2023-11-27,438.46535397413186,439.2754481049459,437.91563778247536,438.3014221191406,50506000
2023-11-28,437.91563451759527,440.02767719087626,437.3562943235412,438.7353820800781,62115000
2023-11-29,440.8763470143407,442.0047102493057,438.0313789111588,438.4267578125,63146000
2023-11-30,439.2658732507552,440.5003067450598,437.2020386572685,440.1531066894531,79752700
2023-12-01,439.5455132066452,443.28739788218263,438.95724208115644,442.7569885253906,89183400
2023-12-04,439.3815750840775,442.7762596678929,438.1664190963143,440.4327697753906,72430900
2023-12-05,439.0536217240435,441.3006652182618,438.6774908532252,440.3459167480469,69793500
2023-12-06,442.47728857768345,442.50621946104377,438.1374794863498,438.57147216796875,69124700
2023-12-07,440.6449509609681,442.5641016519375,440.0470263897846,441.91796875,66995400
2023-12-08,441.17532857795476,444.3482193835821,440.9342280791031,443.81781005859375,83194400
2023-12-11,443.32592420547695,445.71765157982594,443.11375460427496,445.5440368652344,65002200
2023-12-12,445.1969053461678,447.67542557959507,444.20357245141867,447.5789794921875,68327600
2023-12-13,447.9550337360085,454.0018525473876,447.59820973831967,453.7510986328125,93278000
2023-12-14,455.6799755722313,456.8662007070536,452.54566886194607,455.2074279785156,119026000
2023-12-15,454.61281921772417,455.7844980857444,452.6180987398149,454.4578857421875,141553700
2023-12-18,456.0556626634462,457.9922869448393,455.00020597615196,457.0142822265625,70375300
2023-12-19,457.55647553386444,459.8707554353277,457.4790235748556,459.79327392578125,55761800
2023-12-20,458.9412058569742,460.8197337409229,452.9957847839671,453.4218444824219,102921000
2023-12-21,456.39448757473747,457.99222603483094,453.9834001212354,457.7210998535156,86667500
2023-12-22,458.84445058934176,460.3163041922241,456.7529220335915,458.64111328125,67160400
2023-12-26,459.0477166286851,461.4781598644946,458.97023511368405,460.57763671875,55387000
2023-12-27,460.374329818143,461.5556718202345,459.84176995718065,461.4104309082031,68000300
2023-12-28,461.76866793794215,462.4174204811319,461.16831917837936,461.5846862792969,77158100
2023-12-29,461.39104484329897,461.91394167612276,458.3021267345069,460.2484436035156,122283100
2024-01-02,457.1982355112993,458.66039620914324,455.5811413344983,457.6726989746094,123623700
2024-01-03,455.5230751447963,456.2590018309508,453.3347097921151,453.93505859375,103585900
2024-01-04,453.4605069773082,456.0362204956158,452.25011695275793,452.47283935546875,84232200
2024-01-05,452.6761936894624,455.53272607542186,451.6497852739501,453.09259033203125,86118900
2024-01-08,453.58647486967277,459.7062150403818,453.4605895561088,459.56097412109375,74879100
2024-01-09,456.9174526401683,459.8804854755376,456.4139409568945,458.86376953125,65931400
2024-01-10,459.13494928540655,462.32070492644476,458.85413045307854,461.4588928222656,67310600
2024-01-11,462.45612956579885,462.9693337493614,457.2950395518787,461.25543212890625,77940700
2024-01-12,462.69828839912003,463.4342151118614,460.171007794378,461.5750427246094,58026400
2024-01-16,460.1999916518418,461.5071892712775,458.0696933340662,459.88043212890625,85014900
2024-01-17,456.8690498182248,457.8083137942025,454.9808292885089,457.32415771484375,68843900
2024-01-18,458.98962663985805,461.9429667160371,457.4500139514087,461.3910217285156,91856200
2024-01-19,462.51426116700225,467.4236105266518,461.43944893766223,467.1427917480469,110834500
2024-01-22,468.67280667793506,469.84445618903175,467.4817720101061,468.13055419921875,75844900
2024-01-23,468.67271646916043,469.73783606484966,467.58821172047016,469.4957580566406,49945300
2024-01-24,472.35239332015146,473.2819648001181,469.51524553773123,470.00909423828125,81765000
2024-01-25,472.12958588323926,472.8364643322263,470.0090096373567,472.5653381347656,72525000
2024-01-26,472.1393159497028,473.6208323517754,471.12260001612924,471.96502685546875,76641600
2024-01-29,472.27486373270614,475.8479376894722,471.73261132928997,475.7026672363281,61322800
2024-01-30,475.0151572718124,476.04156568160744,474.5794050287412,475.334716796875,58618400
2024-01-31,473.136623371545,473.58203863496095,467.55913657540736,467.5785217285156,126011100
2024-02-01,469.2730492556767,473.7272903654765,468.4693337474314,473.6982421875,91891600
2024-02-02,474.13398022632504,480.3311713166732,473.795065105255,478.68505859375,99228200
2024-02-05,478.0556906983339,478.7141358274664,474.69564656369516,476.9421081542969,75757100
2024-02-06,477.88139839933996,478.6560658444282,476.45797836644056,478.32684326171875,55918600
2024-02-07,480.5636415654776,482.73265130891053,479.66308881437243,482.3162841796875,70556500
2024-02-08,482.31629753326854,482.9069537723974,481.50291885696174,482.5293273925781,52343600
2024-02-09,483.0328221928446,485.7537769299286,482.693907035265,485.31805419921875,63979400
2024-02-12,485.2889926510743,487.5451468627196,484.38843993132826,485.1050109863281,56502300
2024-02-13,478.8593667536311,481.33824328857344,475.17010013129357,478.4236145019531,113099200
2024-02-14,481.0477983876243,483.25554889436194,478.73351817874396,482.7713928222656,68387800
2024-02-15,483.4685762738627,486.28636814510776,482.9940832312684,486.1023864746094,61683000
2024-02-16,485.8022467252244,486.9351554606331,482.9457138905167,483.681640625,75532900
2024-02-20,481.9482785767016,482.616416260608,478.78190878597854,481.0187072753906,71736700
2024-02-21,479.7212103303219,481.6094012609107,477.92013439516916,481.4544677734375,59293400
2024-02-22,488.0390264949041,492.3770461062639,487.08037735176976,491.4184265136719,76402500
2024-02-23,493.1323109036816,493.9650747069926,491.03109011668937,491.75732421875,61321800
2024-02-26,492.19303641539864,492.62878868752523,489.83035248988597,489.95623779296875,50386700
2024-02-27,490.64373169951057,491.089146972122,488.755511365846,490.8664245605469,48854500
2024-02-28,489.3171901171775,490.7987065984109,488.9589193319282,490.2177429199219,56506600
2024-02-29,491.9703479594554,493.5874126583201,489.3365378000111,491.9800109863281,83924800
2024-03-01,492.85151281479995,497.02490613181874,492.4448087227075,496.5988464355469,76844800
2024-03-04,495.80491059914067,497.90613146747353,495.775832865413,496.0663146972656,49799300
2024-03-05,494.0715838516931,494.5170287187888,488.910493074669,491.1085510253906,72855600
2024-03-06,494.37174481528393,495.84359816125266,492.3092648064121,493.59710693359375,68382400
2024-03-07,496.8797004283906,499.54255878511856,493.65520448812254,498.49676513671875,58652100
2024-03-08,499.12617653924883,501.7986682913954,494.9333685962926,495.5046691894531,86532500
2024-03-11,494.30394494541804,495.6595759026315,492.38667645201275,495.0785827636719,62557200
2024-03-12,497.17989237365043,500.9853520856395,494.67193786467755,500.4043884277344,73114400
2024-03-13,500.7238851600706,500.89817425614416,498.1869120376378,499.6199951171875,55104100
2024-03-14,500.5882744583001,500.7432374898184,495.60150263891603,498.63232421875,110171800
2024-03-15,495.5775722193378,497.02486035398107,493.5475153242832,495.2084655761719,107646300
2024-03-18,499.25887018669476,500.696405939081,497.74361217385916,498.15155029296875,88893300
2024-03-19,497.461870313395,501.2014309193572,496.46138163610317,500.9197692871094,60755300
2024-03-20,500.9781262063219,505.68900816762243,500.30791251207177,505.5530090332031,69594600
2024-03-21,508.37959846754006,509.0789209741204,506.9420033961542,507.2237243652344,60256100
2024-03-22,507.13623802282444,507.621898374332,506.02891819305677,506.2620849609375,79070800
2024-03-25,504.8924815953154,506.00952410002293,504.70792829326916,504.8633728027344,48512100
2024-03-26,506.28145712240774,506.62145492992863,503.5326622935472,503.9308776855469,65463700
2024-03-27,506.7477422439313,508.2047232896313,504.5913794682458,508.16583251953125,82999800
2024-03-28,508.20475523799445,509.56456872863964,507.78709442613604,508.0687561035156,96294900
2024-04-01,508.8069933985052,509.34120798380326,506.0289708424648,507.1848449707031,62477500
2024-04-02,503.37728547043406,504.0960533819684,501.6677513647756,503.9601135253906,74230300
2024-04-03,502.8721374777498,506.00954373427334,502.8235832984241,504.513671875,59155800
2024-04-04,508.50584318362684,508.8457817223291,498.0544227328248,498.35552978515625,96858100
2024-04-05,499.70559240907556,505.5140703375904,499.26848630383614,503.56170654296875,74546500
2024-04-08,504.26110380982067,505.26153318113694,503.0372303910679,503.8433837890625,48401800
2024-04-09,505.5723596612767,505.8151898052063,499.59871440672913,504.42620849609375,68049200
2024-04-10,498.7537372482173,501.35686962666665,497.40364652298035,499.3753967285156,82652800
2024-04-11,500.89063294902877,504.5816396156678,497.3939022721514,503.14410400390625,70099000
2024-04-12,499.61825717169796,501.0266841379513,494.4799620247676,496.19921875,92561100
2024-04-15,500.3564559239092,500.5215638494566,489.13768362770764,489.9827575683594,92101400
2024-04-16,490.45864647041304,491.97390429784934,487.8069304512228,489.0890808105469,73484000
2024-04-17,491.5368440989878,491.7019816659058,484.8055985468662,486.194580078125,75910300
2024-04-18,487.5835926622845,489.6719263116465,484.26166270979206,485.1941223144531,74548100
2024-04-19,485.11641894359934,486.10715539894034,479.6964327690104,480.95916748046875,102212600
2024-04-22,483.5525564034497,487.9720832401042,481.22139272247443,485.38836669921875,67961000
2024-04-23,487.3893392755089,491.575729461392,485.2038675228729,491.1483459472656,64633600
2024-04-24,492.0322045112339,492.81897189579723,488.7005816711836,490.9151916503906,55928100
2024-04-25,484.8638119842185,489.8078303014316,483.22227779209175,489.0502014160156,69122400
2024-04-26,491.8282151706386,495.25697586630093,491.19686267902955,493.6834411621094,64306100
2024-04-29,495.4609621651781,496.1020373711397,492.70241499072074,495.43182373046875,46415400
2024-04-30,493.9748031317947,494.9461237340898,487.5835266113281,487.5835266113281,77483600
2024-05-01,487.0007337039303,493.6154247072787,485.5340300927016,486.0002746582031,80242800
2024-05-02,489.6913450667022,491.38146331084295,485.22326373492274,490.5461120605469,62550200
2024-05-03,496.5002799659129,497.8504002906167,493.97484028154764,496.6265563964844,72756700
2024-05-06,499.0160258932404,501.79398895747323,498.5789197070483,501.7551574707031,47264700
2024-05-07,502.7168065572067,503.6978500813618,501.6386546639094,502.3088684082031,52561300
2024-05-08,500.4826885782833,502.89154482386346,500.36613484283316,502.3573303222656,42047200
2024-05-09,502.54195892504737,505.2908133815383,501.89119059047965,505.2519226074219,43643700
2024-05-10,506.8448626028078,507.65107540024,504.68855906076743,505.9027099609375,52233200
2024-05-13,507.57334496613424,507.6801760152973,504.8342134653113,505.97064208984375,36716400
2024-05-14,506.16491953750125,508.80694268932734,505.6307050054446,508.2921142578125,57535900
2024-05-15,510.7496962878672,514.8778102004903,510.11831397557637,514.58642578125,59504900
2024-05-16,514.6834008229457,516.2763809484062,513.381805041238,513.5275268554688,50244800
2024-05-17,513.6440876053468,514.3337466322346,512.1968292743588,514.2657470703125,59187600
2024-05-20,514.3822167259287,516.3151350820737,513.9936648026625,514.858154296875,37764200
2024-05-21,514.1006064390205,516.2763551432357,513.8966077662355,516.1209106445312,33437000
2024-05-22,515.4311944327159,516.1402393542455,512.4686197823247,514.6347045898438,48390000
2024-05-23,517.6751302863473,517.7819613409337,509.67139747589715,510.8758850097656,57211200
2024-05-24,512.7116164560648,515.0622552748287,511.7694638177849,514.2560424804688,41291100
2024-05-28,515.0621241684744,515.2952315955285,511.99271828640394,514.6152954101562,36269600
2024-05-29,510.6038417042634,512.1870991360792,510.3027346685339,511.01177978515625,45190300
2024-05-30,509.4771735375275,510.13766452658996,506.3786580054075,507.6219177246094,46377600
2024-05-31,508.57386073354985,512.3716988043419,503.49381286592205,512.2454223632812,90785800
2024-06-03,513.848128094292,514.1297897725609,507.61220612199116,512.6630859375,46835700
2024-06-04,511.36150323340104,513.974358217118,509.90452222280885,513.2361450195312,34632700
2024-06-05,515.5478835476441,519.3554439193825,513.566351467224,519.3359985351562,47610400
2024-06-06,519.6371847519142,520.0645682770622,517.4031587596616,519.3263549804688,30808500
2024-06-07,518.3550094881825,521.4924158492759,517.2671349822953,518.6950073242188,43224500
2024-06-10,517.8888118681492,520.6182209175571,517.2963204143864,520.2976684570312,35686100
2024-06-11,518.7532508345464,521.608936050015,516.791164059003,521.5506591796875,36383400
2024-06-12,526.0964430443454,528.5150221365492,524.8045698950608,525.8341674804688,63251300
2024-06-13,527.5729418210138,527.747772459327,524.1150419766954,526.8930053710938,44760900
2024-06-14,525.3680286737572,527.2426708093075,524.3675397366727,527.2135620117188,40089900
2024-06-17,526.533556163689,532.7985867082562,526.0770045940598,531.4095458984375,55839500
2024-06-18,531.4677705153928,532.8859199795279,531.0501097581155,532.7596435546875,41376400
2024-06-20,533.6823413010612,534.3428321311172,529.544506459073,531.3123168945312,70328200
2024-06-21,530.4928609392509,531.7109286219036,529.1481094595256,530.6000366210938,64338600
2024-06-24,530.4247136467889,532.9777790963483,528.7583754205319,528.8753051757812,45528700
2024-06-25,530.0934194702492,531.272530660959,528.5830271026286,530.9119873046875,37936200
2024-06-26,529.8010709636176,532.2859175813455,529.1579572826417,531.5745849609375,38550600
2024-06-27,531.4381433443106,532.9875518697215,530.6975485510812,532.41259765625,35041500
2024-06-28,533.1824029810238,536.2227551968151,529.0799883321372,530.3175048828125,76144500
2024-07-01,531.6915058832783,531.9351194589271,528.6609672764391,531.408935546875,40297800
2024-07-02,529.8108789121317,534.9852294921875,529.7621680864318,534.9852294921875,40434800
2024-07-03,534.6733620352073,537.7331629819162,534.6344052723863,537.3726196289062,32789900
2024-07-05,537.6746345682784,540.8708135451888,537.0412155224441,540.4713134765625,41488400
2024-07-08,541.2508572097279,542.0401627530802,540.0327894282602,541.094970703125,36110500
2024-07-09,542.0499170234392,542.9463982576794,541.3288304126829,541.6211547851562,27289700
2024-07-10,542.8392819787523,547.3217481165079,542.5469575742852,546.980712890625,38701200
2024-07-11,547.097658299037,547.9649369537367,541.6309836132551,542.2643432617188,53054200
2024-07-12,543.3850551249718,549.2707387585696,542.9173360080182,545.6847534179688,53084400
2024-07-15,547.6725298408394,550.4107438001307,545.3338159394242,547.185302734375,40584300
2024-07-16,548.4910214723672,550.7225001410881,547.7406727188134,550.43017578125,36475300
2024-07-17,544.5250561904461,546.1913944708481,542.3909988738491,542.7125854492188,57119000
2024-07-18,544.2424632762184,545.2266716040288,536.3688561297039,538.5418701171875,56270400
2024-07-19,538.3080081974957,539.9256355832753,533.9132099479913,534.9656372070312,65509100
2024-07-22,538.8732666357521,541.0852970880696,536.9438660153718,540.4811401367188,43346700
2024-07-23,540.3738971671513,542.517708645555,539.1461346384042,539.6333618164062,34439600
2024-07-24,534.8390224206132,535.1411009025868,526.4879411580819,527.4039306640625,74515300
2024-07-25,527.520781647899,533.4747422855404,523.7204457786454,524.6558837890625,61158300
2024-07-26,528.427065396124,533.2116094688655,527.6572084941715,530.5318603515625,53763800
2024-07-29,532.0715719711993,533.0752290029756,528.8558251034021,530.84375,39515800
2024-07-30,532.305359200303,533.3577863863941,524.7630932312389,528.1541748046875,46853600
2024-07-31,534.9559286681133,539.3604813512061,533.5917282671721,536.7391967773438,65663400
2024-08-01,538.4542703754322,540.6955035812163,525.6499253938641,529.1384887695312,76428700
2024-08-02,522.0639142511643,523.272228120303,515.096541908473,519.2867431640625,82789100
2024-08-05,498.5698192467497,510.2048061292907,497.23479185731094,504.1631774902344,146267400
2024-08-06,505.9561065265441,516.2171383151375,504.64061708101707,508.8113098144531,84826300
2024-08-07,514.9698561147811,518.0102083711349,504.8160585530724,505.41046142578125,70698300
2024-08-08,510.52636582888704,517.7178438799879,508.50929760994603,517.09423828125,63276600
2024-08-09,516.2755714297688,520.8555180126824,515.0575036936727,519.3743286132812,45619600
2024-08-12,520.5632672781688,522.044397411093,517.3865366569688,519.6472778320312,42542100
2024-08-13,522.8239831490899,528.4270952564345,522.5803695792055,528.1931762695312,52333100
2024-08-14,528.9825253913183,531.0386692920978,526.3222840215557,529.8595581054688,42446900
2024-08-15,535.4626581650564,539.2240376315274,534.8585012342127,538.9414672851562,60846800
2024-08-16,537.3334715360415,540.8415420362439,537.1775850470358,540.149658203125,44430700
2024-08-19,540.5589895349276,545.3143310546875,539.7112190916396,545.3143310546875,39121800
2024-08-20,544.8660675368706,546.5128974468605,543.0925538279611,544.4275512695312,33732300
2024-08-21,545.4703215908407,547.7505114259203,540.55903368272,546.298583984375,41514600
2024-08-22,548.1889915317105,548.79314842079,540.8026115148097,542.0109252929688,56121500
2024-08-23,545.2364013003757,548.7054559638492,543.053573875613,547.7699584960938,50639400
2024-08-26,548.7931322733509,549.504464836925,544.7686315002069,546.4641723632812,35788600
2024-08-27,545.197411094177,547.7017657101911,544.057316249273,547.2145385742188,32693900
2024-08-28,546.8734758569603,547.3022380940843,540.8610504788411,544.0377807617188,41066000
2024-08-29,545.9964997373786,549.2804060501943,542.9464529460971,544.0865478515625,38715200
2024-08-30,546.4447596496766,549.7871307787254,542.9074857644326,549.2803955078125,62700100
2024-09-03,546.1524339283656,546.4837745967734,535.4724516729985,537.976806640625,60600100
2024-09-04,536.144708671945,540.2666308743978,535.4236220855641,536.8755493164062,47224900
2024-09-05,536.8170931187602,539.652728695669,533.1238736044508,535.5697631835938,44264300
2024-09-06,535.8913798019039,537.5089477091443,525.659610039857,526.5560913085938,68493800
2024-09-09,530.7365485093424,533.718376233379,528.8168426461983,532.4515380859375,40445800
2024-09-10,534.3517437427556,535.1216007015946,529.4989803786028,534.770751953125,36394600
2024-09-11,534.6829869259533,541.1728251882878,526.1662674430748,540.2568359375,75248600
2024-09-12,540.8319486336209,545.1098177442108,538.6199181027828,544.8077392578125,51819600
2024-09-13,545.4117823691347,548.646977454259,545.1584147606665,547.6530151367188,39310500
2024-09-16,547.389917673041,548.7249152296453,545.5969551700833,548.4618530273438,36656100
2024-09-17,550.6640241107275,552.1062567166426,546.4641290442629,548.6859130859375,49321000
2024-09-18,549.3389057758787,554.1624668793891,546.5032696834501,547.0587158203125,59044900
2024-09-19,556.4231830771506,558.2454079377469,553.5680389935643,556.3939208984375,75315500
2024-09-20,555.0314034219361,556.4682163688195,552.4215869805491,555.43212890625,77503100
2024-09-23,556.4976160471946,557.4652754060183,555.2855361955778,556.8201293945312,44116900
2024-09-24,557.6117584874984,558.471913246618,554.7967173955426,558.4132690429688,46805700
2024-09-25,558.2568638249757,558.9899461465259,556.0771251545262,557.181640625,38428600
2024-09-26,561.4238456875147,561.7464186568862,557.0449191197562,559.3907470703125,48336000
2024-09-27,560.4561405350975,561.2673753932927,557.5531033653197,558.5794067382812,42100900
2024-09-30,557.5531842584909,561.4238811603136,555.266000370726,560.81787109375,63557400
2024-10-01,560.4659694617594,561.1110557410046,553.2328657284514,555.7937622070312,72668800
2024-10-02,554.9042964358707,557.0448994143397,552.519332659213,556.0283203125,38097800
2024-10-03,554.5622564279636,556.9472206385742,552.7344420976066,555.0119018554688,40846500
2024-10-04,559.4394429913752,560.4266699063736,555.2853104952931,560.0552368164062,42939100
2024-10-07,558.4133612174717,559.0585072225006,553.8487175811873,554.9923095703125,49964700
2024-10-08,557.553120131347,560.8373745453375,556.683241044493,560.2410888671875,37398700
2024-10-09,560.2312569183572,564.6786707180951,559.6350309496581,564.1215209960938,37912200
2024-10-10,562.7824731556751,564.5516429072721,561.5313172618801,563.1343383789062,44138100
2024-10-11,563.0561277259117,567.2396131412746,562.9192713637127,566.5065307617188,42268000
2024-10-14,568.1094778484854,572.0681703246292,567.6305402513053,571.1395874023438,36217200
2024-10-15,571.4035256005812,571.7065305951428,565.4899467305453,566.7020263671875,54203600
2024-10-16,566.7021056174783,569.6832957534668,565.900594951752,569.1652221679688,30725400
2024-10-17,572.6937458614649,572.8990304200946,569.0283336899422,569.2140502929688,34393700
2024-10-18,570.8952748825009,572.1855071059618,569.4388940141822,571.403564453125,37416800
2024-10-21,570.6802188403536,571.6576620923939,567.5035282712228,570.4652099609375,36439000
2024-10-22,567.9433552717076,571.3155462187071,567.288485036852,570.1621704101562,34183800
2024-10-23,568.1485895916966,568.5884509212708,561.462852493989,564.9523315429688,49314600
2024-10-24,566.8975538777448,566.975766047179,563.5644984283806,566.1742553710938,34979900
2024-10-25,568.39295320261,571.27642231265,565.0403304898274,565.9786376953125,47268200
2024-10-28,569.4389192842264,569.5659916825215,567.4253885260767,567.7283935546875,30174700
2024-10-29,566.7704826769054,569.7614568362504,565.3825298731324,568.647216796875,42899700
2024-10-30,568.1779762445088,570.1622147162088,566.2230897069062,566.9268798828125,41435800
2024-10-31,562.5773069834572,562.6457351787716,555.617914920504,555.8134155273438,60182500
2024-11-01,558.4327703071272,562.5673353166255,557.7485482406672,558.1590576171875,45667500
2024-11-04,558.2959404133777,559.5861724591027,555.0801741045641,556.9568481445312,38217000
2024-11-05,557.8658847297456,563.7305435334926,557.6508758763042,563.6914672851562,39478300
2024-11-06,575.9096065772254,578.5780077061257,572.1855499757824,577.7080688476562,68182000
2024-11-07,579.7020264980958,583.1915058614667,579.6238143381844,582.1749267578125,47233200
2024-11-08,582.722322897382,586.1140819812399,582.722322897382,584.69677734375,46444900
2024-11-11,586.2802708315078,586.6321361059588,583.5336575099662,585.2539672851562,37586800
2024-11-12,585.175669871058,585.7718958867575,580.9628921945897,583.4358520507812,43006100
2024-11-13,583.8952319310844,585.7132619411553,581.5396200997641,583.7192993164062,47388600
2024-11-14,583.846361756873,584.3252993650702,579.2817188550297,579.9658813476562,38904100
2024-11-15,576.4178358264271,576.8870491794336,570.6900323906797,572.5374145507812,75988800
2024-11-18,572.9966610430482,576.1929190461736,572.1365660073782,574.8831787109375,37001700
2024-11-19,571.5208668268807,577.7080396739373,570.856212572816,576.9847412109375,49412000
2024-11-20,577.0629483995475,577.463673880748,571.4426497345274,577.1802368164062,50032600
2024-11-21,580.0148784351488,581.6960522761343,574.1990788649406,580.2787475585938,46750300
2024-11-22,580.2689646034843,582.7028485393122,579.7705186323628,582.0772705078125,38226400
2024-11-25,585.9966768325361,587.3064171117452,581.7741156946049,584.0515747070312,42441400
2024-11-26,585.2928908378436,587.7658504090859,584.5793764966282,587.1011962890625,45621300
2024-11-27,586.9155638447446,587.2967213513849,583.807301635719,585.3223266601562,34000200
2024-11-29,586.13348818314,589.7402555167076,585.8598351444666,588.9583129882812,30177400
2024-12-02,589.3688921712513,590.6884762739834,588.8801705758093,590.0140380859375,31746000
2024-12-03,589.7794288278096,590.5320194756874,588.7531254655074,590.2876586914062,26906600
2024-12-04,591.9689462717889,594.1974858067216,591.3042920365143,593.953125,42787600
2024-12-05,593.9531512779432,594.7546619184587,592.6238427485821,592.9757080078125,28762200
2024-12-06,593.738143242676,595.3313805479372,593.3276337729875,594.0997924804688,31241500
2024-12-09,593.982457801793,594.1486064406603,590.4539021843977,591.0403442382812,34742700
2024-12-10,591.7147950136848,592.1350884376395,588.5478885385655,589.2027587890625,37234500
2024-12-11,592.115471217255,594.7056594686418,591.8417585310408,593.757568359375,28677700
2024-12-12,592.8974892997352,593.4643633790662,590.6982421875,590.6982421875,31543800
2024-12-13,592.7215354493896,593.4350498406591,589.2124883774769,590.5809326171875,35904700
2024-12-16,592.3306244931046,594.0705021581772,591.5584657830842,593.102783203125,43695200
2024-12-17,590.5613371724975,591.519212300668,589.2906730995711,590.6590576171875,55773500
2024-12-18,590.3561165933274,592.7312963771194,572.674202761188,573.055419921875,108248700
2024-12-19,578.0207549395101,579.6237759904493,572.635033748792,572.87939453125,85919500
2024-12-20,570.561095027684,584.2717241370053,569.7176190978377,579.7603759765625,125716700
2024-12-23,579.5053432293004,583.8303494697157,576.337534899556,583.2321166992188,57635800
2024-12-24,584.5756905048978,589.7539893082886,583.997031715741,589.7147216796875,33160100
2024-12-26,587.9493315050056,590.8718961830699,586.5567076471659,589.75390625,41219100
2024-12-27,586.0271828680434,586.2626090728168,579.3778441686201,583.5459594726562,64969300
2024-12-30,576.5631199685903,580.338917958557,573.150128529516,576.88671875,56578800
2024-12-31,578.5441892688881,579.2601650774656,573.1599745686183,574.7880249023438,57052700
2025-01-02,578.0342139844852,579.740679758371,569.3154835989945,573.375732421875,50204000
2025-01-03,576.2099775379395,581.1822402167261,575.1311355296597,580.5447998046875,37888500
2025-01-06,584.7816606701658,588.145567536734,582.1630605707853,583.88916015625,47679400
2025-01-07,585.909501046868,586.2331597023842,575.4745472605013,577.2888793945312,60393100
2025-01-08,577.357566647636,579.2013495963691,573.9250009242365,578.13232421875,47304700
2025-01-10,574.5918906635376,574.6605491609225,567.4031005646302,569.3057250976562,73105000
2025-01-13,564.6765795569504,570.5413429214275,564.2646286559713,570.1882934570312,47910100
2025-01-14,573.1011353265001,573.7288188278344,567.2069202769688,570.9729614257812,48420600
2025-01-15,578.956079102548,582.4965105633459,577.847846118657,581.35888671875,56900200
2025-01-16,582.7220679112103,582.8985926554029,579.5445027973688,580.2408447265625,43319700
2025-01-17,585.458295644929,587.8120185370946,584.1342704001028,586.0663452148438,58070600
2025-01-21,589.0968201243991,591.4407861448484,587.1353543049476,591.4309692382812,42532900
2025-01-22,594.2457979602253,596.109214840216,593.6965898049438,594.7557983398438,48196000
2025-01-23,594.1279244823332,598.0018310546875,593.8533504222348,598.0018310546875,41152100
2025-01-24,598.0608006812332,599.0121428376514,595.1087847128249,596.2562255859375,34604700
2025-01-27,583.3496990163546,588.1356800712656,583.1829911938827,587.8218383789062,70361100
2025-01-28,589.0477983536082,593.7062796977629,585.7427332202798,592.8726806640625,44433300
2025-01-29,592.0880171861997,592.4901511824414,587.6747192887742,590.21484375,37177400
2025-01-30,592.3234809305729,594.9125703683252,589.1458559611356,593.3826293945312,39281300
2025-01-31,595.7952259985301,598.2078504382997,589.4694869358445,590.2246704101562,66566900
2025-02-03,581.2509121761593,588.7240915852041,579.1129217803689,586.252685546875,65857200
2025-02-04,586.3116394651887,590.6954873423298,585.7722482747779,590.185546875,33457800
2025-02-05,589.0674493379312,592.7255640609287,587.0471418694162,592.5784301757812,30653100
2025-02-06,594.3142808571387,594.7654395103566,591.0190328991121,594.637939453125,35771500
2025-02-07,595.1970887375172,596.4131881290857,588.4888484089631,589.1950073242188,50788500
2025-02-10,592.3921407355843,593.8337894109928,591.1269569453736,593.1962890625,26048700
2025-02-11,590.940628411795,594.1868520894046,590.8229452462591,593.6474609375,30056700
2025-02-12,587.6551628450902,592.9020598913557,586.9784547529548,591.7349853515625,45076100
2025-02-13,592.8333911581238,598.1882142232939,591.5780842005947,597.9822387695312,40921300
2025-02-14,598.1882471856823,599.2180047928703,597.3350143232245,597.952880859375,26910400
2025-02-18,599.1101412981178,599.7083740234375,596.6583089558027,599.7083740234375,26749000
2025-02-19,598.3255406648384,601.4148133650798,597.8155404050764,601.12060546875,31011100
2025-02-20,599.7574359511714,599.8947529370754,595.3245635051746,598.6198120117188,36554000
2025-02-21,598.4039822903428,598.5412992676794,587.9199448031515,588.3809204101562,76519800
2025-02-24,590.4208138598086,591.4113636230724,584.9973324269623,585.7034912109375,50737200
2025-02-25,585.6446767168586,586.3704094872951,578.200887648266,582.7907104492188,58266500
2025-02-26,584.4481941378576,588.0278934374002,580.4566037497201,583.0849609375,43321600
2025-02-27,585.3504695068715,586.4979702201956,573.3855747451564,573.77783203125,74196700
2025-02-28,574.2780198233005,583.2615078706541,571.2181376161361,582.73193359375,88744100
2025-03-03,584.6932674866979,585.8309510440972,568.726968794248,572.5223999023438,74249200
2025-03-04,568.5407916793482,574.1113483546197,561.224501400552,565.7456665039062,109648200
2025-03-05,565.5788471805596,573.611051865237,562.038415848593,571.8261108398438,71230500
2025-03-06,564.3921877543482,568.9918277562862,559.1354734261878,561.6755981445312,80094900
2025-03-07,559.9004915315724,566.2654391000913,554.7320094861279,564.82373046875,81158800
2025-03-10,556.6541826711317,558.56656383442,544.885388513382,549.7792358398438,99326600
2025-03-11,548.6220367842027,553.1530182295099,541.3842228164132,545.2090454101562,88102100
2025-03-12,551.3386407379146,552.2605321303586,543.022044250635,548.1022338867188,69588200
2025-03-13,547.7295040716507,548.3375536768395,539.0892496749408,540.7957153320312,74079400
2025-03-14,545.3953858640715,552.9666753566005,540.8644044287432,551.96630859375,62660300
2025-03-17,551.9466761244148,558.7333912461695,551.5151512314662,556.2227172851562,49008700
2025-03-18,553.9178933850532,554.1336857355857,548.2884964881091,550.2107543945312,66041400
2025-03-19,551.9859849662871,559.9495323368723,550.8090933649922,556.203125,66556000
2025-03-20,552.4763086964069,559.5768056668136,551.7603329396793,554.5946655273438,62958200
2025-03-21,550.1543252489805,555.6727731535583,548.9247213465745,554.777587890625,83763000
2025-03-24,561.4863807824129,565.7654388953832,560.8961948547495,564.712890625,58766800
2025-03-25,565.9129505962637,567.0048245728844,564.3292350043083,566.0703735351562,38355700
2025-03-26,565.8047238585734,566.926137079624,557.9352585138073,559.3124389648438,51848300
2025-03-27,557.9253706609946,561.5847029950913,555.7219301343026,557.8270263671875,42164200
2025-03-28,556.3023922676962,557.0303082338021,546.0130443195492,546.5933837890625,71662700
2025-03-31,540.8585640195936,551.5610423029548,537.9468400615768,550.2625732421875,95328200
2025-04-01,548.3541875419536,553.7545984642982,544.6456828297712,551.8167114257812,54609600
2025-04-02,545.9933271249679,558.1614830372098,545.7572527723408,555.308837890625,76014500
2025-04-03,536.2155597389653,539.02887941269,527.9428100585938,527.9428100585938,125986000
2025-04-04,515.1253804215398,517.2894955361414,496.81904991432106,497.03546142578125,217965100
2025-04-07,481.20796639726615,514.6335008889374,473.9385334512268,496.1501159667969,256611400
2025-04-08,513.344881818952,516.413968489066,481.1784603514281,488.3790283203125,165816600
2025-04-09,485.38869689536773,539.6683349609375,485.0050459934576,539.6683349609375,241867300
2025-04-10,523.4866909882965,524.7950065034121,501.0095530572283,516.0205688476562,162331200
2025-04-11,514.47613358467,527.6771446389012,511.58410272380377,525.227783203125,97866300
2025-04-14,535.1727312016046,535.3990191212766,525.1489988978119,530.3231811523438,68034000
2025-04-15,530.8642142693149,534.3661235223595,528.0508951584542,528.8378295898438,56892900
2025-04-16,523.0046160988867,529.1133096787019,511.80045133694625,517.0828247070312,83484800
2025-04-17,519.0305887702018,522.5029590498531,515.3614098145464,517.8206176757812,79868100
2025-04-21,512.656330465215,513.1875578394483,500.1635713405903,505.4951477050781,69368100
2025-04-22,511.6529994400941,520.6635112296127,510.71848838241135,518.64697265625,75948100
2025-04-23,531.6119173418257,536.5303334599773,525.1688042348989,526.6836547851562,90590700
2025-04-24,527.9624225863133,538.4976913582739,526.7131857388315,537.769775390625,64150400
2025-04-25,537.7305086834277,542.0586792500782,534.8187844540605,541.6553955078125,61119600
2025-04-28,542.3931048050576,544.5178341418862,536.127047500035,541.8618774414062,47613800
2025-04-29,539.9535693584907,546.3868965128709,539.5994577828174,545.2753295898438,47775100
2025-04-30,538.6354556420874,547.4394329210733,532.6841838633078,545.49169921875,93101500
2025-05-01,551.2265048528457,554.8661444027258,548.7574506167018,549.3574829101562,63186100
2025-05-02,555.5153624660799,559.105829955879,553.203731094349,557.5122680664062,60717300
2025-05-05,553.390643044351,557.4040871519024,552.5348434974896,554.3153076171875,38659200
2025-05-06,548.8263903141681,554.1579367361115,547.8722463773032,549.6821899414062,48264700
2025-05-07,551.0102132045591,554.6203140304898,546.9672292946763,551.993896484375,55588000
2025-05-08,556.0170215722441,561.0043020556944,552.5348050390884,555.8399658203125,65130800
2025-05-09,557.2368112120467,558.2401872369107,553.577538715433,555.1317749023438,37603400
2025-05-12,571.9821994255728,573.4872634297448,567.6244903747194,573.4774169921875,78993600
2025-05-13,573.890562385163,579.4680890959,573.3299158219985,577.2646484375,67947200
2025-05-14,578.2188228927168,579.3697154326957,575.9858428026291,578.00244140625,66283500
2025-05-15,576.0054901792878,581.3271894858746,575.5529743261593,580.8255615234375,71268100
2025-05-16,581.6027608803485,584.799731658972,579.6649335656915,584.504638671875,76052100
2025-05-19,578.5040593733968,585.8226647003453,578.5040593733968,585.1439208984375,68168500
2025-05-20,583.4126480536456,584.3569454237166,579.9795435318993,583.176513671875,60614500
2025-05-21,578.8385171464103,582.910979810613,572.3265394745135,573.3495483398438,95197700
2025-05-22,573.1528300863163,577.0482371941405,571.9232260794693,573.5758666992188,70860400
2025-05-23,566.5817726606184,572.3166619439528,566.207968279521,569.6607055664062,76029000
2025-05-27,576.507266661779,581.6617574386509,568.9919119990551,581.50439453125,72588500
2025-05-28,581.9075989404909,583.0978771602481,577.412159762467,578.1400756835938,68445500
2025-05-29,583.383198499108,583.5209285665185,576.5072620387259,580.4223022460938,69973300
2025-05-30,579.320555390729,581.4846704969287,573.7233954302501,579.7730712890625,90601200
2025-06-02,578.1696961697437,583.1175918640782,575.5137392971141,583.0389404296875,61630500
2025-06-03,582.6749573775863,587.3376063335356,582.1929021565289,586.36376953125,63606200
2025-06-04,587.2196435839252,588.1934805096547,585.7735978159724,586.2064208984375,57314200
2025-06-05,587.8785767379185,589.2262178754949,581.405924678812,583.373291015625,92278700
2025-06-06,588.8918048716712,591.0264408134955,587.1211869788787,589.364013671875,66588700
2025-06-09,589.9343452374746,591.4394090598247,588.7244343491709,589.89501953125,53016400
2025-06-10,590.426305457828,593.6232758793388,589.3147986704665,593.2396850585938,66247000
2025-06-11,594.3315698285918,595.1873694307895,589.491865174911,591.5477294921875,73658200
2025-06-12,590.2197770479303,593.8987426757812,589.7377818775473,593.8987426757812,64129000
2025-06-13,588.7344360351562,592.0297509680191,585.7636933525403,587.2589111328125,89506000
2025-06-16,590.6034857060379,594.587391119647,590.4263698749754,592.8462524414062,79984100
2025-06-17,590.4164146901995,591.9312649464777,587.0226962194246,587.7801513671875,82209400
2025-06-18,588.675394655937,591.4100028153547,586.7375074721152,587.6917114257812,76605000
2025-06-20,590.3564008840085,591.4219361573308,584.910398616743,586.3114013671875,94051400
2025-06-23,587.0611349460189,592.4873858895392,583.9534091720473,592.1026611328125,87426000
2025-06-24,596.2266992885851,599.699459496435,595.3189919942236,598.6438598632812,67735300
2025-06-25,599.7586334214261,600.4492593088346,597.4204170810242,598.979248046875,62114800
2025-06-26,600.8241399898848,604.0996298621668,600.2124582889446,603.66552734375,78548400
2025-06-27,604.6620460106875,608.1249909093486,602.6395460052738,606.664794921875,86258400
2025-06-30,609.1016996773074,610.9169938229498,606.7930496988761,609.5653686523438,92502500
2025-07-01,608.0953617899536,610.5322734636828,607.2666588703396,609.3681030273438,70030100
2025-07-02,608.9635746030316,612.1699961712587,608.3420172970813,612.1305541992188,66510400
2025-07-03,614.1037538406599,617.8824153010514,614.0840027457131,616.9550170898438,51065800
2025-07-07,615.0014790783108,615.6625385416997,609.5851029977032,612.357421875,74814500
2025-07-08,613.0184402574613,613.7682592313246,611.2130216520668,612.0220336914062,59024600
2025-07-09,614.4194576258184,616.3432624074327,612.5843521193799,615.692138671875,66113300
2025-07-10,615.8303157415752,618.4644977127873,614.6562696587606,617.4285888671875,57529000
2025-07-11,614.389851486408,616.4814202079069,613.196114561925,615.258056640625,63670200
2025-07-14,614.804107370719,616.7772896477138,613.4623578743809,616.4320068359375,51898500
2025-07-15,619.1057169315715,619.4411242116038,613.7189074073614,613.7978515625,74317300
2025-07-16,615.3764310442137,616.3531467698953,609.7627242916457,615.8499755859375,88987500
2025-07-17,616.0275671883336,619.9739319743786,615.8104858123922,619.6187133789062,68885700
2025-07-18,620.861886140426,621.0295897988693,618.0600006009754,619.1649780273438,65621600
2025-07-21,620.3389282226562,623.0717447236228,619.9147012599321,620.3389282226562,63375000
2025-07-22,620.6644455724645,621.2860027914654,617.7934919268233,620.4276733398438,60046300
2025-07-23,623.0817490356008,625.7061157226562,621.2861455699198,625.7061157226562,70511000
2025-07-24,626.0907872079496,627.6200518287297,625.488980993582,625.9132080078125,71307100
2025-07-25,626.5742531786653,629.0308557161836,626.3276053702117,628.5572509765625,56865400
2025-07-28,628.9321516432593,629.4846403177779,627.0181622678288,628.3994140625,54917100
2025-07-29,629.7905378170077,630.1062542617998,625.8343572512257,626.7420043945312,60556300
2025-07-30,627.3930824208583,629.129492632239,623.0718079865017,625.9526977539062,80418900
2025-07-31,630.8856625012866,631.2703873241156,622.3121821287813,623.6046142578125,103385200
2025-08-01,617.9020886786027,617.9415908673775,610.9860743719428,613.3834838867188,140103600
2025-08-04,617.2805351933534,622.7561046288977,617.191775701563,622.706787109375,73218000
2025-08-05,623.3184070376644,624.1274190145356,618.6320990296246,619.5496215820312,68051400
2025-08-06,620.615200817688,624.9463507668227,619.7075537473198,624.2952270507812,64357500
2025-08-07,627.7087670325432,628.4388348760696,620.6743670535704,623.7722778320312,74205800
2025-08-08,625.5580704635792,629.099959687417,625.2423540250035,628.63623046875,64051600
2025-08-11,628.9123942278318,630.3824053553956,626.14989093076,627.3930053710938,58742300
2025-08-12,629.7313011159781,634.2301547632397,628.2514142554742,634.0723266601562,64730800
2025-08-13,636.2625497647373,637.5254154950222,634.0624705008762,636.2428588867188,60092800
2025-08-14,634.1709920856589,636.9630622902898,633.7270741796365,636.3020629882812,59327500
2025-08-15,637.3279901454413,637.4266853878233,633.9045478514146,634.8121948242188,68592500
2025-08-18,634.2400307460651,635.3647592128409,633.5691559281859,634.6741333007812,43804900
2025-08-19,634.4965103700933,635.4732259966958,629.9187128752989,631.2308959960938,69750700
2025-08-20,630.8265133126017,631.0829764734092,624.4629872631401,629.5537719726562,88890300
2025-08-21,627.7483287539096,629.4156102095885,625.3114169787772,627.028076171875,54805800
2025-08-22,629.2083536818665,637.8311503175282,628.7051825829001,636.6571044921875,84083200
2025-08-25,635.404241216521,636.6374803454853,633.736899505491,633.8552856445312,51274300
2025-08-26,633.5889446007113,636.8545593934813,632.9673872646679,636.5092163085938,51581600
2025-08-27,635.9270971923372,638.6895405097797,635.7790844255956,637.95947265625,48341100
2025-08-28,638.5612839961418,640.7712386679527,636.6867968305069,640.21875,61519500
2025-08-29,638.7882298477452,639.1533240222955,634.5163329434167,636.4006958007812,74522200
2025-09-02,628.9518765829083,631.9017745733,626.406454480519,631.6847534179688,81983500
2025-09-03,634.05255551225,635.5719445130327,631.8722274787872,635.1082153320312,70820900
2025-09-04,635.7790859642552,640.4457033002755,634.8813144651941,640.4160766601562,65219200
2025-09-05,642.7444163544111,643.4646688785257,634.7037341963564,638.561279296875,85178900
2025-09-08,639.922799046398,641.1264716601992,638.5514227841185,640.1300048828125,63133100
2025-09-09,640.2680535026645,642.1327252974712,638.5415189260096,641.60986328125,66133900
2025-09-10,644.8557277247635,645.7732503039375,641.9058297062181,643.4646606445312,78034500
2025-09-11,645.4082598463015,649.502637640468,644.8262047273438,648.81201171875,69934400
2025-09-12,648.7823644090812,650.2721267910674,648.0917987261137,648.5949096679688,72780100
2025-09-15,650.7950437367242,652.1762353081463,650.499078415473,652.0479736328125,63772400
2025-09-16,652.6004677140577,652.9063688014267,650.3708221309846,651.1502075195312,61169000
2025-09-17,651.1600740883537,652.8471065185831,645.5266166017295,650.3411865234375,101952200
2025-09-18,653.0148488941834,655.9746224265324,651.4165760040546,653.3798828125,90459200
2025-09-19,655.2606553211801,657.4569312262267,653.3215535907623,656.6160278320312,97945600
2025-09-22,655.1320445581616,660.1676828141602,655.1023357778903,659.7225341796875,69452200
2025-09-23,659.6037721086419,660.2172101260659,654.914373896894,656.1312866210938,81708900
2025-09-24,657.4173382288552,657.5162467217733,652.6289715744526,654.043701171875,68082200
2025-09-25,650.91749472694,652.3717757310584,647.4251431178142,651.0263061523438,89622100
2025-09-26,652.4707616041429,655.3002210405111,650.8581544995363,654.756103515625,69179200
2025-09-29,657.2689872647139,658.1792111877495,654.7956708332731,656.5962524414062,73499000
2025-09-30,655.8542079251938,659.5345338964465,654.5482897020846,659.0695190429688,86288000
2025-10-01,656.0916347397471,662.2254710850941,655.9828233173913,661.3153076171875,72545400
2025-10-02,663.2938778298502,663.4125921637317,659.6630669539827,662.0769653320312,56896000
2025-10-03,662.8389040732001,665.5001949823258,661.0284195287326,662.0672607421875,70494400
2025-10-06,664.4514922823549,665.3320074034157,662.314573504463,664.4415893554688,54623300
2025-10-07,665.3616291701808,665.8068381763353,660.5436138980969,661.9781494140625,72020100
2025-10-08,663.0960778489103,666.0245059882836,662.2749199573431,665.925537109375,60702200
2025-10-09,666.3410972158545,666.7466945063586,662.0671995495462,663.996337890625,66501900
2025-10-10,664.9560020556908,666.7565834688588,645.8719162752307,646.0499877929688,159422600
2025-10-13,653.5985682812151,658.030731623523,652.7279561413051,655.9630126953125,79560500
2025-10-14,650.1556317834018,658.7232324647772,646.1983260713891,655.16162109375,88779600
2025-10-15,659.7026642450096,663.0762408380068,651.8968641380318,658.0702514648438,81702600
2025-10-16,659.702653099313,661.572494532197,650.0962717870328,653.588623046875,110563300
2025-10-17,652.4608239631079,658.6540174880462,651.1153544209424,657.2986450195312,96500900
2025-10-20,660.197387427611,665.0352086527322,660.1479331778372,664.1348876953125,60493400
2025-10-21,664.2734231364246,665.8068672167763,662.8289846309673,664.125,56249000
2025-10-22,664.8274246920023,664.8274246920023,656.2202718491607,660.6722412109375,80564000
2025-10-23,660.988802941274,665.5298380529869,660.6722112216523,664.5899658203125,65604500
2025-10-24,669.2398161192735,671.2283116328227,668.4384640813665,670.0213623046875,74356500
2025-10-27,675.4428672302427,678.2228723013301,674.8393925526769,677.9260864257812,63339800
2025-10-28,679.7167206093349,681.5568533012904,677.520444889974,679.7266235351562,61738100
2025-10-29,681.368983551386,682.338564675443,675.5814471238866,680.05322265625,85657100
2025-10-30,676.600418646911,678.6186229721906,672.5738525390625,672.5738525390625,76335800
2025-10-31,677.7281416384325,677.7677533403644,671.9900605416568,674.7799682617188,87164100
2025-11-03,678.3514739521635,678.4800912258883,672.6826525168186,676.04638671875,57315000
2025-11-04,668.8935461650569,672.7024895383894,667.3799079726423,668.0328369140625,78427000
2025-11-05,667.7755543304748,673.5927987432043,666.9742023136038,670.3478393554688,74402400
2025-11-06,669.2496813312496,670.150002278421,661.5824008089137,663.1554565429688,85035300
2025-11-07,660.781013040124,663.9172214121945,654.1525740278607,663.808349609375,100592400
2025-11-10,670.011442763763,674.8987178962867,667.8250699305912,674.1666259765625,75842900
2025-11-11,672.6925273614432,676.2738842563608,671.485517700804,675.7099609375,58953400
2025-11-12,677.4809224347684,677.6491514285055,673.6819422079296,676.0859985351562,62312500
2025-11-13,673.2367288900627,673.5928719621189,663.3632690735044,664.8670043945312,103457800
2025-11-14,658.2780414721369,668.4482860302248,656.1905771441307,664.7581176757812,96846700
2025-11-17,662.5519561070769,666.5191649555097,655.1022987242936,658.56494140625,90456100
2025-11-18,655.0330052616243,658.0207904035176,648.8596179987588,653.0346069335938,114467500
2025-11-19,653.7272041810384,660.2171837101976,651.7188423695233,655.5574340820312,94703000
2025-11-20,665.7276649913678,668.3494043558474,644.9320631333248,645.5652465820312,165293500
2025-11-21,648.0582892153691,657.4568906385811,643.9031059831046,651.995849609375,123956200
2025-11-24,655.6167748873626,662.9081062970187,654.5285399004904,661.59228515625,80437900
2025-11-25,661.4933747936815,668.9924864834618,657.3876457131933,667.815185546875,81077100
2025-11-26,670.3973686817876,674.4239350690651,669.4970476879164,672.4254760742188,71879600
2025-11-28,673.5928002628821,676.3728052050843,673.2366572287348,676.0958251953125,49212000
2025-12-01,671.5646559458772,675.7000330812516,671.4953958513415,673.0090942382812,61201200
2025-12-02,674.6414676887413,676.5212120744054,672.0791460292079,674.2556762695312,62953800
2025-12-03,673.3059439079583,677.5995871066391,672.4353317565424,676.5905151367188,57238500
2025-12-04,677.9854045442221,678.05466464181,674.0677104452674,677.0851440429688,61970300
2025-12-05,678.153654645799,681.0425317051524,677.273199890512,678.371337890625,79241000
2025-12-08,679.2617413091358,679.3111955598065,674.2953027143022,676.3333129882812,55231500
2025-12-09,675.8583835190601,678.0744650894321,675.3043631264671,675.74951171875,58310100
2025-12-10,675.2747265375898,681.616283144729,674.0380683519487,680.2312622070312,85671300
2025-12-11,677.8271327535609,681.8932499368323,674.8888018222121,681.8140869140625,86173700
2025-12-12,680.8248329648462,681.5272765513724,671.9208940415416,674.4832763671875,113160300
2025-12-15,678.4207690042323,678.4405748577324,672.0000494482242,673.4642333984375,90811000
2025-12-16,671.9802275249427,673.8105178026394,667.7755898483048,671.6240844726562,122030600
2025-12-17,672.6331360665856,673.1772535061897,664.0358872930294,664.2337646484375,110625200
2025-12-18,670.3676386439364,673.47413846835,667.6965052957117,669.2496948242188,108650100
2025-12-19,671.3463691548195,675.8114935895343,671.2272434527378,675.3153686523438,103599500
2025-12-22,678.6394050189502,680.0483829319917,675.3153920494597,679.5225219726562,69556700
2025-12-23,678.6195066727895,682.8663651395233,678.5699062922599,682.6282348632812,64840000
2025-12-24,682.6183200290311,685.4760045408373,682.4694583215327,685.0294799804688,39445600
2025-12-26,685.287420330769,686.2994739503212,683.9280429419551,684.9599609375,41613300
2025-12-29,682.2114479341877,683.8586166189733,680.7528697076866,682.51904296875,62559500
2025-12-30,682.1222002850684,683.2235831301442,681.2589477241032,681.6856079101562,47160700
2025-12-31,681.8145855439083,682.0328514439952,676.4266760541103,676.635009765625,74144800
2026-01-02,680.395719787287,681.5467030561866,674.5513531776926,677.8753662109375,89377200
2026-01-05,681.2192280630002,684.0868448237256,681.0604947255163,682.3900756835938,71927200
2026-01-06,682.5984300063299,686.9544213697425,682.4496288665487,686.4483642578125,69273800
2026-01-07,686.8254142672773,688.5817158514149,683.9776620917838,684.2356567382812,75588300
2026-01-08,683.4815439165204,685.2675815209567,682.1618346683338,684.1661987304688,64019200
2026-01-09,685.2775150455628,689.9212370510019,683.8387406584166,688.6908569335938,80125500
2026-01-12,685.3270791782115,690.6951844685583,685.277478801028,689.7723388671875,63976000
2026-01-13,690.0998903120652,690.6952766040527,685.9919610896558,688.3932495117188,78309700
2026-01-14,685.6446369497345,686.3590277621203,680.7230559588451,685.0095825195312,94676700
2026-01-15,689.1870202593807,690.0602050162862,685.8927433241695,686.8750610351562,77862000
2026-01-16,688.2839991969948,688.869453251486,684.7515921796883,686.2994995117188,79289200
2026-01-20,676.2083446056304,679.4629532027941,671.3264922720098,672.3286743164062,111623300
2026-01-21,674.382576550426,683.4020929933814,672.8743375287692,680.0880126953125,127844500
2026-01-22,684.5035723961656,685.7736813437502,681.5962874434288,683.6403198242188,77112200
2026-01-23,682.8167194920136,685.6049389887335,681.8343413244536,683.8883056640625,63059600
2026-01-26,685.138576123168,688.7503800429489,684.5729864520383,687.3612060546875,60473800
2026-01-27,688.8000086063018,691.1318321418594,688.1947507195304,690.099853515625,55506100
2026-01-28,691.6477064811113,692.4316225777728,688.5618241580821,690.0303344726562,61172200
2026-01-29,690.9928952881424,691.657685737667,679.5224893166136,688.6610717773438,97486200
2026-01-30,686.4285189892349,688.8298072906449,681.7947290319643,686.6071166992188,101835100
2026-02-02,684.2356737126761,691.5286859406688,684.0768798206813,690.0204467773438,79286500
2026-02-03,690.8142565672537,691.5584439188771,678.7286612443456,684.18603515625,107904600
2026-02-04,684.9996810996682,686.0911923060062,676.4762885369656,680.8719482421875,105204600
2026-02-05,675.6626239798336,678.3913111024622,670.5525129616972,672.3683471679688,113610800
2026-02-06,676.1785962582386,686.9444827733389,675.5732778299765,685.267578125,89127600
2026-02-09,684.0768565720822,690.4768800480663,683.0052703670985,688.57177734375,73885200
2026-02-10,689.5640655604284,691.1417089533321,686.2995246985826,686.7559814453125,65185700
2026-02-11,690.9928885783248,691.7370759669038,683.8387453470867,686.5972290039062,76353900
2026-02-12,688.8595645054852,689.9609473653614,675.097063165144,675.9901123046875,118829000
2026-02-13,676.4067760275798,680.96122930703,672.2691112734435,676.46630859375,96267500
2026-02-17,674.8688419019007,679.6316291710169,670.5426469985775,677.5578002929688,81354700
2026-02-18,678.7187643851827,683.8090109802145,677.53798463666,680.9711303710938,73570300
2026-02-19,678.5401770095443,680.8620077880265,676.2678860499572,679.1751708984375,58649400
2026-02-20,677.0319102464942,684.7119142291095,676.4464562003476,684.0867919921875,100034000
2026-02-23,682.4992209190492,684.6523861034582,675.0970153480879,677.1013793945312,90558100
2026-02-24,676.6151751251432,683.0151380016027,674.7298762460771,682.0228881835938,73798700
2026-02-25,684.831062331904,688.3039371523823,684.7516653786108,687.778076171875,56369500
2026-02-26,687.9070203801248,687.9268241953206,679.046175727848,683.9578247070312,71671000
2026-02-27,677.795973699009,681.5367144347911,676.35719931042,680.6734619140625,83308900
2026-03-02,673.4400139353526,683.2831159083878,672.765291276125,681.0604858398438,87477200
2026-03-03,669.8281968363514,677.3196712649806,664.4700232973693,675.057373046875,105003100
2026-03-04,676.3471942737264,681.7648996497006,674.3527626088865,679.820068359375,79182200
2026-03-05,676.7937758642711,680.2170498641997,670.3738880206191,676.0297241210938,106606500
2026-03-06,668.1908700160953,670.869956423512,664.569194806431,667.1688842773438,100687000
2026-03-09,661.2254329083217,674.6505427155427,657.2564332632285,673.0133666992188,102667700
2026-03-10,672.4674947413112,678.0637980596332,669.5304741395607,671.9317016601562,81505300
2026-03-11,672.3286912573745,674.8093159596237,668.1215614523004,671.08837890625,68441700
2026-03-12,665.958337853126,666.444591119081,660.7093583022987,660.8978881835938,108882200
2026-03-13,664.0831110227487,667.1293254881115,656.2343803863124,657.1571655273438,97200200
2026-03-16,663.1999840519829,666.8613885560293,661.9497395049242,663.844970703125,82023100
2026-03-17,667.1788836379297,669.2129836950214,664.5097291491037,665.5912475585938,87128000
2026-03-18,663.1801174312507,664.5295627375546,656.0657027257738,656.3038330078125,82062600
2026-03-19,651.8783782687178,657.8418097710767,650.0923405870744,654.6864624023438,111272500
2026-03-20,653.2009461223761,653.3800315656541,641.4703334037762,645.3009643554688,163617500
2026-03-23,654.7531040433624,659.2801583045331,650.6439158314106,652.07666015625,134802700
2026-03-24,648.0371459178807,653.7183875512989,646.604401549905,649.8877563476562,96457500
2026-03-25,655.3501116680137,657.5589538580906,650.9424473291369,653.5094604492188,90653800
2026-03-26,648.7734634761676,651.5493793651953,641.5699644768796,641.838623046875,96494400
2026-03-27,639.2616275919053,639.420794428861,629.9189411370072,630.89404296875,103649400
2026-03-30,636.8836547011163,637.1423539459004,626.108284608157,628.78466796875,99275900
2026-03-31,635.7195686416,648.2560368761451,634.7643854444117,647.0621337890625,152534100
2026-04-01,650.6041659517412,655.2008748639518,649.7086779392242,651.9373779296875,97841500
2026-04-02,643.1618697673937,654.8825248659317,641.858474913505,652.5244750976562,68358700
2026-04-06,652.554231190157,656.3947609217337,652.2159789115307,655.6087646484375,39105800
2026-04-07,653.3402849463747,656.285326673986,647.7784337275787,655.8972778320312,69980400
2026-04-08,672.980811715349,673.6673363432215,668.0756676404139,672.6027221679688,93606100
2026-04-09,671.4386399182858,677.7267318686964,670.3740257373166,676.4830322265625,57134400
2026-04-10,677.885949822129,678.5923930707559,675.0304203424645,676.0353393554688,42253500
2026-04-13,673.9955829678383,682.840788741459,673.1698101905051,682.6417846679688,54185800
2026-04-14,684.2238203737314,691.0791070995066,684.193942434314,690.959716796875,63480500
2026-04-15,691.7557051691649,696.7504224001667,690.7010502942645,696.412109375,58240400
2026-04-16,697.5264615426626,699.2378238459212,695.0092450197437,698.1234130859375,49972400
2026-04-17,702.5808909886877,708.7993894133457,702.2028014262665,706.5607299804688,70661900
2026-04-20,705.20752199003,706.3317705126415,702.5808139687996,705.1477661132812,43546800
2026-04-21,706.7000123508461,707.6949720613851,699.098505587723,700.53125,58941400
2026-04-22,705.5756906371417,707.8640857857167,704.6503246823615,707.6253051757812,42518500
2026-04-23,705.9239069650033,708.7694771316526,698.7403270820959,704.8792114257812,56174000
2026-04-24,707.1675680011435,710.8687887329964,705.4363479344694,710.3414916992188,45182000
2026-04-27,709.5754490929214,712.0230720129201,708.7098389427747,711.5653686523438,33135900
2026-04-28,708.2322548988411,709.2869098023077,705.6752010599358,708.1029052734375,43117400
2026-04-29,707.4163145996059,708.6102783309316,704.7995658491443,707.993408203125,41859200
2026-04-30,711.0280636665188,716.1620290590424,706.8691393587039,715.0377197265625,67240900
2026-05-01,717.6146516977453,721.216400793299,716.8385540170647,717.0177001953125,43049800
2026-05-04,716.4406056700121,718.4802608161392,711.3861936216806,714.3909912109375,51950600
2026-05-05,718.1320898558575,721.3855668152729,717.8534719876392,720.1220092773438,36933200
2026-05-06,724.489821452625,730.8874657022126,724.1515691652952,730.1312866210938,53288900
2026-05-07,731.3451201928577,732.4196936796947,726.0718458933673,727.8926391601562,51724600
2026-05-08,731.2257166531052,734.359863963193,730.8675457398152,733.9021606445312,47227100
2026-05-11,732.7380586745534,737.0561496205491,732.7380586745534,735.5736694335938,44024000
2026-05-12,733.1758744234386,735.1160580011854,728.1413807257971,734.4593505859375,54185300
2026-05-13,734.7478704606156,740.1604537310201,731.7629913201908,738.5685424804688,44200200
2026-05-14,739.9018102364839,745.7521781705404,739.8122371427646,744.3989868164062,45307600
2026-05-15,738.0511867146383,739.712813256131,734.2405345152865,735.4443969726562,60410800
2026-05-18,736.1010471042457,737.682999009625,729.6935042484962,734.927001953125,47843900
2026-05-19,731.0764945153984,733.9320239063612,727.8428755921286,730.03173828125,54255900
2026-05-20,732.0018002736176,738.1307251173267,730.1909663879147,737.5138549804688,45768000
2026-05-21,734.9170485709385,741.1156280791548,733.3151780259534,738.9764404296875,43332200
2026-05-22,742.4787264390759,745.1651298094138,740.7275876279662,741.8817749023438,41762000
2026-05-26,746.2297301040182,748.3390397979183,744.5979816306177,746.8068237304688,41123600
2026-05-27,747.0952952420212,747.5927750592914,744.4486686067338,746.6774291992188,42106300
2026-05-28,746.4685193943138,751.3438462445121,745.4536410614309,750.7965698242188,41562600
2026-05-29,752.0900813404212,754.2590862562773,750.8861582097875,752.6671142578125,55075700
2026-06-01,751.5527103892452,756.4479556154175,750.886104424133,754.7166748046875,43634900
2026-06-02,753.2144012702464,756.5674107365072,752.9357833937803,755.7415771484375,31581900
2026-06-03,754.3287420712209,754.9754294579049,749.7718095132926,750.4384155273438,51402500
2026-06-04,748.3091480570178,754.4878695071194,747.6823186029123,753.2740478515625,49923000
2026-06-05,748.5181345185488,749.0255736853693,731.82274221843,733.83251953125,93989400
2026-06-08,739.6132273185567,741.5832888174093,734.4693026781229,735.4940795898438,49319100
2026-06-09,739.881935268434,743.1354731343894,718.9480036644643,733.3350830078125,87683500
2026-06-10,729.69352181897,734.6583610930755,721.6741489247238,721.7736206054688,60341300
2026-06-11,725.0868662900759,736.2702039965386,720.7587550057447,734.04150390625,86330500
2026-06-12,736.9766163198905,740.6877965432628,731.3252525489901,738.0113525390625,57079500
2026-06-15,748.0604304424444,752.8661028247,747.9709180763429,751.0254516601562,60176400
2026-06-16,750.7468576807364,751.6323864215939,746.100412710964,746.5481567382812,67093100
2026-06-17,747.5032315039188,748.3589429763433,735.4940609532621,737.225341796875,85945200
2026-06-18,745.907751654771,746.3765582049119,742.0173878962117,744.8902587890625,80875700
2026-06-22,745.8479411927095,748.321778689857,741.2892538871644,742.546142578125,46628100
2026-06-23,731.9922892059834,737.7978798883457,730.4860198600484,731.7628784179688,66846800
2026-06-24,733.3489180103626,738.1171068570358,729.0296875445486,731.4237060546875,57439500
2026-06-25,737.0796452204372,737.5385276888334,727.7927091295785,732.4810791015625,53934400
2026-06-26,727.144386135875,734.7056273477464,714.8050317832251,727.1842651367188,71034000
2026-06-29,734.7055914816465,739.7231001504891,730.27658724538,739.1644897460938,58035200
2026-06-30,739.4537599262709,746.1671307285668,739.0547872797607,744.9202270507812,55626000
2026-07-01,743.1545925484338,747.5835968507926,740.541087308444,743.9127197265625,47100900
2026-07-02,745.5486859530862,749.4489739445169,738.1969465958291,742.9351806640625,57447800
2026-07-06,746.885320136641,750.5462122974698,745.5585975722108,749.4190673828125,50673300
2026-07-07,748.3616416292718,749.0998597580657,743.364102770238,745.85791015625,43721500
2026-07-08,741.3191472958572,744.3017921335774,737.6782249675691,743.5536499023438,43767400
2026-07-09,745.4987759890873,750.1073272936331,743.7431866839036,749.8480224609375,41441700
2026-07-10,750.187115173852,753.5487626123848,746.2468873823584,753.0799560546875,42191300
2026-07-13,750.6060836597362,752.0425191788765,746.1471851864706,747.3142700195312,44013600
2026-07-14,749.0499474324819,751.4739818301254,746.8055207475287,749.9677124023438,35143100
2026-07-15,752.3717122204262,753.7084197839658,748.3417413555546,752.9403076171875,43844800
2026-07-16,750.8953984161742,752.7009125511715,746.0274814662645,748.8604125976562,46409800
2026-07-17,740.241827732839,745.438883195828,738.9649691671198,741.4487915039062,62651000
2026-07-20,745.2094908804986,746.8753371556621,739.6732506975046,740.2518310546875,50422300
2026-07-21,744.4413918284653,747.1845799829406,742.3366329839115,746.426513671875,34324300
2026-07-22,744.7705725456777,748.1621748950539,744.5211918106933,745.55859375,32836200
2026-07-23,737.5385562389782,740.7206569606348,733.3888874570794,736.3515014648438,55437300
2026-07-24,736.6806667930385,741.8777222786117,735.4636571620507,737.099609375,44782000
2026-07-27,743.0648074406847,743.6833276942111,734.0472217265344,737.25927734375,41461200
2026-07-28,737.3589950224286,740.9500533043114,734.156924420905,739.0248413085938,47322200
2026-07-29,738.1370526174048,740.8403618199718,727.2939826612791,727.6531372070312,70697200
2026-07-30,734.2267392747757,740.6109103701467,732.7703947650456,739.852783203125,66811300
2026-07-31,742.835410914187,747.0449895804718,735.8527500027326,745.1796264648438,62445900
2026-08-03,747.5836183167282,756.7009928898597,746.9451890027125,755.793212890625,59927500
2026-08-04,758.7458651152236,771.494176400126,758.6361522059436,769.4193725585938,69154800
2026-08-05,773.928165423025,774.9256883846499,767.6039039413469,767.8831787109375,44689100
2026-08-06,768.3021872511085,769.9081846177485,765.5589990885744,766.65625,38416900
2026-08-07,769.1101628301597,772.0029428489042,767.703621378493,771.3446044921875,43586300
2026-08-10,770.6861849056471,773.1301282404592,769.7086319253093,771.1151733398438,39249500
2026-08-11,772.6115040483734,772.6912620504304,767.2946895097219,768.6513061523438,36740600
2026-08-12,772.7910096110111,772.9805414027246,769.369513273419,770.5764770507812,33179100
2026-08-13,772.9506321027081,777.4394855444215,772.1925048911166,775.9531860351562,35634500
2026-08-14,776.6114939657781,776.8708596736758,773.509212209858,774.4169921875,31367900
2026-08-17,774.2573577843602,774.8559080861019,770.5964655970525,770.7560424804688,34356600
2026-08-18,766.7959149360092,767.5939211307613,765.0202948350139,765.5490112304688,43920900
2026-08-19,768.4517358705159,770.5564946026684,766.1973243479778,767.1549682617188,40306000
2026-08-20,764.0627220124634,766.2472997692572,760.1523881029335,760.7109985351562,45520300
2026-08-21,764.1524418077088,765.9479709365374,762.2770937955632,763.8232421875,39188700
2026-08-24,762.8856098637509,763.3244615010249,760.1922857963137,761.5787963867188,32430900
2026-08-25,764.262137078792,764.8806573052586,761.159855395616,764.0127563476562,27422300
2026-08-26,762.8356805789958,765.449185749943,762.0376744224566,764.182373046875,28751600
2026-08-27,766.5964060257239,770.4468300957561,765.2596984507333,769.18994140625,34557100
2026-08-28,769.8483393622295,773.3795487683207,766.4068729286823,767.4442749023438,36744300
2026-08-31,765.4292990280279,766.097622354185,762.8257178677422,765.1499633789062,38810800
2026-09-01,760.1224772031874,762.7758614763637,757.5987149009983,759.89306640625,41126300
2026-09-02,760.5614001563074,764.5315220914426,759.8431519587122,763.2646484375,29566200
2026-09-03,765.99791709853,772.112737807933,765.5490195828438,771.2548217773438,43531600
2026-09-04,770.0977256925568,770.9555808433835,767.0951717806925,768.2822265625,34054200
2026-09-08,767.1649647963771,767.7934091111229,763.2447069992287,764.0626831054688,44746100
2026-09-09,762.1873669257697,762.5763546117217,759.055130192088,760.5115356445312,32812400
2026-09-10,756.1523365872063,758.2271404471661,754.7657651010062,755.9528198242188,42740400
2026-09-11,762.8257171109622,764.4816392943262,761.7084962835214,762.3967895507812,45512700
2026-09-14,757.119891309806,761.6287143614769,756.0525344863368,758.9952392578125,43992400
2026-09-15,758.2371341657202,758.4665449596201,754.2769973083872,755.513916015625,46195000
2026-09-16,757.6187023523285,759.7833101686804,747.7432005092232,752.1821899414062,59217700
2026-09-17,761.2596848801362,761.6786274833105,758.0775841455181,760.7109985351562,49652800
2026-09-18,761.3099975585938,762.0,757.969970703125,761.6900024414062,65395100
2026-09-21,766.25,774.8900146484375,766.030029296875,773.5,50484700
2026-09-22,774.030029296875,775.1400146484375,772.5700073242188,773.3800048828125,34802300
2026-09-23,772.7899780273438,773.0499877929688,766.5,767.8099975585938,54931700
2026-09-24,764.0700073242188,768.9500122070312,763.25,767.1799926757812,43983700
2026-09-25,768.780029296875,772.280029296875,766.2899780273438,771.3499755859375,36666700
2026-09-28,768.3499755859375,769.5399780273438,763.719970703125,765.6099853515625,42296700
2026-09-29,766.8300170898438,766.9500122070312,762.5700073242188,763.260009765625,14739885
