fecha,valor_buy_and_hold,valor_sma,posicion_sma
2000-01-03,10000.0,10000.0,0.0
2000-01-04,9608.941126194435,9608.941126194435,1.0
2000-01-05,9626.126496984945,9626.126496984945,1.0
2000-01-06,9471.419554261318,9471.419554261318,1.0
2000-01-07,10021.484860684526,10021.484860684526,1.0
2000-01-10,10055.863155536881,10055.863155536881,1.0
2000-01-11,9935.537864675087,9935.537864675087,1.0
2000-01-12,9836.692398983598,9836.692398983598,1.0
2000-01-13,9969.9144810227,9969.9144810227,1.0
2000-01-14,10105.285888382625,10105.285888382625,1.0
2000-01-18,10025.78015431669,10025.78015431669,1.0
2000-01-19,10107.428499684482,10107.428499684482,1.0
2000-01-20,9952.725753222707,9952.725753222707,1.0
2000-01-21,9931.23921403344,9931.23921403344,1.0
2000-01-24,9649.764039999774,9649.764039999774,1.0
2000-01-25,9759.344382762192,9759.344382762192,1.0
2000-01-26,9681.994688036046,9681.994688036046,1.0
2000-01-27,9643.313546280193,9643.313546280193,1.0
2000-01-28,9342.497801368601,9342.497801368601,1.0
2000-01-31,9596.045174269495,9596.045174269495,1.0
2000-02-01,9690.583596795632,9690.583596795632,1.0
2000-02-02,9699.175023312331,9699.175023312331,1.0
2000-02-03,9845.28970026689,9845.28970026689,1.0
2000-02-04,9804.465107956808,9804.465107956808,1.0
2000-02-07,9789.428223234752,9789.428223234752,1.0
2000-02-08,9922.64191275015,9922.64191275015,1.0
2000-02-09,9714.216104296242,9714.216104296242,1.0
2000-02-10,9733.557514426537,9733.557514426537,1.0
2000-02-11,9535.880850333857,9535.880850333857,1.0
2000-02-14,9591.742327365997,9591.742327365997,1.0
2000-02-15,9700.254301860781,9700.254301860781,1.0
2000-02-16,9557.367389523124,9557.367389523124,1.0
2000-02-17,9507.947174434492,9507.947174434492,1.0
2000-02-18,9303.822534379344,9303.822534379344,1.0
2000-02-22,9280.18163435503,9280.18163435503,1.0
2000-02-23,9389.771208893522,9389.771208893522,1.0
2000-02-24,9200.68345356043,9200.68345356043,1.0
2000-02-25,9167.381080247045,9167.381080247045,1.0
2000-02-28,9359.688207673335,9359.688207673335,1.0
2000-02-29,9449.933854324421,9449.933854324421,1.0
2000-03-01,9518.692122533868,9518.692122533868,1.0
2000-03-02,9525.135902234486,9525.135902234486,1.0
2000-03-03,9703.478709468203,9703.478709468203,1.0
2000-03-06,9608.941126194435,9608.941126194435,1.0
2000-03-07,9423.07274295454,9423.07274295454,1.0
2000-03-08,9411.255230325682,9411.255230325682,1.0
2000-03-09,9686.291660172954,9686.291660172954,1.0
2000-03-10,9634.717923501645,9634.717923501645,1.0
2000-03-13,9529.432035119022,9529.432035119022,1.0
2000-03-14,9394.06734177806,9394.06734177806,1.0
2000-03-15,9613.23558057423,9613.23558057423,1.0
2000-03-16,10062.30777448987,10062.30777448987,1.0
2000-03-17,10128.810971579813,10128.810971579813,1.0
2000-03-20,10077.11050780056,10077.11050780056,1.0
2000-03-21,10283.9115236652,10283.9115236652,1.0
2000-03-22,10346.37875610546,10346.37875610546,1.0
2000-03-23,10523.020398784196,10523.020398784196,1.0
2000-03-24,10585.493505991048,10585.493505991048,1.0
2000-03-27,10473.47513509236,10473.47513509236,1.0
2000-03-28,10413.162263487147,10413.162263487147,1.0
2000-03-29,10423.929032148153,10423.929032148153,1.0
2000-03-30,10249.443428809203,10249.443428809203,1.0
2000-03-31,10365.768003620875,10365.768003620875,1.0
2000-04-03,10426.083392983199,10426.083392983199,1.0
2000-04-04,10348.535634697617,10348.535634697617,1.0
2000-04-05,10283.9115236652,10283.9115236652,1.0
2000-04-06,10373.306168412608,10373.306168412608,1.0
2000-04-07,10439.010397245847,10439.010397245847,1.0
2000-04-10,10398.082576894192,10398.082576894192,1.0
2000-04-11,10367.921525203552,10367.921525203552,1.0
2000-04-12,10083.570233296217,10083.570233296217,1.0
2000-04-13,9943.556081822746,9943.556081822746,1.0
2000-04-14,9374.861890531785,9374.861890531785,1.0
2000-04-17,9702.287810354483,9702.287810354483,1.0
2000-04-18,9958.631572153847,9958.631572153847,1.0
2000-04-19,9866.007484284795,9866.007484284795,1.0
2000-04-20,9913.398387141584,9913.398387141584,1.0
2000-04-24,9805.688737912988,9805.688737912988,1.0
2000-04-25,10212.828526389498,10212.828526389498,1.0
2000-04-26,10097.577355359685,10097.577355359685,1.0
2000-04-27,10064.186860547396,10064.186860547396,1.0
2000-04-28,10001.720467359508,10001.720467359508,1.0
2000-05-01,10137.43093267711,10137.43093267711,1.0
2000-05-02,9934.936959977822,9934.936959977822,1.0
2000-05-03,9702.287810354483,9702.287810354483,1.0
2000-05-04,9775.527686222342,9775.527686222342,1.0
2000-05-05,9894.006621869057,9894.006621869057,1.0
2000-05-08,9819.694181471714,9819.694181471714,1.0
2000-05-09,9741.067144637682,9741.067144637682,1.0
2000-05-10,9521.340803015137,9521.340803015137,1.0
2000-05-11,9738.904391278931,9738.904391278931,1.0
2000-05-12,9844.459679672482,9844.459679672482,1.0
2000-05-15,10014.639079098451,10014.639079098451,1.0
2000-05-16,10111.576084899445,10111.576084899445,1.0
2000-05-17,10006.028349777229,10006.028349777229,1.0
2000-05-18,9883.244049469904,9883.244049469904,1.0
2000-05-19,9728.141818879776,9728.141818879776,1.0
2000-05-22,9654.898586002433,9654.898586002433,1.0
2000-05-23,9512.723359674952,9512.723359674952,1.0
2000-05-24,9667.822233255598,9667.822233255598,1.0
2000-05-25,9501.955751761576,9501.955751761576,1.0
2000-05-26,9512.723359674952,9512.723359674952,1.0
2000-05-30,9822.922785340987,9822.922785340987,1.0
2000-05-31,9844.459679672482,9844.459679672482,1.0
2000-06-01,10016.802671709573,10016.802671709573,1.0
2000-06-02,10191.281561029557,10191.281561029557,1.0
2000-06-05,10141.737975842465,10141.737975842465,1.0
2000-06-06,10096.502273073094,10096.502273073094,1.0
2000-06-07,10166.508509557454,10166.508509557454,1.0
2000-06-08,10126.658289249513,10126.658289249513,1.0
2000-06-09,10105.114680899052,10105.114680899052,1.0
2000-06-12,9986.637423757076,9986.637423757076,1.0
2000-06-13,10174.053388368156,10174.053388368156,1.0
2000-06-14,10191.281561029557,10191.281561029557,1.0
2000-06-15,10212.8285263895,10212.8285263895,1.0
2000-06-16,10128.909164107163,10128.909164107163,1.0
2000-06-19,10258.466231044336,10258.466231044336,1.0
2000-06-20,10221.753136097284,10221.753136097284,1.0
2000-06-21,10217.430986389261,10217.430986389261,1.0
2000-06-22,10061.97794830827,10061.97794830827,1.0
2000-06-23,9975.605451346994,9975.605451346994,1.0
2000-06-26,10104.076525716755,10104.076525716755,1.0
2000-06-27,10029.584485312122,10029.584485312122,1.0
2000-06-28,10057.654959347878,10057.654959347878,1.0
2000-06-29,9962.649912503746,9962.649912503746,1.0
2000-06-30,10038.217874447346,10038.217874447346,1.0
2000-07-03,10176.410848276857,10176.410848276857,1.0
2000-07-05,9992.878943636404,9992.878943636404,1.0
2000-07-06,10070.609658938753,10070.609658938753,1.0
2000-07-07,10232.552635600738,10232.552635600738,1.0
2000-07-10,10215.27746480659,10215.27746480659,1.0
2000-07-11,10236.872267551647,10236.872267551647,1.0
2000-07-12,10303.80516185528,10303.80516185528,1.0
2000-07-13,10349.153324442299,10349.153324442299,1.0
2000-07-14,10450.629007062902,10450.629007062902,1.0
2000-07-17,10433.35635402586,10433.35635402586,1.0
2000-07-18,10348.066492622516,10348.066492622516,1.0
2000-07-19,10264.941063082662,10264.941063082662,1.0
2000-07-20,10407.446115591743,10407.446115591743,1.0
2000-07-21,10204.479643807872,10204.479643807872,1.0
2000-07-24,10146.18433490131,10146.18433490131,1.0
2000-07-25,10178.571083878496,10178.571083878496,1.0
2000-07-26,10079.25227985005,10079.25227985005,1.0
2000-07-27,10044.701099009375,10044.701099009375,1.0
2000-07-28,9817.982106635915,9817.982106635915,1.0
2000-07-31,9880.59620824101,9880.59620824101,1.0
2000-08-01,9941.055109758689,9941.055109758689,1.0
2000-08-02,9990.720386539504,9990.720386539504,1.0
2000-08-03,10059.811837940037,10059.811837940037,1.0
2000-08-04,10113.796746671762,10113.796746671762,1.0
2000-08-07,10234.706996435785,10234.706996435785,1.0
2000-08-08,10273.576130722628,10273.576130722628,1.0
2000-08-09,10187.206990770834,10187.206990770834,1.0
2000-08-10,10137.545070999498,10137.545070999498,1.0
2000-08-11,10185.050112178675,10185.050112178675,1.0
2000-08-14,10314.595429582663,10314.595429582663,1.0
2000-08-15,10305.959522690328,10305.959522690328,1.0
2000-08-16,10269.256498771718,10269.256498771718,1.0
2000-08-17,10377.215405954348,10377.215405954348,1.0
2000-08-18,10342.67009988027,10342.67009988027,1.0
2000-08-21,10398.81020869941,10398.81020869941,1.0
2000-08-22,10381.53755566237,10381.53755566237,1.0
2000-08-23,10422.563568541367,10422.563568541367,1.0
2000-08-24,10454.948639013808,10454.948639013808,1.0
2000-08-25,10450.629007062902,10450.629007062902,1.0
2000-08-28,10486.261984209137,10486.261984209137,1.0
2000-08-29,10488.420541306035,10488.420541306035,1.0
2000-08-30,10388.015744710181,10388.015744710181,1.0
2000-08-31,10526.206200782577,10526.206200782577,1.0
2000-09-01,10536.997307762327,10536.997307762327,1.0
2000-09-05,10452.800152945358,10452.800152945358,1.0
2000-09-06,10334.033353735565,10334.033353735565,1.0
2000-09-07,10422.563568541369,10422.563568541369,1.0
2000-09-08,10351.31356004394,10351.31356004394,1.0
2000-09-11,10336.187714570611,10336.187714570611,1.0
2000-09-12,10260.618913374641,10260.618913374641,1.0
2000-09-13,10287.61094811432,10287.61094811432,1.0
2000-09-14,10339.433103487294,10339.433103487294,1.0
2000-09-15,10113.227733564572,10113.227733564572,1.0
2000-09-18,10020.139539134638,10020.139539134638,1.0
2000-09-19,10111.060783943965,10111.060783943965,1.0
2000-09-20,10036.379911755976,10036.379911755976,1.0
2000-09-21,9883.775296220423,9883.775296220423,1.0
2000-09-22,10063.438247432921,10063.438247432921,1.0
2000-09-25,9992.010317432947,9992.010317432947,1.0
2000-09-26,9864.295409448996,9864.295409448996,1.0
2000-09-27,9916.243452677545,9916.243452677545,1.0
2000-09-28,10043.956682156757,10043.956682156757,1.0
2000-09-29,9948.715805396516,9948.715805396516,1.0
2000-10-02,9963.86682844096,9963.86682844096,1.0
2000-10-03,9870.788705039473,9870.788705039473,1.0
2000-10-04,9953.041312114017,9953.041312114017,1.0
2000-10-05,9987.675578939374,9987.675578939374,1.0
2000-10-06,9771.208893523806,9771.208893523806,1.0
2000-10-09,9697.609817641376,9697.609817641376,1.0
2000-10-10,9537.435145724012,9537.435145724012,1.0
2000-10-11,9457.336060232143,9457.336060232143,1.0
2000-10-12,9221.396202064116,9221.396202064116,1.0
2000-10-13,9528.771543503452,9528.771543503452,1.0
2000-10-16,9572.062698530402,9572.062698530402,1.0
2000-10-17,9333.95589074177,9333.95589074177,1.0
2000-10-18,9299.3249809259,9299.3249809259,1.0
2000-10-19,9649.993155896927,9649.993155896927,1.0
2000-10-20,9691.120718312757,9691.120718312757,1.0
2000-10-23,9734.411873339706,9734.411873339706,1.0
2000-10-24,9669.474721173097,9669.474721173097,1.0
2000-10-25,9442.18335868296,9442.18335868296,1.0
2000-10-26,9468.165772820937,9468.165772820937,1.0
2000-10-27,9647.825367023952,9647.825367023952,1.0
2000-10-30,9734.411873339704,9734.411873339704,1.0
2000-10-31,9902.170868929183,9902.170868929183,1.0
2000-11-01,9868.61755915702,9868.61755915702,1.0
2000-11-02,9884.856253273618,9884.856253273618,1.0
2000-11-03,9890.271109568017,9884.856253273618,0.0
2000-11-06,9959.53796471398,9884.856253273618,0.0
2000-11-07,9957.369336588636,9884.856253273618,0.0
2000-11-08,9736.571269688977,9884.856253273618,0.0
2000-11-09,9699.779285019096,9884.856253273618,0.0
2000-11-10,9463.834391336844,9884.856253273618,0.0
2000-11-13,9390.231958444934,9884.856253273618,0.0
2000-11-14,9637.007403968348,9884.856253273618,0.0
2000-11-15,9667.309450057235,9884.856253273618,0.0
2000-11-16,9515.784113070133,9884.856253273618,0.0
2000-11-17,9464.917026894776,9884.856253273618,0.0
2000-11-20,9329.627027014789,9884.856253273618,0.0
2000-11-21,9377.247045768721,9884.856253273618,0.0
2000-11-22,9153.20526845712,9884.856253273618,0.0
2000-11-24,9340.443311565654,9884.856253273618,0.0
2000-11-27,9422.703471911535,9884.856253273618,0.0
2000-11-28,9260.356814859342,9884.856253273618,0.0
2000-11-29,9243.039681446668,9884.856253273618,0.0
2000-11-30,9162.949827730872,9884.856253273618,0.0
2000-12-01,9158.619285499148,9884.856253273618,0.0
2000-12-04,9236.547225108561,9884.856253273618,0.0
2000-12-05,9539.597899082766,9884.856253273618,0.0
2000-12-06,9386.98740878062,9884.856253273618,0.0
2000-12-07,9258.189025986367,9884.856253273618,0.0
2000-12-08,9279.84089789262,9884.856253273618,0.0
2000-12-11,9602.36894088114,9884.856253273618,0.0
2000-12-12,9561.23802145583,9884.856253273618,0.0
2000-12-13,9430.278563807567,9884.856253273618,0.0
2000-12-14,9310.144622486248,9884.856253273618,0.0
2000-12-15,9099.854834517486,9884.856253273618,0.0
2000-12-18,9221.451592720568,9884.856253273618,0.0
2000-12-19,9033.634465476396,9884.856253273618,0.0
2000-12-20,8771.993342714504,9884.856253273618,0.0
2000-12-21,8832.792141442229,9884.856253273618,0.0
2000-12-22,9097.68788489688,9884.856253273618,0.0
2000-12-26,9195.395324373985,9884.856253273618,0.0
2000-12-27,9262.70504299197,9884.856253273618,0.0
2000-12-28,9290.930778716267,9884.856253273618,0.0
2000-12-29,9115.057891208899,9884.856253273618,0.0
2001-01-02,8950.03905460907,9884.856253273618,0.0
2001-01-03,9379.95447391592,9884.856253273618,0.0
2001-01-04,9278.989056736575,9884.856253273618,0.0
2001-01-05,8976.096162208021,9884.856253273618,0.0
2001-01-08,9045.577865960831,9884.856253273618,0.0
2001-01-09,9021.692743496706,9884.856253273618,0.0
2001-01-10,9180.197303196797,9884.856253273618,0.0
2001-01-11,9188.883565231361,9884.856253273618,0.0
2001-01-12,9171.511880414602,9884.856253273618,0.0
2001-01-16,9230.13533699802,9884.856253273618,0.0
2001-01-17,9272.473940584465,9884.856253273618,0.0
2001-01-18,9364.753095729246,9884.856253273618,0.0
2001-01-19,9311.55624497341,9884.856253273618,0.0
2001-01-22,9373.44187552092,9884.856253273618,0.0
2001-01-23,9447.265871038642,9884.856253273618,0.0
2001-01-24,9475.492446015309,9884.856253273618,0.0
2001-01-25,9451.60312728933,9884.856253273618,0.0
2001-01-26,9440.751594138905,9884.856253273618,0.0
2001-01-29,9491.124360668044,9884.856253273618,0.0
2001-01-30,9574.504922928527,9884.856253273618,0.0
2001-01-31,9520.306844094697,9884.856253273618,0.0
2001-02-01,9583.536117687361,9884.856253273618,0.0
2001-02-02,9366.06316867958,9884.856253273618,0.0
2001-02-05,9434.845775207774,9884.856253273618,0.0
2001-02-06,9407.050575949537,9884.856253273618,0.0
2001-02-07,9358.415901079681,9884.856253273618,0.0
2001-02-08,9249.329038711112,9884.856253273618,0.0
2001-02-09,9160.39430426273,9884.856253273618,0.0
2001-02-12,9265.310921602339,9884.856253273618,0.0
2001-02-13,9189.576787689384,9884.856253273618,0.0
2001-02-14,9175.677929181711,9884.856253273618,0.0
2001-02-15,9264.614342134832,9884.856253273618,0.0
2001-02-16,9060.341154410107,9884.856253273618,0.0
2001-02-20,8920.684524446464,9884.856253273618,0.0
2001-02-21,8728.222135331634,9884.856253273618,0.0
2001-02-22,8741.423575119432,9884.856253273618,0.0
2001-02-23,8682.36706431284,9884.856253273618,0.0
2001-02-26,8867.187221341996,9884.856253273618,0.0
2001-02-27,8785.193103997563,9884.856253273618,0.0
2001-02-28,8612.185424083043,9884.856253273618,0.0
2001-03-01,8657.347272643816,9884.856253273618,0.0
2001-03-02,8588.562987610883,9884.856253273618,0.0
2001-03-05,8667.074207617785,9884.856253273618,0.0
2001-03-06,8760.181704852239,9884.856253273618,0.0
2001-03-07,8822.717755986878,9884.856253273618,0.0
2001-03-08,8832.441333951367,9884.856253273618,0.0
2001-03-09,8571.190463541752,9884.856253273618,0.0
2001-03-12,8204.332271091616,9884.856253273618,0.0
2001-03-13,8339.123755063532,9884.856253273618,0.0
2001-03-14,8174.458243711679,9884.856253273618,0.0
2001-03-15,8176.539589590492,9884.856253273618,0.0
2001-03-16,8012.538766116067,9884.856253273618,0.0
2001-03-19,8175.564378335983,9884.856253273618,0.0
2001-03-20,7956.1107937338475,9884.856253273618,0.0
2001-03-21,7820.955913485509,9884.856253273618,0.0
2001-03-22,7741.531586899513,9884.856253273618,0.0
2001-03-23,7975.619215085871,9884.856253273618,0.0
2001-03-26,8077.336602389173,9884.856253273618,0.0
2001-03-27,8242.450274506868,9884.856253273618,0.0
2001-03-28,8014.632700780437,9884.856253273618,0.0
2001-03-29,8045.288072117298,9884.856253273618,0.0
2001-03-30,8129.581740956874,9884.856253273618,0.0
2001-04-02,7956.1107937338475,9884.856253273618,0.0
2001-04-03,7690.673732500231,9884.856253273618,0.0
2001-04-04,7722.722262772107,9884.856253273618,0.0
2001-04-05,8015.329280247944,9884.856253273618,0.0
2001-04-06,7893.409409882222,9884.856253273618,0.0
2001-04-09,7981.19269007829,9884.856253273618,0.0
2001-04-10,8126.796262339221,9884.856253273618,0.0
2001-04-11,8132.372255088752,9884.856253273618,0.0
2001-04-12,8280.068922761682,9884.856253273618,0.0
2001-04-16,8192.98390053786,9884.856253273618,0.0
2001-04-17,8308.634555696026,9884.856253273618,0.0
2001-04-18,8638.860221426676,9884.856253273618,0.0
2001-04-19,8753.810940107853,9884.856253273618,0.0
2001-04-20,8673.694230316203,9884.856253273618,0.0
2001-04-23,8516.242932341076,9884.856253273618,0.0
2001-04-24,8470.262812719078,9884.856253273618,0.0
2001-04-25,8581.035733099961,9884.856253273618,0.0
2001-04-26,8619.35096082228,9884.856253273618,0.0
2001-04-27,8762.868151690172,9884.856253273618,0.0
2001-04-30,8824.173858849674,9884.856253273618,0.0
2001-05-01,8851.346332849005,9884.856253273618,0.0
2001-05-02,8835.325844348736,9884.856253273618,0.0
2001-05-03,8723.156408023358,9884.856253273618,0.0
2001-05-04,8871.550494416166,9884.856253273618,0.0
2001-05-07,8794.915003457305,9884.856253273618,0.0
2001-05-08,8790.733848147527,9884.856253273618,0.0
2001-05-09,8753.810940107851,9884.856253273618,0.0
2001-05-10,8779.5894159198,9884.856253273618,0.0
2001-05-11,8718.977770470692,9884.856253273618,0.0
2001-05-14,8736.398131924938,9884.856253273618,0.0
2001-05-15,8776.804776554516,9884.856253273618,0.0
2001-05-16,8983.715734479689,9884.856253273618,0.0
2001-05-17,8997.650680839293,9884.856253273618,0.0
2001-05-18,9038.753065684006,9884.856253273618,0.0
2001-05-21,9171.819886034567,9884.856253273618,0.0
2001-05-22,9159.97467807748,9884.856253273618,0.0
2001-05-23,9004.615636261984,9884.856253273618,0.0
2001-05-24,9031.095727055663,9884.856253273618,0.0
2001-05-25,8924.497247965593,9884.856253273618,0.0
2001-05-29,8853.436910503893,9884.856253273618,0.0
2001-05-30,8729.428980240395,9884.856253273618,0.0
2001-05-31,8774.715877404367,9884.856253273618,0.0
2001-06-01,8829.05411138407,9884.856253273618,0.0
2001-06-04,8871.550494416166,9884.856253273618,0.0
2001-06-05,8973.268720971839,9884.856253273618,0.0
2001-06-06,8898.722968415497,9884.856253273618,0.0
2001-06-07,8930.770659435002,9884.856253273618,0.0
2001-06-08,8847.864274763844,9884.856253273618,0.0
2001-06-11,8785.16456941696,9884.856253273618,0.0
2001-06-12,8769.834785617602,9884.856253273618,0.0
2001-06-13,8694.596649855606,9884.856253273618,0.0
2001-06-14,8499.523346616184,9884.856253273618,0.0
2001-06-15,8513.216588293088,9884.856253273618,0.0
2001-06-18,8471.995029611764,9884.856253273618,0.0
2001-06-19,8509.022004945382,9884.856253273618,0.0
2001-06-20,8553.741567506904,9884.856253273618,0.0
2001-06-21,8650.853137800961,9884.856253273618,0.0
2001-06-22,8583.08183037921,9884.856253273618,0.0
2001-06-25,8504.128324373058,9884.856253273618,0.0
2001-06-26,8492.257099592487,9884.856253273618,0.0
2001-06-27,8487.366776029647,9884.856253273618,0.0
2001-06-28,8534.172719984204,9884.856253273618,0.0
2001-06-29,8565.616988549327,9884.856253273618,0.0
2001-07-02,8672.513402230921,9884.856253273618,0.0
2001-07-03,8670.41694980944,9884.856253273618,0.0
2001-07-05,8501.336131736442,9884.856253273618,0.0
2001-07-06,8317.591896246257,9884.856253273618,0.0
2001-07-09,8363.004681265802,9884.856253273618,0.0
2001-07-10,8262.395946343915,9884.856253273618,0.0
2001-07-11,8270.780916777472,9884.856253273618,0.0
2001-07-12,8467.107223806033,9884.856253273618,0.0
2001-07-13,8540.462077248652,9884.856253273618,0.0
2001-07-16,8433.568181324172,9884.856253273618,0.0
2001-07-17,8512.513294806618,9884.856253273618,0.0
2001-07-18,8454.529348529513,9884.856253273618,0.0
2001-07-19,8528.581620692006,9884.856253273618,0.0
2001-07-20,8477.581932642111,9884.856253273618,0.0
2001-07-23,8310.60344175719,9884.856253273618,0.0
2001-07-24,8230.257616068397,9884.856253273618,0.0
2001-07-25,8321.08234685512,9884.856253273618,0.0
2001-07-26,8408.416627032979,9884.856253273618,0.0
2001-07-27,8440.556635813236,9884.856253273618,0.0
2001-07-30,8443.348828449854,9884.856253273618,0.0
2001-07-31,8478.28019061436,9884.856253273618,0.0
2001-08-01,8531.38136659996,9884.856253273618,0.0
2001-08-02,8566.314407269207,9884.856253273618,0.0
2001-08-03,8519.503427800424,9884.856253273618,0.0
2001-08-06,8404.927854928856,9884.856253273618,0.0
2001-08-07,8437.759407662395,9884.856253273618,0.0
2001-08-08,8281.260661127773,9884.856253273618,0.0
2001-08-09,8305.711439689609,9884.856253273618,0.0
2001-08-10,8334.35680159915,9884.856253273618,0.0
2001-08-13,8336.456611030113,9884.856253273618,0.0
2001-08-14,8332.962803411767,9884.856253273618,0.0
2001-08-15,8260.995234137568,9884.856253273618,0.0
2001-08-16,8289.64563156133,9884.856253273618,0.0
2001-08-17,8156.896048606815,9884.856253273618,0.0
2001-08-20,8232.35406848988,9884.856253273618,0.0
2001-08-21,8091.9219693359055,9884.856253273618,0.0
2001-08-22,8175.765798904899,9884.856253273618,0.0
2001-08-23,8146.423018275482,9884.856253273618,0.0
2001-08-24,8315.497961581887,9884.856253273618,0.0
2001-08-27,8265.887236205152,9884.856253273618,0.0
2001-08-28,8145.018949059652,9884.856253273618,0.0
2001-08-29,8072.359835832171,9884.856253273618,0.0
2001-08-30,7917.255926737301,9884.856253273618,0.0
2001-08-31,7975.244069276259,9884.856253273618,0.0
2001-09-04,7924.245220478736,9884.856253273618,0.0
2001-09-05,7943.8065147301,9884.856253273618,0.0
2001-09-06,7739.099433529833,9884.856253273618,0.0
2001-09-07,7595.874302486869,9884.856253273618,0.0
2001-09-10,7688.791289433222,9884.856253273618,0.0
2001-09-17,7287.0613217368855,9884.856253273618,0.0
2001-09-18,7269.592283645151,9884.856253273618,0.0
2001-09-19,7122.880059002805,9884.856253273618,0.0
2001-09-20,6896.508517110726,9884.856253273618,0.0
2001-09-21,6822.103758952626,9884.856253273618,0.0
2001-09-24,7061.943622886319,9884.856253273618,0.0
2001-09-25,7135.578786620679,9884.856253273618,0.0
2001-09-26,7110.330718306879,9884.856253273618,0.0
2001-09-27,7172.043462866068,9884.856253273618,0.0
2001-09-28,7324.222577449782,9884.856253273618,0.0
2001-10-01,7312.301836779351,9884.856253273618,0.0
2001-10-02,7404.1689190102215,9884.856253273618,0.0
2001-10-03,7528.295183857959,9884.856253273618,0.0
2001-10-04,7534.608040188779,9884.856253273618,0.0
2001-10-05,7519.8816788438035,9884.856253273618,0.0
2001-10-08,7470.793807693884,9884.856253273618,0.0
2001-10-09,7430.8176995303675,9884.856253273618,0.0
2001-10-10,7596.323302505081,9884.856253273618,0.0
2001-10-11,7714.1358717696285,9884.856253273618,0.0
2001-10-12,7679.072746982957,9884.856253273618,0.0
2001-10-15,7665.046322114969,9884.856253273618,0.0
2001-10-16,7713.437613797382,9884.856253273618,0.0
2001-10-17,7549.337758543239,9884.856253273618,0.0
2001-10-18,7533.203970972952,9884.856253273618,0.0
2001-10-19,7528.295183857961,9884.856253273618,0.0
2001-10-22,7676.96790203777,9884.856253273618,0.0
2001-10-23,7637.698444370206,9884.856253273618,0.0
2001-10-24,7617.358323919027,9884.856253273618,0.0
2001-10-25,7754.109462176037,9884.856253273618,0.0
2001-10-26,7736.578319408885,9884.856253273618,0.0
2001-10-29,7535.308815918142,9884.856253273618,0.0
2001-10-30,7444.8449636507285,9884.856253273618,0.0
2001-10-31,7419.596056084558,9884.856253273618,0.0
2001-11-01,7609.644755381859,9884.856253273618,0.0
2001-11-02,7661.539086458695,9884.856253273618,0.0
2001-11-05,7761.826387722685,9884.856253273618,0.0
2001-11-06,7882.443738409407,9884.856253273618,0.0
2001-11-07,7871.925388450065,9884.856253273618,0.0
2001-11-08,7896.470163277395,9884.856253273618,0.0
2001-11-09,7904.887025301032,9884.856253273618,0.0
2001-11-12,7856.499929880471,9884.856253273618,0.0
2001-11-13,8033.224658543886,9884.856253273618,0.0
2001-11-14,8040.934870071571,9884.856253273618,0.0
2001-11-15,8055.662909921287,9884.856253273618,0.0
2001-11-16,8019.897330900515,9884.856253273618,0.0
2001-11-19,8118.780562948676,9884.856253273618,0.0
2001-11-20,8050.753283553924,9884.856253273618,0.0
2001-11-21,7997.45488326126,9884.856253273618,0.0
2001-11-23,8112.466028113115,9884.856253273618,0.0
2001-11-26,8130.000527889747,9884.856253273618,0.0
2001-11-27,8094.938242355445,9884.856253273618,0.0
2001-11-28,7948.368690616082,9884.856253273618,0.0
2001-11-29,8055.662909921287,9884.856253273618,0.0
2001-11-30,7998.1606945048425,9884.856253273618,0.0
2001-12-03,7950.469339299418,9884.856253273618,0.0
2001-12-04,8085.117311115981,9884.856253273618,0.0
2001-12-05,8233.088414314061,9884.856253273618,0.0
2001-12-06,8228.880402928427,9884.856253273618,0.0
2001-12-07,8174.177094167564,9884.856253273618,0.0
2001-12-10,8021.298043106863,9884.856253273618,0.0
2001-12-11,8005.171808807911,9884.856253273618,0.0
2001-12-12,8014.286928803795,9884.856253273618,0.0
2001-12-13,7858.601417816177,9884.856253273618,0.0
2001-12-14,7933.636454504514,9884.856253273618,0.0
2001-12-17,8015.690158767255,9884.856253273618,0.0
2001-12-18,8063.376478458456,9884.856253273618,0.0
2001-12-19,8120.181275155025,9884.856253273618,0.0
2001-12-20,8040.235772846955,9884.856253273618,0.0
2001-12-21,8089.001371086607,9884.856253273618,0.0
2001-12-24,8073.5188433558205,9884.856253273618,0.0
2001-12-26,8117.850671322177,9884.856253273618,0.0
2001-12-27,8167.111428460416,9884.856253273618,0.0
2001-12-28,8162.890828289225,9884.856253273618,0.0
2001-12-31,8043.2595991378275,9884.856253273618,0.0
2002-01-02,8129.81253535876,9884.856253273618,0.0
2002-01-03,8222.00105124753,9884.856253273618,0.0
2002-01-04,8276.885638520416,9884.856253273618,0.0
2002-01-07,8218.480387553325,9884.856253273618,0.0
2002-01-08,8199.48307089493,9884.856253273618,0.0
2002-01-09,8132.631584071234,9884.856253273618,0.0
2002-01-10,8168.517176180986,9884.856253273618,0.0
2002-01-11,8088.298077600137,9884.856253273618,0.0
2002-01-14,8037.633251246068,9884.856253273618,0.0
2002-01-15,8103.0747940873425,9884.856253273618,0.0
2002-01-16,7939.1134154743295,9884.856253273618,0.0
2002-01-17,7998.925253414362,9884.856253273618,0.0
2002-01-18,7962.332171556287,9884.856253273618,0.0
2002-01-22,7907.45010204051,9884.856253273618,0.0
2002-01-23,7967.96523346701,9884.856253273618,0.0
2002-01-24,7992.59393353139,9884.856253273618,0.0
2002-01-25,7990.48405307198,9884.856253273618,0.0
2002-01-28,8012.299579190479,9884.856253273618,0.0
2002-01-29,7760.372802616999,9884.856253273618,0.0
2002-01-30,7872.260250145892,9884.856253273618,0.0
2002-01-31,7964.442052015698,9884.856253273618,0.0
2002-02-01,7927.149033680635,9884.856253273618,0.0
2002-02-04,7730.113558399009,9884.856253273618,0.0
2002-02-05,7682.26190599082,9884.856253273618,0.0
2002-02-06,7649.189487826949,9884.856253273618,0.0
2002-02-07,7601.339513923501,9884.856253273618,0.0
2002-02-08,7747.004351607476,9884.856253273618,0.0
2002-02-11,7842.005202189754,9884.856253273618,0.0
2002-02-12,7817.366431096928,9884.856253273618,0.0
2002-02-13,7900.411292409215,9884.856253273618,0.0
2002-02-14,7885.632897417268,9884.856253273618,0.0
2002-02-15,7803.298043610415,9884.856253273618,0.0
2002-02-19,7653.4142842599895,9884.856253273618,0.0
2002-02-20,7782.190846492608,9884.856253273618,0.0
2002-02-21,7621.044320330216,9884.856253273618,0.0
2002-02-22,7715.3401989212825,9884.856253273618,0.0
2002-02-25,7842.705977919109,9884.856253273618,0.0
2002-02-26,7826.524352963704,9884.856253273618,0.0
2002-02-27,7856.780240172213,9884.856253273618,0.0
2002-02-28,7821.597102296561,9884.856253273618,0.0
2002-03-01,8003.85334333387,9884.856253273618,0.0
2002-03-04,8145.295902341914,9884.856253273618,0.0
2002-03-05,8119.262293809336,9884.856253273618,0.0
2002-03-06,8215.668052859814,9884.856253273618,0.0
2002-03-07,8198.073126912506,9884.856253273618,0.0
2002-03-08,8232.55381055406,9884.856253273618,0.0
2002-03-11,8250.151254258479,9884.856253273618,0.0
2002-03-12,8245.224003591336,9884.856253273618,0.0
2002-03-13,8165.703162982733,9884.856253273618,0.0
2002-03-14,8154.442913927878,9884.856253273618,0.0
2002-03-15,8232.14173764015,9884.856253273618,0.0
2002-03-18,8233.555038632054,9884.856253273618,0.0
2002-03-19,8288.598244602963,9884.856253273618,0.0
2002-03-20,8132.639137342567,9884.856253273618,0.0
2002-03-21,8136.167354308103,9884.856253273618,0.0
2002-03-22,8118.525430228048,9884.856253273618,0.0
2002-03-25,8017.60701118145,9884.856253273618,0.0
2002-03-26,8064.185517743606,9884.856253273618,0.0
2002-03-27,8085.3548195368285,9884.856253273618,0.0
2002-03-28,8081.829120328403,9884.856253273618,0.0
2002-04-01,8085.3548195368285,9884.856253273618,0.0
2002-04-02,8040.8954252101585,9884.856253273618,0.0
2002-04-03,7984.437239742602,9884.856253273618,0.0
2002-04-04,7951.2649505466425,9884.856253273618,0.0
2002-04-05,7952.678251538547,9884.856253273618,0.0
2002-04-08,7969.616882132131,9884.856253273618,0.0
2002-04-09,7913.867025665268,9884.856253273618,0.0
2002-04-10,8003.491625562191,9884.856253273618,0.0
2002-04-11,7804.482228705175,9884.856253273618,0.0
2002-04-12,7863.059526408217,9884.856253273618,0.0
2002-04-15,7803.069766965641,9884.856253273618,0.0
2002-04-16,7988.668750194609,9884.856253273618,0.0
2002-04-17,7971.733476610505,9884.856253273618,0.0
2002-04-18,7937.155439693975,9884.856253273618,0.0
2002-04-19,7966.089504418965,9884.856253273618,0.0
2002-04-22,7833.417132682534,9720.227507554904,1.0
2002-04-23,7799.539032242992,9678.189296360684,1.0
2002-04-24,7721.208251495744,9580.991228542876,1.0
2002-04-25,7725.443118957233,9586.246135117208,1.0
2002-04-26,7578.652843844431,9404.09895134986,1.0
2002-04-29,7541.247365691722,9357.683734144557,1.0
2002-04-30,7611.825133040391,9445.261344781693,1.0
2002-05-01,7704.974592893369,9560.847420007938,1.0
2002-05-02,7675.33723468191,9524.071405191064,1.0
2002-05-03,7592.061578967739,9420.737406034381,1.0
2002-05-06,7443.158066386044,9235.967975982023,1.0
2002-05-07,7417.043050373529,9203.562718773645,1.0
2002-05-08,7692.976641004852,9545.959559447761,1.0
2002-05-09,7604.058691603882,9435.624225194124,1.0
2002-05-10,7460.800829718471,9257.860295840443,1.0
2002-05-13,7612.527587274491,9446.132996942357,1.0
2002-05-14,7778.369730449771,9651.92101189161,1.0
2002-05-15,7748.024882489989,9614.267096511487,1.0
2002-05-16,7788.251087859912,9664.18246056505,1.0
2002-05-17,7826.358180994351,9711.468288530588,1.0
2002-05-20,7741.673420550128,9711.468288530588,0.0
2002-05-21,7671.100688715683,9711.468288530588,0.0
2002-05-22,7688.035962299787,9711.468288530588,0.0
2002-05-23,7769.9016740315365,9711.468288530588,0.0
2002-05-24,7670.396555976843,9711.468288530588,0.0
2002-05-28,7628.76292438161,9711.468288530588,0.0
2002-05-29,7572.300542652201,9711.468288530588,0.0
2002-05-30,7551.129562354238,9711.468288530588,0.0
2002-05-31,7566.6574097130315,9711.468288530588,0.0
2002-06-03,7365.5272221157875,9711.468288530588,0.0
2002-06-04,7383.878314448906,9711.468288530588,0.0
2002-06-05,7453.037745291447,9711.468288530588,0.0
2002-06-06,7301.305952221204,9711.468288530588,0.0
2002-06-07,7292.8387350553385,9711.468288530588,0.0
2002-06-10,7321.066988536745,9711.468288530588,0.0
2002-06-11,7195.4535684885,9711.468288530588,0.0
2002-06-12,7239.204633814479,9711.468288530588,0.0
2002-06-13,7166.519503763512,9711.468288530588,0.0
2002-06-14,7155.930656605048,9711.468288530588,0.0
2002-06-17,7347.884458783361,9711.468288530588,0.0
2002-06-18,7407.870861216455,9711.468288530588,0.0
2002-06-19,7234.973123362472,9711.468288530588,0.0
2002-06-20,7142.519403724628,9711.468288530588,0.0
2002-06-21,7030.8434477931,9711.468288530588,0.0
2002-06-24,7067.6681633054295,9711.468288530588,0.0
2002-06-25,6909.036876497393,9711.468288530588,0.0
2002-06-26,6920.368881629925,9711.468288530588,0.0
2002-06-27,7041.4641865416415,9711.468288530588,0.0
2002-06-28,7008.181535658963,9711.468288530588,0.0
2002-07-01,6871.501733853445,9711.468288530588,0.0
2002-07-02,6725.616592422217,9711.468288530588,0.0
2002-07-03,6763.857546309746,9711.468288530588,0.0
2002-07-05,7032.9663366642535,9711.468288530588,0.0
2002-07-08,6945.149066747179,9711.468288530588,0.0
2002-07-09,6770.228730680316,9711.468288530588,0.0
2002-07-10,6523.781432833763,9711.468288530588,0.0
2002-07-11,6576.896036857289,9711.468288530588,0.0
2002-07-12,6504.660746076905,9711.468288530588,0.0
2002-07-15,6539.362153091895,9711.468288530588,0.0
2002-07-16,6413.306866670588,9711.468288530588,0.0
2002-07-17,6426.053431673579,9711.468288530588,0.0
2002-07-18,6217.849185845482,9711.468288530588,0.0
2002-07-19,5999.018746128434,9711.468288530588,0.0
2002-07-22,5821.264254806429,9711.468288530588,0.0
2002-07-23,5661.9242193715145,9711.468288530588,0.0
2002-07-24,5999.730012512423,9711.468288530588,0.0
2002-07-25,5948.738716986234,9711.468288530588,0.0
2002-07-26,6062.04659915218,9711.468288530588,0.0
2002-07-29,6357.361884027586,9711.468288530588,0.0
2002-07-30,6440.217074304141,9711.468288530588,0.0
2002-07-31,6455.796955309905,9711.468288530588,0.0
2002-08-01,6287.251580249279,9711.468288530588,0.0
2002-08-02,6146.322224065789,9711.468288530588,0.0
2002-08-05,5932.451346232147,9711.468288530588,0.0
2002-08-06,6132.154385173374,9711.468288530588,0.0
2002-08-07,6239.092341847306,9711.468288530588,0.0
2002-08-08,6440.925822931018,9711.468288530588,0.0
2002-08-09,6465.007330449838,9711.468288530588,0.0
2002-08-12,6417.554322917631,9711.468288530588,0.0
2002-08-13,6300.70143873874,9711.468288530588,0.0
2002-08-14,6530.864722840689,9711.468288530588,0.0
2002-08-15,6621.512371377238,9711.468288530588,0.0
2002-08-16,6601.683775245872,9711.468288530588,0.0
2002-08-19,6756.067605806862,9711.468288530588,0.0
2002-08-20,6684.539385148616,9711.468288530588,0.0
2002-08-21,6780.85450494308,9711.468288530588,0.0
2002-08-22,6846.716932848153,9711.468288530588,0.0
2002-08-23,6699.413454910798,9711.468288530588,0.0
2002-08-26,6746.154356806644,9711.468288530588,0.0
2002-08-27,6668.252434020715,9711.468288530588,0.0
2002-08-28,6522.363935580003,9711.468288530588,0.0
2002-08-29,6525.197671208961,9711.468288530588,0.0
2002-08-30,6499.7028626982365,9711.468288530588,0.0
2002-09-03,6251.841004981222,9711.468288530588,0.0
2002-09-04,6341.06989738546,9711.468288530588,0.0
2002-09-05,6287.251580249277,9711.468288530588,0.0
2002-09-06,6373.647995903113,9711.468288530588,0.0
2002-09-09,6420.390576303699,9711.468288530588,0.0
2002-09-10,6494.0408465807295,9711.468288530588,0.0
2002-09-11,6453.673227186379,9711.468288530588,0.0
2002-09-12,6334.695356005407,9711.468288530588,0.0
2002-09-13,6350.280272525394,9711.468288530588,0.0
2002-09-16,6365.856796521675,9711.468288530588,0.0
2002-09-17,6219.9724943428155,9711.468288530588,0.0
2002-09-18,6157.653389945947,9711.468288530588,0.0
2002-09-19,5998.310836753922,9711.468288530588,0.0
2002-09-20,6000.30448076002,9711.468288530588,0.0
2002-09-23,5951.219966619583,9711.468288530588,0.0
2002-09-24,5855.184737490677,9711.468288530588,0.0
2002-09-25,6000.30448076002,9711.468288530588,0.0
2002-09-26,6098.470152031412,9711.468288530588,0.0
2002-09-27,5886.483815395704,9711.468288530588,0.0
2002-09-30,5818.192591130434,9711.468288530588,0.0
2002-10-01,6097.759305273609,9711.468288530588,0.0
2002-10-02,5914.942024026627,9711.468288530588,0.0
2002-10-03,5855.184737490677,9711.468288530588,0.0
2002-10-04,5747.771763975048,9711.468288530588,0.0
2002-10-07,5628.973912427547,9711.468288530588,0.0
2002-10-08,5717.185211332566,9711.468288530588,0.0
2002-10-09,5555.704662726719,9711.468288530588,0.0
2002-10-10,5735.680235447225,9711.468288530588,0.0
2002-10-11,5986.788321333292,9711.468288530588,0.0
2002-10-14,6020.219100259363,9711.468288530588,0.0
2002-10-15,6309.741026021281,9711.468288530588,0.0
2002-10-16,6156.800289911348,9711.468288530588,0.0
2002-10-17,6279.154473378798,9711.468288530588,0.0
2002-10-18,6305.475525848268,9711.468288530588,0.0
2002-10-21,6414.311871384249,9711.468288530588,0.0
2002-10-22,6368.075779789252,9711.468288530588,0.0
2002-10-23,6416.447349040958,9711.468288530588,0.0
2002-10-24,6285.558388591817,9711.468288530588,0.0
2002-10-25,6416.447349040958,9711.468288530588,0.0
2002-10-28,6374.477177245158,9711.468288530588,0.0
2002-10-29,6300.497080786527,9711.468288530588,0.0
2002-10-30,6361.672703828603,9711.468288530588,0.0
2002-10-31,6296.943266623689,9711.468288530588,0.0
2002-11-01,6421.426213728886,9711.468288530588,0.0
2002-11-04,6482.602256397147,9711.468288530588,0.0
2002-11-05,6533.820150063369,9711.468288530588,0.0
2002-11-06,6618.473438543699,9711.468288530588,0.0
2002-11-07,6456.284141310973,9711.468288530588,0.0
2002-11-08,6377.322662407302,9711.468288530588,0.0
2002-11-11,6278.441948116252,9711.468288530588,0.0
2002-11-12,6328.241085650161,9711.468288530588,0.0
2002-11-13,6334.637027965659,9711.468288530588,0.0
2002-11-14,6454.150761785189,9711.468288530588,0.0
2002-11-15,6501.808127269609,9711.468288530588,0.0
2002-11-18,6436.364486297409,9711.468288530588,0.0
2002-11-19,6427.828030810977,9711.468288530588,0.0
2002-11-20,6570.811876797426,9711.468288530588,0.0
2002-11-21,6693.16480138632,9711.468288530588,0.0
2002-11-22,6645.507016275714,9711.468288530588,0.0
2002-11-25,6649.775034205836,9711.468288530588,0.0
2002-11-26,6523.151993555891,9711.468288530588,0.0
2002-11-27,6706.678443055936,9711.468288530588,0.0
2002-11-29,6685.3391926576915,9711.468288530588,0.0
2002-12-02,6696.011125800833,9711.468288530588,0.0
2002-12-03,6606.377713754019,9711.468288530588,0.0
2002-12-04,6576.5003293646005,9711.468288530588,0.0
2002-12-05,6503.944444178689,9711.468288530588,0.0
2002-12-06,6546.625462732293,9711.468288530588,0.0
2002-12-09,6366.653247021271,9711.468288530588,0.0
2002-12-10,6452.014025249923,9711.468288530588,0.0
2002-12-11,6457.704575948027,9711.468288530588,0.0
2002-12-12,6456.99750582589,9711.468288530588,0.0
2002-12-13,6355.267949363214,9711.468288530588,0.0
2002-12-16,6519.5923046264625,9711.468288530588,0.0
2002-12-17,6462.68553876688,9711.468288530588,0.0
2002-12-18,6387.994595550444,9711.468288530588,0.0
2002-12-19,6342.465574077585,9711.468288530588,0.0
2002-12-20,6432.964674944558,9711.468288530588,0.0
2002-12-23,6435.112741386826,9711.468288530588,0.0
2002-12-24,6387.211992714964,9711.468288530588,0.0
2002-12-26,6390.073423672146,9711.468288530588,0.0
2002-12-27,6246.3896412087115,9711.468288530588,0.0
2002-12-30,6298.573094727181,9711.468288530588,0.0
2002-12-31,6307.151512832136,9711.468288530588,0.0
2003-01-02,6510.170437889165,9711.468288530588,0.0
2003-01-03,6530.186187299152,9711.468288530588,0.0
2003-01-06,6645.280418135685,9711.468288530588,0.0
2003-01-07,6628.8365268145035,9711.468288530588,0.0
2003-01-08,6533.04552012541,9711.468288530588,0.0
2003-01-09,6634.550156952794,9711.468288530588,0.0
2003-01-10,6652.424553939474,9711.468288530588,0.0
2003-01-13,6650.281103385245,9711.468288530588,0.0
2003-01-14,6671.7281977131,9711.468288530588,0.0
2003-01-15,6605.24766043716,9711.468288530588,0.0
2003-01-16,6578.0827397091625,9711.468288530588,0.0
2003-01-17,6480.860807728384,9711.468288530588,0.0
2003-01-21,6380.067856911176,9711.468288530588,0.0
2003-01-22,6302.860835088012,9711.468288530588,0.0
2003-01-23,6341.464345999592,9711.468288530588,0.0
2003-01-24,6174.904642047545,9711.468288530588,0.0
2003-01-27,6090.554323672962,9711.468288530588,0.0
2003-01-28,6135.588605873419,9711.468288530588,0.0
2003-01-29,6182.05381336556,9711.468288530588,0.0
2003-01-30,6035.5106980758665,9711.468288530588,0.0
2003-01-31,6152.032497194602,9711.468288530588,0.0
2003-02-03,6164.180675257435,9711.468288530588,0.0
2003-02-04,6103.421321391121,9711.468288530588,0.0
2003-02-05,6065.529916115899,9711.468288530588,0.0
2003-02-06,6036.9407841151815,9711.468288530588,0.0
2003-02-07,5963.306040007004,9711.468288530588,0.0
2003-02-10,6005.483926764501,9711.468288530588,0.0
2003-02-11,5964.023181157589,9711.468288530588,0.0
2003-02-12,5868.948056740523,9711.468288530588,0.0
2003-02-13,5886.81825746535,9711.468288530588,0.0
2003-02-14,6015.490752404029,9711.468288530588,0.0
2003-02-18,6121.291102489763,9711.468288530588,0.0
2003-02-19,6089.124657259834,9711.468288530588,0.0
2003-02-20,6028.357330496,9711.468288530588,0.0
2003-02-21,6089.124657259834,9711.468288530588,0.0
2003-02-24,5990.472639239742,9711.468288530588,0.0
2003-02-25,6038.367932771197,9711.468288530588,0.0
2003-02-26,5950.442818924515,9711.468288530588,0.0
2003-02-27,6029.074891272769,9711.468288530588,0.0
2003-02-28,6069.104711587996,9711.468288530588,0.0
2003-03-03,6011.203012043198,9711.468288530588,0.0
2003-03-04,5915.411166101734,9711.468288530588,0.0
2003-03-05,5965.45494570164,9711.468288530588,0.0
2003-03-06,5915.411166101734,9711.468288530588,0.0
2003-03-07,5956.157288315176,9711.468288530588,0.0
2003-03-10,5813.186870366654,9711.468288530588,0.0
2003-03-11,5756.002311972439,9711.468288530588,0.0
2003-03-12,5794.601626622169,9711.468288530588,0.0
2003-03-13,5994.75870109583,9711.468288530588,0.0
2003-03-14,6014.062344869453,9711.468288530588,0.0
2003-03-17,6203.498809562484,9711.468288530588,0.0
2003-03-18,6239.954254031799,9711.468288530588,0.0
2003-03-19,6287.85248494655,9711.468288530588,0.0
2003-03-20,6301.432847179623,9711.468288530588,0.0
2003-03-21,6435.9343694575355,9711.468288530588,0.0
2003-03-24,6222.051322464521,9711.468288530588,0.0
2003-03-25,6281.623973478963,9711.468288530588,0.0
2003-03-26,6250.043326403636,9711.468288530588,0.0
2003-03-27,6255.066251841015,9711.468288530588,0.0
2003-03-28,6223.484345887131,9711.468288530588,0.0
2003-03-31,6082.095918656984,9711.468288530588,0.0
2003-04-01,6175.3972831890205,9711.468288530588,0.0
2003-04-02,6324.683494851658,9711.468288530588,0.0
2003-04-03,6294.545522601203,9711.468288530588,0.0
2003-04-04,6331.864557759751,9711.468288530588,0.0
2003-04-07,6319.662247919021,9711.468288530588,0.0
2003-04-08,6329.715652065114,9711.468288530588,0.0
2003-04-09,6246.45426364124,9711.468288530588,0.0
2003-04-10,6280.907671580753,9711.468288530588,0.0
2003-04-11,6255.066251841017,9711.468288530588,0.0
2003-04-14,6384.259922501769,9711.468288530588,0.0
2003-04-15,6443.832993142398,9711.468288530588,0.0
2003-04-16,6334.016400837687,9711.468288530588,0.0
2003-04-17,6428.042040165455,9711.468288530588,0.0
2003-04-21,6434.500506782556,9711.468288530588,0.0
2003-04-22,6555.798910767931,9711.468288530588,0.0
2003-04-23,6616.091640316254,9711.468288530588,0.0
2003-04-24,6557.236130452395,9711.468288530588,0.0
2003-04-25,6476.131200994494,9711.468288530588,0.0
2003-04-28,6588.098797124769,9711.468288530588,0.0
2003-04-29,6611.063679364653,9711.468288530588,0.0
2003-04-30,6596.712463829286,9711.468288530588,0.0
2003-05-01,6595.991546043037,9711.468288530588,0.0
2003-05-02,6690.018024623176,9711.468288530588,0.0
2003-05-05,6677.096055874752,9711.468288530588,0.0
2003-05-06,6740.261546287259,9711.468288530588,0.0
2003-05-07,6702.934118605007,9711.468288530588,0.0
2003-05-08,6635.466620541372,9711.468288530588,0.0
2003-05-09,6727.3383186602805,9711.468288530588,0.0
2003-05-12,6809.877110793163,9711.468288530588,0.0
2003-05-13,6797.676899083361,9694.069741213878,1.0
2003-05-14,6783.32148728614,9673.597693896529,1.0
2003-05-15,6826.385624546873,9735.010843734091,1.0
2003-05-16,6809.155773380728,9710.439599570092,1.0
2003-05-19,6649.824969721889,9483.220220726018,1.0
2003-05-20,6636.184181318141,9463.767287602806,1.0
2003-05-21,6649.824969721888,9483.220220726018,1.0
2003-05-22,6715.851471465392,9577.379669927881,1.0
2003-05-23,6729.488902859658,9596.827815667915,1.0
2003-05-27,6847.2007618397465,9764.6950131328,1.0
2003-05-28,6866.579938326716,9792.331379376876,1.0
2003-05-29,6848.635883393284,9766.741619441638,1.0
2003-05-30,6958.449957940883,9923.345899556045,1.0
2003-06-02,6987.1570048996555,9964.28460838467,1.0
2003-06-03,7015.864891110797,10005.224514059088,1.0
2003-06-04,7117.070754094288,10149.552746857853,1.0
2003-06-05,7152.2362676701605,10199.701782499144,1.0
2003-06-06,7124.245522609602,10159.784581556249,1.0
2003-06-09,7051.756777613328,10056.40941973564,1.0
2003-06-10,7123.526283328092,10158.75888471024,1.0
2003-06-11,7198.890306945661,10266.23444022329,1.0
2003-06-12,7221.140565792073,10297.965215930837,1.0
2003-06-13,7145.779059931616,10190.493250955173,1.0
2003-06-16,7296.504589409644,10405.440771443888,1.0
2003-06-17,7296.504589409644,10405.440771443888,1.0
2003-06-18,7290.044863913988,10396.228649362529,1.0
2003-06-19,7178.794408934297,10237.575967670591,1.0
2003-06-20,7162.943449412865,10214.971141147189,1.0
2003-06-23,7089.4711006383795,10110.19327605526,1.0
2003-06-24,7096.674403734289,10120.465803510671,1.0
2003-06-25,7025.3664868232945,10018.774603723128,1.0
2003-06-26,7116.84667371137,10149.233189030687,1.0
2003-06-27,7034.725829258991,10032.121828024976,1.0
2003-06-30,7032.568111414464,10029.04473748695,1.0
2003-07-01,7097.397000025278,10121.49628773986,1.0
2003-07-02,7186.716112059344,10248.872995126214,1.0
2003-07-03,7112.522845498608,10143.067039496691,1.0
2003-07-07,7253.70271851469,10344.40163591715,1.0
2003-07-08,7286.123876839061,10390.63698580996,1.0
2003-07-09,7245.06177610813,10332.078911615514,1.0
2003-07-10,7152.859832181435,10200.591038924566,1.0
2003-07-11,7220.574070441994,10297.157345019452,1.0
2003-07-14,7255.865471873441,10347.48590752994,1.0
2003-07-15,7240.021226370973,10324.890655772893,1.0
2003-07-16,7197.5206470770245,10264.281187886432,1.0
2003-07-17,7095.2359251712705,10118.414409818655,1.0
2003-07-18,7167.989873916618,10222.167774910367,1.0
2003-07-21,7079.387483406951,10095.813173832637,1.0
2003-07-22,7143.49797198863,10187.240224085332,1.0
2003-07-23,7148.539360978159,10194.429676773747,1.0
2003-07-24,7094.515007385022,10117.386319281057,1.0
2003-07-25,7219.850634898635,10296.12566394447,1.0
2003-07-28,7193.202693630859,10258.123416273,1.0
2003-07-29,7160.06817079157,10210.870747454741,1.0
2003-07-30,7142.77873270712,10186.214527239323,1.0
2003-07-31,7159.344735248209,10209.83906637976,1.0
2003-08-01,7095.95348594804,10119.437712973071,1.0
2003-08-04,7095.95348594804,10119.437712973071,1.0
2003-08-05,6945.405458346372,9904.743325369926,1.0
2003-08-06,6985.74412353394,9962.269718489388,1.0
2003-08-07,7059.218570439353,10067.0505756958,1.0
2003-08-08,7079.387483406953,10095.813173832636,1.0
2003-08-11,7106.038781684212,10133.820208887286,1.0
2003-08-12,7170.86934879977,10226.274152831784,1.0
2003-08-13,7134.134433291083,10173.887015554512,1.0
2003-08-14,7153.57991071532,10201.617932616366,1.0
2003-08-15,7175.914094798782,10233.468392903376,1.0
2003-08-18,7237.8601515169685,10321.80877785169,1.0
2003-08-19,7265.236563842329,10360.849887672906,1.0
2003-08-20,7235.699076662958,10318.726899930485,1.0
2003-08-21,7258.747464513705,10351.595875988734,1.0
2003-08-22,7186.716112059349,10248.872995126208,1.0
2003-08-25,7198.241564863278,10265.309278424023,1.0
2003-08-26,7211.21137099682,10283.80533333442,1.0
2003-08-27,7213.3724458508295,10286.887211255624,1.0
2003-08-28,7258.028225232195,10350.570179142724,1.0
2003-08-29,7307.013707592915,10420.427674484383,1.0
2003-09-02,7404.977119043021,10560.131893555548,1.0
2003-09-03,7445.31662348296,10617.659483520807,1.0
2003-09-04,7448.9178554047285,10622.795148825615,1.0
2003-09-05,7407.138193897029,10563.213771476752,1.0
2003-09-08,7468.366689838447,10650.530853270646,1.0
2003-09-09,7419.38540373958,10580.679342157959,1.0
2003-09-10,7344.470380140223,10473.844099145044,1.0
2003-09-11,7366.080289427953,10504.661681511281,1.0
2003-09-12,7379.763460076411,10524.175055347123,1.0
2003-09-15,7353.834758090145,10487.19850452166,1.0
2003-09-16,7461.1617082378,10640.255932123646,1.0
2003-09-17,7446.75426279361,10619.709680367028,1.0
2003-09-18,7534.638253274138,10745.039781444546,1.0
2003-09-19,7496.312115271004,10690.383424540634,1.0
2003-09-22,7415.326779275897,10574.891395895074,1.0
2003-09-23,7443.524819671968,10615.104217749247,1.0
2003-09-24,7311.20241617403,10426.401131845441,1.0
2003-09-25,7251.182443646117,10340.80750799583,1.0
2003-09-26,7227.318302491253,10306.775197825189,1.0
2003-09-29,7298.183933403,10407.835659878956,1.0
2003-09-30,7227.318302491253,10306.775197825189,1.0
2003-10-01,7381.3404152805615,10526.423928595254,1.0
2003-10-02,7408.092423842279,10564.574585145261,1.0
2003-10-03,7476.065991085319,10661.510716590692,1.0
2003-10-06,7510.050676575912,10709.975790198921,1.0
2003-10-07,7538.9771880295675,10751.227474202848,1.0
2003-10-08,7520.170381659273,10724.407356790718,1.0
2003-10-09,7540.416505844957,10753.28006474066,1.0
2003-10-10,7561.391940340596,10783.192831686147,1.0
2003-10-13,7585.25692074783,10817.226338702583,1.0
2003-10-14,7612.007250804805,10855.374601561,1.0
2003-10-15,7591.759448114381,10826.499499919468,1.0
2003-10-16,7622.130312897648,10869.81095553597,1.0
2003-10-17,7538.9771880295675,10751.22747420285,1.0
2003-10-20,7595.37662583119,10831.657905294374,1.0
2003-10-21,7582.360660817271,10813.096023865271,1.0
2003-10-22,7486.9133279738935,10676.979948486443,1.0
2003-10-23,7473.1781236784645,10657.392370211333,1.0
2003-10-24,7489.805391642599,10681.10427909478,1.0
2003-10-27,7493.4217301070385,10686.261487623893,1.0
2003-10-28,7595.376625831191,10831.657905294376,1.0
2003-10-29,7605.497170166922,10846.090668731962,1.0
2003-10-30,7621.405198849547,10868.7768807694,1.0
2003-10-31,7614.176718182523,10858.468447940148,1.0
2003-11-03,7664.070271608112,10929.620930431609,1.0
2003-11-04,7647.437968129754,10905.901840473396,1.0
2003-11-05,7653.224613224277,10914.15409222745,1.0
2003-11-06,7693.718540100387,10971.901901818923,1.0
2003-11-07,7636.593988250663,10890.437395960827,1.0
2003-11-10,7605.497170166923,10846.09066873196,1.0
2003-11-11,7603.33022054632,10843.000412890196,1.0
2003-11-12,7688.656169801598,10964.682527985646,1.0
2003-11-13,7690.823119422202,10967.772783827411,1.0
2003-11-14,7625.743294352609,10874.963376681906,1.0
2003-11-17,7587.423870368439,10820.31659454435,1.0
2003-11-18,7508.602966236824,10707.91123120317,1.0
2003-11-19,7572.235080967323,10798.656079352919,1.0
2003-11-20,7504.261513724282,10701.719947907486,1.0
2003-11-21,7535.359171060391,10746.067871982146,1.0
2003-11-24,7635.14627791157,10888.372836965067,1.0
2003-11-25,7664.070271608113,10929.620930431607,1.0
2003-11-26,7691.547394217933,10968.805661748185,1.0
2003-11-28,7697.334039312456,10977.05791350224,1.0
2003-12-01,7780.488003432908,11095.642591681157,1.0
2003-12-02,7760.9686718000685,11067.806352189375,1.0
2003-12-03,7748.676142329511,11050.276151835256,1.0
2003-12-04,7780.488003432908,11095.642591681157,1.0
2003-12-05,7726.253836747149,11018.300022739806,1.0
2003-12-08,7778.320214559934,11092.551138993596,1.0
2003-12-09,7718.303599041503,11006.962302527163,1.0
2003-12-10,7717.579324245771,11005.92942460639,1.0
2003-12-11,7804.351305335402,11129.673705006007,1.0
2003-12-12,7819.533380717553,11151.324645431077,1.0
2003-12-15,7780.488003432908,11095.642591681157,1.0
2003-12-16,7820.981930309018,11153.390401272629,1.0
2003-12-17,7845.568667754873,11188.453195672459,1.0
2003-12-18,7933.782484417004,11314.253657147268,1.0
2003-12-19,7911.700076044689,11282.762250598651,1.0
2003-12-22,7966.912810994439,11361.500341736551,1.0
2003-12-23,7972.000358864345,11368.755620943672,1.0
2003-12-24,7964.005640783064,11357.354467903913,1.0
2003-12-26,7969.820820458184,11365.647412414988,1.0
2003-12-29,8075.888892050105,11516.909571325012,1.0
2003-12-30,8077.339959398681,11518.978917703947,1.0
2003-12-31,8084.606206422377,11529.341208593958,1.0
2004-01-02,8080.973922162899,11524.161259994748,1.0
2004-01-05,8168.884768719282,11649.529660137692,1.0
2004-01-06,8176.873612033969,11660.922435256889,1.0
2004-01-07,8204.479140256475,11700.290283980046,1.0
2004-01-08,8237.173055601255,11746.914608756117,1.0
2004-01-09,8165.248288197951,11644.34372730951,1.0
2004-01-12,8225.55024952235,11730.33949134612,1.0
2004-01-13,8177.598726082073,11661.95651002346,1.0
2004-01-14,8245.892887730639,11759.349836562445,1.0
2004-01-15,8266.235525938928,11788.36018177877,1.0
2004-01-16,8298.926084274228,11834.97971917166,1.0
2004-01-20,8296.748224372808,11831.873904334565,1.0
2004-01-21,8362.13521581,11925.121357040909,1.0
2004-01-22,8340.338992496021,11894.038074908263,1.0
2004-01-23,8313.458578321619,11855.70430095168,1.0
2004-01-26,8418.078939574447,12004.901900865945,1.0
2004-01-27,8331.620838871379,11881.605240793524,1.0
2004-01-28,8236.447941553151,11745.880533989543,1.0
2004-01-29,8244.43762412021,11757.274505954536,1.0
2004-01-30,8244.43762412021,11757.274505954536,1.0
2004-02-02,8280.042066685848,11808.049491946424,1.0
2004-02-03,8266.235525938928,11788.36018177877,1.0
2004-02-04,8198.668996095575,11692.00452054374,1.0
2004-02-05,8222.645597068085,11726.197208050864,1.0
2004-02-06,8314.907967165456,11857.771253639026,1.0
2004-02-09,8317.088344823987,11860.880659013508,1.0
2004-02-10,8343.97043750313,11899.216826661683,1.0
2004-02-11,8432.604719602876,12025.616907879608,1.0
2004-02-12,8402.091181916625,11982.101988478018,1.0
2004-02-13,8364.312236459049,11928.225975032212,1.0
2004-02-17,8439.870966626571,12035.979198769617,1.0
2004-02-18,8402.816295964727,11983.136063244589,1.0
2004-02-19,8371.580161987486,11938.590659613812,1.0
2004-02-20,8346.15081516166,11902.326232036163,1.0
2004-02-23,8325.080545148156,11872.278221515882,1.0
2004-02-24,8310.551408110245,11851.558427119042,1.0
2004-02-25,8345.425701113556,11901.292157269592,1.0
2004-02-26,8350.50821346924,11908.540255401942,1.0
2004-02-27,8356.320875387248,11916.829609375633,1.0
2004-03-01,8439.143334821356,12034.941533465664,1.0
2004-03-02,8389.744101041984,11964.493993147245,1.0
2004-03-03,8404.996673623256,11986.245468619065,1.0
2004-03-04,8426.792896937233,12017.32875075171,1.0
2004-03-05,8455.126896217324,12057.735461624614,1.0
2004-03-08,8351.963477079666,11910.615586009848,1.0
2004-03-09,8318.54276918204,11862.954792775618,1.0
2004-03-10,8179.053150440125,11664.03064378557,1.0
2004-03-11,8072.985918100576,11512.769681721342,1.0
2004-03-12,8179.053150440125,11664.03064378557,1.0
2004-03-15,8078.796062261473,11521.055445157646,1.0
2004-03-16,8121.660877084215,11582.184344118981,1.0
2004-03-17,8212.474697590122,11711.692633865594,1.0
2004-03-18,8214.650878986798,11714.796055011098,1.0
2004-03-19,8096.909646173744,11546.886967943401,1.0
2004-03-22,7994.11298032199,11400.290113940891,1.0
2004-03-23,7980.2619591994335,11380.537370946122,1.0
2004-03-24,7986.824912736661,11389.896705060222,1.0
2004-03-25,8092.536302071123,11540.650204507521,1.0
2004-03-26,8094.7225544962475,11543.767987802565,1.0
2004-03-29,8208.452160978364,11705.956151971872,1.0
2004-03-30,8236.159238737699,11745.468819036183,1.0
2004-03-31,8245.636076505263,11758.98360174928,1.0
2004-04-01,8295.214071039549,11829.686070221956,1.0
2004-04-02,8357.914615638803,11919.102419539653,1.0
2004-04-05,8403.844380118573,11984.602199343022,1.0
2004-04-06,8376.869969678677,11946.134378657436,1.0
2004-04-07,8357.183626824108,11918.059966852521,1.0
2004-04-08,8338.230790541349,11891.031598272124,1.0
2004-04-12,8371.035487199033,11937.813906693085,1.0
2004-04-13,8253.65932916714,11770.425447546055,1.0
2004-04-14,8266.780200727371,11789.136934699489,1.0
2004-04-15,8235.428249923003,11744.426366349053,1.0
2004-04-16,8298.859783336955,11834.885168353883,1.0
2004-04-19,8298.859783336955,11834.885168353883,1.0
2004-04-20,8159.6059945111465,11636.297333032131,1.0
2004-04-21,8214.289161215118,11714.280214473614,1.0
2004-04-22,8329.481584578996,11878.554480862984,1.0
2004-04-23,8337.49728396954,11889.985555047608,1.0
2004-04-26,8325.834193776851,11873.35298903947,1.0
2004-04-27,8333.12393986692,11883.74879161173,1.0
2004-04-28,8225.222941097853,11729.87272148621,1.0
2004-04-29,8153.044719478661,11626.940392609622,1.0
2004-04-30,8089.624096345526,11536.497149600122,1.0
2004-05-03,8176.376774630635,11660.213902546462,1.0
2004-05-04,8169.8171781028905,11650.859355815539,1.0
2004-05-05,8222.309896119887,11725.718469733009,1.0
2004-05-06,8151.587777363493,11624.862668310123,1.0
2004-05-07,8016.713207406898,11432.51997434481,1.0
2004-05-10,7934.330516214927,11315.03519745117,1.0
2004-05-11,8001.40104790732,11410.68352282157,1.0
2004-05-12,8052.441020070997,11483.47089666851,1.0
2004-05-13,8018.898620579651,11435.636560794055,1.0
2004-05-14,8022.546011381798,11440.83805261757,1.0
2004-05-17,7954.013502060012,11343.104821872907,1.0
2004-05-18,7994.11298032199,11400.290113940897,1.0
2004-05-19,7966.412616581621,11360.787021642946,1.0
2004-05-20,7991.9250493921245,11397.169936954266,1.0
2004-05-21,8005.779427524162,11416.927467332214,1.0
2004-05-24,8039.316791501285,11464.754622131899,1.0
2004-05-25,8154.503340098571,11629.020510600707,1.0
2004-05-26,8182.939728167859,11669.573236660557,1.0
2004-05-27,8228.867814142888,11735.070622772337,1.0
2004-05-28,8228.140182337673,11734.032957468384,1.0
2004-06-01,8217.207241707309,11718.441647301583,1.0
2004-06-02,8247.82568593987,11762.106172427502,1.0
2004-06-03,8172.001752023273,11653.97474541899,1.0
2004-06-04,8236.889388300024,11746.51007487752,1.0
2004-06-07,8362.284602731943,11925.33439559235,1.0
2004-06-08,8373.951889186485,11941.972945829464,1.0
2004-06-09,8295.945059854246,11830.728522909088,1.0
2004-06-10,8336.77216992144,11888.951480281034,1.0
2004-06-14,8254.386121719986,11771.461916004215,1.0
2004-06-15,8312.712482964253,11854.640305040239,1.0
2004-06-16,8311.2521838396,11852.55779335756,1.0
2004-06-17,8298.859783336955,11834.88516835388,1.0
2004-06-18,8314.516875560803,11857.213523498718,1.0
2004-06-21,8283.05414344353,11812.344971503388,1.0
2004-06-22,8324.760789994996,11871.822223268118,1.0
2004-06-23,8396.469030286715,11974.084318499707,1.0
2004-06-24,8370.129933891278,11936.522510080666,1.0
2004-06-25,8329.883586464462,11879.127769998611,1.0
2004-06-28,8301.349005867827,11838.435012980786,1.0
2004-06-29,8335.73149698203,11887.467391495677,1.0
2004-06-30,8380.37384832547,11951.131209850064,1.0
2004-07-01,8264.029131456908,11785.21367418465,1.0
2004-07-02,8259.637323802135,11778.950580141287,1.0
2004-07-06,8187.198933948092,11675.64722906836,1.0
2004-07-07,8211.346742404181,11710.084073117592,1.0
2004-07-08,8154.275063453796,11628.694968544558,1.0
2004-07-09,8175.4905241273955,11658.95003338731,1.0
2004-07-12,8179.14966446273,11664.16828105195,1.0
2004-07-13,8185.004288999263,11672.517477315372,1.0
2004-07-14,8160.125491728477,11637.038180579008,1.0
2004-07-15,8107.438067161529,11561.901398437181,1.0
2004-07-16,8100.85329306267,11552.510946332422,1.0
2004-07-19,8066.458213162906,11503.460615130612,1.0
2004-07-20,8168.906589280906,11649.560778128345,1.0
2004-07-21,8018.172667279174,11434.601289181684,1.0
2004-07-22,8040.123313029322,11465.904790940544,1.0
2004-07-23,7972.805201887635,11369.903396060728,1.0
2004-07-26,7957.439330236347,11347.990346406628,1.0
2004-07-27,8032.07236503922,11454.423449232545,1.0
2004-07-28,8056.217655738197,11488.856702744391,1.0
2004-07-29,8090.609378628478,11537.902246563022,1.0
2004-07-30,8110.368736439278,11566.080783952073,1.0
2004-08-02,8127.19742497233,11590.079935826232,1.0
2004-08-03,8064.273639242524,11500.34522552716,1.0
2004-08-04,8063.535936408864,11499.29319807367,1.0
2004-08-05,7931.827865646125,11311.466203291542,1.0
2004-08-06,7818.414657307681,11149.729249986813,1.0
2004-08-09,7829.38788205183,11165.378008751757,1.0
2004-08-10,7930.363370259621,11309.377707379894,1.0
2004-08-11,7914.264831288895,11286.41981134707,1.0
2004-08-12,7827.924225917697,11163.2907096859,1.0
2004-08-13,7843.294293830838,11185.209743568972,1.0
2004-08-16,7924.513781237311,11301.035692191237,1.0
2004-08-17,7969.146900804674,11364.686345241884,1.0
2004-08-18,8051.101573287697,11481.560730780257,1.0
2004-08-19,8027.679718132082,11448.15915834339,1.0
2004-08-20,8084.027122286733,11528.515384995646,1.0
2004-08-23,8063.535936408866,11499.293198073668,1.0
2004-08-24,8074.51839292909,11514.955122142352,1.0
2004-08-25,8129.392909173532,11593.21088442501,1.0
2004-08-26,8129.392909173532,11593.21088442501,0.0
2004-08-27,8155.001856006642,11593.21088442501,0.0
2004-08-30,8087.6845841173235,11593.21088442501,0.0
2004-08-31,8130.125576492967,11593.21088442501,0.0
2004-09-01,8145.488091134774,11593.21088442501,0.0
2004-09-02,8237.686678051987,11593.21088442501,0.0
2004-09-03,8204.030140238256,11593.21088442501,0.0
2004-09-07,8258.174506920373,11593.21088442501,0.0
2004-09-08,8237.686678051987,11593.21088442501,0.0
2004-09-09,8230.372593643173,11593.21088442501,0.0
2004-09-10,8272.811907514077,11593.21088442501,0.0
2004-09-13,8299.88367122895,11593.21088442501,0.0
2004-09-14,8316.714038266744,11593.21088442501,0.0
2004-09-15,8253.784377770344,11593.21088442501,0.0
2004-09-16,8278.66233578876,11593.21088442501,0.0
2004-09-17,8313.860580207082,11593.21088442501,0.0
2004-09-20,8263.89569033,11593.21088442501,0.0
2004-09-21,8299.89542076214,11593.21088442501,0.0
2004-09-22,8196.298947401308,11593.21088442501,0.0
2004-09-23,8152.214698884247,11593.21088442501,0.0
2004-09-24,8189.683960217112,11593.21088442501,0.0
2004-09-27,8137.5143543627555,11593.21088442501,0.0
2004-09-28,8176.454825101089,11593.21088442501,0.0
2004-09-29,8217.60336882618,11593.21088442501,0.0
2004-09-30,8211.723566718532,11593.21088442501,0.0
2004-10-01,8350.595495715766,11593.21088442501,0.0
2004-10-04,8364.559815908338,11593.21088442501,0.0
2004-10-05,8368.965890853406,11593.21088442501,0.0
2004-10-06,8426.28095299123,11593.21088442501,0.0
2004-10-07,8335.902704465607,11593.21088442501,0.0
2004-10-08,8266.83475213145,11593.21088442501,0.0
2004-10-11,8300.634802100538,11593.21088442501,0.0
2004-10-12,8268.302604527436,11593.21088442501,0.0
2004-10-13,8195.559566062906,11593.21088442501,0.0
2004-10-14,8129.437389549164,11593.21088442501,0.0
2004-10-15,8174.989490462212,11593.21088442501,0.0
2004-10-18,8205.847960872734,11593.21088442501,0.0
2004-10-19,8136.780847790947,11593.21088442501,0.0
2004-10-20,8120.6176863876935,11593.21088442501,0.0
2004-10-21,8173.518281056745,11593.21088442501,0.0
2004-10-22,8081.673858639877,11593.21088442501,0.0
2004-10-25,8072.1214881589685,11593.21088442501,0.0
2004-10-26,8195.559566062906,11593.21088442501,0.0
2004-10-27,8294.0181364116,11593.21088442501,0.0
2004-10-28,8319.001840228695,11628.132600565712,1.0
2004-10-29,8317.53230932797,11626.07851997979,1.0
2004-11-01,8340.311297167791,11657.91852869661,1.0
2004-11-02,8343.249519716874,11662.02551677846,1.0
2004-11-03,8448.322237997394,11808.894038307022,1.0
2004-11-04,8563.67831557352,11970.13643157706,1.0
2004-11-05,8617.315773823862,12045.109786418287,1.0
2004-11-08,8604.82853780335,12027.655380342921,1.0
2004-11-09,8587.926834314067,12004.0305208798,1.0
2004-11-10,8594.53930374115,12013.273296971458,1.0
2004-11-11,8659.933848449677,12104.680469590074,1.0
2004-11-12,8728.266615707287,12200.194630290542,1.0
2004-11-15,8749.71119227803,12230.169425911059,1.0
2004-11-16,8687.069395344708,12142.60998848481,1.0
2004-11-17,8738.657399306314,12214.718657551719,1.0
2004-11-18,8750.451412868802,12231.204091289008,1.0
2004-11-19,8653.169474343535,12095.225364208836,1.0
2004-11-22,8694.439709662345,12152.912064844368,1.0
2004-11-23,8707.70409337793,12171.452752257577,1.0
2004-11-24,8728.33963066352,12200.29668912034,1.0
2004-11-26,8721.706179927174,12191.02458577874,1.0
2004-11-29,8681.916385789906,12135.407215899106,1.0
2004-11-30,8687.808776683112,12143.643480772764,1.0
2004-12-01,8786.556889099626,12281.67159607887,1.0
2004-12-02,8793.928042669633,12291.974845528424,1.0
2004-12-03,8788.031455514576,12283.73271520478,1.0
2004-12-06,8785.084840441787,12279.613996222954,1.0
2004-12-07,8703.286268899677,12165.277606509837,1.0
2004-12-08,8754.132373765771,12236.349264018807,1.0
2004-12-09,8785.084840441787,12279.613996222954,1.0
2004-12-10,8793.928042669631,12291.974845528424,1.0
2004-12-13,8870.568569142715,12399.101424115848,1.0
2004-12-14,8901.520196566362,12442.364983229996,1.0
2004-12-15,8908.152808050338,12451.635913481598,1.0
2004-12-16,8902.99476298131,12444.426102355905,1.0
2004-12-17,8843.61346150734,12361.424119570609,1.0
2004-12-20,8845.835801784397,12364.530461884446,1.0
2004-12-21,8913.952881182791,12459.743138455513,1.0
2004-12-22,8935.42515308176,12489.756646045955,1.0
2004-12-23,8942.091334660558,12499.074499897466,1.0
2004-12-27,8923.581623629416,12473.201999998806,1.0
2004-12-28,8972.446253648786,12541.50399202327,1.0
2004-12-29,8985.775259796896,12560.1350073663,1.0
2004-12-30,8968.742632937816,12536.327145863545,1.0
2004-12-31,8949.491862063533,12509.418807496939,1.0
2005-01-03,8907.294252875332,12450.435842413983,1.0
2005-01-04,8798.44489892761,12298.288415895895,1.0
2005-01-05,8737.730025436931,12213.422393104298,1.0
2005-01-06,8782.158367425895,12275.523431401067,1.0
2005-01-07,8769.572938878036,12257.931773795975,1.0
2005-01-10,8811.032845232578,12315.883592770977,1.0
2005-01-11,8750.317132489528,12231.016396889383,1.0
2005-01-12,8779.197485062807,12271.384769889275,1.0
2005-01-13,8708.858065387358,12173.065751004375,1.0
2005-01-14,8754.760134538901,12237.226735337059,1.0
2005-01-18,8845.8358017844,12364.530461884444,1.0
2005-01-19,8753.28305036684,12235.162096941156,1.0
2005-01-20,8699.972900540988,12160.646247199023,1.0
2005-01-21,8646.661911462765,12086.12922436689,1.0
2005-01-24,8629.633480865537,12062.327228314123,1.0
2005-01-25,8654.063278118108,12096.474705056362,1.0
2005-01-26,8679.9827483283,12132.70441654447,1.0
2005-01-27,8694.788838648474,12153.4000702834,1.0
2005-01-28,8694.788838648474,12153.4000702834,1.0
2005-01-31,8748.838369812725,12228.949412313486,1.0
2005-02-01,8804.371699168005,12306.572777459454,1.0
2005-02-02,8831.027193707116,12343.831288875523,1.0
2005-02-03,8808.072802121862,12311.746104349191,1.0
2005-02-04,8902.105155468595,12443.182626958373,1.0
2005-02-07,8890.255751249657,12426.61976928124,1.0
2005-02-08,8900.627232044162,12441.116815472473,1.0
2005-02-09,8833.9880760702,12347.969950387307,1.0
2005-02-10,8865.825114744714,12392.471119449003,1.0
2005-02-11,8942.091334660558,12499.074499897464,1.0
2005-02-14,8935.425153081762,12489.756646045955,1.0
2005-02-15,8968.742632937818,12536.327145863545,1.0
2005-02-16,8974.666915421101,12544.607988157111,1.0
2005-02-17,8902.105155468596,12443.182626958373,1.0
2005-02-18,8913.952881182793,12459.743138455513,1.0
2005-02-22,8781.418146835123,12274.488766023122,1.0
2005-02-23,8844.354521350488,12362.459958038557,1.0
2005-02-24,8902.848733068851,12444.221984696313,1.0
2005-02-25,8990.95512542756,12567.375318831935,1.0
2005-02-28,8931.721532370795,12484.57979988623,1.0
2005-03-01,8976.146517350277,12546.67614582301,1.0
2005-03-02,8971.706872310388,12540.470499735324,1.0
2005-03-03,8975.411332273728,12545.648518985048,1.0
2005-03-04,9087.21149755609,12701.92052993495,1.0
2005-03-07,9091.654499605464,12708.13086838263,1.0
2005-03-08,9057.597638411007,12660.526876277092,1.0
2005-03-09,8956.896585728366,12519.768980546403,1.0
2005-03-10,8976.887577193422,12547.711984290954,1.0
2005-03-11,8913.952881182799,12459.743138455515,1.0
2005-03-14,8969.484532033335,12537.364157421489,1.0
2005-03-15,8895.442330899286,12433.869465466858,1.0
2005-03-16,8819.918849331325,12328.304269666334,1.0
2005-03-17,8837.689179024066,12353.143277277046,1.0
2005-03-18,8811.451632165457,12316.468964679822,1.0
2005-03-21,8778.74512803512,12270.752474380537,1.0
2005-03-22,8689.542672080552,12146.067084707956,1.0
2005-03-23,8696.976769578347,12156.458315907337,1.0
2005-03-24,8707.385177477154,12171.006978058467,1.0
2005-03-28,8720.025157429092,12188.674886513409,1.0
2005-03-29,8662.040371899617,12107.624925484239,1.0
2005-03-30,8784.693748837148,12279.067336284039,1.0
2005-03-31,8768.335041631568,12256.201466049411,1.0
2005-04-01,8728.93969610843,12201.135448468684,1.0
2005-04-04,8743.807051851647,12221.916737777445,1.0
2005-04-05,8785.436487185028,12280.105520931978,1.0
2005-04-06,8815.907223000384,12322.696899477463,1.0
2005-04-07,8863.483600631054,12389.198198355502,1.0
2005-04-08,8771.313548294436,12260.364762451152,1.0
2005-04-11,8777.999871930124,12269.710770462607,1.0
2005-04-12,8823.34048124581,12333.086957586847,1.0
2005-04-13,8719.276544314618,12187.628490235487,1.0
2005-04-14,8605.546937832501,12028.659545380937,1.0
2005-04-15,8485.125972200474,11860.337553974947,1.0
2005-04-18,8511.14279568564,11896.703343902784,1.0
2005-04-19,8578.784018989967,11991.250878445167,1.0
2005-04-20,8459.110827220045,11823.974110227102,1.0
2005-04-21,8623.389443229105,12053.599438731446,1.0
2005-04-22,8590.679582089284,12007.878256072174,1.0
2005-04-25,8647.1730161564,12086.843636175478,1.0
2005-04-26,8563.176442655977,11969.434923758457,1.0
2005-04-27,8596.62736363894,12016.191944885675,1.0
2005-04-28,8488.84637795885,11865.537861934625,1.0
2005-04-29,8604.061461136733,12026.583176085054,1.0
2005-05-02,8652.378059358172,12094.11914034104,1.0
2005-05-03,8667.242897344278,12114.896910379808,1.0
2005-05-04,8734.143900057834,12208.409779544247,1.0
2005-05-05,8731.17042890919,12204.253521682496,1.0
2005-05-06,8703.666450223514,12165.809016278781,1.0
2005-05-09,8757.928312237502,12241.655150078277,1.0
2005-05-10,8667.24289734428,12114.896910379808,1.0
2005-05-11,8714.815078713094,12181.392343807858,1.0
2005-05-12,8618.92629912284,12047.360946123821,1.0
2005-05-13,8601.830728335974,12023.46510287124,1.0
2005-05-16,8682.11444934935,12135.68406513856,1.0
2005-05-17,8740.093360112232,12216.725814537744,1.0
2005-05-18,8830.03603665757,12342.44586958827,1.0
2005-05-19,8867.199810127577,12394.392640865188,1.0
2005-05-20,8854.56150868038,12376.727078590244,1.0
2005-05-23,8903.623363006813,12445.30474676416,1.0
2005-05-24,8882.809904218679,12416.212114821892,1.0
2005-05-25,8876.120223573509,12406.861414450448,1.0
2005-05-26,8923.691565689953,12473.355674788498,1.0
2005-05-27,8938.560599937911,12494.139310277254,1.0
2005-05-31,8881.32023126106,12414.129880076021,1.0
2005-06-01,8957.141647420543,12520.111522825717,1.0
2005-06-02,8976.466272503429,12547.123093112115,1.0
2005-06-03,8931.126502440115,12483.748079077874,1.0
2005-06-06,8922.949666594437,12472.318663230553,1.0
2005-06-07,8929.637668734867,12481.667017422005,1.0
2005-06-08,8913.284836295883,12458.809358817361,1.0
2005-06-09,8955.656170724777,12518.035153529836,1.0
2005-06-10,8934.843551189013,12488.943694677564,1.0
2005-06-13,8963.091946727312,12528.42873090921,1.0
2005-06-14,8983.899530748853,12557.513151221498,1.0
2005-06-15,9000.996780040461,12581.411340654076,1.0
2005-06-16,9024.040971629356,12613.622045810158,1.0
2005-06-17,9057.480143079132,12660.36264367741,1.0
2005-06-20,9060.46200675148,12664.530632439139,1.0
2005-06-21,9065.689709767259,12671.837810034638,1.0
2005-06-22,9073.152341845649,12682.268926293938,1.0
2005-06-23,8945.52891237008,12503.879476527924,1.0
2005-06-24,8879.853218117441,12412.079318760088,1.0
2005-06-27,8892.538517697385,12429.810574074902,1.0
2005-06-28,8967.173231005,12534.13346756789,1.0
2005-06-29,8943.292304802726,12500.753191684129,1.0
2005-06-30,8894.775964517108,12432.938032008698,1.0
2005-07-01,8920.901890810439,12469.456323636232,1.0
2005-07-05,8992.548026426743,12569.60184364751,1.0
2005-07-06,8917.169735518875,12464.239592416583,1.0
2005-07-07,8952.244609838734,12513.266542689296,1.0
2005-07-08,9054.496600902039,12656.19230873568,1.0
2005-07-11,9100.764584087116,12720.86476030735,1.0
2005-07-12,9124.651385055982,12754.253247821094,1.0
2005-07-13,9137.338363140669,12771.986849315905,1.0
2005-07-14,9173.158493565525,12822.055503506552,1.0
2005-07-15,9167.934986811599,12814.75419136104,1.0
2005-07-18,9131.36876102938,12763.642660162463,1.0
2005-07-19,9181.371417263132,12833.535362223769,1.0
2005-07-20,9212.714975543797,12877.346754366832,1.0
2005-07-21,9158.979324766107,12802.236147995878,1.0
2005-07-22,9220.176768369816,12887.776697536136,1.0
2005-07-25,9194.056716843077,12851.266617538584,1.0
2005-07-26,9205.251504213033,12866.914465017531,1.0
2005-07-27,9238.837544827646,12913.860353634374,1.0
2005-07-28,9297.049767749524,12995.228222052912,1.0
2005-07-29,9235.105389536078,12908.643622414726,1.0
2005-08-01,9228.388013562682,12899.254210073359,1.0
2005-08-02,9283.618372812212,12976.454089730167,1.0
2005-08-03,9308.24539437185,13010.877242621858,1.0
2005-08-04,9233.614877326088,12906.56021457886,1.0
2005-08-05,9170.921885998167,12818.92921866275,1.0
2005-08-08,9153.75497875981,12794.933662760366,1.0
2005-08-09,9208.98701651408,12872.13588859717,1.0
2005-08-10,9204.50960511752,12865.877453459589,1.0
2005-08-11,9241.074152394998,12916.986638478169,1.0
2005-08-12,9184.35579869259,12837.706870255488,1.0
2005-08-15,9241.074152394998,12916.986638478169,1.0
2005-08-16,9120.915872754933,12749.03182424145,1.0
2005-08-17,9120.169777397568,12747.98894723352,1.0
2005-08-18,9119.423682040204,12746.94607022559,1.0
2005-08-19,9140.321905317756,12776.157184257623,1.0
2005-08-22,9140.321905317756,12776.157184257623,1.0
2005-08-23,9123.158355088879,12752.16632071523,1.0
2005-08-24,9041.804587303128,12638.45166870088,1.0
2005-08-25,9074.644532560375,12684.354680309792,1.0
2005-08-26,9012.696797337449,12597.765388311616,1.0
2005-08-29,9082.106325386396,12694.784623479096,1.0
2005-08-30,9034.341955224738,12628.02055244158,1.0
2005-08-31,9148.528954248772,12787.628831344862,1.0
2005-09-01,9141.812417527744,12778.24059209349,1.0
2005-09-02,9125.393284151492,12755.290259379031,1.0
2005-09-06,9232.121008106617,12904.472114383001,1.0
2005-09-07,9247.794885377874,12926.380743179527,1.0
2005-09-08,9217.194904697464,12883.608708774402,1.0
2005-09-09,9299.291410831098,12998.361545436692,1.0
2005-09-12,9280.63231287801,12972.280235518447,1.0
2005-09-13,9229.136626677157,12900.30060635128,1.0
2005-09-14,9195.549746810175,12853.353544644438,1.0
2005-09-15,9191.071496161243,12847.09393641686,1.0
2005-09-16,9256.433310027322,12938.455358525567,1.0
2005-09-19,9225.695691958152,12895.490937360822,1.0
2005-09-20,9147.751806553697,12786.542550007014,1.0
2005-09-21,9062.30500495707,12667.106738074017,1.0
2005-09-22,9094.533135236228,12712.154567074625,1.0
2005-09-23,9102.03185516655,12722.636126203826,1.0
2005-09-26,9112.519992040556,12737.296231904736,1.0
2005-09-27,9110.27750970661,12734.161735430955,1.0
2005-09-28,9119.269259604032,12746.730221666015,1.0
2005-09-29,9193.468400931362,12850.44428145021,1.0
2005-09-30,9221.95346563814,12890.260129061202,1.0
2005-10-03,9188.975043739762,12844.163557602675,1.0
2005-10-04,9085.543063843548,12699.588427019562,1.0
2005-10-05,8966.368387981696,12533.008474260114,1.0
2005-10-06,8934.138579197797,12487.958299079512,1.0
2005-10-07,8964.868643995633,12530.912162434275,1.0
2005-10-10,8889.168919429867,12425.100617734242,1.0
2005-10-11,8876.426550688728,12407.289592299587,1.0
2005-10-12,8806.72328431011,12309.85977563292,1.0
2005-10-13,8801.478796246924,12302.529136237468,1.0
2005-10-14,8894.417603754908,12432.437122579684,1.0
2005-10-17,8927.394347148544,12478.531347858217,1.0
2005-10-18,8830.708277806323,12343.385514676394,1.0
2005-10-19,8977.613530493883,12548.726707138923,1.0
2005-10-20,8819.46565305125,12327.670801067576,1.0
2005-10-21,8853.94130117858,12375.860165081951,1.0
2005-10-24,8991.101994592387,12567.58060958151,1.0
2005-10-25,8973.113459283319,12542.436598571405,1.0
2005-10-26,8946.880947938935,12505.769324514164,1.0
2005-10-27,8851.694622582778,12372.719803158181,1.0
2005-10-28,8979.111595975206,12550.820672784766,1.0
2005-10-31,9003.845202585899,12585.392808106164,1.0
2005-11-01,9030.826327044759,12623.106478441327,1.0
2005-11-02,9125.26571779118,12755.111949699383,1.0
2005-11-03,9164.238080119592,12809.586729921288,1.0
2005-11-04,9152.24684225004,12792.825620034548,1.0
2005-11-07,9161.241949156944,12805.398798629596,1.0
2005-11-08,9161.241949156944,12805.398798629596,1.0
2005-11-09,9173.234865531236,12822.162254696334,1.0
2005-11-10,9244.43871514829,12921.689556278838,1.0
2005-11-11,9275.917393060603,12965.689815911524,1.0
2005-11-14,9270.672065745044,12958.358003426074,1.0
2005-11-15,9236.94419147982,12911.213862599625,1.0
2005-11-16,9255.679661398624,12937.401923707659,1.0
2005-11-17,9341.871719100247,13057.879439558588,1.0
2005-11-18,9378.59656358049,13109.212684766726,1.0
2005-11-21,9425.81877671081,13175.218939665747,1.0
2005-11-22,9466.291722277656,13231.791204803487,1.0
2005-11-23,9521.004262814595,13308.26728793173,1.0
2005-11-25,9528.501304240177,13318.746500880936,1.0
2005-11-28,9461.043037952617,13224.454699958043,1.0
2005-11-29,9450.5523833215,13209.79107498714,1.0
2005-11-30,9399.586265366424,13138.551665608504,1.0
2005-12-01,9495.52456084654,13272.6522756024,1.0
2005-12-02,9507.51328095898,13289.409866219146,1.0
2005-12-05,9487.27806705411,13261.125493285273,1.0
2005-12-06,9505.26660236318,13286.269504295378,1.0
2005-12-07,9449.800413197541,13208.739986349223,1.0
2005-12-08,9443.803955010395,13200.358258315857,1.0
2005-12-09,9468.537561621086,13234.930393637253,1.0
2005-12-12,9477.533507780361,13247.5047453223,1.0
2005-12-13,9541.991446843422,13337.602749503514,1.0
2005-12-14,9579.46826144762,13389.987083349564,1.0
2005-12-15,9551.735166864803,13351.222324376486,1.0
2005-12-16,9520.990834776667,13308.24851849176,1.0
2005-12-19,9472.015423444393,13239.791678587602,1.0
2005-12-20,9481.060885493527,13252.435242582513,1.0
2005-12-21,9496.127144048549,13273.494554220722,1.0
2005-12-22,9545.858721766635,13343.008348212783,1.0
2005-12-23,9551.13342291516,13350.381218848153,1.0
2005-12-27,9453.934570374571,13214.518627677751,1.0
2005-12-28,9475.034214221043,13244.01128330923,1.0
2005-12-29,9432.8349265281,13185.025972046276,1.0
2005-12-30,9381.597730057358,13113.40765459839,1.0
2006-01-03,9546.611531142964,13344.060609940694,1.0
2006-01-04,9591.822056341223,13407.254968115294,1.0
2006-01-05,9597.850406118447,13415.681273568574,1.0
2006-01-06,9677.716179451321,13527.316037017052,1.0
2006-01-09,9702.577352422324,13562.066482018094,1.0
2006-01-10,9712.373945343046,13575.75996156092,1.0
2006-01-11,9743.271021362609,13618.947269825221,1.0
2006-01-12,9704.840816065534,13565.230305741816,1.0
2006-01-13,9695.802068035366,13552.596126466888,1.0
2006-01-17,9669.425205283258,13515.727080930048,1.0
2006-01-18,9631.003392509885,13462.021847746619,1.0
2006-01-19,9667.92210428771,13513.626076744218,1.0
2006-01-20,9491.606930781094,13267.17629149326,1.0
2006-01-23,9525.511048044122,13314.566781219222,1.0
2006-01-24,9535.310158721955,13328.26378003204,1.0
2006-01-25,9543.597775880537,13339.848043759055,1.0
2006-01-26,9596.341430356306,13413.572057752759,1.0
2006-01-27,9685.248469476463,13537.844519746159,1.0
2006-01-30,9677.71617945132,13527.31603701705,1.0
2006-01-31,9606.889154148617,13428.315452843502,1.0
2006-02-01,9673.948775560193,13522.0500360175,1.0
2006-02-02,9561.680307455099,13365.123440848896,1.0
2006-02-03,9514.209675623111,13298.769951310565,1.0
2006-02-06,9539.0742056036,13333.525088671598,1.0
2006-02-07,9454.6873797509,13215.57088940566,1.0
2006-02-08,9540.582342113368,13335.633131397415,1.0
2006-02-09,9524.759077920164,13313.515692581304,1.0
2006-02-10,9542.091317875509,13337.742347213229,1.0
2006-02-13,9524.759077920164,13313.515692581304,1.0
2006-02-14,9625.72533435188,13454.644284751255,1.0
2006-02-15,9659.635326381502,13502.0429861072,1.0
2006-02-16,9731.966291932122,13603.145747556577,1.0
2006-02-17,9705.596982451349,13566.287259829716,1.0
2006-02-21,9681.486101099561,13532.585557286593,1.0
2006-02-22,9740.256426847815,13614.733530553583,1.0
2006-02-23,9725.941299164379,13594.72413446329,1.0
2006-02-24,9750.806668397236,13629.48044491432,1.0
2006-02-27,9754.574911540733,13634.747619003869,1.0
2006-02-28,9661.891236753376,13505.196252020944,1.0
2006-03-01,9747.787877620585,13625.260840192692,1.0
2006-03-02,9747.038425253739,13624.21327082477,1.0
2006-03-03,9701.82957856022,13561.021258830166,1.0
2006-03-06,9657.373541243032,13498.881508563472,1.0
2006-03-07,9642.304764930896,13477.818677655267,1.0
2006-03-08,9662.646563886814,13506.252033018844,1.0
2006-03-09,9597.850406118447,13415.681273568569,1.0
2006-03-10,9689.01671261996,13543.1116938357,1.0
2006-03-13,9707.101761951633,13568.39061019554,1.0
2006-03-14,9808.822506264418,13710.573810273396,1.0
2006-03-15,9852.52573420528,13771.661298812176,1.0
2006-03-16,9872.87172942305,13800.100519625743,1.0
2006-03-17,9881.114026953626,13811.621436492882,1.0
2006-03-20,9865.228658085005,13789.417189016944,1.0
2006-03-21,9803.19699762503,13702.710588019001,1.0
2006-03-22,9862.962676684683,13786.24984602323,1.0
2006-03-23,9842.536952491713,13757.699181659884,1.0
2006-03-24,9850.099455602194,13768.269895628908,1.0
2006-03-27,9835.728098009935,13748.18190250877,1.0
2006-03-28,9775.206252564469,13663.585690416638,1.0
2006-03-29,9836.480907386262,13749.23416423668,1.0
2006-03-30,9819.086562755501,13724.920700944926,1.0
2006-03-31,9821.35170490345,13728.086870848641,1.0
2006-04-03,9813.78584478349,13717.511464519626,1.0
2006-04-04,9876.577867891128,13805.280885055463,1.0
2006-04-05,9910.619622542916,13852.863761541039,1.0
2006-04-06,9900.025739870229,13838.055846500423,1.0
2006-04-07,9799.41364793886,13697.42229830949,1.0
2006-04-10,9814.5420111693,13718.568418607529,1.0
2006-04-11,9731.333495644767,13602.261237698323,1.0
2006-04-12,9749.485685166082,13627.634001257975,1.0
2006-04-13,9736.627499597815,13609.66108940364,1.0
2006-04-17,9732.844149911649,13604.372799694132,1.0
2006-04-18,9887.166715049594,13820.081761556092,1.0
2006-04-19,9906.077588713828,13846.514998473636,1.0
2006-04-20,9919.696136929757,13865.550729865861,1.0
2006-04-21,9921.207630449007,13867.663464951669,1.0
2006-04-24,9903.052923170584,13842.287182122023,1.0
2006-04-25,9862.203153289385,13785.188199575328,1.0
2006-04-26,9864.47165244682,13788.359061839037,1.0
2006-04-27,9912.130276809796,13854.975323536846,1.0
2006-04-28,9945.417543580512,13901.503592114517,1.0
2006-05-01,9864.47165244682,13788.359061839037,1.0
2006-05-02,9938.606171341624,13891.982793693414,1.0
2006-05-03,9901.53555488474,13840.166235406232,1.0
2006-05-04,9937.09467782237,13889.870058607601,1.0
2006-05-05,10024.842709418877,14012.522483314213,1.0
2006-05-08,10012.73901173168,13995.604179367789,1.0
2006-05-09,10032.408569538842,14023.097889643235,1.0
2006-05-10,10027.116244090535,14015.700384117912,1.0
2006-05-11,9906.077588713826,13846.514998473636,1.0
2006-05-12,9776.717746083716,13665.69842550244,1.0
2006-05-15,9796.387303890875,13693.192135777883,1.0
2006-05-16,9782.015107046245,13673.102969567748,1.0
2006-05-17,9595.920125666318,13412.983166573917,1.0
2006-05-18,9547.507013422273,13345.3122969682,1.0
2006-05-19,9614.829320825813,13439.41405731147,1.0
2006-05-22,9541.457682335786,13336.85666426498,1.0
2006-05-23,9468.833817707864,13235.344494406416,1.0
2006-05-24,9544.479830121918,13341.080961346599,1.0
2006-05-25,9662.49130219827,13506.035011369271,1.0
2006-05-26,9711.661420080498,13574.764008152888,1.0
2006-05-30,9539.18666542124,13333.68228273128,1.0
2006-05-31,9645.849766943838,13482.77380980543,1.0
2006-06-01,9738.140671621808,13611.776170669445,1.0
2006-06-02,9758.564717310035,13640.324488852793,1.0
2006-06-05,9616.350046121139,13441.539696387252,1.0
2006-06-06,9592.895460123074,13408.755350222307,1.0
2006-06-07,9521.031118890447,13308.304826811636,1.0
2006-06-08,9512.711610141787,13296.675985664711,1.0
2006-06-09,9482.447330409572,13254.373187258656,1.0
2006-06-12,9379.570096330252,13110.573469164006,1.0
2006-06-13,9270.638495650222,12958.311079826148,1.0
2006-06-14,9342.504515387593,13058.763949416814,1.0
2006-06-15,9540.697319688124,13335.79384472709,1.0
2006-06-16,9471.17533182153,13238.617415499923,1.0
2006-06-19,9396.709308240384,13134.53031309647,1.0
2006-06-20,9428.623558132982,13179.13940643795,1.0
2006-06-21,9498.52908433289,13276.851937794054,1.0
2006-06-22,9456.741869553858,13218.442613719959,1.0
2006-06-23,9455.218626501419,13216.313455374184,1.0
2006-06-26,9497.011716047045,13274.730991078262,1.0
2006-06-27,9414.950458512973,13160.027424195874,1.0
2006-06-28,9478.775601288684,13249.240918518846,1.0
2006-06-29,9670.250190363447,13516.880228397755,1.0
2006-06-30,9671.008874506371,13517.940701755651,1.0
2006-07-03,9710.517519099525,13573.165086486068,1.0
2006-07-05,9655.050490681517,13495.634395449915,1.0
2006-07-06,9683.164605840537,13534.931737281935,1.0
2006-07-07,9620.099825712488,13446.781062496855,1.0
2006-07-10,9638.333422713738,13472.267615786279,1.0
2006-07-11,9680.886035654657,13531.746797938253,1.0
2006-07-12,9577.55140903342,13387.30774579487,1.0
2006-07-13,9421.787847575346,13169.584588406908,1.0
2006-07-14,9385.310582544398,13118.597404748085,1.0
2006-07-17,9371.640000681498,13099.488941776002,1.0
2006-07-18,9419.507598884726,13166.397302883235,1.0
2006-07-19,9550.197656522061,13349.07322350074,1.0
2006-07-20,9484.853466955763,13257.736436281984,1.0
2006-07-21,9417.9868735894,13164.271663807449,1.0
2006-07-24,9589.706301115217,13404.297608231154,1.0
2006-07-25,9623.900799698431,13452.09398709631,1.0
2006-07-26,9636.81353667078,13452.09398709631,0.0
2006-07-27,9627.698416674895,13452.09398709631,0.0
2006-07-28,9724.199850495608,13452.09398709631,0.0
2006-07-31,9714.319332337836,13452.09398709631,0.0
2006-08-01,9666.450894882239,13452.09398709631,0.0
2006-08-02,9731.791727439053,13452.09398709631,0.0
2006-08-03,9757.629790169307,13452.09398709631,0.0
2006-08-04,9740.913561453901,13452.09398709631,0.0
2006-08-07,9718.1169493143,13452.09398709631,0.0
2006-08-08,9680.886035654654,13452.09398709631,0.0
2006-08-09,9648.211423114393,13452.09398709631,0.0
2006-08-10,9677.853816840076,13452.09398709631,0.0
2006-08-11,9650.492511057384,13452.09398709631,0.0
2006-08-14,9658.089423515054,13452.09398709631,0.0
2006-08-15,9773.58229922757,13452.09398709631,0.0
2006-08-16,9854.88571187109,13452.09398709631,0.0
2006-08-17,9879.959215691826,13452.09398709631,0.0
2006-08-18,9930.108741090417,13452.09398709631,0.0
2006-08-21,9887.557806654238,13452.09398709631,0.0
2006-08-22,9886.799122511316,13452.09398709631,0.0
2006-08-23,9859.443691495217,13452.09398709631,0.0
2006-08-24,9851.085577137514,13452.09398709631,0.0
2006-08-25,9863.24214772405,13452.09398709631,0.0
2006-08-28,9910.349383279614,13452.09398709631,0.0
2006-08-29,9921.74726972323,13452.09398709631,0.0
2006-08-30,9927.826813895053,13460.33674891787,1.0
2006-08-31,9926.308606356839,13458.27833421119,1.0
2006-09-01,9985.572412498943,13538.629331730488,1.0
2006-09-05,10004.568889904967,13564.385117736992,1.0
2006-09-06,9916.431445208551,13444.886690937035,1.0
2006-09-07,9870.84073868646,13383.07394239578,1.0
2006-09-08,9898.955693097852,13421.192733260277,1.0
2006-09-11,9908.832014993772,13434.583238660083,1.0
2006-09-12,10006.085418938439,13566.441256694965,1.0
2006-09-13,10046.361979450596,13621.048984825658,1.0
2006-09-14,10047.121502845886,13622.078761116174,1.0
2006-09-15,10070.703655204266,13654.051892593834,1.0
2006-09-18,10084.437180994957,13672.672068525379,1.0
2006-09-19,10059.252895861315,13638.526734905625,1.0
2006-09-20,10112.673827000068,13710.955851171228,1.0
2006-09-21,10063.833535299445,13644.737253130652,1.0
2006-09-22,10033.308248080006,13603.350487120995,1.0
2006-09-25,10110.386864290489,13707.855143556135,1.0
2006-09-26,10194.335600405791,13821.674439454458,1.0
2006-09-27,10206.54672239641,13838.230511307545,1.0
2006-09-28,10202.729802615428,13833.05545874481,1.0
2006-09-29,10194.335600405791,13821.674439454458,1.0
2006-10-02,10156.176473624386,13769.937568319328,1.0
2006-10-03,10177.54383897704,13798.907849376343,1.0
2006-10-04,10296.596823245172,13960.322153760642,1.0
2006-10-05,10316.440945545392,13987.22719286485,1.0
2006-10-06,10303.467782402367,13969.637931098183,1.0
2006-10-09,10309.571664892936,13977.913691276019,1.0
2006-10-10,10323.311065450216,13996.541832328037,1.0
2006-10-11,10311.101621964335,13979.988036223656,1.0
2006-10-12,10400.388842408323,14101.04535088882,1.0
2006-10-13,10427.099727603889,14137.260477958802,1.0
2006-10-16,10443.121055356529,14158.982499379794,1.0
2006-10-17,10410.310483932248,14114.497301503749,1.0
2006-10-18,10424.046527480044,14133.120891058348,1.0
2006-10-19,10440.835771151686,14155.884067513407,1.0
2006-10-20,10443.121055356525,14158.982499379794,1.0
2006-10-23,10491.206019923711,14224.177010501626,1.0
2006-10-24,10522.492509043183,14266.595828550508,1.0
2006-10-25,10558.365512367376,14315.233129944896,1.0
2006-10-26,10591.176923044028,14359.719465695296,1.0
2006-10-27,10524.783668014617,14269.702225537372,1.0
2006-10-30,10517.149828452648,14259.352120411899,1.0
2006-10-31,10515.62742465258,14257.288016333445,1.0
2006-11-01,10444.65269093267,14161.059120076143,1.0
2006-11-02,10438.54629068499,14152.779946275245,1.0
2006-11-03,10420.228768446688,14127.94470062126,1.0
2006-11-06,10537.758509662382,14287.29376305275,1.0
2006-11-07,10578.204599153376,14342.131341802982,1.0
2006-11-08,10601.09940382032,14373.172554184572,1.0
2006-11-09,10545.38647445776,14297.635903057748,1.0
2006-11-10,10549.96795314826,14303.847559157128,1.0
2006-11-13,10575.917636443788,14339.030634187877,1.0
2006-11-14,10655.284054616222,14446.637136112467,1.0
2006-11-15,10685.81269884514,14488.028453619538,1.0
2006-11-16,10713.288142950221,14525.280184226162,1.0
2006-11-17,10716.334629055098,14529.410668131777,1.0
2006-11-20,10722.443547059887,14537.693255555734,1.0
2006-11-21,10733.128068988586,14552.179533958599,1.0
2006-11-22,10754.495434341243,14581.149815015613,1.0
2006-11-24,10710.9936269693,14522.169235741872,1.0
2006-11-27,10563.706514453168,14322.474562334786,1.0
2006-11-28,10609.494445282324,14384.554711349268,1.0
2006-11-29,10720.152388088447,14534.58685856886,1.0
2006-11-30,10724.732188274209,14540.796238919536,1.0
2006-12-01,10701.076181707227,14508.722974498713,1.0
2006-12-04,10782.732919598724,14619.434735535813,1.0
2006-12-05,10829.283730832653,14682.549212338232,1.0
2006-12-06,10820.128326722986,14670.13614100866,1.0
2006-12-07,10772.81043882243,14605.981647046536,1.0
2006-12-08,10792.65707887976,14632.890099773807,1.0
2006-12-11,10823.94356799923,14675.308917822691,1.0
2006-12-12,10815.547687284854,14663.92562278363,1.0
2006-12-13,10826.99425036596,14679.445091100077,1.0
2006-12-14,10922.390388814738,14808.7849931892,1.0
2006-12-15,10923.389099135618,14810.139063670653,1.0
2006-12-18,10893.457163342116,14769.55677482939,1.0
2006-12-19,10914.17914362187,14797.652030508058,1.0
2006-12-20,10908.040012531741,14789.32847960735,1.0
2006-12-21,10868.133562314975,14735.222554066846,1.0
2006-12-22,10801.37439325203,14644.70920069051,1.0
2006-12-26,10865.066094900834,14731.063623302376,1.0
2006-12-27,10936.432759477762,14827.823906883074,1.0
2006-12-28,10913.40954919813,14796.608599725289,1.0
2006-12-29,10868.133562314972,14735.222554066846,1.0
2007-01-03,10848.948253125585,14709.210746330655,1.0
2007-01-04,10871.971463405222,14740.426053488442,1.0
2007-01-05,10785.25151596256,14622.849496472665,1.0
2007-01-08,10835.134998359703,14690.48247233547,1.0
2007-01-09,10825.927560603066,14677.998852795938,1.0
2007-01-10,10861.995270477213,14726.900141040493,1.0
2007-01-11,10909.57248736025,14791.406238178053,1.0
2007-01-12,10992.454533712664,14903.779295772234,1.0
2007-01-16,10970.975547794731,14874.657677426116,1.0
2007-01-17,10975.573811532642,14880.892091012582,1.0
2007-01-18,10938.740703496607,14830.953061357028,1.0
2007-01-19,10960.227242685874,14860.084920572337,1.0
2007-01-22,10926.454888045011,14814.295718686417,1.0
2007-01-23,10958.689732343139,14858.00033475551,1.0
2007-01-24,11046.943833119049,14977.656926090693,1.0
2007-01-25,10917.247450288374,14801.812099146884,1.0
2007-01-26,10907.27629287459,14788.293013945062,1.0
2007-01-29,10901.133804774978,14779.964911546935,1.0
2007-01-30,10957.926012685988,14856.964869093217,1.0
2007-01-31,11031.596425019909,14956.848617776093,1.0
2007-02-01,11097.593552930448,15046.328781238846,1.0
2007-02-02,11112.940121777216,15067.13595167909,1.0
2007-02-05,11116.013463957948,15071.30284756404,1.0
2007-02-06,11119.080931372086,15075.46177832851,1.0
2007-02-07,11143.639973489711,15108.759395554409,1.0
2007-02-08,11129.057963552463,15088.98882865081,1.0
2007-02-09,11046.1717209382,14976.61008168486,1.0
2007-02-12,11008.569018478425,14925.627621246536,1.0
2007-02-13,11101.426418506475,15051.525453414313,1.0
2007-02-14,11174.337307445103,15150.37942580667,1.0
2007-02-15,11188.920995887098,15170.15226845898,1.0
2007-02-16,11183.539709687519,15162.856218100078,1.0
2007-02-20,11207.330835886147,15195.112680291917,1.0
2007-02-21,11202.730054391126,15188.874853082392,1.0
2007-02-22,11194.289693301114,15177.431250702564,1.0
2007-02-23,11150.5453419941,15118.12182574047,1.0
2007-02-26,11140.567470561353,15104.593637543814,1.0
2007-02-27,10705.442811790877,14514.64333476343,1.0
2007-02-28,10815.182612503686,14663.43064743957,1.0
2007-03-01,10782.94860745793,14619.727169244834,1.0
2007-03-02,10641.745235375478,14428.280947031082,1.0
2007-03-05,10540.446635005044,14290.938374609123,1.0
2007-03-06,10720.786023628158,14535.445953706254,1.0
2007-03-07,10710.051146557229,14520.891402842142,1.0
2007-03-08,10800.606477333024,14643.668045656445,1.0
2007-03-09,10803.67310549479,14647.825838546558,1.0
2007-03-12,10819.785072503446,14669.670750397801,1.0
2007-03-13,10609.517944348683,14384.58657183118,1.0
2007-03-14,10688.561250358476,14491.754992129416,1.0
2007-03-15,10703.142421043356,14511.524421158661,1.0
2007-03-16,10673.172718893185,14470.890927971463,1.0
2007-03-19,10801.833464298677,14645.331617962232,1.0
2007-03-20,10861.16524988279,14725.774783304216,1.0
2007-03-21,11039.905862740121,14968.114711756663,1.0
2007-03-22,11031.43193155529,14956.625594402669,1.0
2007-03-23,11047.609360248842,14978.559260453536,1.0
2007-03-26,11032.973638159881,14958.715869591273,1.0
2007-03-27,11006.77973242454,14923.201673123458,1.0
2007-03-28,10926.655469361554,14814.56767065706,1.0
2007-03-29,10938.20693898897,14830.229373267775,1.0
2007-03-30,10940.51740076493,14833.36194136479,1.0
2007-04-02,10952.844339582674,14850.075039878751,1.0
2007-04-03,11070.729084551083,15009.905423162054,1.0
2007-04-04,11083.050987854607,15026.611694429892,1.0
2007-04-05,11113.101258232346,15067.354423555089,1.0
2007-04-09,11128.508253249787,15088.24352094883,1.0
2007-04-10,11141.608143500756,15106.004601742978,1.0
2007-04-11,11096.150878105575,15044.372775224037,1.0
2007-04-12,11145.45779412419,15111.224031405527,1.0
2007-04-13,11196.3148092711,15180.176941519163,1.0
2007-04-16,11302.633817321794,15324.32627832773,1.0
2007-04-17,11332.685766204275,15365.071283201636,1.0
2007-04-18,11346.55273312187,15383.872381155488,1.0
2007-04-19,11343.464284398467,15379.685003532164,1.0
2007-04-20,11450.5587616395,15524.885736243983,1.0
2007-04-23,11407.416154282124,15466.39216719382,1.0
2007-04-24,11412.042952600632,15472.665268508328,1.0
2007-04-25,11516.821932551482,15614.726605877006,1.0
2007-04-26,11529.919305045338,15632.48427304809,1.0
2007-04-27,11520.678297193877,15619.955138534388,1.0
2007-04-30,11425.136128832635,15490.417246307641,1.0
2007-05-01,11454.415965534266,15530.115406775718,1.0
2007-05-02,11521.448730869988,15620.99970719151,1.0
2007-05-03,11583.853858634831,15705.609768418442,1.0
2007-05-04,11627.766060415945,15765.14676825137,1.0
2007-05-07,11630.079879201383,15768.2838878458,1.0
2007-05-08,11614.67372343631,15747.39592832641,1.0
2007-05-09,11646.258147147306,15790.218691771022,1.0
2007-05-10,11524.526269312577,15625.172292448235,1.0
2007-05-11,11623.144297611661,15758.88049418299,1.0
2007-05-14,11597.723343309539,15724.41427999536,1.0
2007-05-15,11600.803399509234,15728.590278875143,1.0
2007-05-16,11680.16142515796,15836.185402056186,1.0
2007-05-17,11657.048414874684,15804.848342342508,1.0
2007-05-18,11758.749017130578,15942.735956580109,1.0
2007-05-21,11752.583869216964,15934.37713157442,1.0
2007-05-22,11743.340343608395,15921.844583437656,1.0
2007-05-23,11744.879532455872,15923.931445003194,1.0
2007-05-24,11638.555488890952,15779.775280948497,1.0
2007-05-25,11687.0936497382,15845.584244221578,1.0
2007-05-29,11729.467501924206,15903.035520363323,1.0
2007-05-30,11825.007152528342,16032.56999896701,1.0
2007-05-31,11812.683570720075,16015.861451950464,1.0
2007-06-01,11871.23401234726,16095.24525626872,1.0
2007-06-04,11872.774879699478,16097.334393582967,1.0
2007-06-05,11825.777586204447,16033.61456762413,1.0
2007-06-06,11698.653511889319,15861.257325575833,1.0
2007-06-07,11487.544613606959,15575.031859031988,1.0
2007-06-08,11637.012943033991,15777.683867885544,1.0
2007-06-11,11657.048414874684,15804.848342342506,1.0
2007-06-12,11529.919305045336,15632.484273048087,1.0
2007-06-13,11702.503162512754,15866.476755238384,1.0
2007-06-14,11777.232711338234,15967.796501356219,1.0
2007-06-15,11844.248691626546,16058.65804428493,1.0
2007-06-18,11830.321298538278,16039.775019377581,1.0
2007-06-19,11859.721987581257,16079.637033752657,1.0
2007-06-20,11694.906250055086,15856.176716584498,1.0
2007-06-21,11759.902989139999,15944.300533817088,1.0
2007-06-22,11649.255956614688,15794.283178964097,1.0
2007-06-25,11593.544705756867,15718.748803585975,1.0
2007-06-26,11474.377583166352,15557.179748289513,1.0
2007-06-27,11637.641543059488,15778.53613577682,1.0
2007-06-28,11636.097318697786,15776.442446965159,1.0
2007-06-29,11639.972146892336,15781.696012858334,1.0
2007-07-02,11745.202644618512,15924.369526629554,1.0
2007-07-03,11787.763650083134,15982.074548752276,1.0
2007-07-05,11775.380481356564,15965.285212656583,1.0
2007-07-06,11837.284575456222,16049.215962894077,1.0
2007-07-09,11846.570902935688,16061.806542622902,1.0
2007-07-10,11677.882015719708,15833.094935310279,1.0
2007-07-11,11760.683493844555,15945.358756966463,1.0
2007-07-12,11946.386544367462,16197.138491061054,1.0
2007-07-13,11981.981755157025,16245.399156044214,1.0
2007-07-16,11980.42829901925,16243.292950614656,1.0
2007-07-17,11974.241330544002,16234.90454087576,1.0
2007-07-18,11952.576869852192,16205.531452297368,1.0
2007-07-19,11999.00431098766,16268.478661569725,1.0
2007-07-20,11877.51749484511,16103.764521558349,1.0
2007-07-23,11913.883978563152,16153.070893072985,1.0
2007-07-24,11707.295293548246,15872.974017800665,1.0
2007-07-25,11731.274412277868,15905.485363847842,1.0
2007-07-26,11453.488591664873,15528.858055614368,1.0
2007-07-27,11228.318859167337,15223.568642140857,1.0
2007-07-30,11403.970184048892,15461.720055095624,1.0
2007-07-31,11275.518412483652,15287.562695819039,1.0
2007-08-01,11330.461747422476,15362.055916163099,1.0
2007-08-02,11420.991900627158,15484.798422746779,1.0
2007-08-03,11126.953118607265,15086.135039770563,1.0
2007-08-06,11313.43583458236,15338.971859140174,1.0
2007-08-07,11434.145503029838,15502.632327499594,1.0
2007-08-08,11593.54470575687,15718.748803585979,1.0
2007-08-09,11249.987516121,15252.947420091019,1.0
2007-08-10,11197.369749500804,15181.607249582346,1.0
2007-08-13,11237.60350814206,15236.156946120971,1.0
2007-08-14,11065.82533295031,15003.256823310669,1.0
2007-08-15,10913.390246393597,14796.58242861514,1.0
2007-08-16,10995.412059066257,14907.789164996302,1.0
2007-08-17,11197.369749500804,15181.607249582345,1.0
2007-08-20,11191.951536196924,15174.261132751863,1.0
2007-08-21,11214.39314458381,15204.687892982212,1.0
2007-08-22,11347.480946243631,15385.130870191195,1.0
2007-08-23,11337.421667330944,15371.492308182182,1.0
2007-08-24,11477.479459927685,15561.385331902502,1.0
2007-08-27,11370.697184568477,15416.607888450435,1.0
2007-08-28,11120.76531087965,15077.74549215731,1.0
2007-08-29,11338.970087954498,15373.591686365615,1.0
2007-08-30,11308.790572711705,15332.673724589877,1.0
2007-08-31,11420.215592184455,15483.745888969175,1.0
2007-09-04,11535.507886580424,15640.061378372468,1.0
2007-09-05,11435.690566643909,15504.72715418561,1.0
2007-09-06,11462.00616397297,15540.406342434779,1.0
2007-09-07,11302.603604236456,15324.28531485098,1.0
2007-09-10,11280.93326877805,15294.904261152109,1.0
2007-09-11,11412.476006823805,15473.252411675077,1.0
2007-09-12,11441.88340988575,15513.123529044988,1.0
2007-09-13,11522.35764118723,15622.232025117073,1.0
2007-09-14,11521.581332744527,15621.179491339471,1.0
2007-09-17,11459.683113411458,15537.256706222455,1.0
2007-09-18,11797.049977562601,15994.665128481103,1.0
2007-09-19,11866.687782256322,16089.08139089222,1.0
2007-09-20,11783.121745221959,15975.78096569939,1.0
2007-09-21,11814.915982025577,16018.888197732545,1.0
2007-09-24,11793.148293292195,15989.375150608592,1.0
2007-09-25,11769.82379141156,15957.751346557667,1.0
2007-09-26,11832.022463093264,16042.081490693474,1.0
2007-09-27,11901.995129482808,16136.9517649719,1.0
2007-09-28,11862.34716899615,16083.19630473248,1.0
2007-10-01,11996.066088438583,16264.4949634558,1.0
2007-10-02,11979.734237308863,16242.351928523769,1.0
2007-10-03,11955.637623247374,16209.68128006701,1.0
2007-10-04,11974.297560452833,16234.980778457493,1.0
2007-10-05,12116.570979307662,16427.8777904728,1.0
2007-10-08,12052.035829026518,16340.379804135004,1.0
2007-10-09,12165.55142615416,16494.286413530528,1.0
2007-10-10,12145.3329972967,16466.87388246436,1.0
2007-10-11,12087.025938856958,16387.82006170881,1.0
2007-10-12,12153.8874967091,16478.472235756355,1.0
2007-10-15,12051.26707385515,16339.337511226591,1.0
2007-10-16,11955.637623247374,16209.68128006701,1.0
2007-10-17,11992.177832206107,16259.22319157296,1.0
2007-10-18,11948.637419225126,16200.190270078929,1.0
2007-10-19,11636.10151495965,15776.448136336936,1.0
2007-10-22,11703.741899011602,15868.15625778514,1.0
2007-10-23,11798.593362671932,15996.75767941841,1.0
2007-10-24,11776.826513190921,15967.245770168809,1.0
2007-10-25,11804.813901241998,16005.191604131473,1.0
2007-10-26,11943.19990311672,16192.817982138295,1.0
2007-10-29,11982.843667341524,16246.567753005942,1.0
2007-10-30,11899.663686397587,16133.790750016035,1.0
2007-10-31,12023.274650289844,16301.384850017796,1.0
2007-11-01,11741.83388560337,15919.802098971937,1.0
2007-11-02,11755.051271186201,15937.722482175663,1.0
2007-11-05,11665.64823391509,15816.50814084963,1.0
2007-11-06,11822.697530004752,16029.438568744354,1.0
2007-11-07,11499.268129970324,15590.926825885308,1.0
2007-11-08,11440.961910782951,15511.874143004115,1.0
2007-11-09,11283.922685721735,15298.957369601643,1.0
2007-11-12,11171.963901741348,15147.16151713309,1.0
2007-11-13,11512.490551067382,15608.854036335162,1.0
2007-11-14,11480.612389026717,15565.633016866594,1.0
2007-11-15,11315.01362903888,15341.111062926,1.0
2007-11-16,11334.450713939412,15367.464232968441,1.0
2007-11-19,11176.630144921266,15153.488098542239,1.0
2007-11-20,11245.045998163556,15246.247615893695,1.0
2007-11-21,11014.915444904054,14934.232227112718,1.0
2007-11-23,11205.394680667418,15192.487604156859,1.0
2007-11-26,10958.1643603592,14857.28802540979,1.0
2007-11-27,11084.114320608009,15028.05338123661,1.0
2007-11-28,11438.63298545484,15508.716541671303,1.0
2007-11-29,11442.521241687318,15513.988313554146,1.0
2007-11-30,11557.580223924293,15669.987473886982,1.0
2007-12-03,11481.388697469421,15566.685550644195,1.0
2007-12-04,11378.764917605988,15427.54627461701,1.0
2007-12-05,11569.240796359869,15685.797100163734,1.0
2007-12-06,11734.837877842965,15910.316778355615,1.0
2007-12-07,11732.512309524342,15907.163728520229,1.0
2007-12-10,11823.474677699824,16030.492240396301,1.0
2007-12-11,11499.268129970324,15590.926825885303,1.0
2007-12-12,11612.780370088485,15744.82888378341,1.0
2007-12-13,11588.67704200803,15712.149132331819,1.0
2007-12-14,11441.742415487504,15512.932366153478,1.0
2007-12-17,11278.475937837258,15291.57256504311,1.0
2007-12-18,11341.450078709291,15376.954105082163,1.0
2007-12-19,11341.450078709291,15376.954105082163,1.0
2007-12-20,11412.973683479502,15473.92717116709,1.0
2007-12-21,11577.498200433116,15696.992645934355,1.0
2007-12-24,11663.46785625656,15813.551943277509,1.0
2007-12-26,11688.483451663733,15847.468564152075,1.0
2007-12-27,11541.547146638466,15648.249522225033,1.0
2007-12-28,11512.628188456145,15609.040647729244,1.0
2007-12-31,11427.436519580146,15609.040647729244,0.0
2008-01-02,11327.392601503596,15609.040647729244,0.0
2008-01-03,11321.924033057488,15609.040647729244,0.0
2008-01-04,11044.463003111872,15609.040647729244,0.0
2008-01-07,11035.084357871654,15609.040647729244,0.0
2008-01-08,10856.879188026696,15609.040647729244,0.0
2008-01-09,10970.994011346866,15609.040647729244,0.0
2008-01-10,11042.90031519802,15609.040647729244,0.0
2008-01-11,10953.79521251843,15609.040647729244,0.0
2008-01-14,11042.116453483983,15609.040647729244,0.0
2008-01-15,10799.047985681018,15609.040647729244,0.0
2008-01-16,10706.04035947865,15609.040647729244,0.0
2008-01-17,10428.575972523551,15609.040647729244,0.0
2008-01-18,10321.500798087041,15609.040647729244,0.0
2008-01-22,10216.768816268941,15609.040647729244,0.0
2008-01-23,10462.189708466387,15609.040647729244,0.0
2008-01-24,10550.504235412976,15609.040647729244,0.0
2008-01-25,10398.095165679748,15609.040647729244,0.0
2008-01-28,10570.044548355077,15609.040647729244,0.0
2008-01-29,10622.412217768868,15609.040647729244,0.0
2008-01-30,10544.250966000456,15609.040647729244,0.0
2008-01-31,10736.521166322447,15609.040647729244,0.0
2008-02-01,10909.24937519759,15609.040647729244,0.0
2008-02-04,10771.691715412544,15609.040647729244,0.0
2008-02-05,10483.287673808118,15609.040647729244,0.0
2008-02-06,10398.878188141416,15609.040647729244,0.0
2008-02-07,10467.6524021459,15609.040647729244,0.0
2008-02-08,10400.440876055265,15609.040647729244,0.0
2008-02-11,10453.586532416504,15609.040647729244,0.0
2008-02-12,10550.504235412978,15609.040647729244,0.0
2008-02-13,10658.362432311149,15609.040647729244,0.0
2008-02-14,10564.57597990897,15609.040647729244,0.0
2008-02-15,10562.227751776341,15609.040647729244,0.0
2008-02-19,10591.924696906106,15609.040647729244,0.0
2008-02-20,10623.190204716313,15609.040647729244,0.0
2008-02-21,10534.871481507873,15609.040647729244,0.0
2008-02-22,10599.744850494324,15609.040647729244,0.0
2008-02-25,10733.393272737634,15609.040647729244,0.0
2008-02-26,10813.900234881561,15609.040647729244,0.0
2008-02-27,10802.953866213269,15609.040647729244,0.0
2008-02-28,10697.436344176389,15609.040647729244,0.0
2008-02-29,10459.061814881572,15609.040647729244,0.0
2008-03-03,10434.05125498862,15609.040647729244,0.0
2008-03-04,10394.190963652232,15609.040647729244,0.0
2008-03-05,10459.841480333758,15609.040647729244,0.0
2008-03-06,10243.344581832856,15609.040647729244,0.0
2008-03-07,10137.83461306731,15609.040647729244,0.0
2008-03-10,10004.181994562148,15609.040647729244,0.0
2008-03-11,10363.709317556062,15609.040647729244,0.0
2008-03-12,10266.793293064327,15609.040647729244,0.0
2008-03-13,10289.461499591242,15609.040647729244,0.0
2008-03-14,10130.014459479093,15609.040647729244,0.0
2008-03-17,10027.62818803651,15609.040647729244,0.0
2008-03-18,10444.214601195248,15609.040647729244,0.0
2008-03-19,10185.508343972957,15609.040647729244,0.0
2008-03-20,10374.171437606581,15609.040647729244,0.0
2008-03-24,10581.534752559452,15609.040647729244,0.0
2008-03-25,10591.74090063697,15609.040647729244,0.0
2008-03-26,10462.142710333641,15609.040647729244,0.0
2008-03-27,10429.15673516393,15609.040647729244,0.0
2008-03-28,10329.4023591552,15609.040647729244,0.0
2008-03-31,10365.536369966618,15609.040647729244,0.0
2008-04-01,10729.980033346856,15609.040647729244,0.0
2008-04-02,10737.050734568227,15609.040647729244,0.0
2008-04-03,10763.75322724009,15609.040647729244,0.0
2008-04-04,10751.970963210786,15609.040647729244,0.0
2008-04-07,10757.469744742231,15609.040647729244,0.0
2008-04-08,10746.477217193562,15609.040647729244,0.0
2008-04-09,10668.712931796395,15609.040647729244,0.0
2008-04-10,10683.637356700805,15609.040647729244,0.0
2008-04-11,10476.282434271645,15609.040647729244,0.0
2008-04-14,10440.933124426634,15609.040647729244,0.0
2008-04-15,10465.28487120875,15609.040647729244,0.0
2008-04-16,10748.827963083302,15609.040647729244,0.0
2008-04-17,10764.546320730196,15609.040647729244,0.0
2008-04-18,10876.855912201447,15609.040647729244,0.0
2008-04-21,10882.358050742376,15609.040647729244,0.0
2008-04-22,10834.44261515403,15609.040647729244,0.0
2008-04-23,10817.166605107508,15609.040647729244,0.0
2008-04-24,10864.290625710484,15609.040647729244,0.0
2008-04-25,10964.83138119036,15609.040647729244,0.0
2008-04-28,10967.184644837213,15609.040647729244,0.0
2008-04-29,10923.984968318648,15609.040647729244,0.0
2008-04-30,10859.577384397813,15609.040647729244,0.0
2008-05-01,11084.220066406688,15609.040647729244,0.0
2008-05-02,11114.847742415324,15609.040647729244,0.0
2008-05-05,11061.434364547902,15609.040647729244,0.0
2008-05-06,11157.259360957998,15609.040647729244,0.0
2008-05-07,10958.545380935393,15609.040647729244,0.0
2008-05-08,10930.268450816497,15609.040647729244,0.0
2008-05-09,10909.849440642492,15609.040647729244,0.0
2008-05-12,11032.37441196734,15609.040647729244,0.0
2008-05-13,11033.947170909638,15609.040647729244,0.0
2008-05-14,11056.725319497085,15609.040647729244,0.0
2008-05-15,11194.96025594512,15609.040647729244,0.0
2008-05-16,11205.176475051085,15609.040647729244,0.0
2008-05-19,11235.804151059718,15609.040647729244,0.0
2008-05-20,11144.699949233624,15609.040647729244,0.0
2008-05-21,10956.190438783797,15609.040647729244,0.0
2008-05-22,10957.759840716615,15609.040647729244,0.0
2008-05-23,10810.8789263478,15609.040647729244,0.0
2008-05-27,10890.99563613945,15609.040647729244,0.0
2008-05-28,10941.266853131761,15609.040647729244,0.0
2008-05-29,10996.247115174887,15609.040647729244,0.0
2008-05-30,11023.735987317894,15609.040647729244,0.0
2008-06-02,10909.849440642496,15609.040647729244,0.0
2008-06-03,10846.226557688073,15609.040647729244,0.0
2008-06-04,10840.729454661367,15609.040647729244,0.0
2008-06-05,11057.510859715867,15609.040647729244,0.0
2008-06-06,10704.845264103073,15609.040647729244,0.0
2008-06-09,10730.766412818004,15609.040647729244,0.0
2008-06-10,10677.353874202954,15609.040647729244,0.0
2008-06-11,10520.26597250425,15609.040647729244,0.0
2008-06-12,10560.323488147706,15609.040647729244,0.0
2008-06-13,10693.846861787815,15609.040647729244,0.0
2008-06-16,10700.134540547519,15609.040647729244,0.0
2008-06-17,10648.291403865282,15609.040647729244,0.0
2008-06-18,10544.615201529257,15609.040647729244,0.0
2008-06-19,10557.966028239003,15609.040647729244,0.0
2008-06-20,10386.594051194566,15609.040647729244,0.0
2008-06-23,10376.329994703483,15609.040647729244,0.0
2008-06-24,10355.80943499265,15609.040647729244,0.0
2008-06-25,10404.74875847299,15609.040647729244,0.0
2008-06-26,10122.155700281837,15609.040647729244,0.0
2008-06-27,10066.898484956448,15609.040647729244,0.0
2008-06-30,10102.417323780297,15609.040647729244,0.0
2008-07-01,10133.993354967588,15609.040647729244,0.0
2008-07-02,9960.331058204087,15609.040647729244,0.0
2008-07-03,9970.590079180947,15609.040647729244,0.0
2008-07-07,9868.76442832185,15609.040647729244,0.0
2008-07-08,10044.007037298981,15609.040647729244,0.0
2008-07-09,9850.605524781573,15609.040647729244,0.0
2008-07-10,9890.864460993946,15609.040647729244,0.0
2008-07-11,9775.617486225983,15609.040647729244,0.0
2008-07-14,9687.2089630139,15609.040647729244,0.0
2008-07-15,9550.644138783138,15609.040647729244,0.0
2008-07-16,9785.090966984068,15609.040647729244,0.0
2008-07-17,9882.976327963715,15609.040647729244,0.0
2008-07-18,9944.545560367553,15609.040647729244,0.0
2008-07-21,9950.072037227223,15609.040647729244,0.0
2008-07-22,10062.949802553296,15609.040647729244,0.0
2008-07-23,10117.415602893308,15609.040647729244,0.0
2008-07-24,9907.445570077703,15609.040647729244,0.0
2008-07-25,9905.077199888183,15609.040647729244,0.0
2008-07-28,9759.82863137997,15609.040647729244,0.0
2008-07-29,9968.224226748538,15609.040647729244,0.0
2008-07-30,10145.832688158082,15609.040647729244,0.0
2008-07-31,10011.643787388175,15609.040647729244,0.0
2008-08-01,9958.754102999941,15609.040647729244,0.0
2008-08-04,9866.395218879963,15609.040647729244,0.0
2008-08-05,10132.416399763437,15609.040647729244,0.0
2008-08-06,10177.406201588257,15609.040647729244,0.0
2008-08-07,10025.85233002056,15609.040647729244,0.0
2008-08-08,10212.1403394457,15609.040647729244,0.0
2008-08-11,10317.91802971743,15609.040647729244,0.0
2008-08-12,10210.565901998663,15609.040647729244,0.0
2008-08-13,10148.992473332972,15609.040647729244,0.0
2008-08-14,10225.559984849824,15609.040647729244,0.0
2008-08-15,10275.29240182028,15609.040647729244,0.0
2008-08-18,10134.782252195848,15609.040647729244,0.0
2008-08-19,10024.274535564042,15609.040647729244,0.0
2008-08-20,10070.845488854864,15609.040647729244,0.0
2008-08-21,10088.210459652655,15609.040647729244,0.0
2008-08-22,10234.243729127274,15609.040647729244,0.0
2008-08-25,10026.64038799645,15609.040647729244,0.0
2008-08-26,10055.846370489471,15609.040647729244,0.0
2008-08-27,10153.72837445964,15609.040647729244,0.0
2008-08-28,10276.871874781535,15609.040647729244,0.0
2008-08-29,10166.359961887876,15609.040647729244,0.0
2008-09-02,10103.209578018037,15609.040647729244,0.0
2008-09-03,10094.525833740585,15609.040647729244,0.0
2008-09-04,9790.615765338998,15609.040647729244,0.0
2008-09-05,9821.402899298027,15609.040647729244,0.0
2008-09-08,10024.274535564036,15609.040647729244,0.0
2008-09-09,9726.676484240901,15609.040647729244,0.0
2008-09-10,9766.147362477383,15609.040647729244,0.0
2008-09-11,9907.445570077703,15609.040647729244,0.0
2008-09-12,9953.225108383154,15609.040647729244,0.0
2008-09-15,9479.603104125961,15609.040647729244,0.0
2008-09-16,9638.265443271704,15609.040647729244,0.0
2008-09-17,9204.899018217404,15609.040647729244,0.0
2008-09-18,9478.02279191233,15609.040647729244,0.0
2008-09-19,9854.434194095747,15609.040647729244,0.0
2008-09-22,9631.331540186722,15609.040647729244,0.0
2008-09-23,9412.204424756706,15609.040647729244,0.0
2008-09-24,9442.372190466316,15609.040647729244,0.0
2008-09-25,9590.050394587095,15609.040647729244,0.0
2008-09-26,9594.81063403251,15609.040647729244,0.0
2008-09-29,8842.947934377518,15609.040647729244,0.0
2008-09-30,9208.955964176348,15609.040647729244,0.0
2008-10-01,9214.51349337373,15609.040647729244,0.0
2008-10-02,8880.260255517103,15609.040647729244,0.0
2008-10-03,8760.378929159298,15609.040647729244,0.0
2008-10-06,8314.176978350733,15609.040647729244,0.0
2008-10-07,7941.820004369151,15609.040647729244,0.0
2008-10-08,7741.747274758724,15609.040647729244,0.0
2008-10-09,7201.07320236129,15609.040647729244,0.0
2008-10-10,7026.40506163176,15609.040647729244,0.0
2008-10-13,8046.624161891115,15609.040647729244,0.0
2008-10-14,7927.52921500446,15609.040647729244,0.0
2008-10-15,7147.082418862972,15609.040647729244,0.0
2008-10-16,7444.811393555906,15609.040647729244,0.0
2008-10-17,7400.349481472123,15609.040647729244,0.0
2008-10-20,7844.961888290984,15609.040647729244,0.0
2008-10-21,7610.7466937443105,15609.040647729244,0.0
2008-10-22,7196.309605906395,15609.040647729244,0.0
2008-10-23,7279.670865362356,15609.040647729244,0.0
2008-10-24,6910.486265341224,15609.040647729244,0.0
2008-10-27,6665.158530156903,15609.040647729244,0.0
2008-10-28,7444.015782308682,15609.040647729244,0.0
2008-10-29,7390.030034324587,15609.040647729244,0.0
2008-10-30,7645.678895161185,15609.040647729244,0.0
2008-10-31,7687.756491260407,15609.040647729244,0.0
2008-11-03,7709.989125807039,15609.040647729244,0.0
2008-11-04,7971.992805592982,15609.040647729244,0.0
2008-11-05,7636.948152750984,15609.040647729244,0.0
2008-11-06,7213.774447736274,15609.040647729244,0.0
2008-11-07,7451.958466742992,15609.040647729244,0.0
2008-11-10,7354.303900165227,15609.040647729244,0.0
2008-11-11,7127.238296562752,15609.040647729244,0.0
2008-11-12,6813.630247393977,15609.040647729244,0.0
2008-11-13,7238.389719762726,15609.040647729244,0.0
2008-11-14,6877.14109015694,15609.040647729244,0.0
2008-11-17,6785.837146266667,15609.040647729244,0.0
2008-11-18,6913.660737432598,15609.040647729244,0.0
2008-11-19,6470.641231612928,15609.040647729244,0.0
2008-11-20,5990.3060476441915,15609.040647729244,0.0
2008-11-21,6313.442548601317,15609.040647729244,0.0
2008-11-24,6750.904944849792,15609.040647729244,0.0
2008-11-25,6800.926064635694,15609.040647729244,0.0
2008-11-26,7063.7178023975275,15609.040647729244,0.0
2008-11-28,7152.637430303239,15609.040647729244,0.0
2008-12-01,6519.073227035308,15609.040647729244,0.0
2008-12-02,6769.962268052676,15609.040647729244,0.0
2008-12-03,6932.718899887853,15609.040647729244,0.0
2008-12-04,6772.341548523013,15609.040647729244,0.0
2008-12-05,6981.14753830075,15609.040647729244,0.0
2008-12-08,7224.88530986918,15609.040647729244,0.0
2008-12-09,7105.796237749119,15609.040647729244,0.0
2008-12-10,7154.227813545316,15609.040647729244,0.0
2008-12-11,6981.942310295606,15609.040647729244,0.0
2008-12-12,7065.306507134863,15609.040647729244,0.0
2008-12-15,6966.856329309874,15609.040647729244,0.0
2008-12-16,7294.756426721896,15609.040647729244,0.0
2008-12-17,7224.0938948838075,15609.040647729244,0.0
2008-12-18,7089.124489409348,15609.040647729244,0.0
2008-12-19,7058.631933032359,15609.040647729244,0.0
2008-12-22,6968.185705064727,15609.040647729244,0.0
2008-12-23,6896.153093731815,15609.040647729244,0.0
2008-12-24,6936.172003766226,15609.040647729244,0.0
2008-12-26,6976.190494174453,15609.040647729244,0.0
2008-12-29,6956.181458783432,15609.040647729244,0.0
2008-12-30,7121.062238368317,15609.040647729244,0.0
2008-12-31,7222.711646229609,15609.040647729244,0.0
2009-01-02,7440.419585901127,15609.040647729244,0.0
2009-01-05,7431.614150029953,15609.040647729244,0.0
2009-01-06,7481.239142696985,15609.040647729244,0.0
2009-01-07,7257.128546691004,15609.040647729244,0.0
2009-01-08,7286.74408434083,15609.040647729244,0.0
2009-01-09,7130.664963991453,15609.040647729244,0.0
2009-01-12,6959.384045829218,15609.040647729244,0.0
2009-01-13,6972.1893584981435,15609.040647729244,0.0
2009-01-14,6752.880964556101,15609.040647729244,0.0
2009-01-15,6755.283324466626,15609.040647729244,0.0
2009-01-16,6808.107547169963,15609.040647729244,0.0
2009-01-20,6448.734226986037,15609.040647729244,0.0
2009-01-21,6727.271598096804,15609.040647729244,0.0
2009-01-22,6623.218991072615,15609.040647729244,0.0
2009-01-23,6652.034301587179,15609.040647729244,0.0
2009-01-26,6697.6556408207925,15609.040647729244,0.0
2009-01-27,6765.687955729767,15609.040647729244,0.0
2009-01-28,6994.5990752949465,15609.040647729244,0.0
2009-01-29,6767.287151121734,15609.040647729244,0.0
2009-01-30,6629.626263295113,15609.040647729244,0.0
2009-02-02,6609.613451268427,15609.040647729244,0.0
2009-02-03,6702.455325127621,15609.040647729244,0.0
2009-02-04,6669.640557441489,15609.040647729244,0.0
2009-02-05,6768.890962401739,15609.040647729244,0.0
2009-02-06,6961.786405739742,15609.040647729244,0.0
2009-02-09,6971.385354727213,15609.040647729244,0.0
2009-02-10,6652.0343015871795,15609.040647729244,0.0
2009-02-11,6691.2517256077745,15609.040647729244,0.0
2009-02-12,6696.053088419344,15609.040647729244,0.0
2009-02-13,6624.01712007695,15609.040647729244,0.0
2009-02-17,6340.681743164095,15609.040647729244,0.0
2009-02-18,6325.472811706088,15609.040647729244,0.0
2009-02-19,6257.439657544744,15609.040647729244,0.0
2009-02-20,6196.61148498405,15609.040647729244,0.0
2009-02-23,5974.904507767149,15609.040647729244,0.0
2009-02-24,6201.4162048051,15609.040647729244,0.0
2009-02-25,6152.590600020959,15609.040647729244,0.0
2009-02-26,6052.542485682558,15609.040647729244,0.0
2009-02-27,5917.275984868945,15609.040647729244,0.0
2009-03-02,5650.7478955536935,15609.040647729244,0.0
2009-03-03,5608.325786356386,15609.040647729244,0.0
2009-03-04,5741.190766511844,15609.040647729244,0.0
2009-03-05,5506.676378495094,15609.040647729244,0.0
2009-03-06,5516.281621875344,15609.040647729244,0.0
2009-03-09,5451.450215507415,15609.040647729244,0.0
2009-03-10,5776.407894108503,15609.040647729244,0.0
2009-03-11,5814.024024606205,15609.040647729244,0.0
2009-03-12,6042.934724545199,15609.040647729244,0.0
2009-03-13,6090.159455432633,15609.040647729244,0.0
2009-03-16,6071.750454685949,15609.040647729244,0.0
2009-03-17,6257.4396575447445,15609.040647729244,0.0
2009-03-18,6397.511297805594,15609.040647729244,0.0
2009-03-19,6318.272445993476,15609.040647729244,0.0
2009-03-20,6183.732318106522,15609.040647729244,0.0
2009-03-23,6627.900340795207,15609.040647729244,0.0
2009-03-24,6497.308895311405,15609.040647729244,0.0
2009-03-25,6565.828396221448,15609.040647729244,0.0
2009-03-26,6699.645927817412,15609.040647729244,0.0
2009-03-27,6578.725607024942,15609.040647729244,0.0
2009-03-30,6351.400254813801,15609.040647729244,0.0
2009-03-31,6410.248211406326,15609.040647729244,0.0
2009-04-01,6534.387484665806,15609.040647729244,0.0
2009-04-02,6725.4403494244,15609.040647729244,0.0
2009-04-03,6792.34890540929,15609.040647729244,0.0
2009-04-06,6739.145340634489,15609.040647729244,0.0
2009-04-07,6581.953371641844,15609.040647729244,0.0
2009-04-08,6652.891597883637,15609.040647729244,0.0
2009-04-09,6917.29637870155,15609.040647729244,0.0
2009-04-13,6918.907743252889,15609.040647729244,0.0
2009-04-14,6799.601304768871,15609.040647729244,0.0
2009-04-15,6872.157189954782,15609.040647729244,0.0
2009-04-16,6972.917409929542,15609.040647729244,0.0
2009-04-17,7019.673418368057,15609.040647729244,0.0
2009-04-20,6725.440349424399,15609.040647729244,0.0
2009-04-21,6856.83747718387,15609.040647729244,0.0
2009-04-22,6814.921856792153,15609.040647729244,0.0
2009-04-23,6881.829153898487,15609.040647729244,0.0
2009-04-24,6985.818397368704,15609.040647729244,0.0
2009-04-27,6919.7138451547435,15609.040647729244,0.0
2009-04-28,6897.951191935586,15609.040647729244,0.0
2009-04-29,7044.662577325562,15609.040647729244,0.0
2009-04-30,7047.082141909683,15609.040647729244,0.0
2009-05-01,7084.968511670681,15609.040647729244,0.0
2009-05-04,7325.999274718098,15609.040647729244,0.0
2009-05-05,7301.011374639149,15609.040647729244,0.0
2009-05-06,7427.5689536041955,15609.040647729244,0.0
2009-05-07,7324.3870709143885,15609.040647729244,0.0
2009-05-08,7495.2815133600125,15609.040647729244,0.0
2009-05-11,7355.019782437248,15609.040647729244,0.0
2009-05-12,7333.253772208608,15609.040647729244,0.0
2009-05-13,7148.652660048151,15609.040647729244,0.0
2009-05-14,7209.916404589129,15609.040647729244,0.0
2009-05-15,7151.06802837042,15609.040647729244,0.0
2009-05-18,7354.214100161578,15609.040647729244,0.0
2009-05-19,7345.344041857877,15609.040647729244,0.0
2009-05-20,7296.173084723278,15609.040647729244,0.0
2009-05-21,7191.375641220279,15609.040647729244,0.0
2009-05-22,7176.064320973072,15609.040647729244,0.0
2009-05-26,7359.858911605488,15609.040647729244,0.0
2009-05-27,7228.457167957978,15609.040647729244,0.0
2009-05-28,7329.222003820775,15609.040647729244,0.0
2009-05-29,7459.006508150352,15609.040647729244,0.0
2009-06-01,7639.57920893246,15609.040647729244,0.0
2009-06-02,7646.024667137817,15609.040647729244,0.0
2009-06-03,7549.29243891522,15609.040647729244,0.0
2009-06-04,7620.2310847832,15609.040647729244,0.0
2009-06-05,7621.84412783928,15609.040647729244,0.0
2009-06-08,7590.407412545493,15609.040647729244,0.0
2009-06-09,7629.100303834531,15609.040647729244,0.0
2009-06-10,7609.7513404329,15609.040647729244,0.0
2009-06-11,7643.610138067921,15609.040647729244,0.0
2009-06-12,7664.56878751615,15609.040647729244,0.0
2009-06-15,7488.832698145173,15609.040647729244,0.0
2009-06-16,7387.263019259075,15609.040647729244,0.0
2009-06-17,7380.007682516194,15609.040647729244,0.0
2009-06-18,7434.021125828515,15609.040647729244,0.0
2009-06-19,7461.419358715509,15666.568077846867,1.0
2009-06-22,7237.676355247801,15196.78011563103,1.0
2009-06-23,7243.351379777051,15208.69583217993,1.0
2009-06-24,7305.769935579821,15339.754616948909,1.0
2009-06-25,7464.662229875079,15673.37705873195,1.0
2009-06-26,7445.203324412913,15632.519649104208,1.0
2009-06-29,7514.92001882946,15778.902165181858,1.0
2009-06-30,7454.122059354102,15651.246108696805,1.0
2009-07-01,7484.930174622394,15715.933189263731,1.0
2009-07-02,7280.637684093147,15286.985015089494,1.0
2009-07-06,7279.831162565107,15285.291580661293,1.0
2009-07-07,7138.771302638006,14989.111485111764,1.0
2009-07-08,7133.906156646279,14978.89625162552,1.0
2009-07-09,7147.689198326825,15007.836182545749,1.0
2009-07-10,7130.665803243821,14972.09255721628,1.0
2009-07-13,7304.146821495293,15336.346602189133,1.0
2009-07-14,7345.490071770337,15423.154059839515,1.0
2009-07-15,7560.323572072928,15874.234946207505,1.0
2009-07-16,7548.161126719797,15848.697743571207,1.0
2009-07-17,7630.851823531737,16022.321469665041,1.0
2009-07-20,7711.916049249669,16192.53013236465,1.0
2009-07-21,7747.586792752575,16267.427159941974,1.0
2009-07-22,7745.96619642516,16264.024431658047,1.0
2009-07-23,7917.017579064067,16623.17702744293,1.0
2009-07-24,7949.442094397921,16691.258025500716,1.0
2009-07-27,7972.951231800068,16740.61961260036,1.0
2009-07-28,7935.662409726858,16662.32514321495,1.0
2009-07-29,7916.2077005265455,16621.47654438028,1.0
2009-07-30,7998.895040329004,16795.093221839656,1.0
2009-07-31,8010.242571630391,16818.919368461615,1.0
2009-08-03,8142.381178859189,17096.3677179427,1.0
2009-08-04,8163.459841396399,17140.626093695755,1.0
2009-08-05,8139.949025489511,17091.260982278887,1.0
2009-08-06,8097.796735929316,17002.754803724463,1.0
2009-08-07,8203.994891638662,17225.736592600708,1.0
2009-08-10,8186.968978798545,17189.9876807954,1.0
2009-08-11,8084.8277690481455,16975.524166659965,1.0
2009-08-12,8171.567858547697,17157.650308067085,1.0
2009-08-13,8233.98893210758,17288.714379311907,1.0
2009-08-14,8170.756301505434,17155.9463006872,1.0
2009-08-17,7969.71003914524,16733.814156032502,1.0
2009-08-18,8032.942669747386,16866.58223465721,1.0
2009-08-19,8103.471760458567,17014.67052027336,1.0
2009-08-20,8186.968978798548,17189.9876807954,1.0
2009-08-21,8347.482708673591,17527.014613020983,1.0
2009-08-24,8346.672830136069,17525.314129958326,1.0
2009-08-25,8362.888025186294,17559.36079654237,1.0
2009-08-26,8363.692868209593,17561.05070665334,1.0
2009-08-27,8382.341895134236,17600.207633218426,1.0
2009-08-28,8380.72045955445,17596.80314277588,1.0
2009-08-31,8306.136940641436,17440.20186889476,1.0
2009-09-01,8122.92646965888,17055.519119108038,1.0
2009-09-02,8092.122550652441,16990.84084933418,1.0
2009-09-03,8159.404573942197,17132.111343272176,1.0
2009-09-04,8273.713264559952,17372.122632995593,1.0
2009-09-08,8345.050555303913,17521.90787735717,1.0
2009-09-09,8409.096421453063,17656.383487678995,1.0
2009-09-10,8495.028310919834,17836.81267034069,1.0
2009-09-11,8493.401839825825,17833.397606946462,1.0
2009-09-14,8534.74676860561,17920.208588914073,1.0
2009-09-15,8570.416672856147,17995.103854332785,1.0
2009-09-16,8700.123965967638,18267.447230308673,1.0
2009-09-17,8687.156677591209,18240.220117561403,1.0
2009-09-18,8692.694903984067,18251.8486022562,1.0
2009-09-21,8670.700617110653,18205.667711455102,1.0
2009-09-22,8721.201789252476,18311.703843903117,1.0
2009-09-23,8648.708008741982,18159.490344971233,1.0
2009-09-24,8553.40922356818,17959.393710016986,1.0
2009-09-25,8507.795857232086,17863.620389337793,1.0
2009-09-28,8660.112609204562,18183.43631837895,1.0
2009-09-29,8634.046269829534,18128.705433981988,1.0
2009-09-30,8600.649900250653,18058.583856249017,1.0
2009-10-01,8387.242289725522,17610.49687736647,1.0
2009-10-02,8348.146557298647,17528.408480484788,1.0
2009-10-05,8472.772177306828,17790.08198605198,1.0
2009-10-06,8594.133944846173,18044.902456768737,1.0
2009-10-07,8617.754702813594,18094.49841096406,1.0
2009-10-08,8683.731688667242,18233.028748257046,1.0
2009-10-09,8736.675924459558,18344.19452443086,1.0
2009-10-12,8770.886368837815,18416.02539601956,1.0
2009-10-13,8752.969169980239,18378.405071766017,1.0
2009-10-14,8903.659450858704,18694.805937412944,1.0
2009-10-15,8936.239227881098,18763.212934814346,1.0
2009-10-16,8869.446488723337,18622.9697793484,1.0
2009-10-19,8942.756022537948,18776.896096453238,1.0
2009-10-20,8895.50947108888,18677.693615110908,1.0
2009-10-21,8815.689017384015,18510.096471477475,1.0
2009-10-22,8905.286761205081,18698.222762965783,1.0
2009-10-23,8803.472859879172,18484.44649068987,1.0
2009-10-26,8708.167360686408,18284.335758466706,1.0
2009-10-27,8668.256714207788,18200.536305570684,1.0
2009-10-28,8504.538718782218,17856.781451756266,1.0
2009-10-29,8686.993023378962,18239.87649663164,1.0
2009-10-30,8435.302076721591,17711.406890405913,1.0
2009-11-02,8497.204492316512,17841.38194762719,1.0
2009-11-03,8524.084906490913,17897.82212587988,1.0
2009-11-04,8546.077514859586,17943.999492363746,1.0
2009-11-05,8703.283751142531,18274.08175749096,1.0
2009-11-06,8726.088755805838,18321.964893513326,1.0
2009-11-09,8924.833788166152,18739.265199248017,1.0
2009-11-10,8926.4619377649,18742.683786959475,1.0
2009-11-11,8972.077821858105,18838.462394114507,1.0
2009-11-12,8880.85276769066,18646.919277073353,1.0
2009-11-13,8928.906679920137,18747.8169550025,1.0
2009-11-16,9058.416748724563,19019.746223704064,1.0
2009-11-17,9069.008952892507,19041.98642757328,1.0
2009-11-18,9063.306233035033,19030.012559790113,1.0
2009-11-19,8945.197407683703,18782.022215861816,1.0
2009-11-20,8913.433383965425,18715.32803663337,1.0
2009-11-23,9026.651885753914,18953.050282317003,1.0
2009-11-24,9040.497032109877,18982.12061297468,1.0
2009-11-25,9072.262734332897,19048.818316520355,1.0
2009-11-27,8924.833788166154,18739.265199248024,1.0
2009-11-30,8954.973019295167,18802.54783939947,1.0
2009-12-01,9065.749296685532,19035.142203515923,1.0
2009-12-02,9061.676404931546,19026.59044776144,1.0
2009-12-03,8990.813291776913,18877.800823016856,1.0
2009-12-04,9042.13021722285,18985.549773637827,1.0
2009-12-07,9028.282553109777,18956.47415650431,1.0
2009-12-08,8928.092605120763,18746.10766114678,1.0
2009-12-09,8961.488974699643,18816.22923887975,1.0
2009-12-10,9011.990986093837,18922.26713348638,1.0
2009-12-11,9050.273482973706,19002.64799867095,1.0
2009-12-14,9112.177577073368,19132.626580209453,1.0
2009-12-15,9069.820509934772,19043.690434953176,1.0
2009-12-16,9083.666495543104,19072.76252776946,1.0
2009-12-17,8974.523403265712,18843.597324316153,1.0
2009-12-18,9025.296493175572,18950.204396155154,1.0
2009-12-21,9117.012509979757,19142.778375985585,1.0
2009-12-22,9149.769369252323,19211.55718885457,1.0
2009-12-23,9167.788956899098,19249.39249645904,1.0
2009-12-24,9211.185018472359,19340.510194079638,1.0
2009-12-28,9230.842826746328,19381.785235298932,1.0
2009-12-29,9217.738740233508,19354.270890697553,1.0
2009-12-30,9214.46481673623,19347.396709943743,1.0
2009-12-31,9126.020205672216,19161.69162439128,1.0
2010-01-04,9280.795127837851,19486.66891601329,1.0
2010-01-05,9305.360883974445,19538.249060808146,1.0
2010-01-06,9311.913766483225,19552.00799526745,1.0
2010-01-07,9351.223508264573,19634.545742595743,1.0
2010-01-08,9382.343825414688,19699.888346167132,1.0
2010-01-11,9395.446233422765,19727.39916645128,1.0
2010-01-12,9307.820732672348,19543.413947706227,1.0
2010-01-13,9386.437698477932,19708.484155886967,1.0
2010-01-14,9411.824243432864,19761.78769180647,1.0
2010-01-15,9306.185029802264,19539.979500567246,1.0
2010-01-19,9422.47015975252,19784.14067382699,1.0
2010-01-20,9326.65691287561,19582.963835642266,1.0
2010-01-21,9147.313716816268,19206.401112749554,1.0
2010-01-22,8943.401407610852,18778.251196427525,1.0
2010-01-25,8989.263192648612,18874.546116056506,1.0
2010-01-26,8951.592510746828,18795.449864501654,1.0
2010-01-27,8994.177015277826,18884.86355474237,1.0
2010-01-28,8890.99513258802,18668.214963925384,1.0
2010-01-29,8794.3602576404,18465.312972457406,1.0
2010-02-01,8931.119788421112,18752.46376726802,1.0
2010-02-02,9039.215493740134,18979.429796770863,1.0
2010-02-03,8994.177015277826,18884.86355474237,1.0
2010-02-04,8716.564919905522,18301.967917559923,1.0
2010-02-05,8734.576954280965,18339.787365736865,1.0
2010-02-08,8671.523084433733,18207.39462689697,1.0
2010-02-09,8780.436221561611,18436.076998890003,1.0
2010-02-10,8763.239101237916,18399.968606727405,1.0
2010-02-11,8854.95931430395,18592.551397350904,1.0
2010-02-12,8847.590678491055,18577.079644718648,1.0
2010-02-16,8986.801665445966,18869.377704841198,1.0
2010-02-17,9029.392883995928,18958.80549235082,1.0
2010-02-18,9082.621626341843,19070.56864029483,1.0
2010-02-19,9101.456967292732,19110.116766072257,1.0
2010-02-22,9103.094348667557,19113.55473752847,1.0
2010-02-23,8992.540473155372,18881.42734544477,1.0
2010-02-24,9075.248794267094,19055.088076869502,1.0
2010-02-25,9062.966335824982,19029.29888555138,1.0
2010-02-26,9068.694233253571,19041.32561809297,1.0
2010-03-01,9162.873455765139,19239.07153345594,1.0
2010-03-02,9188.254125953476,19292.362734265138,1.0
2010-03-03,9196.447746846563,19309.566688815106,1.0
2010-03-04,9224.289944237546,19368.026300839618,1.0
2010-03-05,9356.138170146156,19644.86494344021,1.0
2010-03-08,9357.77723002572,19648.306439213648,1.0
2010-03-09,9373.33529046985,19680.973335602805,1.0
2010-03-10,9415.099006182509,19768.663634718876,1.0
2010-03-11,9454.407908711486,19851.199619888554,1.0
2010-03-12,9455.224501267972,19852.914200220122,1.0
2010-03-15,9457.683510713507,19858.07732495959,1.0
2010-03-16,9533.026553021811,20016.27335238652,1.0
2010-03-17,9589.530897369745,20134.914205401565,1.0
2010-03-18,9584.613717731048,20124.589718081246,1.0
2010-03-19,9536.097377445432,20022.721090755706,1.0
2010-03-22,9587.080280447915,20129.76870224824,1.0
2010-03-23,9654.509172902508,20271.34757394371,1.0
2010-03-24,9607.638606515422,20172.93453966052,1.0
2010-03-25,9592.016762891133,20140.133719216683,1.0
2010-03-26,9586.255295367724,20128.036500330527,1.0
2010-03-29,9647.106966994794,20255.805334966884,1.0
2010-03-30,9653.687544831799,20269.622420660453,1.0
2010-03-31,9620.796405179954,20200.5616624132,1.0
2010-04-01,9686.579523736016,20338.68494106632,1.0
2010-04-05,9765.522119461351,20504.438866789347,1.0
2010-04-06,9788.543651236243,20552.776639734166,1.0
2010-04-07,9732.629301304763,20435.374584224868,1.0
2010-04-08,9766.337033513095,20506.14992280369,1.0
2010-04-09,9830.481931441964,20640.833467841985,1.0
2010-04-12,9846.10293581388,20673.632526127203,1.0
2010-04-13,9853.502623964485,20689.169478628188,1.0
2010-04-14,9965.334680836924,20923.980638281242,1.0
2010-04-15,9973.56019332009,20941.251554858554,1.0
2010-04-16,9814.855891555822,20608.02383660508,1.0
2010-04-19,9851.861046327807,20685.722696378907,1.0
2010-04-20,9939.841550830943,20870.453308217748,1.0
2010-04-21,9921.754822994526,20832.477027924142,1.0
2010-04-22,9951.356093354052,20894.630124403913,1.0
2010-04-23,10016.318423091776,21031.030011932387,1.0
2010-04-26,9978.493318753824,20951.609523192536,1.0
2010-04-27,9742.497230676976,20456.094045210073,1.0
2010-04-28,9816.504183211464,20611.484716123272,1.0
2010-04-29,9938.199133941891,20867.00476380984,1.0
2010-04-30,9769.628581310153,20513.061108888392,1.0
2010-05-03,9896.264210745656,20778.954984336484,1.0
2010-05-04,9663.5529564469,20290.33659516981,1.0
2010-05-05,9605.995350374002,20169.484233094,1.0
2010-05-06,9286.947686965901,19499.587300813615,1.0
2010-05-07,9148.799193512028,19209.520133496582,1.0
2010-05-10,9551.726774341052,20055.537770627056,1.0
2010-05-11,9524.592066698391,19998.563658314277,1.0
2010-05-12,9657.797363690084,20278.251711393954,1.0
2010-05-13,9537.746508353443,20026.183732432506,1.0
2010-05-14,9365.065297611045,19663.609024618938,1.0
2010-05-17,9369.99758379241,19673.96523079431,1.0
2010-05-18,9242.543683295682,19406.353250697422,1.0
2010-05-19,9189.91752415178,19295.855332638374,1.0
2010-05-20,8842.908489516087,18567.24856181027,1.0
2010-05-21,8972.009842416086,18838.31965926674,1.0
2010-05-24,8856.886237746587,18596.597313528982,1.0
2010-05-25,8865.93337830046,18615.593383389543,1.0
2010-05-26,8812.483912581109,18503.366787730014,1.0
2010-05-27,9107.685898386497,19123.195507306482,1.0
2010-05-28,8993.388118049561,18883.207125645047,1.0
2010-06-01,8842.085182940638,18565.519884209785,1.0
2010-06-02,9072.330713774896,19048.96105136808,1.0
2010-06-03,9103.57524027584,19114.56445441436,1.0
2010-06-04,8783.700913282808,18442.93179589904,1.0
2010-06-07,8674.338776136718,18213.306669047437,1.0
2010-06-08,8767.25828084018,18408.40758433056,1.0
2010-06-09,8720.387714453094,18309.99455004737,1.0
2010-06-10,8975.301390213144,18845.230845351445,1.0
2010-06-11,9018.87789104606,18936.727407074086,1.0
2010-06-14,9004.901821320302,18907.382179672604,1.0
2010-06-15,9209.654222148576,19337.2960167674,1.0
2010-06-16,9206.360156594405,19330.37954420685,1.0
2010-06-17,9221.162889905096,19361.460497843273,1.0
2010-06-18,9231.160064142365,19382.45133125506,1.0
2010-06-21,9204.7194182101,19326.934524116183,1.0
2010-06-22,9052.700600829148,19007.74416138305,1.0
2010-06-23,9024.612502493614,18948.768236884593,1.0
2010-06-24,8875.065283343754,18634.76743127014,1.0
2010-06-25,8912.245002608803,18712.83282003571,1.0
2010-06-28,8884.154386516155,18653.85160906141,1.0
2010-06-29,8609.853980997803,18077.90944977041,1.0
2010-06-30,8528.06883749362,17906.187092821245,1.0
2010-07-01,8490.056579877048,17826.373642710434,1.0
2010-07-02,8443.788596691973,17729.225838312206,1.0
2010-07-06,8499.144843797076,17845.456058343094,1.0
2010-07-07,8766.837815402567,18407.52474286487,1.0
2010-07-08,8853.587136678192,18407.52474286487,0.0
2010-07-09,8919.682457116076,18407.52474286487,0.0
2010-07-12,8925.464066696375,18407.52474286487,0.0
2010-07-13,9060.135537579312,18407.52474286487,0.0
2010-07-14,9059.312231003862,18407.52474286487,0.0
2010-07-15,9061.787186244434,18407.52474286487,0.0
2010-07-16,8812.274938740853,18407.52474286487,0.0
2010-07-19,8864.326210010971,18407.52474286487,0.0
2010-07-20,8962.642946709051,18407.52474286487,0.0
2010-07-21,8846.149682170913,18407.52474286487,0.0
2010-07-22,9043.61401541386,18407.52474286487,0.0
2010-07-23,9122.100057849648,18407.52474286487,0.0
2010-07-26,9217.116014974592,18407.52474286487,0.0
2010-07-27,9216.286833632548,18407.52474286487,0.0
2010-07-28,9156.804821874119,18407.52474286487,0.0
2010-07-29,9112.189326606538,18407.52474286487,0.0
2010-07-30,9110.534320931933,18407.52474286487,0.0
2010-08-02,9316.259415257606,18407.52474286487,0.0
2010-08-03,9271.645598494764,18407.52474286487,0.0
2010-08-04,9333.61095801747,18407.52474286487,0.0
2010-08-05,9323.69519126014,18407.52474286487,0.0
2010-08-06,9285.691326167273,18407.52474286487,0.0
2010-08-09,9335.258410420742,18407.52474286487,0.0
2010-08-10,9284.86466258234,18407.52474286487,0.0
2010-08-11,9030.39411207391,18407.52474286487,0.0
2010-08-12,8975.039543473547,18407.52474286487,0.0
2010-08-13,8948.598058288911,18407.52474286487,0.0
2010-08-16,8944.466418868993,18407.52474286487,0.0
2010-08-17,9054.35476725138,18407.52474286487,0.0
2010-08-18,9070.879646426314,18407.52474286487,0.0
2010-08-19,8913.075023203211,18407.52474286487,0.0
2010-08-20,8884.15438651615,18407.52474286487,0.0
2010-08-23,8850.282160843202,18407.52474286487,0.0
2010-08-24,8718.914826542881,18407.52474286487,0.0
2010-08-25,8752.789569972942,18407.52474286487,0.0
2010-08-26,8694.129186285221,18407.52474286487,0.0
2010-08-27,8828.800657168156,18407.52474286487,0.0
2010-08-30,8700.737459450454,18407.52474286487,0.0
2010-08-31,8700.737459450454,18407.52474286487,0.0
2010-09-01,8960.992137296296,18407.52474286487,0.0
2010-09-02,9044.439839746417,18407.52474286487,0.0
2010-09-03,9161.757250112376,18407.52474286487,0.0
2010-09-07,9058.483049661816,18407.52474286487,0.0
2010-09-08,9122.100057849644,18407.52474286487,0.0
2010-09-09,9164.235562362432,18407.52474286487,0.0
2010-09-10,9210.506063304618,18407.52474286487,0.0
2010-09-13,9312.954439422618,18407.52474286487,0.0
2010-09-14,9307.174508347058,18407.52474286487,0.0
2010-09-15,9342.697543432758,18407.52474286487,0.0
2010-09-16,9340.218391930333,18407.52474286487,0.0
2010-09-17,9343.709681791568,18407.52474286487,0.0
2010-09-20,9486.57141655811,18407.52474286487,0.0
2010-09-21,9467.470871858144,18407.52474286487,0.0
2010-09-22,9420.957826980886,18407.52474286487,0.0
2010-09-23,9344.538023881243,18407.52474286487,0.0
2010-09-24,9537.243796183513,18407.52474286487,0.0
2010-09-27,9491.56245040541,18407.52474286487,0.0
2010-09-28,9524.78341623886,18407.52474286487,0.0
2010-09-29,9508.172094069765,18407.52474286487,0.0
2010-09-30,9479.929573298059,18407.52474286487,0.0
2010-10-01,9519.800774915266,18407.52474286487,0.0
2010-10-04,9448.366970148698,18407.52474286487,0.0
2010-10-05,9638.582680667727,18407.52474286487,0.0
2010-10-06,9637.74930306383,18407.52474286487,0.0
2010-10-07,9626.122300723073,18407.52474286487,0.0
2010-10-08,9680.111405716649,18407.52474286487,0.0
2010-10-11,9689.249185526538,18407.52474286487,0.0
2010-10-12,9719.15006898233,18407.52474286487,0.0
2010-10-13,9794.737333730447,18407.52474286487,0.0
2010-10-14,9756.532887321035,18335.72605458898,1.0
2010-10-15,9776.462613363045,18373.18054803144,1.0
2010-10-18,9824.640734943352,18463.723043949143,1.0
2010-10-19,9695.891868038958,18221.761685271664,1.0
2010-10-20,9790.583873748896,18399.719028962198,1.0
2010-10-21,9812.178676493955,18440.302747780064,1.0
2010-10-22,9830.45423611373,18474.648519844028,1.0
2010-10-25,9859.524259722739,18529.280631010064,1.0
2010-10-26,9861.18933642579,18532.40985638547,1.0
2010-10-27,9832.945976401712,18479.331317293418,1.0
2010-10-28,9834.608535347652,18482.455810977233,1.0
2010-10-29,9842.082916959229,18496.50262609487,1.0
2010-11-01,9845.402999336886,18502.742150079303,1.0
2010-11-02,9923.48620063484,18649.48610154235,1.0
2010-11-03,9963.354045242562,18724.41086073258,1.0
2010-11-04,10155.228957698047,19085.006768332503,1.0
2010-11-05,10193.438439621686,19156.814919991593,1.0
2010-11-08,10174.33453791224,19120.912421392582,1.0
2010-11-09,10101.239013452103,18983.54195098098,1.0
2010-11-10,10141.940235663724,19060.032900089453,1.0
2010-11-11,10103.730753740085,18988.224748430366,1.0
2010-11-12,9984.121345150324,18763.439430245944,1.0
2010-11-15,9970.00176326921,18736.904103776244,1.0
2010-11-16,9814.67125603431,18444.98712245999,1.0
2010-11-17,9819.658093619757,18454.359026280894,1.0
2010-11-18,9964.184065836977,18725.97074172869,1.0
2010-11-19,9991.60076227612,18777.495708746763,1.0
2010-11-22,9983.288806798797,18761.874817558237,1.0
2010-11-23,9838.762834581574,18490.263102110435,1.0
2010-11-24,9984.121345150323,18763.439430245937,1.0
2010-11-26,9867.835375947694,18544.899944968067,1.0
2010-11-29,9897.735420151117,18601.09193713021,1.0
2010-11-30,9842.08291695923,18496.50262609487,1.0
2010-12-01,10051.403368440077,18889.884424762648,1.0
2010-12-02,10180.146360577877,19131.834742826406,1.0
2010-12-03,10207.556342998056,19183.347092000222,1.0
2010-12-06,10196.761039756455,19163.059175667622,1.0
2010-12-07,10202.577897936319,19173.99096048464,1.0
2010-12-08,10239.953163003687,19244.231344994954,1.0
2010-12-09,10279.822686116153,19319.159258646254,1.0
2010-12-10,10339.630327794333,19431.557438045336,1.0
2010-12-13,10346.273849559124,19444.04279493633,1.0
2010-12-14,10355.406593854792,19461.206217585124,1.0
2010-12-15,10308.063528383118,19372.23306604672,1.0
2010-12-16,10367.871170061298,19484.631245445795,1.0
2010-12-17,10378.973639670501,19505.496428153096,1.0
2010-12-20,10404.022805172497,19552.572027840513,1.0
2010-12-21,10469.988880745326,19676.543924883117,1.0
2010-12-22,10502.555229729793,19737.7467784453,1.0
2010-12-23,10487.526737531443,19709.503311309494,1.0
2010-12-27,10491.700339569885,19717.34687874493,1.0
2010-12-28,10506.72883176824,19745.590345880744,1.0
2010-12-29,10514.242658241228,19759.71129083338,1.0
2010-12-30,10497.547410835085,19728.335443861095,1.0
2010-12-31,10500.050061403883,19733.0387453074,1.0
2011-01-03,10608.60064150771,19937.040896772192,1.0
2011-01-04,10602.756927251996,19926.058640578158,1.0
2011-01-05,10657.864755655432,20029.624328998256,1.0
2011-01-06,10636.988352939507,19990.390719515744,1.0
2011-01-07,10616.112789475957,19951.15868726377,1.0
2011-01-10,10602.756927251992,19926.058640578158,1.0
2011-01-11,10640.327738121687,19996.666519802417,1.0
2011-01-12,10736.35247659596,20177.1285055777,1.0
2011-01-13,10718.817976819328,20144.17542807346,1.0
2011-01-14,10796.474837913074,20290.118146426266,1.0
2011-01-18,10814.846911555456,20324.645300001408,1.0
2011-01-19,10708.798142768057,20125.34487275239,1.0
2011-01-20,10694.603028173602,20098.667595534815,1.0
2011-01-21,10718.817976819328,20144.17542807346,1.0
2011-01-24,10779.772876487965,20258.729681609722,1.0
2011-01-25,10785.619108500798,20269.716669495363,1.0
2011-01-26,10827.366039166047,20348.172847846654,1.0
2011-01-27,10854.085316885315,20398.387136292673,1.0
2011-01-28,10664.541847515047,20042.172775110528,1.0
2011-01-31,10744.699680672851,20192.815640448574,1.0
2011-02-01,10916.712846528339,20516.084810279128,1.0
2011-02-02,10895.83728306479,20476.852778027154,1.0
2011-02-03,10920.051392458141,20522.359033335262,1.0
2011-02-04,10950.948468477705,20580.424775369378,1.0
2011-02-07,11019.417194619336,20709.09997385829,1.0
2011-02-08,11069.515525623323,20803.25117323312,1.0
2011-02-09,11044.465520868958,20756.173996315167,1.0
2011-02-10,11048.640801412143,20764.02071821167,1.0
2011-02-11,11114.606037732601,20887.991038023738,1.0
2011-02-14,11141.321958442388,20938.199017547624,1.0
2011-02-15,11106.255476646233,20872.29759423073,1.0
2011-02-16,11176.395993509876,21004.114635939302,1.0
2011-02-17,11209.793202341125,21066.878947728124,1.0
2011-02-18,11233.173094878215,21110.817435887464,1.0
2011-02-22,11007.726409098415,20687.129152548066,1.0
2011-02-23,10940.091899813051,20560.021721207926,1.0
2011-02-24,10932.573877078208,20545.892890102627,1.0
2011-02-25,11049.475857520774,20765.590062590956,1.0
2011-02-28,11117.948779924256,20894.27314723252,1.0
2011-03-01,10932.573877078208,20545.892890102627,1.0
2011-03-02,10955.956287372412,20589.836109953576,1.0
2011-03-03,11144.666379138782,20944.484281217472,1.0
2011-03-04,11061.16748229406,20787.562461131693,1.0
2011-03-07,10974.324164752938,20624.355377376043,1.0
2011-03-08,11070.350581731953,20804.820517612396,1.0
2011-03-09,11054.482837163114,20774.999819944627,1.0
2011-03-10,10849.910875594494,20390.54199162668,1.0
2011-03-11,10925.056693595738,20531.765636227865,1.0
2011-03-14,10859.096492789502,20407.804779798982,1.0
2011-03-15,10734.683203631059,20173.991394049615,1.0
2011-03-16,10535.954956318154,19800.5158219257,1.0
2011-03-17,10675.400094684435,20062.578983733012,1.0
2011-03-18,10714.22390934327,20135.541668141494,1.0
2011-03-21,10880.2750263588,20447.606192273004,1.0
2011-03-22,10842.534686510267,20376.679712481284,1.0
2011-03-23,10873.562685899627,20434.991502478384,1.0
2011-03-24,10977.551929369843,20630.42140600197,1.0
2011-03-25,11011.097685870674,20693.464887594953,1.0
2011-03-28,10984.259234314795,20643.026632413395,1.0
2011-03-29,11058.062248523254,20781.726708163445,1.0
2011-03-30,11134.375466571846,20925.144280434586,1.0
2011-03-31,11119.278155679116,20896.771480395153,1.0
2011-04-01,11166.243557584068,20985.03487819418,1.0
2011-04-04,11175.469458892858,21002.373373432016,1.0
2011-04-05,11173.795150413733,20999.226798520758,1.0
2011-04-06,11209.013536888942,21065.41370056393,1.0
2011-04-07,11180.499937601571,21011.82729324059,1.0
2011-04-08,11141.92286313966,20939.32831460851,1.0
2011-04-11,11108.3779458912,20876.286410246055,1.0
2011-04-12,11025.354905140548,20720.258879871897,1.0
2011-04-13,11024.519849031913,20718.6895354926,1.0
2011-04-14,11032.903140960729,20734.444491276347,1.0
2011-04-15,11073.15620240651,20810.093199280756,1.0
2011-04-18,10949.041687091956,20576.841307600756,1.0
2011-04-19,11011.937777493533,20695.043695357446,1.0
2011-04-20,11162.050652741102,20977.155034456504,1.0
2011-04-21,11219.076172811108,21084.324694642135,1.0
2011-04-25,11207.333353643224,21062.256085038945,1.0
2011-04-26,11303.776879050369,21243.50510884968,1.0
2011-04-27,11377.576536249348,21382.1988756776,1.0
2011-04-28,11414.471748960797,21451.53708432363,1.0
2011-04-29,11441.311879021416,21501.97849396625,1.0
2011-05-02,11423.697650269587,21468.87557956147,1.0
2011-05-03,11382.606175705689,21391.651218255636,1.0
2011-05-04,11307.133049279955,21249.81245374699,1.0
2011-05-05,11204.820632045976,21057.533856826252,1.0
2011-05-06,11254.298755548169,21150.51948283796,1.0
2011-05-09,11297.903790961684,21232.467649587023,1.0
2011-05-10,11394.34983412594,21413.72140508935,1.0
2011-05-11,11274.424027392502,21188.341470994368,1.0
2011-05-12,11328.098412747146,21289.213249665878,1.0
2011-05-13,11240.878270891677,21125.297989401388,1.0
2011-05-16,11169.598888561279,20991.340645860946,1.0
2011-05-17,11167.9203838203,20988.18618479702,1.0
2011-05-18,11267.715883195182,21175.734667352404,1.0
2011-05-19,11294.550138489203,21226.16503638129,1.0
2011-05-20,11204.82063204597,21057.53385682624,1.0
2011-05-23,11074.833867895106,20813.24608311412,1.0
2011-05-24,11065.607966586318,20795.907587876285,1.0
2011-05-25,11102.509054064361,20865.256837136043,1.0
2011-05-26,11153.661486045685,20961.389038059016,1.0
2011-05-27,11196.433143855302,21041.771014889833,1.0
2011-05-31,11312.998584097302,21260.835717934846,1.0
2011-06-01,11058.900661641368,20783.302361464863,1.0
2011-06-02,11047.15784247348,20761.233751861673,1.0
2011-06-03,10937.301385681172,20554.777429689155,1.0
2011-06-06,10821.569323043068,20337.27891656238,1.0
2011-06-07,10814.86453585523,20324.67842184255,1.0
2011-06-08,10769.575120934145,20239.564753415852,1.0
2011-06-09,10851.758070061938,20394.013476027518,1.0
2011-06-10,10700.805103191511,20110.32332916597,1.0
2011-06-13,10709.197626896404,20126.095634485573,1.0
2011-06-14,10845.052443621733,20381.41140407716,1.0
2011-06-15,10652.163714302693,20018.910201994626,1.0
2011-06-16,10675.650191890838,20063.048998431528,1.0
2011-06-17,10707.509890379351,20122.9238238858,1.0
2011-06-20,10762.287892601187,20225.869660706845,1.0
2011-06-21,10909.772229424383,20503.0411137798,1.0
2011-06-22,10844.03778750581,20379.504532364015,1.0
2011-06-23,10812.855365680281,20320.90253194904,1.0
2011-06-24,10687.276354979225,20084.898372990778,1.0
2011-06-27,10782.51387472998,20263.880916527083,1.0
2011-06-28,10923.258175765774,20528.385631197863,1.0
2011-06-29,11016.808798251845,20704.19794136493,1.0
2011-06-30,11122.150916543293,20902.17034050604,1.0
2011-07-01,11286.494154984879,21211.025200505013,1.0
2011-07-05,11277.229648067048,21193.614152662707,1.0
2011-07-06,11290.710558894214,21218.94920669758,1.0
2011-07-07,11407.859279533704,21439.110084962304,1.0
2011-07-08,11326.950315504313,21287.055598298153,1.0
2011-07-11,11122.150916543293,20902.17034050604,1.0
2011-07-12,11074.113789361225,20811.892819317705,1.0
2011-07-13,11111.198673108405,20881.58748206396,1.0
2011-07-14,11034.502755978869,20737.45069267024,1.0
2011-07-15,11098.558693156463,20857.832813022105,1.0
2011-07-18,11007.538416567417,20686.775852908897,1.0
2011-07-19,11186.206853720883,21022.552460857896,1.0
2011-07-20,11179.464300176376,21009.880990764133,1.0
2011-07-21,11334.533799924053,21301.307453384943,1.0
2011-07-22,11342.118962848535,21315.562462932798,1.0
2011-07-25,11278.913188322244,21196.778077109815,1.0
2011-07-26,11236.770969790492,21117.579023177965,1.0
2011-07-27,11006.693289430335,20685.187581763217,1.0
2011-07-28,10974.667418972462,20625.000464663608,1.0
2011-07-29,10899.65839910761,20484.033908639136,1.0
2011-08-01,10853.309847694969,20396.92977528111,1.0
2011-08-02,10576.034292523233,19875.838043209984,1.0
2011-08-03,10633.342640642097,19983.539230084887,1.0
2011-08-04,10135.262304551736,19047.482876746635,1.0
2011-08-05,10120.0911394504,19018.971280420392,1.0
2011-08-08,9461.03884169071,17780.39580213005,1.0
2011-08-09,9900.964863272755,18607.161120217188,1.0
2011-08-10,9463.566669830625,17785.146420492314,1.0
2011-08-11,9888.327401077928,18583.41118286693,1.0
2011-08-12,9954.903613124101,18708.52972650626,1.0
2011-08-15,10165.601277744921,19104.49976047699,1.0
2011-08-16,10078.791530298624,18941.35576594263,1.0
2011-08-17,10085.536601600244,18954.03196772799,1.0
2011-08-18,9650.660361531434,18954.03196772799,0.0
2011-08-19,9493.064712148582,18954.03196772799,0.0
2011-08-22,9500.648196568323,18954.03196772799,0.0
2011-08-23,9813.317541960705,18954.03196772799,0.0
2011-08-24,9951.534854108957,18954.03196772799,0.0
2011-08-25,9799.833274124052,18954.03196772799,0.0
2011-08-26,9942.26279391979,18954.03196772799,0.0
2011-08-29,10227.96612139598,18954.03196772799,0.0
2011-08-30,10254.933817816913,18954.03196772799,0.0
2011-08-31,10300.444795363808,18954.03196772799,0.0
2011-09-01,10192.570652670594,18954.03196772799,0.0
2011-09-02,9932.149802855394,18954.03196772799,0.0
2011-09-06,9859.671128887569,18954.03196772799,0.0
2011-09-07,10137.788454186906,18954.03196772799,0.0
2011-09-08,10032.440461128866,18954.03196772799,0.0
2011-09-09,9769.493461678494,18954.03196772799,0.0
2011-09-12,9832.702593214266,18954.03196772799,0.0
2011-09-13,9922.87942117097,18954.03196772799,0.0
2011-09-14,10060.254963191624,18954.03196772799,0.0
2011-09-15,10233.86354780341,18954.03196772799,0.0
2011-09-16,10294.436587643477,18954.03196772799,0.0
2011-09-19,10191.931142364283,18954.03196772799,0.0
2011-09-20,10180.0716671169,18954.03196772799,0.0
2011-09-21,9880.181617569957,18954.03196772799,0.0
2011-09-22,9560.81252050396,18954.03196772799,0.0
2011-09-23,9618.417124709604,18954.03196772799,0.0
2011-09-26,9847.144448005645,18954.03196772799,0.0
2011-09-27,9957.274501070737,18954.03196772799,0.0
2011-09-28,9753.96225731022,18954.03196772799,0.0
2011-09-29,9831.049266044403,18954.03196772799,0.0
2011-09-30,9585.379115892923,18954.03196772799,0.0
2011-10-03,9312.601953427009,18954.03196772799,0.0
2011-10-04,9516.760163576975,18954.03196772799,0.0
2011-10-05,9692.963716518316,18954.03196772799,0.0
2011-10-06,9868.322981574944,18954.03196772799,0.0
2011-10-07,9802.24864244632,18954.03196772799,0.0
2011-10-10,10130.09250994952,18954.03196772799,0.0
2011-10-11,10140.252499146662,18954.03196772799,0.0
2011-10-12,10229.206536399564,18954.03196772799,0.0
2011-10-13,10208.873969219723,18954.03196772799,0.0
2011-10-14,10383.387267886894,18954.03196772799,0.0
2011-10-17,10185.154179472582,18954.03196772799,0.0
2011-10-18,10384.234073528718,18954.03196772799,0.0
2011-10-19,10261.39773957442,18954.03196772799,0.0
2011-10-20,10306.297741395598,18954.03196772799,0.0
2011-10-21,10501.985377370216,18954.03196772799,0.0
2011-10-24,10630.749350817277,18954.03196772799,0.0
2011-10-25,10424.049045237096,18954.03196772799,0.0
2011-10-26,10529.939195326471,18954.03196772799,0.0
2011-10-27,10896.74871113912,18954.03196772799,0.0
2011-10-28,10894.21081197076,18954.03196772799,0.0
2011-10-31,10631.597834963839,18954.03196772799,0.0
2011-11-01,10335.097525741307,18954.03196772799,0.0
2011-11-02,10503.679827906231,18954.03196772799,0.0
2011-11-03,10695.13259641936,18954.03196772799,0.0
2011-11-04,10629.902545175451,18954.03196772799,0.0
2011-11-07,10695.981080565924,18954.03196772799,0.0
2011-11-08,10833.215628188334,18954.03196772799,0.0
2011-11-09,10433.365585801896,18954.03196772799,0.0
2011-11-10,10531.633645862488,18954.03196772799,0.0
2011-11-11,10729.86421651969,18954.03196772799,0.0
2011-11-14,10628.208933891803,18954.03196772799,0.0
2011-11-15,10680.732704246506,18954.03196772799,0.0
2011-11-16,10511.306114196868,18954.03196772799,0.0
2011-11-17,10344.415744810847,18954.03196772799,0.0
2011-11-18,10333.404753710027,18954.03196772799,0.0
2011-11-21,10136.868633588843,18954.03196772799,0.0
2011-11-22,10097.05114412335,18954.03196772799,0.0
2011-11-23,9874.253978077184,18954.03196772799,0.0
2011-11-25,9855.615861433358,18954.03196772799,0.0
2011-11-28,10141.10266179796,18954.03196772799,0.0
2011-11-29,10169.904963900784,18954.03196772799,0.0
2011-11-30,10588.391444426308,18954.03196772799,0.0
2011-12-01,10586.701190152142,18954.03196772799,0.0
2011-12-02,10577.378774820745,18954.03196772799,0.0
2011-12-05,10692.589661736776,18954.03196772799,0.0
2011-12-06,10695.981080565924,18954.03196772799,0.0
2011-12-07,10735.79689152668,18954.03196772799,0.0
2011-12-08,10500.288409077084,18954.03196772799,0.0
2011-12-09,10678.188930311551,18954.03196772799,0.0
2011-12-12,10522.315426792946,18954.03196772799,0.0
2011-12-13,10424.049045237094,18954.03196772799,0.0
2011-12-14,10313.073865034921,18954.03196772799,0.0
2011-12-15,10350.344223555981,18954.03196772799,0.0
2011-12-16,10365.690792402751,18954.03196772799,0.0
2011-12-19,10254.864999122527,18954.03196772799,0.0
2011-12-20,10565.1827593728,18954.03196772799,0.0
2011-12-21,10585.640375155846,18954.03196772799,0.0
2011-12-22,10679.415078024838,18954.03196772799,0.0
2011-12-23,10774.896820215405,18954.03196772799,0.0
2011-12-27,10783.422785047207,18954.03196772799,0.0
2011-12-28,10641.90637183056,18954.03196772799,0.0
2011-12-29,10751.879484702367,18954.03196772799,0.0
2011-12-30,10699.025048913692,18954.03196772799,0.0
2012-01-03,10869.525881997557,18954.03196772799,0.0
2012-01-04,10886.574454651678,18954.03196772799,0.0
2012-01-05,10915.561392276008,18954.03196772799,0.0
2012-01-06,10887.430492069576,18954.03196772799,0.0
2012-01-09,10913.858549216284,18954.03196772799,0.0
2012-01-10,11008.482575484213,18954.03196772799,0.0
2012-01-11,11014.452177595504,18954.03196772799,0.0
2012-01-12,11040.87939548984,18954.03196772799,0.0
2012-01-13,10983.76155765908,18954.03196772799,0.0
2012-01-17,11026.388024808602,18954.03196772799,0.0
2012-01-18,11148.29866339825,18954.03196772799,0.0
2012-01-19,11207.120183541103,18954.03196772799,0.0
2012-01-20,11248.892291777465,18954.03196772799,0.0
2012-01-23,11219.907871910247,18954.03196772799,0.0
2012-01-24,11207.120183541103,18932.429450407068,1.0
2012-01-25,11300.900761176688,19090.854999596024,1.0
2012-01-26,11242.92940368514,18992.922737080902,1.0
2012-01-27,11237.810803477529,18984.275775530714,1.0
2012-01-30,11199.44773837009,18919.468223567932,1.0
2012-01-31,11195.188532589855,18912.27305552936,1.0
2012-02-01,11293.221601986712,19077.88243062008,1.0
2012-02-02,11311.126212058729,19108.129073956996,1.0
2012-02-03,11469.693715686606,19376.00057228989,1.0
2012-02-06,11462.022949020336,19363.04218098496,1.0
2012-02-07,11491.006529635184,19412.004767824765,1.0
2012-02-08,11525.105353448167,19469.608645146367,1.0
2012-02-09,11539.602598895997,19494.099154052426,1.0
2012-02-10,11454.351343101696,19350.08237191293,1.0
2012-02-13,11539.602598896,19494.09915405243,1.0
2012-02-14,11525.105353448169,19469.60864514637,1.0
2012-02-15,11471.398237251075,19378.88005727242,1.0
2012-02-16,11598.42327978648,19593.46619687396,1.0
2012-02-17,11629.113899722905,19645.312521997603,1.0
2012-02-21,11634.229142921038,19653.95381247939,1.0
2012-02-22,11596.72043672676,19590.589547425636,1.0
2012-02-23,11647.872029455713,19677.001034476438,1.0
2012-02-24,11673.444049184523,19720.200398049885,1.0
2012-02-27,11693.052341568633,19753.32510860223,1.0
2012-02-28,11727.153683138722,19810.933239225127,1.0
2012-02-29,11681.118172860277,19733.16446042322,1.0
2012-03-01,11741.64421456759,19835.41240599438,1.0
2012-03-02,11705.839190685405,19774.92620815605,1.0
2012-03-05,11658.099158842495,19694.277944371614,1.0
2012-03-06,11487.598325758629,19406.247215626812,1.0
2012-03-07,11567.73517760717,19541.624125051625,1.0
2012-03-08,11682.819337415258,19736.038274337345,1.0
2012-03-09,11728.0046850424,19812.370855065743,1.0
2012-03-12,11728.857365450818,19813.811306440555,1.0
2012-03-13,11940.28014411974,20170.972359039675,1.0
2012-03-14,11927.497491264818,20149.378348321356,1.0
2012-03-15,11996.546980046824,20266.02513657226,1.0
2012-03-16,12013.159141468288,20294.088418573338,1.0
2012-03-19,12060.254627490667,20373.647837224064,1.0
2012-03-20,12025.14786158073,20314.34122161393,1.0
2012-03-21,12005.450608445344,20281.066227748855,1.0
2012-03-22,11918.972365685388,20134.976670107404,1.0
2012-03-23,11957.503281266921,20200.06777549042,1.0
2012-03-26,12125.324381531815,20483.571573881098,1.0
2012-03-27,12087.65118187292,20419.929426475508,1.0
2012-03-28,12027.711777572575,20318.67250010808,1.0
2012-03-29,12007.163522533516,20283.959890402395,1.0
2012-03-30,12056.828799314331,20367.86051191698,1.0
2012-04-02,12145.025830929051,20516.853656581676,1.0
2012-04-03,12095.360554148236,20432.953035067098,1.0
2012-04-04,11975.483424052285,20230.442017866444,1.0
2012-04-05,11969.49032287462,20220.317742996802,1.0
2012-04-09,11835.058038917274,19993.218390960104,1.0
2012-04-10,11636.41035983194,19657.63858917539,1.0
2012-04-11,11730.596296362475,19816.748919874226,1.0
2012-04-12,11883.866439027826,20075.67147226437,1.0
2012-04-13,11742.584177222543,19837.00030514771,1.0
2012-04-16,11734.879840461454,19823.985203158732,1.0
2012-04-17,11908.694881156378,20117.614694186155,1.0
2012-04-18,11868.452729991417,20049.632761683803,1.0
2012-04-19,11792.246096993878,19920.895255593892,1.0
2012-04-20,11811.942510876894,19954.168831691866,1.0
2012-04-23,11712.614475072376,19786.371841964006,1.0
2012-04-24,11757.139331083943,19861.58863998376,1.0
2012-04-25,11918.113810510387,20133.526294362888,1.0
2012-04-26,12001.167903598749,20273.831362231456,1.0
2012-04-27,12020.86179972465,20307.10068502812,1.0
2012-04-30,11976.339461470192,20231.888140309664,1.0
2012-05-01,12050.834858884306,20357.73481928024,1.0
2012-05-02,12014.868698546985,20296.97641015848,1.0
2012-05-03,11923.255909784373,20142.212953391914,1.0
2012-05-04,11730.596296362479,19816.748919874233,1.0
2012-05-07,11739.161706055693,19831.21865090904,1.0
2012-05-08,11692.065380780945,19751.657814491216,1.0
2012-05-09,11622.70956488371,19634.493541248372,1.0
2012-05-10,11646.686165856217,19674.99772956244,1.0
2012-05-11,11611.571846674944,19615.6783540484,1.0
2012-05-14,11483.143574176078,19398.72170785366,1.0
2012-05-15,11417.207711688585,19287.334835548187,1.0
2012-05-16,11373.54560711388,19213.575502108462,1.0
2012-05-17,11204.860916159754,18928.61282137065,1.0
2012-05-18,11108.962065541053,18766.608828018274,1.0
2012-05-21,11299.904568612927,19089.172110046908,1.0
2012-05-22,11319.596786234088,19122.438597309374,1.0
2012-05-23,11325.592405168863,19132.567125480324,1.0
2012-05-24,11347.855252800833,19170.176233373753,1.0
2012-05-25,11311.032215793246,19107.970284041676,1.0
2012-05-29,11448.035969013772,19339.413674476436,1.0
2012-05-30,11281.922747322826,19058.795032136688,1.0
2012-05-31,11257.090108932418,19016.844721379395,1.0
2012-06-01,10973.67877968003,18538.07186014097,1.0
2012-06-04,10968.535001901302,18529.38236557774,1.0
2012-06-05,11051.590773494408,18669.690268980517,1.0
2012-06-06,11299.904568612928,19089.17211004692,1.0
2012-06-07,11306.75286795612,19100.74108959268,1.0
2012-06-08,11396.66197440664,19252.62647914382,1.0
2012-06-11,11251.953884425022,19008.167986720076,1.0
2012-06-12,11381.24658686549,19226.584933029044,1.0
2012-06-13,11308.471656810882,19103.644676615924,1.0
2012-06-14,11428.338715878386,19306.13868061136,1.0
2012-06-15,11545.223072021172,19503.59394032915,1.0
2012-06-18,11567.598379470784,19541.393029014136,1.0
2012-06-19,11679.488344756788,19730.4111567127,1.0
2012-06-20,11660.553132773808,19698.423495375515,1.0
2012-06-21,11398.911170759544,19256.42609497502,1.0
2012-06-22,11486.695290207985,19404.72169822593,1.0
2012-06-25,11302.512125728033,19093.577112430332,1.0
2012-06-26,11359.31608317223,19189.537260907688,1.0
2012-06-27,11461.738442466742,19362.561557937657,1.0
2012-06-28,11429.026063569814,19307.29983186724,1.0
2012-06-29,11713.91783400374,19788.57363427217,1.0
2012-07-02,11749.203360668593,19848.182234274856,1.0
2012-07-03,11826.667193717125,19979.04355548236,1.0
2012-07-05,11773.30081398245,19888.8905810515,1.0
2012-07-06,11661.4150449583,19699.879542188435,1.0
2012-07-09,11646.78435838356,19675.163608313283,1.0
2012-07-10,11545.223072021166,19503.593940329134,1.0
2012-07-11,11546.943539380669,19506.50036288659,1.0
2012-07-12,11490.997297859114,19411.989172386653,1.0
2012-07-13,11683.789513155545,19737.677213106326,1.0
2012-07-16,11656.248607365567,19691.151767913474,1.0
2012-07-17,11736.29062369624,19826.36846965585,1.0
2012-07-18,11823.223741241005,19973.226457066146,1.0
2012-07-19,11854.205581749988,20025.564747373905,1.0
2012-07-20,11745.760747444841,19842.366553625747,1.0
2012-07-23,11626.989751973193,19641.724153464467,1.0
2012-07-24,11527.143058203716,19473.05098366807,1.0
2012-07-25,11529.731312514303,19477.423377408155,1.0
2012-07-26,11719.939469761995,19798.74611322324,1.0
2012-07-27,11935.973100954388,20163.696378276338,1.0
2012-07-30,11935.973100954388,20163.696378276338,1.0
2012-07-31,11852.486792895224,20022.661160350654,1.0
2012-08-01,11842.160631728722,20005.216953937528,1.0
2012-08-02,11760.39059476721,19867.08106973379,1.0
2012-08-03,11993.638131330707,20261.11115579952,1.0
2012-08-06,12016.877029469555,20300.36912683164,1.0
2012-08-07,12077.1236001375,20402.14495595811,1.0
2012-08-08,12091.757643721723,20426.866560901664,1.0
2012-08-09,12102.083804888221,20444.31076731478,1.0
2012-08-10,12121.881768308065,20477.755893231995,1.0
2012-08-13,12115.857614792692,20467.57916097961,1.0
2012-08-14,12117.577242899826,20470.48416576996,1.0
2012-08-15,12131.351892056666,20493.75397720189,1.0
2012-08-16,12220.858996621719,20644.96025631156,1.0
2012-08-17,12237.212668313074,20672.58686604547,1.0
2012-08-20,12238.074580497567,20674.042912858396,1.0
2012-08-21,12201.06187245425,20611.516548161446,1.0
2012-08-22,12206.22998855172,20620.247157970607,1.0
2012-08-23,12106.390008801201,20451.585330311016,1.0
2012-08-24,12179.550155693863,20575.17634182358,1.0
2012-08-27,12182.127499723636,20579.530304591357,1.0
2012-08-28,12170.075835683409,20559.17116901818,1.0
2012-08-29,12179.550155693863,20575.176341823586,1.0
2012-08-30,12091.75764372172,20426.86656090166,1.0
2012-08-31,12149.424352602779,20524.284173959044,1.0
2012-09-04,12138.238797008895,20505.388174034302,1.0
2012-09-05,12127.90424331869,20487.929789950173,1.0
2012-09-06,12374.062838349795,20903.7708051007,1.0
2012-09-07,12422.259423482257,20985.19033418819,1.0
2012-09-10,12351.682495385958,20865.963209813104,1.0
2012-09-11,12386.10862762343,20924.120016304172,1.0
2012-09-12,12427.417468551283,20993.903930792145,1.0
2012-09-13,12616.77294539056,21313.78621523242,1.0
2012-09-14,12672.7225439216,21408.30307680076,1.0
2012-09-17,12629.688200120017,21335.604233152724,1.0
2012-09-18,12619.353646429814,21318.1458490686,1.0
2012-09-19,12626.243069139162,21329.784299202318,1.0
2012-09-20,12627.102463566542,21331.23609271394,1.0
2012-09-21,12621.826923165647,21322.324008715823,1.0
2012-09-24,12602.787643888725,21290.160544258084,1.0
2012-09-25,12468.67091882268,21063.594272651437,1.0
2012-09-26,12398.58327485838,20945.19370649635,1.0
2012-09-27,12515.39377679256,21142.524202709228,1.0
2012-09-28,12457.419901543903,21044.58768689281,1.0
2012-10-01,12490.303487924415,21100.138637451873,1.0
2012-10-02,12503.284204338772,21122.06724120607,1.0
2012-10-03,12554.335086783263,21208.308596204726,1.0
2012-10-04,12644.324761461348,21360.33009139758,1.0
2012-10-05,12645.188352150584,21361.78897374472,1.0
2012-10-08,12601.92405319949,21288.701661910956,1.0
2012-10-09,12477.322771510055,21078.21003369767,1.0
2012-10-10,12397.714648654923,20943.726317546614,1.0
2012-10-11,12404.638480711463,20955.422896131488,1.0
2012-10-12,12363.970828594662,20886.722155708823,1.0
2012-10-15,12466.939541182363,21060.669419121677,1.0
2012-10-16,12593.268843502636,21274.080229796324,1.0
2012-10-17,12650.37577105258,21370.55219219721,1.0
2012-10-18,12617.498059438662,21315.011166007855,1.0
2012-10-19,12407.236806050494,20959.81230307679,1.0
2012-10-22,12408.968183690813,20962.737156606556,1.0
2012-10-23,12236.777935585153,20671.85246268705,1.0
2012-10-24,12202.165489321435,20613.380911899523,1.0
2012-10-25,12237.639847769646,20673.308509499977,1.0
2012-10-26,12230.722729732073,20661.623273051915,1.0
2012-10-31,12230.722729732073,20661.623273051915,1.0
2012-11-01,12358.783409692667,20877.958937256335,1.0
2012-11-02,12248.891704300797,20692.31651302571,1.0
2012-11-05,12273.986189430796,20734.709167118574,1.0
2012-11-06,12370.025195195369,20896.94992757685,1.0
2012-11-07,12089.677137095272,20423.351916257798,1.0
2012-11-08,11944.31191250756,20177.783312193817,1.0
2012-11-09,11954.693464330512,20195.32109123561,1.0
2012-11-12,11964.213103968974,20211.402823464483,1.0
2012-11-13,11922.678504153459,20141.237529626287,1.0
2012-11-14,11761.737594821838,19869.35658593121,1.0
2012-11-15,11741.834724855684,19835.734239126345,1.0
2012-11-16,11799.806921599606,19933.66791940857,1.0
2012-11-19,12038.627093903151,20337.11197902624,1.0
2012-11-20,12043.822905328849,20345.889375149745,1.0
2012-11-21,12066.31319035322,20383.882697927595,1.0
2012-11-23,12230.722729732075,20661.623273051915,1.0
2012-11-26,12204.759618398617,20617.763230009314,1.0
2012-11-27,12142.462754189566,20512.523795854624,1.0
2012-11-28,12240.23649460394,20677.69508091107,1.0
2012-11-29,12297.346779163367,20774.172714380366,1.0
2012-11-30,12299.94090824055,20778.555032490163,1.0
2012-12-03,12239.366189895743,20676.224856427132,1.0
2012-12-04,12222.062484520995,20646.993334334667,1.0
2012-12-05,12243.699249884581,20683.544787970608,1.0
2012-12-06,12285.22461792402,20753.694486370692,1.0
2012-12-07,12322.439585788623,20816.562532939024,1.0
2012-12-10,12327.631200952472,20825.332840227024,1.0
2012-12-11,12411.563152020364,20967.120892483443,1.0
2012-12-12,12417.615000863963,20977.344411050173,1.0
2012-12-13,12341.477186560804,20848.723161862563,1.0
2012-12-14,12295.616240775413,20771.249278617695,1.0
2012-12-17,12440.11703542152,21015.357582567438,1.0
2012-12-18,12578.563463466917,21249.238114649157,1.0
2012-12-19,12485.111033508192,21091.366912396767,1.0
2012-12-20,12556.926698103332,21212.686661013217,1.0
2012-12-21,12442.9444766577,21020.13403993137,1.0
2012-12-24,12404.604071364265,20955.364767680327,1.0
2012-12-26,12352.321166439893,20867.042130577112,1.0
2012-12-27,12335.76523492725,20839.073838971817,1.0
2012-12-28,12202.434050079984,20613.83459737189,1.0
2012-12-31,12409.834292137153,20964.200292254984,1.0
2013-01-02,12727.8966732623,21501.50992156759,1.0
2013-01-03,12699.143047796966,21452.93580291351,1.0
2013-01-04,12754.91304632072,21547.149262322197,1.0
2013-01-07,12720.053020607704,21488.25947023981,1.0
2013-01-08,12683.45658174015,21426.436318025055,1.0
2013-01-09,12715.704014823832,21480.912601121418,1.0
2013-01-10,12816.785248830303,21651.67130632368,1.0
2013-01-11,12815.917461879219,21650.205335141043,1.0
2013-01-14,12807.201826011687,21635.48182379512,1.0
2013-01-15,12815.917461879219,21650.205335141043,1.0
2013-01-16,12814.17433470571,21647.260632871858,1.0
2013-01-17,12896.958188530778,21787.10917973385,1.0
2013-01-18,12925.712653248482,21835.68471615503,1.0
2013-01-22,12995.427669160288,21953.455793717192,1.0
2013-01-23,13016.346873747103,21988.795056481602,1.0
2013-01-24,13019.828092579895,21994.675954417366,1.0
2013-01-25,13093.03020209108,22118.33785428499,1.0
2013-01-28,13077.340379024785,22091.832698328133,1.0
2013-01-29,13128.750461483847,22178.6808576461,1.0
2013-01-30,13077.340379024785,22091.832698328133,1.0
2013-01-31,13045.093785193474,22037.357832998878,1.0
2013-02-01,13179.298631758416,22264.07297015115,1.0
2013-02-04,13031.154642572015,22013.81013921511,1.0
2013-02-05,13162.737664731552,22236.096171943245,1.0
2013-02-06,13172.324444559648,22252.29132554021,1.0
2013-02-07,13154.895690581698,22222.84855614967,1.0
2013-02-08,13228.090246821554,22346.49769611339,1.0
2013-02-11,13225.480171949332,22342.08844042867,1.0
2013-02-12,13247.26380647775,22378.888003307315,1.0
2013-02-13,13258.592034974614,22398.02502363926,1.0
2013-02-14,13270.789728927306,22418.630850688045,1.0
2013-02-15,13255.1057806276,22392.13561910089,1.0
2013-02-19,13354.447244470048,22559.955293102368,1.0
2013-02-20,13188.012589121205,22278.793645962873,1.0
2013-02-21,13107.833774654137,22143.34584818299,1.0
2013-02-22,13235.933899476142,22359.74814744116,1.0
2013-02-25,12984.094405149199,21934.31026678264,1.0
2013-02-26,13072.990533988534,22084.48441144263,1.0
2013-02-27,13237.68206216387,22362.70135631295,1.0
2013-02-28,13211.536833066015,22318.533657809385,1.0
2013-03-01,13255.105780627599,22392.13561910088,1.0
2013-03-04,13325.694458257085,22511.38259221539,1.0
2013-03-05,13445.073911697335,22713.05287352503,1.0
2013-03-06,13463.378005897704,22743.974374002115,1.0
2013-03-07,13487.771715298346,22785.183192565484,1.0
2013-03-08,13545.289876509833,22882.349860845963,1.0
2013-03-11,13596.703315978375,22969.20369123234,1.0
2013-03-12,13566.200688572942,22917.674945939365,1.0
2013-03-13,13585.37089121966,22950.05958206489,1.0
2013-03-14,13657.70353527502,23072.252675215685,1.0
2013-03-15,13639.67303734743,23041.793366813585,1.0
2013-03-18,13564.400492238245,22914.633835507306,1.0
2013-03-19,13532.883208716888,22861.391009788986,1.0
2013-03-20,13627.417434981173,23021.089713834815,1.0
2013-03-21,13510.999703156378,22824.422732625295,1.0
2013-03-22,13619.536015969908,23007.775462987487,1.0
2013-03-25,13562.6498117934,22911.67637333421,1.0
2013-03-26,13671.179410587965,23095.017761559586,1.0
2013-03-27,13671.179410587965,23095.017761559586,1.0
2013-03-28,13713.19238425466,23165.991182645466,1.0
2013-04-01,13658.928004483563,23074.32119741633,1.0
2013-04-02,13726.331719367043,23188.187744381798,1.0
2013-04-03,13587.155981011692,22953.075172689143,1.0
2013-04-04,13642.294861752842,23046.222471237732,1.0
2013-04-05,13581.026081697639,22942.719801782005,1.0
2013-04-08,13672.925055518586,23097.966717130083,1.0
2013-04-09,13720.198463043509,23177.82670240626,1.0
2013-04-10,13888.249518457913,23461.718968982663,1.0
2013-04-11,13933.76721002377,23538.612985483134,1.0
2013-04-12,13899.62978060175,23480.94389087488,1.0
2013-04-15,13577.520524546102,22936.797788600303,1.0
2013-04-16,13777.965042956657,23275.41302974868,1.0
2013-04-17,13576.649380585537,22935.32614634926,1.0
2013-04-18,13491.75061078684,22791.904826392263,1.0
2013-04-19,13609.037808067458,22990.040614318623,1.0
2013-04-22,13669.432087152609,23092.065970454896,1.0
2013-04-23,13810.348434924357,23330.118991115432,1.0
2013-04-24,13819.104354905672,23344.91055528221,1.0
2013-04-25,13875.12361138346,23439.545091519944,1.0
2013-04-26,13850.614924408063,23398.142038863713,1.0
2013-04-29,13943.394273965654,23554.876191900945,1.0
2013-04-30,13976.657202417626,23611.067973189747,1.0
2013-05-01,13854.121320811964,23404.065469812507,1.0
2013-05-02,13982.78710173168,23621.423344096882,1.0
2013-05-03,14124.575432716365,23860.949424775565,1.0
2013-05-06,14160.471935106933,23921.590159227922,1.0
2013-05-07,14232.241440821696,24042.83193065381,1.0
2013-05-08,14297.011581766577,24152.24952445572,1.0
2013-05-09,14256.749288544723,24084.233565542938,1.0
2013-05-10,14303.143159585372,24162.60773089706,1.0
2013-05-13,14314.516707710243,24181.82131065247,1.0
2013-05-14,14462.443330532686,24431.716939909296,1.0
2013-05-15,14540.346092570984,24563.319753310723,1.0
2013-05-16,14472.07626924116,24447.990070696822,1.0
2013-05-17,14612.125669314191,24684.578537941823,1.0
2013-05-20,14611.239418810954,24683.081375882957,1.0
2013-05-21,14632.255976672746,24718.58509963111,1.0
2013-05-22,14523.713789092624,24535.222444899216,1.0
2013-05-23,14481.700815425931,24464.24902381334,1.0
2013-05-24,14469.444373807306,24443.54395306747,1.0
2013-05-28,14556.10725208877,24589.94541947118,1.0
2013-05-29,14461.572186572113,24430.24529765825,1.0
2013-05-30,14514.96206537316,24520.43796956794,1.0
2013-05-31,14306.639484960826,24168.51414864064,1.0
2013-06-03,14385.421783483396,24301.60278196412,1.0
2013-06-04,14316.272423669301,24184.787279428165,1.0
2013-06-05,14115.827066006379,23846.17062051269,1.0
2013-06-06,14243.620024460784,24062.054017011826,1.0
2013-06-07,14424.807897230461,24368.138592023257,1.0
2013-06-10,14424.807897230461,24368.138592023257,1.0
2013-06-11,14276.011808952191,24116.77415604959,1.0
2013-06-12,14157.840039673076,23917.14404159857,1.0
2013-06-13,14373.165341864773,24280.897711218255,1.0
2013-06-14,14283.006138207847,24128.589827070955,1.0
2013-06-17,14393.300684737551,24314.91277951015,1.0
2013-06-18,14507.088199633234,24507.136478624525,1.0
2013-06-19,14306.639484960828,24168.514148640643,1.0
2013-06-20,13952.149354694595,23569.666338300616,1.0
2013-06-21,13996.934378941016,23645.32264412175,1.0
2013-06-24,13820.072012888842,23346.54524074988,1.0
2013-06-25,13952.939091175227,23571.000457142847,1.0
2013-06-26,14091.085906124357,23804.374846369432,1.0
2013-06-27,14173.799262750303,23944.104300794916,1.0
2013-06-28,14115.729712731407,23846.006159528955,1.0
2013-07-01,14198.44139085261,23985.73277842024,1.0
2013-07-02,14185.244986579035,23963.43980852103,1.0
2013-07-03,14191.400063464203,23973.8377124412,1.0
2013-07-05,14344.509908926788,24232.489471315013,1.0
2013-07-08,14426.337015049494,24370.721763681635,1.0
2013-07-09,14530.174353840652,24546.136416044228,1.0
2013-07-10,14535.44989424155,24555.04850004235,1.0
2013-07-11,14733.434563954199,24889.50826581712,1.0
2013-07-12,14739.596354858333,24899.917511874104,1.0
2013-07-15,14795.905153403943,24995.041177761756,1.0
2013-07-16,14740.470855828386,24901.394825193547,1.0
2013-07-17,14778.3026741853,24965.304930581267,1.0
2013-07-18,14859.267028871143,25102.079758367858,1.0
2013-07-19,14885.65648040881,25146.66002709787,1.0
2013-07-22,14914.701326446704,25195.726110936066,1.0
2013-07-23,14883.017870955993,25142.20256733171,1.0
2013-07-24,14828.464788369447,25050.04487021976,1.0
2013-07-25,14864.535855253076,25110.98050022917,1.0
2013-07-26,14880.380940007914,25137.747943099752,1.0
2013-07-29,14834.624900768838,25060.45128074254,1.0
2013-07-30,14834.624900768838,25060.45128074254,1.0
2013-07-31,14845.184374094333,25078.289626409787,1.0
2013-08-01,15016.766164231387,25368.146439180928,1.0
2013-08-02,15042.289507322708,25411.263572262505,1.0
2013-08-05,15020.28598867322,25374.09255440335,1.0
2013-08-06,14934.940736613422,25229.916982348514,1.0
2013-08-07,14886.539373902564,25148.151518088333,1.0
2013-08-08,14941.09581349859,25240.314886268683,1.0
2013-08-09,14897.983419226555,25167.48419028024,1.0
2013-08-12,14880.380940007914,25137.747943099752,1.0
2013-08-13,14924.379584783188,25212.075801147064,1.0
2013-08-14,14847.824662051893,25082.749921710158,1.0
2013-08-15,14640.158376993282,24731.93479465599,1.0
2013-08-16,14591.765406806127,24650.18350806682,1.0
2013-08-19,14498.494255359428,24492.61854350829,1.0
2013-08-20,14569.760209651899,24613.00965467346,1.0
2013-08-21,14480.015596665997,24461.402147474157,1.0
2013-08-22,14612.003138468106,24684.371543945068,1.0
2013-08-23,14661.277323644275,24767.611485990496,1.0
2013-08-26,14606.719205543506,24675.445282275938,1.0
2013-08-27,14371.788967977178,24278.57257317231,1.0
2013-08-28,14422.823904626632,24364.786990596047,1.0
2013-08-29,14445.696888731947,24403.426815172043,1.0
2013-08-30,14399.944206502352,24326.135823883233,1.0
2013-09-03,14465.058440919136,24436.134702196636,1.0
2013-09-04,14584.725757922462,24638.291277621986,1.0
2013-09-05,14603.206095120639,24669.510509190324,1.0
2013-09-06,14610.24406549956,24681.399904100956,1.0
2013-09-09,14750.15079266961,24917.747350938756,1.0
2013-09-10,14859.267028871149,25102.079758367872,1.0
2013-09-11,14905.895890575533,25180.850898510325,1.0
2013-09-12,14866.303320745332,25113.966317744296,1.0
2013-09-13,14899.744170699849,25170.45866565856,1.0
2013-09-16,14985.973994758142,25316.128564238054,1.0
2013-09-17,15052.843945133987,25429.093411327154,1.0
2013-09-18,15227.071058742826,25723.419026001266,1.0
2013-09-19,15201.547715651504,25680.301892919684,1.0
2013-09-20,15095.269830966961,25500.76437382682,1.0
2013-09-23,15025.420534675879,25382.766453528468,1.0
2013-09-24,14990.051082773978,25323.01607681566,1.0
2013-09-25,14946.720482885616,25249.816761380902,1.0
2013-09-26,15004.195842226205,25346.91112353922,1.0
2013-09-27,14935.231117933616,25230.407529765525,1.0
2013-09-30,14855.646494144856,25095.9635110933,1.0
2013-10-01,14973.24925031678,25294.63237944971,1.0
2013-10-02,14959.10113385507,25270.731661657745,1.0
2013-10-03,14821.164971250932,25037.713131973556,1.0
2013-10-04,14933.455259917659,25227.407534579394,1.0
2013-10-07,14804.35642477477,25009.3180924708,1.0
2013-10-08,14631.94041778145,24718.05201920107,1.0
2013-10-09,14642.553603258657,24735.981101962796,1.0
2013-10-10,14958.216561856574,25269.237335133083,1.0
2013-10-11,15054.596304083565,25432.053709034444,1.0
2013-10-14,15114.72034390542,25533.622544164136,1.0
2013-10-15,15005.083771234178,25348.41112113228,1.0
2013-10-16,15214.643409640614,25702.424730766747,1.0
2013-10-17,15316.325548344355,25874.198557213465,1.0
2013-10-18,15419.778509549831,26048.96387224371,1.0
2013-10-21,15420.661403043585,26050.455363234163,1.0
2013-10-22,15509.971283301576,26201.328467075055,1.0
2013-10-23,15435.69241299905,26075.847572016588,1.0
2013-10-24,15486.98080386439,26162.490155104882,1.0
2013-10-25,15557.714672153968,26281.98240192789,1.0
2013-10-28,15582.46590306444,26323.79518927637,1.0
2013-10-29,15665.590493351921,26464.21934958144,1.0
2013-10-30,15587.778370569637,26332.769655026943,1.0
2013-10-31,15543.56991270174,26258.087355204338,1.0
2013-11-01,15580.705151591152,26320.82071389806,1.0
2013-11-04,15635.523437926771,26413.426425413985,1.0
2013-11-05,15586.00586956316,26329.77533090921,1.0
2013-11-06,15665.59049335192,26464.21934958144,1.0
2013-11-07,15467.520219897482,26129.614971562347,1.0
2013-11-08,15676.195286305421,26482.134254672153,1.0
2013-11-11,15678.855716319873,26486.628576382947,1.0
2013-11-12,15647.01783839299,26432.844163631977,1.0
2013-11-13,15772.585099560862,26644.96764177874,1.0
2013-11-14,15851.268366303717,26777.888978584284,1.0
2013-11-15,15920.243161624752,26894.40958556319,1.0
2013-11-18,15864.535267776413,26800.301040919992,1.0
2013-11-19,15830.047030863529,26742.03931966344,1.0
2013-11-20,15780.5328195094,26658.39389622707,1.0
2013-11-21,15907.862510655297,26873.494685286343,1.0
2013-11-22,15987.443777434575,27007.933032890167,1.0
2013-11-25,15971.529873985357,26981.049333117287,1.0
2013-11-26,15975.949376968354,26988.51529467219,1.0
2013-11-27,16014.850402845275,27054.231635346834,1.0
2013-11-29,16004.235538863328,27036.299717050904,1.0
2013-12-02,15962.687511009883,26966.11173893909,1.0
2013-12-03,15893.71439419359,26849.593967494387,1.0
2013-12-04,15891.94692870134,26846.60814997927,1.0
2013-12-05,15822.08756138181,26728.593216475703,1.0
2013-12-06,15998.92978537709,27027.336593437136,1.0
2013-12-09,16039.608347774705,27096.055764832112,1.0
2013-12-10,15982.13802394834,26998.969909276402,1.0
2013-12-11,15802.643762462312,26695.746388275184,1.0
2013-12-12,15750.472478103215,26607.61231419643,1.0
2013-12-13,15748.703334106222,26604.62366114711,1.0
2013-12-16,15846.850541825463,26770.425852563592,1.0
2013-12-17,15796.450079968099,26685.28326706836,1.0
2013-12-18,16066.13711520587,27140.871382900925,1.0
2013-12-19,16047.564460246942,27109.49619695145,1.0
2013-12-20,16140.91785842595,27267.200102685903,1.0
2013-12-23,16227.151039493725,27412.875672333805,1.0
2013-12-24,16262.705126917133,27472.937957808877,1.0
2013-12-26,16345.386591952998,27612.613537084515,1.0
2013-12-27,16344.491948926054,27611.10219735464,1.0
2013-12-30,16341.831518911602,27606.60787564385,1.0
2013-12-31,16419.173660366414,27737.26362062168,1.0
2014-01-02,16261.817197909155,27471.437960215815,1.0
2014-01-03,16259.156767894703,27466.943638505025,1.0
2014-01-06,16212.032747291727,27387.33601577286,1.0
2014-01-07,16311.605005536061,27555.545575727174,1.0
2014-01-08,16315.161757082193,27561.554072702038,1.0
2014-01-09,16325.826976206372,27579.571057024044,1.0
2014-01-10,16370.278817261707,27654.664509305996,1.0
2014-01-13,16152.474363567584,27286.722755669376,1.0
2014-01-14,16328.492441735045,27584.073885337442,1.0
2014-01-15,16416.51155184722,27732.766463376687,1.0
2014-01-16,16395.172721075156,27696.718317061674,1.0
2014-01-17,16325.826976206368,27579.57105702404,1.0
2014-01-21,16373.830533293614,27660.664499678252,1.0
2014-01-22,16384.50750195098,27678.701332739667,1.0
2014-01-23,16250.257335758028,27451.909636163935,1.0
2014-01-24,15903.54539646149,26866.201691317798,1.0
2014-01-27,15825.31364749396,26734.0431132127,1.0
2014-01-28,15919.548260661983,26893.235674403408,1.0
2014-01-29,15766.639835768314,26634.92417963388,1.0
2014-01-30,15933.773588341775,26917.26682676868,1.0
2014-01-31,15840.423547172251,26759.568592102634,1.0
2014-02-03,15483.930960750029,26157.337989459156,1.0
2014-02-04,15592.395937112067,26340.570209617745,1.0
2014-02-05,15572.834642860702,26307.524894023063,1.0
2014-02-06,15778.194662405213,26654.443997083148,1.0
2014-02-07,15973.77571332878,26984.843277880093,1.0
2014-02-10,16003.115976201083,27034.408415737907,1.0
2014-02-11,16178.251160874788,27330.26805441551,1.0
2014-02-12,16186.260985498739,27343.79922362933,1.0
2014-02-13,16269.820308514136,27484.957787292817,1.0
2014-02-14,16359.615276642266,27636.650360518193,1.0
2014-02-18,16379.178249398372,27669.698511647075,1.0
2014-02-19,16270.70823752211,27486.457784885886,1.0
2014-02-20,16366.717030201346,27648.647505728517,1.0
2014-02-21,16348.052057481664,27617.116365397917,1.0
2014-02-24,16438.72991910355,27770.30042961375,1.0
2014-02-25,16432.514416047707,27759.800446462294,1.0
2014-02-26,16433.40234505568,27761.30044405536,1.0
2014-02-27,16519.638883132942,27906.98168477167,1.0
2014-02-28,16561.416866135896,27977.55813106921,1.0
2014-03-03,16444.95717169258,27780.820261504632,1.0
2014-03-04,16676.10070256326,28171.29600544766,1.0
2014-03-05,16691.21060224155,28196.821484337594,1.0
2014-03-06,16729.436869212594,28261.397940262872,1.0
2014-03-07,16736.5520508096,28273.41776974681,1.0
2014-03-10,16727.662689701378,28258.400780610944,1.0
2014-03-11,16644.986260179736,28118.73370793791,1.0
2014-03-12,16649.43261923859,28126.245038040048,1.0
2014-03-13,16462.735893909023,27810.854239776363,1.0
2014-03-14,16416.511551847212,27732.766463376684,1.0
2014-03-17,16564.98033170099,27983.577970180882,1.0
2014-03-18,16683.2091701413,28183.304492794785,1.0
2014-03-19,16594.308845040112,28033.123259299286,1.0
2014-03-20,16691.210602241546,28196.82148433759,1.0
2014-03-21,16626.472352886743,28087.45776568552,1.0
2014-03-24,16557.71912019152,27971.31144922133,1.0
2014-03-25,16636.29496263095,28104.05131183792,1.0
2014-03-26,16516.63939516081,27901.914585151986,1.0
2014-03-27,16481.812100290244,27843.080085986552,1.0
2014-03-28,16563.07019330576,27980.351132258562,1.0
2014-03-31,16698.79912217551,28209.640934466606,1.0
2014-04-01,16809.526722928385,28396.695454730016,1.0
2014-04-02,16865.775095303317,28491.717041386382,1.0
2014-04-03,16843.46273178149,28454.02428523398,1.0
2014-04-04,16644.333321835493,28117.630685133176,1.0
2014-04-07,16460.385987271646,27806.884491893015,1.0
2014-04-08,16528.252969463636,27921.533646298343,1.0
2014-04-09,16705.94451685785,28221.711803566188,1.0
2014-04-10,16355.016173651973,27628.880996803637,1.0
2014-04-11,16207.6904555268,27380.000488791266,1.0
2014-04-14,16335.377668182522,27595.705246635647,1.0
2014-04-15,16447.88951947506,27785.7739397562,1.0
2014-04-16,16620.22160123133,28076.89823631581,1.0
2014-04-17,16643.43532179907,28116.113674334898,1.0
2014-04-21,16701.48305125633,28214.17495365623,1.0
2014-04-22,16777.38000012916,28342.3893036858,1.0
2014-04-23,16738.089561152334,28276.015119076204,1.0
2014-04-24,16772.020534491217,28333.335442977565,1.0
2014-04-25,16634.51406910077,28101.042810049184,1.0
2014-04-28,16687.19561890112,28190.038886525464,1.0
2014-04-29,16764.87513980887,28321.264573877976,1.0
2014-04-30,16814.881153052105,28405.74080883565,1.0
2014-05-01,16816.672117610728,28408.7663238296,1.0
2014-05-02,16792.55536149235,28368.025368409628,1.0
2014-05-05,16824.708798310534,28422.342861590652,1.0
2014-05-06,16678.264295174376,28174.951009034536,1.0
2014-05-07,16776.4887141117,28340.883635024325,1.0
2014-05-08,16758.62438815347,28310.705044508264,1.0
2014-05-09,16783.632430289308,28352.95166858971,1.0
2014-05-12,16947.034866823575,28628.990923192596,1.0
2014-05-13,16962.223656224694,28654.649672190044,1.0
2014-05-14,16881.850135207675,28518.872952442693,1.0
2014-05-15,16733.621381531855,28268.466927029433,1.0
2014-05-16,16791.67078949386,28366.531041884966,1.0
2014-05-19,16853.281984516223,28470.612160317978,1.0
2014-05-20,16747.02256338383,28291.105832101337,1.0
2014-05-21,16888.099208358344,28529.429646278204,1.0
2014-05-22,16929.177254884307,28598.823674813346,1.0
2014-05-23,16997.042558571557,28713.46999368447,1.0
2014-05-27,17101.514372154805,28889.956477975564,1.0
2014-05-28,17089.012868843998,28868.83741923615,1.0
2014-05-29,17177.4180350466,29018.182170141947,1.0
2014-05-30,17205.096578225337,29064.94012913939,1.0
2014-06-02,17224.74011920901,29098.12438590999,1.0
2014-06-03,17215.813830996485,29083.045015021667,1.0
2014-06-04,17250.63776885757,29141.8738431187,1.0
2014-06-05,17363.142906131143,29331.931194102443,1.0
2014-06-06,17446.186928191055,29472.219248765796,1.0
2014-06-09,17464.046218635067,29502.38933267925,1.0
2014-06-10,17465.83550468895,29505.412012138997,1.0
2014-06-11,17405.11559568405,29402.836562367458,1.0
2014-06-12,17281.886491620364,29194.66298336463,1.0
2014-06-13,17334.574755439684,29283.670401977724,1.0
2014-06-16,17348.85715228067,29307.797962505883,1.0
2014-06-17,17397.07387947002,29389.2515180038,1.0
2014-06-18,17524.767806144708,29604.96761798499,1.0
2014-06-19,17544.407990118896,29638.146203687178,1.0
2014-06-20,17580.029217731946,29698.321910530347,1.0
2014-06-23,17574.65128854185,29689.23685894588,1.0
2014-06-24,17468.774566490403,29510.377032527384,1.0
2014-06-25,17547.731429506035,29643.76056140791,1.0
2014-06-26,17535.181249557736,29622.559272176626,1.0
2014-06-27,17569.27168084701,29680.148971827213,1.0
2014-06-30,17560.29839450174,29664.990205981227,1.0
2014-07-01,17677.832331979283,29863.542817435333,1.0
2014-07-02,17695.775547660345,29893.854678058906,1.0
2014-07-03,17782.804339975344,30040.874290918742,1.0
2014-07-07,17720.89604961383,29936.29128293191,1.0
2014-07-08,17606.949076767756,29743.798208068307,1.0
2014-07-09,17685.899225764424,29877.170394812027,1.0
2014-07-10,17615.917327598803,29758.94846731169,1.0
2014-07-11,17640.141508020606,29799.870896920613,1.0
2014-07-14,17728.969657417932,29949.93020244541,1.0
2014-07-15,17695.775547660338,29893.854678058895,1.0
2014-07-16,17761.274159662804,30004.502893704645,1.0
2014-07-17,17559.392001941604,29663.459017511916,1.0
2014-07-18,17738.84597931385,29966.614485692277,1.0
2014-07-21,17705.640120023072,29910.51911256635,1.0
2014-07-22,17782.80433997534,30040.874290918728,1.0
2014-07-23,17822.27437895945,30107.551877687984,1.0
2014-07-24,17823.175736005356,30109.07455955467,1.0
2014-07-25,17739.73726533131,29968.12015435375,1.0
2014-07-28,17746.91287309899,29980.242063068974,1.0
2014-07-29,17670.65336720211,29851.415237651687,1.0
2014-07-30,17673.338974787675,29855.95209237551,1.0
2014-07-31,17324.322448481773,29266.35095906949,1.0
2014-08-01,17271.392479979753,29176.93522353125,1.0
2014-08-04,17396.105382234466,29387.615414768996,1.0
2014-08-05,17227.422369785083,29102.65556956539,1.0
2014-08-06,17232.80869149888,29111.754798820864,1.0
2014-08-07,17139.49893444314,28954.124616975678,1.0
2014-08-08,17337.77734248546,29289.08060123587,1.0
2014-08-11,17388.02841742088,29373.970824187087,1.0
2014-08-12,17363.79920148485,29333.039887975552,1.0
2014-08-13,17481.33985298136,29531.603841566473,1.0
2014-08-14,17563.8769666095,29671.035564900707,1.0
2014-08-15,17560.298394501733,29664.99020598121,1.0
2014-08-18,17707.4394771054,29913.558805231318,1.0
2014-08-19,17799.852912629456,30069.674811812427,1.0
2014-08-20,17847.39991642716,30149.996989163596,1.0
2014-08-21,17899.44531293068,30237.918398177168,1.0
2014-08-22,17871.62913236318,30190.927925375127,1.0
2014-08-25,17962.23985379543,30343.998568222865,1.0
2014-08-26,17973.908818754717,30363.7112019979,1.0
2014-08-27,17966.72985397755,30351.58362221427,1.0
2014-08-28,17956.856889091116,30334.9050100358,1.0
2014-08-29,18008.004285558214,30421.309408251094,1.0
2014-09-02,17999.032677717685,30406.153477939308,1.0
2014-09-03,17989.161391335987,30389.47770129504,1.0
2014-09-04,17963.137853831857,30345.51557902115,1.0
2014-09-05,18043.892395425075,30481.93596503244,1.0
2014-09-08,17997.23499914009,30403.11662080854,1.0
2014-09-09,17883.2913833035,30210.629217013346,1.0
2014-09-10,17950.577602855108,30324.297276584643,1.0
2014-09-11,17971.218175654925,30359.16584067146,1.0
2014-09-12,17866.24113214464,30181.825860585446,1.0
2014-09-15,17852.7879166457,30159.099053953272,1.0
2014-09-16,17987.368748272624,30386.449350766878,1.0
2014-09-17,18011.592928694427,30427.3717803758,1.0
2014-09-18,18107.5950073547,30589.550159081624,1.0
2014-09-19,18091.278262767646,30561.985931100167,1.0
2014-09-22,17951.561206633327,30325.95889962724,1.0
2014-09-23,17848.798110876396,30152.35898915418,1.0
2014-09-24,17988.518524020197,30388.391691695517,1.0
2014-09-25,17698.26141318173,29898.054104212635,1.0
2014-09-26,17838.88821888566,30135.617995223263,1.0
2014-09-29,17806.43432971884,30080.792941420008,1.0
2014-09-30,17759.56040632227,30001.607813284005,1.0
2014-10-01,17518.88296852283,29595.02623507139,1.0
2014-10-02,17521.590396670028,29599.599951739845,1.0
2014-10-03,17714.489197017512,29925.46804888137,1.0
2014-10-06,17693.752949447462,29890.437859345016,1.0
2014-10-07,17420.630015004906,29429.045405000157,1.0
2014-10-08,17725.3105170826,29943.74873788419,1.0
2014-10-09,17373.75777011308,29349.86311239835,1.0
2014-10-10,17175.450827490164,29014.85892405672,1.0
2014-10-13,16893.30593006485,28538.225473374005,1.0
2014-10-14,16919.445284396108,28582.38324750786,1.0
2014-10-15,16804.967904051886,28388.994143836306,1.0
2014-10-16,16790.542834307915,28364.625562900947,1.0
2014-10-17,16988.86320496876,28699.65243551619,1.0
2014-10-20,17153.81657988369,28978.311723722087,1.0
2014-10-21,17493.644971237474,29552.391142804212,1.0
2014-10-22,17369.24930637881,29342.24686753072,1.0
2014-10-23,17571.16671269957,29683.350289941696,1.0
2014-10-24,17706.37362659488,29911.758241012794,1.0
2014-10-27,17682.03530785069,29870.642995078106,1.0
2014-10-28,17884.85742822684,30213.274770424174,1.0
2014-10-29,17857.81000283071,30167.58297228683,1.0
2014-10-30,17972.295775698636,30360.98625362939,1.0
2014-10-31,18177.81021767931,30708.16622583609,1.0
2014-11-03,18187.728502193753,30724.92139743802,1.0
2014-11-04,18124.635187485106,30618.336502304304,1.0
2014-11-05,18239.110889324587,30811.72277044166,1.0
2014-11-06,18312.122488547677,30935.062837177316,1.0
2014-11-07,18329.25162942936,30963.99946371273,1.0
2014-11-10,18386.940158872058,31061.453938714752,1.0
2014-11-11,18404.965621285424,31091.90474051424,1.0
2014-11-12,18385.140801789727,31058.414246049786,1.0
2014-11-13,18405.870335340813,31093.433093449334,1.0
2014-11-14,18410.385513094046,31101.06068045377,1.0
2014-11-17,18422.088048148147,31120.830024912848,1.0
2014-11-18,18528.463286107668,31300.532004989458,1.0
2014-11-19,18498.713468078564,31250.274996786255,1.0
2014-11-20,18531.16567874064,31305.0972150553,1.0
2014-11-21,18630.318310799725,31472.597891459012,1.0
2014-11-24,18682.600376471724,31560.919110795123,1.0
2014-11-25,18669.081699287883,31538.081718329053,1.0
2014-11-26,18716.8586582351,31618.792363865952,1.0
2014-11-28,18677.197269710516,31551.791526197627,1.0
2014-12-01,18547.390105566938,31332.50548865562,1.0
2014-12-02,18667.278985196073,31535.03635459569,1.0
2014-12-03,18739.390905877994,31656.856574998863,1.0
2014-12-04,18718.652979803202,31621.823549928307,1.0
2014-12-05,18749.30919039244,31673.611746600804,1.0
2014-12-08,18624.01552549735,31461.950460529035,1.0
2014-12-09,18611.38981283571,31440.62157225864,1.0
2014-12-10,18313.02720260306,30936.59119011241,1.0
2014-12-11,18405.87033534081,31093.433093449334,1.0
2014-12-12,18108.405725144585,30590.919722101382,1.0
2014-12-15,17984.008381781176,30380.772611293687,1.0
2014-12-16,17839.78454041733,30137.132170487337,1.0
2014-12-17,18189.53457329504,30727.972432239803,1.0
2014-12-18,18639.33355976352,31487.827545660068,1.0
2014-12-19,18718.647944288983,31621.81504332571,1.0
2014-12-22,18804.753558996443,31767.27511237423,1.0
2014-12-23,18830.12751516582,31810.139882911797,1.0
2014-12-24,18831.938621781333,31813.199424316175,1.0
2014-12-26,18892.666923309935,31915.789051758722,1.0
2014-12-29,18918.044236488793,31958.65949336469,1.0
2014-12-30,18816.53330526863,31787.174891406612,1.0
2014-12-31,18629.818116386912,31471.7529022667,1.0
2015-01-02,18619.844441216017,31454.904158036086,1.0
2015-01-05,18283.581193932067,30886.847413599837,1.0
2015-01-06,18111.369964517147,30595.927275502803,1.0
2015-01-07,18337.05667647491,30977.184697753855,1.0
2015-01-08,18662.443213037313,31526.867180558602,1.0
2015-01-09,18512.90019014931,31274.240931864875,1.0
2015-01-12,18367.872345014537,31029.24227017558,1.0
2015-01-13,18316.20629058247,30941.961691891745,1.0
2015-01-14,18205.629755256286,30755.16236970655,1.0
2015-01-15,18038.855202697392,30473.42652689106,1.0
2015-01-16,18275.41526836721,30873.052539705208,1.0
2015-01-20,18314.396862471698,30938.904986021564,1.0
2015-01-21,18406.848903604798,31095.086209889327,1.0
2015-01-22,18680.576099754104,31557.499456547048,1.0
2015-01-23,18578.15374045959,31384.475159517075,1.0
2015-01-26,18621.658904841013,31457.96937050888,1.0
2015-01-27,18376.03155656043,31043.025801933407,1.0
2015-01-28,18140.367812422297,30644.913964383337,1.0
2015-01-29,18308.048757541317,30928.18099566812,1.0
2015-01-30,18077.83511829714,30539.276137673212,1.0
2015-02-02,18301.707366629897,30917.46834745148,1.0
2015-02-03,18566.3739941874,31364.57538048468,1.0
2015-02-04,18495.673695992642,31245.13984434572,1.0
2015-02-05,18682.38888487436,31560.56183348563,1.0
2015-02-06,18630.72786595652,31473.2897618044,1.0
2015-02-09,18547.339750424704,31332.420422629555,1.0
2015-02-10,18744.92997152322,31666.21383786676,1.0
2015-02-11,18755.80668224476,31684.588099498258,1.0
2015-02-12,18936.170409186616,31989.280427216316,1.0
2015-02-13,19014.123526367144,32120.96830664382,1.0
2015-02-17,19044.031123841898,32171.491855062042,1.0
2015-02-18,19045.847265971635,32174.55990306903,1.0
2015-02-19,19032.25305607445,32151.594911563858,1.0
2015-02-20,19146.461875660116,32344.530329763023,1.0
2015-02-23,19143.739340970245,32339.931093286745,1.0
2015-02-24,19198.119537568473,32431.79673037585,1.0
2015-02-25,19181.811185505125,32404.246680065407,1.0
2015-02-26,19159.151371501914,32365.966968333112,1.0
2015-02-27,19093.887750163183,32255.715727475694,1.0
2015-03-02,19214.44131766975,32459.36946495991,1.0
2015-03-03,19135.580129424354,32326.147561528916,1.0
2015-03-04,19054.909513068178,32189.868952227742,1.0
2015-03-05,19075.763255970098,32225.097629158266,1.0
2015-03-06,18807.47105817208,31771.86584224789,1.0
2015-03-09,18885.420818343126,31903.54805060699,1.0
2015-03-10,18579.063490029195,31386.012019054768,1.0
2015-03-11,18535.55329013355,31312.509301460355,1.0
2015-03-12,18771.218712776423,31710.623974544622,1.0
2015-03-13,18656.10182212589,31516.154532341956,1.0
2015-03-16,18905.35809765647,31937.228525863004,1.0
2015-03-17,18849.166794442728,31842.303347369518,1.0
2015-03-18,19075.763255970098,32225.097629158266,1.0
2015-03-19,18988.751248702505,32078.106371640453,1.0
2015-03-20,19156.35833961292,32361.24863942033,1.0
2015-03-23,19119.028394173558,32298.186358759125,1.0
2015-03-24,19011.597376731967,32116.700827669214,1.0
2015-03-25,18733.009230852786,31646.075873961367,1.0
2015-03-26,18688.392896332833,31570.70453932758,1.0
2015-03-27,18731.18469619934,31642.99364828337,1.0
2015-03-30,18959.69968864565,32029.028945665457,1.0
2015-03-31,18794.00609313995,31749.119186876305,1.0
2015-04-01,18727.540662406678,31636.837703529978,1.0
2015-04-02,18794.915842709557,31750.656046414002,1.0
2015-04-06,18921.465029150895,31964.438312069156,1.0
2015-04-07,18871.398589736986,31879.859997880198,1.0
2015-04-08,18935.119665218757,31987.505382805615,1.0
2015-04-09,19018.882087307815,32129.0070461076,1.0
2015-04-10,19122.675784975705,32304.347974580927,1.0
2015-04-13,19036.179078663597,32158.227226063253,1.0
2015-04-14,19072.595917523868,32219.74697611835,1.0
2015-04-15,19158.177838752144,32364.322358495727,1.0
2015-04-16,19152.714305820256,32355.09269466694,1.0
2015-04-17,18932.390416509927,31982.894804192532,1.0
2015-04-20,19105.375436610437,32275.122123556874,1.0
2015-04-21,19082.613233818025,32236.669444238232,1.0
2015-04-22,19176.387936687017,32395.085069057477,1.0
2015-04-23,19224.63991247593,32476.59817077365,1.0
2015-04-24,19269.25121148166,32551.960998804832,1.0
2015-04-27,19189.129466175786,32416.609609187843,1.0
2015-04-28,19250.12968547243,32519.65859317118,1.0
2015-04-29,19170.924403755136,32385.855405228696,1.0
2015-04-30,18978.82960717858,32061.345528970116,1.0
2015-05-01,19184.582396832477,32408.928147033555,1.0
2015-05-04,19239.204298113404,32501.202101047806,1.0
2015-05-05,19018.88208730781,32129.0070461076,1.0
2015-05-06,18940.581519645904,31996.732211100203,1.0
2015-05-07,19016.15116009424,32124.393631960305,1.0
2015-05-08,19266.518605763347,32547.344749123335,1.0
2015-05-11,19174.57347306202,32392.019856584695,1.0
2015-05-12,19117.21225204382,32295.118310752143,1.0
2015-05-13,19120.852928827004,32301.268584437134,1.0
2015-05-14,19320.23747149363,32638.0931857367,1.0
2015-05-15,19341.170104118373,32673.455132774736,1.0
2015-05-18,19401.265609359634,32774.975763822986,1.0
2015-05-19,19394.888969848653,32764.2035693881,1.0
2015-05-20,19381.229298266568,32741.127992049034,1.0
2015-05-21,19437.6824482199,32836.495513878086,1.0
2015-05-22,19391.244936055988,32758.047624634706,1.0
2015-05-26,19182.757862179034,32405.84592135557,1.0
2015-05-27,19364.847091994616,32713.453178233685,1.0
2015-05-28,19342.997995781298,32676.543029521148,1.0
2015-05-29,19222.81369931775,32473.51310956146,1.0
2015-06-01,19261.968179410556,32539.657615900658,1.0
2015-06-02,19242.853367420288,32507.366552403815,1.0
2015-06-03,19293.834591918032,32593.490232733075,1.0
2015-06-04,19130.86688811168,32318.185381488613,1.0
2015-06-05,19098.087369025106,32262.810234050092,1.0
2015-06-08,18980.64742781306,32064.416412511317,1.0
2015-06-09,18977.909786580523,32059.791656227215,1.0
2015-06-10,19205.520064971446,32444.29860067421,1.0
2015-06-11,19267.43171234244,32548.88727972945,1.0
2015-06-12,19119.94150075265,32299.728889365244,1.0
2015-06-15,19037.99522079334,32161.295274070253,1.0
2015-06-16,19141.792275470714,32336.64187361198,1.0
2015-06-17,19172.743902894355,32388.929124304093,1.0
2015-06-18,19372.1334810752,32725.762232206263,1.0
2015-06-19,19286.133612166424,32580.480801812497,1.0
2015-06-22,19384.938793744128,32747.394522636318,1.0
2015-06-23,19398.65889149689,32770.572179206676,1.0
2015-06-24,19257.77359606285,32532.571615928886,1.0
2015-06-25,19199.218958173813,32433.654005278433,1.0
2015-06-26,19195.559817838475,32427.472540717215,1.0
2015-06-29,18793.02248936173,31747.457563833712,1.0
2015-06-30,18832.36664049027,31813.922485537783,1.0
2015-07-01,18983.319607360696,32068.930582961522,1.0
2015-07-02,18965.93029824416,32039.55444862474,1.0
2015-07-06,18911.95462128851,31948.37217527841,1.0
2015-07-07,19030.88507471055,32149.283951188918,1.0
2015-07-08,18711.60158138634,31609.91147074407,1.0
2015-07-09,18745.451986497654,31667.095689003712,1.0
2015-07-10,18981.48668018355,32065.834179612517,1.0
2015-07-13,19190.98757092405,32419.7485455499,1.0
2015-07-14,19274.23972757185,32560.388206454354,1.0
2015-07-15,19267.8395889945,32549.576314540634,1.0
2015-07-16,19422.45001769552,32810.76304099139,1.0
2015-07-17,19438.912792195035,32838.57396044845,1.0
2015-07-20,19448.975428117203,32855.572987991785,1.0
2015-07-21,19372.123410046755,32725.745219001055,1.0
2015-07-22,19337.366612375314,32667.029812272118,1.0
2015-07-23,19228.49375936122,32483.108557302352,1.0
2015-07-24,19029.058861552363,32146.198889976713,1.0
2015-07-27,18918.363152389567,31959.198244863146,1.0
2015-07-28,19150.733670225898,32351.74676430812,1.0
2015-07-29,19282.472793326346,32574.29650171707,1.0
2015-07-30,19287.04336173603,32582.017661350186,1.0
2015-07-31,19257.77359606284,32532.57161592887,1.0
2015-08-03,19192.817141091713,32422.839277830495,1.0
2015-08-04,19155.30256013084,32359.465088407032,1.0
2015-08-05,19218.436158953267,32466.118036361608,1.0
2015-08-06,19061.081375000747,32200.295211489945,1.0
2015-08-07,19024.48157912371,32138.466388206783,1.0
2015-08-10,19264.180448659157,32543.39484997941,1.0
2015-08-11,19090.351140673934,32249.741256911264,1.0
2015-08-12,19113.22244627451,32288.378245953063,1.0
2015-08-13,19089.439712599582,32248.201561839367,1.0
2015-08-14,19158.965057475656,32365.652224036654,1.0
2015-08-17,19266.003304807862,32546.474240123207,1.0
2015-08-18,19210.20141469403,32452.20690556468,1.0
2015-08-19,19058.33534124451,32195.656277534836,1.0
2015-08-20,18660.37025968219,31523.36529581865,1.0
2015-08-21,18098.641863066296,30574.425419646068,1.0
2015-08-24,17336.5755330909,29287.05035874696,1.0
2015-08-25,17132.549924815474,28942.38550537778,1.0
2015-08-26,17790.335790748093,30053.59733288487,1.0
2015-08-27,18230.38770018571,30796.98649919184,1.0
2015-08-28,18231.304163774286,30798.534700866345,1.0
2015-08-31,18084.00865873445,30549.705232469616,1.0
2015-09-01,17544.243496654257,29637.86832133534,1.0
2015-09-02,17877.248766235964,30200.42129388474,1.0
2015-09-03,17890.05911441911,30222.0620909174,1.0
2015-09-04,17619.25587352859,30222.0620909174,0.0
2015-09-08,18062.050459712962,30222.0620909174,0.0
2015-09-09,17820.528734028812,30222.0620909174,0.0
2015-09-10,17917.50098842937,30222.0620909174,0.0
2015-09-11,17998.925253414236,30222.0620909174,0.0
2015-09-14,17932.142585284924,30222.0620909174,0.0
2015-09-15,18156.281715871497,30222.0620909174,0.0
2015-09-16,18313.631464309794,30222.0620909174,0.0
2015-09-17,18272.469492546777,30222.0620909174,0.0
2015-09-18,17973.87357015513,30222.0620909174,0.0
2015-09-21,18066.7502729877,30222.0620909174,0.0
2015-09-22,17832.251411139805,30222.0620909174,0.0
2015-09-23,17803.742008114285,30222.0620909174,0.0
2015-09-24,17739.36463727879,30222.0620909174,0.0
2015-09-25,17734.767212793253,30222.0620909174,0.0
2015-09-28,17289.67811062796,30222.0620909174,0.0
2015-09-29,17299.78774468287,30222.0620909174,0.0
2015-09-30,17622.58602693469,30222.0620909174,0.0
2015-10-01,17668.56027179009,30222.0620909174,0.0
2015-10-02,17932.486678756824,30222.0620909174,0.0
2015-10-05,18251.59225057849,30222.0620909174,0.0
2015-10-06,18189.05787794859,30222.0620909174,0.0
2015-10-07,18338.03692324363,30222.0620909174,0.0
2015-10-08,18503.5693822942,30222.0620909174,0.0
2015-10-09,18514.602193956653,30222.0620909174,0.0
2015-10-12,18532.080463824466,30222.0620909174,0.0
2015-10-13,18415.285068432953,30222.0620909174,0.0
2015-10-14,18327.0007545717,30222.0620909174,0.0
2015-10-15,18608.405431406245,30222.0620909174,0.0
2015-10-16,18693.00710586579,30222.0620909174,0.0
2015-10-19,18702.206990351093,30222.0620909174,0.0
2015-10-20,18678.29669031585,30222.0620909174,0.0
2015-10-21,18562.422794027134,30222.0620909174,0.0
2015-10-22,18876.00944226046,30222.0620909174,0.0
2015-10-23,19082.925435699854,30222.0620909174,0.0
2015-10-26,19036.02465622743,30222.0620909174,0.0
2015-10-27,18999.236867819403,30222.0620909174,0.0
2015-10-28,19215.3527457441,30222.0620909174,0.0
2015-10-29,19204.314898567427,30222.0620909174,0.0
2015-10-30,19121.54447278029,30222.0620909174,0.0
2015-11-02,19347.771663264644,30222.0620909174,0.0
2015-11-03,19403.875684231854,30222.0620909174,0.0
2015-11-04,19345.008844460994,30222.0620909174,0.0
2015-11-05,19325.704361435,30222.0620909174,0.0
2015-11-06,19315.58801336112,30222.0620909174,0.0
2015-11-09,19135.340103246395,30222.0620909174,0.0
2015-11-10,19179.486456438874,30222.0620909174,0.0
2015-11-11,19104.07795244567,30222.0620909174,0.0
2015-11-12,18837.38872667529,30222.0620909174,0.0
2015-11-13,18625.873630245613,30222.0620909174,0.0
2015-11-16,18909.116269771526,30222.0620909174,0.0
2015-11-17,18895.322317810165,30222.0620909174,0.0
2015-11-18,19195.11669258687,30222.0620909174,0.0
2015-11-19,19178.568314345564,30222.0620909174,0.0
2015-11-20,19248.452859236208,30222.0620909174,0.0
2015-11-23,19226.385557406564,30222.0620909174,0.0
2015-11-24,19252.13382013317,30222.0620909174,0.0
2015-11-25,19249.37267983426,30222.0620909174,0.0
2015-11-27,19271.445017178132,30222.0620909174,0.0
2015-11-30,19191.439088699386,30222.0620909174,0.0
2015-12-01,19374.44142509406,30222.0620909174,0.0
2015-12-02,19176.721959130486,30222.0620909174,0.0
2015-12-03,18908.198127678213,30222.0620909174,0.0
2015-12-04,19276.96394076647,30222.0620909174,0.0
2015-12-07,19160.173580889175,30222.0620909174,0.0
2015-12-08,19031.423874732413,30222.0620909174,0.0
2015-12-09,18883.368007044915,30222.0620909174,0.0
2015-12-10,18932.111784722932,30300.074523603213,1.0
2015-12-11,18565.183934326047,29712.82143011669,1.0
2015-12-14,18658.98717177564,29862.94969460176,1.0
2015-12-15,18854.863639533618,30176.442010618837,1.0
2015-12-16,19130.74267876086,30617.975186797885,1.0
2015-12-17,18839.2283678714,30151.41839455588,1.0
2015-12-18,18503.60966640799,29614.274319901604,1.0
2015-12-21,18656.237781009917,29858.549406559778,1.0
2015-12-22,18825.535126194496,30129.50291845909,1.0
2015-12-23,19058.655935650047,30502.603287811744,1.0
2015-12-24,19027.207470823072,30452.271299561013,1.0
2015-12-28,18983.730841022247,30382.68872272121,1.0
2015-12-29,19186.319649239398,30706.923866503803,1.0
2015-12-30,19050.332230639535,30489.28153665166,1.0
2015-12-31,18859.766551882014,30184.288922322532,1.0
2016-01-04,18596.11374118806,29762.3233273998,1.0
2016-01-05,18627.568920034002,29812.66606116468,1.0
2016-01-06,18392.593362839667,29436.597243529726,1.0
2016-01-07,17951.332929988544,28730.37787657588,1.0
2016-01-08,17754.284865921363,28415.010468340668,1.0
2016-01-11,17771.857132054665,28443.134165234183,1.0
2016-01-12,17915.248435066987,28672.62611080868,1.0
2016-01-13,17468.433830027967,27957.517517279175,1.0
2016-01-14,17755.209722033644,28416.490662914017,1.0
2016-01-15,17374.07165049963,27806.49468874161,1.0
2016-01-19,17397.199767325576,27806.49468874161,0.0
2016-01-20,17174.255732114576,27806.49468874161,0.0
2016-01-21,17270.467623867473,27806.49468874161,0.0
2016-01-22,17624.773118612196,27806.49468874161,0.0
2016-01-25,17358.347418086145,27806.49468874161,0.0
2016-01-26,17595.167651990814,27806.49468874161,0.0
2016-01-27,17403.67543861627,27806.49468874161,0.0
2016-01-28,17494.32980117178,27806.49468874161,0.0
2016-01-29,17920.802607254882,27806.49468874161,0.0
2016-02-01,17914.323578954703,27806.49468874161,0.0
2016-02-02,17591.468227541696,27806.49468874161,0.0
2016-02-03,17696.93203742686,27806.49468874161,0.0
2016-02-04,17724.681077804722,27806.49468874161,0.0
2016-02-05,17387.026350090502,27806.49468874161,0.0
2016-02-08,17152.97900601793,27806.49468874161,0.0
2016-02-09,17153.898826615987,27806.49468874161,0.0
2016-02-10,17139.101128819522,27806.49468874161,0.0
2016-02-11,16916.155415103778,27806.49468874161,0.0
2016-02-12,17264.91177317483,27806.49468874161,0.0
2016-02-16,17556.316981256125,27806.49468874161,0.0
2016-02-17,17843.0928732618,27806.49468874161,0.0
2016-02-18,17770.009098334853,27806.49468874161,0.0
2016-02-19,17761.685393324336,27806.49468874161,0.0
2016-02-22,18018.860854222854,27806.49468874161,0.0
2016-02-23,17791.285824431496,27806.49468874161,0.0
2016-02-24,17872.693304368957,27806.49468874161,0.0
2016-02-25,18089.17006081297,27806.49468874161,0.0
2016-02-26,18047.53475071299,27806.49468874161,0.0
2016-02-29,17905.998195439453,27806.49468874161,0.0
2016-03-01,18326.91515082992,27806.49468874161,0.0
2016-03-02,18409.240772860692,27806.49468874161,0.0
2016-03-03,18481.404727189587,27806.49468874161,0.0
2016-03-04,18541.537159535146,27806.49468874161,0.0
2016-03-07,18556.334857331614,27806.49468874161,0.0
2016-03-08,18353.744370609722,27806.49468874161,0.0
2016-03-09,18444.4054471842,27806.49468874161,0.0
2016-03-10,18459.196430961703,27806.49468874161,0.0
2016-03-11,18757.075631828953,27806.49468874161,0.0
2016-03-14,18733.027694404955,27806.49468874161,0.0
2016-03-15,18702.495693166555,27806.49468874161,0.0
2016-03-16,18810.730714379075,27806.49468874161,0.0
2016-03-17,18930.069044453172,27806.49468874161,0.0
2016-03-18,19004.460374573344,27806.49468874161,0.0
2016-03-21,19031.425553237164,27806.49468874161,0.0
2016-03-22,19021.196745345642,27806.49468874161,0.0
2016-03-23,18895.668089786814,27806.49468874161,0.0
2016-03-24,18887.299065148294,27806.49468874161,0.0
2016-03-28,18898.457764666324,27806.49468874161,0.0
2016-03-29,19073.27067642976,27806.49468874161,0.0
2016-03-30,19156.952530291248,27806.49468874161,0.0
2016-03-31,19110.464662985105,27806.49468874161,0.0
2016-04-01,19240.644455181184,27806.49468874161,0.0
2016-04-04,19178.345073215023,27806.49468874161,0.0
2016-04-05,18986.78739815558,27806.49468874161,0.0
2016-04-06,19194.1549093703,27806.49468874161,0.0
2016-04-07,18964.473356129012,27806.49468874161,0.0
2016-04-08,19015.61068156767,27806.49468874161,0.0
2016-04-11,18970.98595452401,27806.49468874161,0.0
2016-04-12,19147.655292530973,27806.49468874161,0.0
2016-04-13,19341.067715329194,27806.49468874161,0.0
2016-04-14,19342.000963965176,27806.49468874161,0.0
2016-04-15,19320.610099546146,27806.49468874161,0.0
2016-04-18,19456.365884491755,27806.49468874161,0.0
2016-04-19,19517.737053336154,27806.49468874161,0.0
2016-04-20,19536.3432783899,27806.49468874161,0.0
2016-04-21,19431.262167585675,27656.930499178216,1.0
2016-04-22,19431.262167585675,27656.930499178216,1.0
2016-04-25,19397.792783050565,27609.292809255938,1.0
2016-04-26,19426.61270945317,27650.31282610476,1.0
2016-04-27,19466.5997278975,27707.22720358813,1.0
2016-04-28,19289.92703288106,27455.76518300342,1.0
2016-04-29,19185.77917071282,27307.529306158016,1.0
2016-05-02,19338.27468344021,27524.579426760756,1.0
2016-05-03,19169.969334557543,27285.026828656617,1.0
2016-05-04,19063.043547042984,27132.837071328697,1.0
2016-05-05,19059.322302032233,27127.54054381828,1.0
2016-05-06,19129.062495515154,27226.803250868463,1.0
2016-05-09,19144.867296156208,27249.298561214906,1.0
2016-05-10,19382.911160017054,27588.111477317576,1.0
2016-05-11,19201.59236387758,27330.036561762718,1.0
2016-05-12,19207.16667812237,27337.970602295907,1.0
2016-05-13,19039.791220866206,27099.74153880646,1.0
2016-05-16,19227.624293905417,27367.088363819115,1.0
2016-05-17,19048.160245504725,27111.65335033868,1.0
2016-05-18,19053.74127376848,27119.596947078473,1.0
2016-05-19,18987.72232529631,27025.630767538707,1.0
2016-05-20,19107.673309600865,27196.359565678915,1.0
2016-05-23,19081.64473658251,27159.31254172582,1.0
2016-05-24,19328.98080268941,27511.351247768795,1.0
2016-05-25,19460.09048651199,27697.96246128529,1.0
2016-05-26,19465.669836271005,27705.90366897344,1.0
2016-05-27,19549.358404151455,27825.01939524399,1.0
2016-05-31,19512.161060586626,27772.075621604694,1.0
2016-06-01,19552.146400526217,27828.987610036413,1.0
2016-06-02,19611.656107612875,27913.689047273347,1.0
2016-06-03,19553.076292152724,27830.31114465111,1.0
2016-06-06,19652.571339178972,27971.924570319756,1.0
2016-06-07,19683.257762853544,28015.60121260456,1.0
2016-06-08,19747.415249567966,28106.917933863293,1.0
2016-06-09,19720.448392399405,28068.535430037253,1.0
2016-06-10,19533.550246500923,27802.51930679425,1.0
2016-06-13,19382.911160017054,27588.11147731759,1.0
2016-06-14,19344.78896033995,27533.851336218555,1.0
2016-06-15,19317.822103171387,27495.468832392515,1.0
2016-06-16,19375.47370550978,27577.525589451714,1.0
2016-06-17,19303.31646519985,27474.822648023997,1.0
2016-06-20,19427.626526316722,27651.755813302017,1.0
2016-06-21,19482.778835095796,27730.255272452778,1.0
2016-06-22,19451.001383339593,27685.02574659478,1.0
2016-06-23,19704.299498286447,28045.550364102346,1.0
2016-06-24,18996.737574260107,27038.462363956613,1.0
2016-06-27,18656.499627749523,26554.19442713038,1.0
2016-06-28,18992.992830182982,27033.13238972308,1.0
2016-06-29,19316.402088160517,27493.447694695715,1.0
2016-06-30,19579.98272315061,27868.60764261772,1.0
2016-07-01,19621.109446314065,27927.14418617216,1.0
2016-07-05,19479.975732178365,27726.265556195496,1.0
2016-07-06,19596.811411683662,27892.560274471318,1.0
2016-07-07,19584.655680349497,27875.258762414287,1.0
2016-07-08,19876.28412956134,28290.339763425618,1.0
2016-07-11,19946.385201563564,28390.116116580775,1.0
2016-07-12,20091.258624262173,28596.31755363602,1.0
2016-07-13,20088.46055685896,28592.335004533692,1.0
2016-07-14,20200.621600660634,28751.976213961294,1.0
2016-07-15,20173.51374909383,28713.39302979656,1.0
2016-07-18,20227.727773722694,28790.55700907437,1.0
2016-07-19,20207.162733636225,28761.2863482455,1.0
2016-07-20,20291.28939125408,28881.02561699698,1.0
2016-07-21,20214.643829266774,28771.93435145431,1.0
2016-07-22,20305.30490584125,28900.97419828339,1.0
2016-07-25,20250.162668090616,28822.489073442528,1.0
2016-07-26,20259.505225478908,28835.786534932373,1.0
2016-07-27,20238.011972270677,28805.19472854046,1.0
2016-07-28,20261.378436769835,28838.45271657496,1.0
2016-07-29,20294.09417267625,28885.017722305907,1.0
2016-08-01,20277.26884115268,28861.069868555613,1.0
2016-08-02,20147.34921719146,28676.15249265973,1.0
2016-08-03,20206.23116350498,28759.960424579156,1.0
2016-08-04,20227.727773722694,28790.55700907437,1.0
2016-08-05,20393.17295052673,29026.038663165087,1.0
2016-08-08,20381.015540687822,29008.734762056407,1.0
2016-08-09,20393.172950526736,29026.038663165087,1.0
2016-08-10,20342.69695595603,28954.195101914207,1.0
2016-08-11,20437.104455112367,29088.567312028463,1.0
2016-08-12,20419.340839438588,29063.28397840522,1.0
2016-08-15,20478.224464256855,29147.0942993763,1.0
2016-08-16,20372.60455343078,28996.763224232916,1.0
2016-08-17,20410.92649517206,29051.307662478423,1.0
2016-08-18,20456.727854039145,29116.49771488109,1.0
2016-08-19,20426.816899554906,29073.924814459075,1.0
2016-08-22,20425.88532942366,29072.59889079273,1.0
2016-08-23,20467.007017072894,29131.128267192224,1.0
2016-08-24,20362.325390397025,28982.13267192178,1.0
2016-08-25,20348.301483286148,28962.172145377106,1.0
2016-08-26,20309.979541544868,28907.6277071316,1.0
2016-08-29,20409.98821102186,29049.972182605477,1.0
2016-08-30,20376.3409049842,29002.081253208184,1.0
2016-08-31,20318.393885811394,28919.604023058397,1.0
2016-09-01,20319.330491456858,28920.937113879696,1.0
2016-09-02,20410.92649517206,29051.307662478423,1.0
2016-09-06,20472.62161543147,29139.11964496504,1.0
2016-09-07,20470.746725635803,29136.451074270804,1.0
2016-09-08,20424.015475142216,29069.937487253443,1.0
2016-09-09,19935.174468398574,28374.159640603302,1.0
2016-09-12,20221.186640747103,28781.246874790162,1.0
2016-09-13,19930.4897616665,28367.49179744517,1.0
2016-09-14,19923.015380054923,28356.85335044297,1.0
2016-09-15,20122.107862896617,28640.225933930982,1.0
2016-09-16,20044.322596190188,28529.512502317233,1.0
2016-09-19,20048.08244680998,28534.863978015626,1.0
2016-09-20,20049.02576647441,28536.20662504352,1.0
2016-09-21,20274.480844777914,28857.10165376319,1.0
2016-09-22,20402.236876128016,29038.939542080847,1.0
2016-09-23,20290.450138883585,28879.83109117144,1.0
2016-09-26,20126.055706047402,28645.84498341429,1.0
2016-09-27,20250.99184943266,28823.66926495816,1.0
2016-09-28,20351.51414136038,28966.744790237255,1.0
2016-09-29,20167.38552828451,28704.670602218506,1.0
2016-09-30,20319.570517634816,28921.278748265795,1.0
2016-10-03,20270.720994158117,28851.75017806479,1.0
2016-10-04,20167.385528284507,28704.670602218503,1.0
2016-10-05,20256.631625362337,28831.69647850573,1.0
2016-10-06,20270.72099415811,28851.750178064787,1.0
2016-10-07,20201.204041805744,28752.8052148842,1.0
2016-10-10,20306.42111149398,28902.562917631327,1.0
2016-10-11,20049.95901511038,28537.5349377615,1.0
2016-10-12,20076.26118440151,28574.971377133712,1.0
2016-10-13,20010.50240416419,28481.375500599865,1.0
2016-10-14,20020.84367187336,28496.094447822088,1.0
2016-10-17,19951.321684006765,28397.142317486538,1.0
2016-10-18,20076.2611844015,28574.971377133705,1.0
2016-10-19,20129.812199657685,28651.191681009346,1.0
2016-10-20,20092.23215701192,28597.70320359361,1.0
2016-10-21,20101.620034028212,28611.065169478028,1.0
2016-10-24,20187.11970852418,28732.75868248008,1.0
2016-10-25,20119.477645967487,28636.482289993735,1.0
2016-10-26,20079.082750871097,28578.987372959156,1.0
2016-10-27,20025.536771129136,28502.774236238463,1.0
2016-10-28,19966.345979943268,28418.52671881524,1.0
2016-10-31,19967.2892996077,28419.869365843144,1.0
2016-11-01,19822.622332992236,28213.96178214098,1.0
2016-11-02,19703.31757301296,28044.15276888644,1.0
2016-11-03,19613.126477765956,27915.78185651966,1.0
2016-11-04,19591.52244324482,27885.032372718775,1.0
2016-11-07,20023.65684581924,28500.098498389278,1.0
2016-11-08,20113.83954854254,28628.457465497802,1.0
2016-11-09,20327.091897379127,28931.984088714213,1.0
2016-11-10,20377.81463214676,29004.17884055781,1.0
2016-11-11,20330.83999846573,28937.318841051045,1.0
2016-11-14,20346.814328085624,28960.05544561425,1.0
2016-11-15,20505.57737751582,29186.02628508207,1.0
2016-11-16,20467.060729224588,29131.204716845037,1.0
2016-11-17,20572.27947741757,29280.964808643825,1.0
2016-11-18,20526.24144938201,29215.43789995836,1.0
2016-11-21,20681.24632669716,29436.05965277944,1.0
2016-11-22,20721.641221793554,29493.55456981402,1.0
2016-11-23,20732.915738138712,29509.601829754243,1.0
2016-11-25,20809.9456777117,29619.240188125008,1.0
2016-11-28,20712.253344777266,29480.192603929605,1.0
2016-11-29,20752.63984734995,29537.675575705925,1.0
2016-11-30,20702.855396732524,29466.816303735275,1.0
2016-12-01,20626.762062805003,29358.51103618581,1.0
2016-12-02,20637.093259485733,29373.215649098136,1.0
2016-12-05,20761.094475730264,29549.709228872354,1.0
2016-12-06,20826.856612977066,29643.309883509504,1.0
2016-12-07,21099.28464645685,30031.06252268428,1.0
2016-12-08,21150.949022384175,30104.59753250412,1.0
2016-12-09,21278.715124762715,30286.449755131678,1.0
2016-12-12,21254.29288078148,30251.689053608658,1.0
2016-12-13,21396.14163793684,30453.585419588675,1.0
2016-12-14,21219.53104759581,30202.211793915056,1.0
2016-12-15,21306.893862354267,30326.55715424979,1.0
2016-12-16,21265.223303654733,30267.2465579604,1.0
2016-12-19,21311.53324945833,30333.160493013333,1.0
2016-12-20,21393.738019147764,30450.164297624346,1.0
2016-12-21,21334.211527013696,30365.438969870902,1.0
2016-12-22,21297.351562901804,30312.975395613474,1.0
2016-12-23,21328.539859493925,30357.366364341946,1.0
2016-12-27,21381.4597569675,30432.688384796784,1.0
2016-12-28,21204.745099332526,30181.166637920796,1.0
2016-12-29,21200.023465496157,30174.446235626343,1.0
2016-12-30,21122.535294128887,30064.155666154842,1.0
2017-01-03,21284.121588533406,30294.144890499756,1.0
2017-01-04,21410.75302170706,30474.38211421121,1.0
2017-01-05,21393.73801914776,30450.164297624342,1.0
2017-01-06,21470.28119234587,30559.109831016296,1.0
2017-01-09,21399.41304367701,30458.241681256597,1.0
2017-01-10,21399.41304367701,30458.241681256597,1.0
2017-01-11,21459.88956949447,30544.319212244536,1.0
2017-01-12,21406.022995346982,30467.649766658495,1.0
2017-01-13,21455.161221639126,30537.589253743477,1.0
2017-01-17,21379.568082124417,30429.995923586026,1.0
2017-01-18,21426.812955068744,30497.240560408616,1.0
2017-01-19,21347.433108858382,30384.25752972635,1.0
2017-01-20,21425.869635404317,30495.89791338071,1.0
2017-01-23,21370.11642192797,30416.54317373887,1.0
2017-01-24,21507.13612094353,30611.56623811877,1.0
2017-01-25,21693.289010737026,30876.52162242871,1.0
2017-01-26,21670.6124116864,30844.245534622794,1.0
2017-01-27,21636.594156100982,30795.826624810616,1.0
2017-01-30,21502.407773088187,30604.83627961771,1.0
2017-01-31,21500.521133759332,30602.150985561915,1.0
2017-02-01,21509.022760272386,30614.251532174567,1.0
2017-02-02,21523.197732809953,30634.42707336783,1.0
2017-02-03,21671.557409855563,30845.590570702334,1.0
2017-02-06,21632.8141634243,30790.44648049241,1.0
2017-02-07,21633.75916159347,30791.79151657196,1.0
2017-02-08,21662.107428163858,30832.140209906833,1.0
2017-02-09,21790.625500666363,31015.062727674074,1.0
2017-02-10,21876.61194153722,31137.449065654942,1.0
2017-02-13,21995.67499683379,31306.914055471723,1.0
2017-02-14,22083.554791052466,31431.995243714988,1.0
2017-02-15,22198.836175167617,31596.077700161914,1.0
2017-02-16,22179.936211784196,31569.1769785709,1.0
2017-02-17,22214.901144043524,31618.943313514275,1.0
2017-02-21,22347.200887727453,31807.248364651372,1.0
2017-02-22,22327.355926174867,31779.002606980805,1.0
2017-02-23,22342.47086136738,31800.516017098667,1.0
2017-02-24,22370.822484947254,31840.86948853684,1.0
2017-02-27,22405.787417206575,31890.635823480214,1.0
2017-02-28,22345.307534379634,31804.553514388965,1.0
2017-03-01,22658.0851433278,32249.736566203734,1.0
2017-03-02,22515.3988123067,32046.648063449844,1.0
2017-03-03,22529.573784844262,32066.8236046431,1.0
2017-03-06,22462.482271842608,31971.3308210983,1.0
2017-03-07,22395.389080336212,31875.83564850185,1.0
2017-03-08,22353.812517902174,31816.658839104923,1.0
2017-03-09,22382.160784472562,31857.007532439795,1.0
2017-03-10,22460.600668027975,31968.652694197455,1.0
2017-03-13,22471.92889652484,31984.77640379051,1.0
2017-03-14,22385.939098644503,31862.385287706344,1.0
2017-03-15,22579.660366315067,32138.112905910944,1.0
2017-03-16,22535.243773859293,32074.893821120408,1.0
2017-03-17,22495.667989076497,32018.564761291545,1.0
2017-03-20,22470.993969384115,31983.445702020865,1.0
2017-03-21,22182.47746796204,31572.794002770603,1.0
2017-03-22,22234.67057288277,31647.081563860538,1.0
2017-03-23,22210.94994388326,31613.31948592766,1.0
2017-03-24,22194.81279930349,31590.3511433543,1.0
2017-03-27,22172.035489968413,31557.93171244932,1.0
2017-03-28,22333.3784011855,31787.574524304833,1.0
2017-03-29,22354.25732165853,31817.29193779245,1.0
2017-03-30,22425.432636694986,31918.597284004292,1.0
2017-03-31,22373.232817755295,31844.300166707762,1.0
2017-04-03,22334.326756364153,31788.92433848768,1.0
2017-04-04,22348.568869091356,31809.195441746986,1.0
2017-04-05,22282.128615929196,31714.6296102428,1.0
2017-04-06,22344.768734357778,31803.786628808964,1.0
2017-04-07,22321.988068013216,31771.362419800684,1.0
2017-04-10,22335.27846855228,31790.278930773824,1.0
2017-04-11,22308.701024483616,31752.45068693082,1.0
2017-04-12,22210.949943883254,31613.319485927645,1.0
2017-04-13,22066.69085391985,31407.992441776692,1.0
2017-04-17,22262.19805063481,31686.262010938022,1.0
2017-04-18,22195.762832986875,31591.703346588783,1.0
2017-04-19,22154.953347219463,31533.618333796392,1.0
2017-04-20,22335.278468552275,31790.27893077382,1.0
2017-04-21,22264.094760992113,31688.96163930372,1.0
2017-04-24,22508.95671111081,32037.478883213025,1.0
2017-04-25,22639.925400535147,32223.889416390826,1.0
2017-04-26,22625.690001826904,32203.62786933812,1.0
2017-04-27,22644.673890447375,32230.648043511697,1.0
2017-04-28,22595.31913704364,32160.400368763723,1.0
2017-05-01,22652.260731876602,32241.446556974523,1.0
2017-05-02,22660.804321008178,32253.606829878452,1.0
2017-05-03,22633.281878770347,32214.433549955902,1.0
2017-05-04,22659.85764433426,32252.259404747245,1.0
2017-05-05,22749.068492812534,32379.23511094981,1.0
2017-05-08,22745.273393593176,32373.833465166736,1.0
2017-05-09,22724.389437605925,32344.108884524165,1.0
2017-05-10,22765.205637392304,32402.203453523165,1.0
2017-05-11,22718.70098503875,32336.012388478703,1.0
2017-05-12,22680.7365648073,32281.97681823487,1.0
2017-05-15,22806.020158673935,32460.295633470498,1.0
2017-05-16,22785.13620268668,32430.57105282793,1.0
2017-05-17,22380.828051708206,31855.110625428824,1.0
2017-05-18,22470.993969384097,31983.445702020843,1.0
2017-05-19,22617.146412695325,32191.4675964342,1.0
2017-05-22,22731.984671558857,32354.919343245256,1.0
2017-05-23,22782.287780141247,32426.516832176087,1.0
2017-05-24,22835.43091874537,32502.156596500514,1.0
2017-05-25,22944.5756895275,32657.504680111146,1.0
2017-05-26,22939.828878120014,32650.748442041924,1.0
2017-05-30,22919.893277311414,32622.373675582206,1.0
2017-05-31,22914.20482474424,32614.27717953674,1.0
2017-06-01,23096.423299424867,32873.63262677656,1.0
2017-06-02,23173.29713805695,32983.04880334378,1.0
2017-06-05,23156.216673812753,32958.737813742526,1.0
2017-06-06,23082.192936230855,32853.37824687882,1.0
2017-06-07,23124.894096841348,32914.15572088196,1.0
2017-06-08,23136.287787023106,32930.37260348939,1.0
2017-06-09,23101.170110832347,32880.388864845765,1.0
2017-06-12,23096.423299424863,32873.63262677655,1.0
2017-06-13,23209.36652643584,33034.38713427355,1.0
2017-06-14,23179.93730281226,32992.4998916754,1.0
2017-06-15,23135.332717825495,32929.01323309993,1.0
2017-06-16,23140.39005261006,32936.2114457246,1.0
2017-06-19,23333.038755751135,33210.41245992416,1.0
2017-06-20,23175.680614789137,32986.44125668829,1.0
2017-06-21,23169.95523511765,32978.29220150648,1.0
2017-06-22,23159.46625899128,32963.36301773897,1.0
2017-06-23,23187.121303103642,33002.72503274195,1.0
2017-06-26,23202.38058970388,33024.4439013018,1.0
2017-06-27,23015.460623243765,32758.39672038733,1.0
2017-06-28,23221.4567960851,33051.59547331618,1.0
2017-06-29,23017.367404629513,32761.110683062943,1.0
2017-06-30,23060.283413846853,32822.19395567742,1.0
2017-07-03,23099.38082477847,32877.84213578573,1.0
2017-07-05,23152.78916713167,32953.859370271035,1.0
2017-07-06,22941.074328637817,32652.521118367,1.0
2017-07-07,23089.843560840232,32864.26754430437,1.0
2017-07-10,23114.64346838819,32899.56578244889,1.0
2017-07-11,23097.47236488798,32875.12578405847,1.0
2017-07-12,23271.046540152573,33122.1776152953,1.0
2017-07-13,23310.14730809367,33177.830573506915,1.0
2017-07-14,23418.870774185816,33332.57900515313,1.0
2017-07-17,23416.005566592965,33328.50089398476,1.0
2017-07-18,23428.404681114574,33346.14881853119,1.0
2017-07-19,23555.242570371356,33526.679895595706,1.0
2017-07-20,23565.7382605167,33541.61863556984,1.0
2017-07-21,23544.75695125447,33511.75548993149,1.0
2017-07-24,23539.038285601957,33503.615990956314,1.0
2017-07-25,23596.25515521244,33585.05398363788,1.0
2017-07-26,23597.210224410053,33586.41335402733,1.0
2017-07-27,23575.2738459502,33555.19083799954,1.0
2017-07-28,23547.615444828356,33515.824044893256,1.0
2017-07-31,23534.26293961388,33496.81913900903,1.0
2017-08-01,23586.716212769457,33571.47700310486,1.0
2017-08-02,23598.16529360767,33587.77272441679,1.0
2017-08-03,23552.389112311706,33522.61850778889,1.0
2017-08-04,23595.300086014824,33583.69461324842,1.0
2017-08-07,23639.171164429783,33646.13725625236,1.0
2017-08-08,23580.994190107467,33563.33272602638,1.0
2017-08-09,23580.04247791933,33561.978133740224,1.0
2017-08-10,23247.200023297493,33088.23635848859,1.0
2017-08-11,23281.538873288442,33137.11157716612,1.0
2017-08-14,23512.334953677735,33465.60856823948,1.0
2017-08-15,23509.47142458963,33461.53284612277,1.0
2017-08-16,23550.475616906995,33519.894988906686,1.0
2017-08-17,23183.30438332267,32997.29232928743,1.0
2017-08-18,23147.070501479164,32945.71987129585,1.0
2017-08-21,23165.181567634318,32971.49773861086,1.0
2017-08-22,23407.42337185235,33316.285672892845,1.0
2017-08-23,23323.498134803427,33196.83309033951,1.0
2017-08-24,23269.139758766836,33119.46365261971,1.0
2017-08-25,23323.498134803423,33196.8330903395,1.0
2017-08-28,23324.453204001038,33198.192460728955,1.0
2017-08-29,23351.154857420523,33236.197494394124,1.0
2017-08-30,23461.785104898427,33393.65988871595,1.0
2017-08-31,23602.92889006257,33594.55285300252,1.0
2017-09-01,23636.310992351155,33642.066312238945,1.0
2017-09-05,23466.55541537228,33400.44957350828,1.0
2017-09-06,23546.665411144968,33514.47184165876,1.0
2017-09-07,23543.803560561595,33510.39850859369,1.0
2017-09-08,23516.145159439748,33471.0317154874,1.0
2017-09-11,23766.974193912625,33828.04203801625,1.0
2017-09-12,23847.07747566635,33942.05474996012,1.0
2017-09-13,23858.52319949508,33958.34569316875,1.0
2017-09-14,23850.89775245681,33947.49223151795,1.0
2017-09-15,23883.004191142238,33993.190011499544,1.0
2017-09-18,23933.800780118476,34065.48988161579,1.0
2017-09-19,23957.754721276982,34099.584037728164,1.0
2017-09-20,23966.382235645615,34111.86376321465,1.0
2017-09-21,23902.171036779477,34020.470592303085,1.0
2017-09-22,23906.96316781497,34027.29133476688,1.0
2017-09-25,23858.086788262415,33957.72453973946,1.0
2017-09-26,23872.461502864157,33978.18437807919,1.0
2017-09-27,23965.427166447997,34110.50439282519,1.0
2017-09-28,23994.17659565148,34151.42406950467,1.0
2017-09-29,24078.51474486669,34271.464358764184,1.0
2017-10-02,24182.988236954683,34420.163711629895,1.0
2017-10-03,24234.739895128536,34493.82295213559,1.0
2017-10-04,24263.492681341497,34534.747406918366,1.0
2017-10-05,24407.25829091105,34739.3720698839,1.0
2017-10-06,24379.4605738957,34699.80698549058,1.0
2017-10-09,24339.208351702295,34642.51513784634,1.0
2017-10-10,24403.42290757791,34733.91308686121,1.0
2017-10-11,24441.76331287134,34788.48380467488,1.0
2017-10-12,24405.344795506324,34736.64855100167,1.0
2017-10-13,24435.05600792639,34778.93715427721,1.0
2017-10-16,24467.64249896775,34825.318203031034,1.0
2017-10-17,24484.889135181307,34849.86570874575,1.0
2017-10-18,24508.848111854037,34883.967032013075,1.0
2017-10-19,24515.56045231321,34893.5208495657,1.0
2017-10-20,24642.072711650246,35073.58845060992,1.0
2017-10-23,24546.225055426145,34937.16643417904,1.0
2017-10-24,24589.35927025981,34998.56028350816,1.0
2017-10-25,24467.64249896775,34825.31820303104,1.0
2017-10-26,24499.265528287793,34870.327936137146,1.0
2017-10-27,24699.57157005721,35155.42780396887,1.0
2017-10-30,24607.57104669943,35024.481493922234,1.0
2017-10-31,24645.899702459687,35079.035488374364,1.0
2017-11-01,24678.491229015264,35125.42370428312,1.0
2017-11-02,24688.07549108625,35139.065189210705,1.0
2017-11-03,24770.500144896745,35256.381959588005,1.0
2017-11-06,24808.84390719966,35310.957455504984,1.0
2017-11-07,24791.5888784624,35286.39800453201,1.0
2017-11-08,24833.754596060528,35346.41337105847,1.0
2017-11-09,24743.66588960273,35218.188190842404,1.0
2017-11-10,24736.001836955416,35207.27978100363,1.0
2017-11-13,24758.999030411567,35240.0121776749,1.0
2017-11-14,24701.495136490383,35158.165657161,1.0
2017-11-15,24577.86319128886,34982.19766875,1.0
2017-11-16,24786.795068922173,35279.574873016565,1.0
2017-11-17,24713.95635568741,35175.90197661852,1.0
2017-11-20,24756.12878730449,35235.926899351565,1.0
2017-11-21,24918.096102285217,35466.45843842128,1.0
2017-11-22,24896.052299521947,35435.08302308782,1.0
2017-11-24,24953.557871947876,35516.93193265338,1.0
2017-11-27,24941.10504527456,35499.207558454116,1.0
2017-11-28,25194.121171424926,35859.3308152843,1.0
2017-11-29,25178.789709120825,35837.50921750345,1.0
2017-11-30,25399.232772267766,36151.270537993034,1.0
2017-12-01,25346.51765237259,36076.23998183962,1.0
2017-12-04,25315.851370754917,36032.59200817464,1.0
2017-12-05,25224.792488556825,35902.98595610425,1.0
2017-12-06,25229.582941087578,35909.804309516396,1.0
2017-12-07,25309.13567328626,36023.033412518715,1.0
2017-12-08,25447.150725613217,36219.47318452769,1.0
2017-12-11,25523.826500685864,36328.607453000084,1.0
2017-12-12,25568.867496905274,36392.71526500481,1.0
2017-12-13,25565.990539779243,36388.62043047488,1.0
2017-12-14,25461.530475729178,36239.940190022375,1.0
2017-12-15,25673.562551619078,36541.72997268846,1.0
2017-12-18,25836.357369437108,36773.439314222145,1.0
2017-12-19,25737.13759718838,36632.217693024264,1.0
2017-12-20,25723.65081159462,36613.02166300795,1.0
2017-12-21,25776.634492248344,36688.434467425526,1.0
2017-12-22,25769.88690318961,36678.83047978823,1.0
2017-12-26,25739.057806612058,36634.950768113085,1.0
2017-12-27,25751.58280898923,36652.77787153334,1.0
2017-12-28,25804.571525157186,36728.197843105874,1.0
2017-12-29,25707.266926817916,36589.70212984187,1.0
2018-01-02,25891.269652038212,36851.59713898679,1.0
2018-01-03,26055.038002606012,37084.6921304781,1.0
2018-01-04,26164.85417528453,37240.99583474915,1.0
2018-01-05,26339.210533758425,37489.16096405538,1.0
2018-01-08,26387.37858431029,37557.71957928605,1.0
2018-01-09,26447.099782994304,37642.72203703101,1.0
2018-01-10,26406.644461727243,37585.141114137,1.0
2018-01-11,26599.311628420473,37859.36840790472,1.0
2018-01-12,26772.709560687264,38106.1693887182,1.0
2018-01-16,26681.189089685406,37975.90634744377,1.0
2018-01-17,26935.506057010032,38337.88111930353,1.0
2018-01-18,26890.23846265058,38273.450785325906,1.0
2018-01-19,27012.589708734744,38447.595927327144,1.0
2018-01-22,27232.222054091788,38760.20333586925,1.0
2018-01-23,27290.01465082842,38842.46077326713,1.0
2018-01-24,27279.41992890336,38827.3810792456,1.0
2018-01-25,27290.96972002603,38843.82014365659,1.0
2018-01-26,27606.93984499154,39293.54717171169,1.0
2018-01-29,27423.91065252101,39033.03781252439,1.0
2018-01-30,27142.620114008852,38632.67098063198,1.0
2018-01-31,27156.110256612097,38651.871788751596,1.0
2018-02-01,27125.284517044023,38607.99685517975,1.0
2018-02-02,26534.778156644054,37767.51653907614,1.0
2018-02-05,25425.017962098653,36187.971149456695,1.0
2018-02-06,25925.94755998682,36900.954946097816,1.0
2018-02-07,25785.302290730746,36700.771530151615,1.0
2018-02-08,24818.12603841725,35324.168911135355,1.0
2018-02-09,25190.9303339123,35854.78922809559,1.0
2018-02-12,25560.845922748125,36381.29798716434,1.0
2018-02-13,25624.422646822175,36471.788096551805,1.0
2018-02-14,25970.25001412021,36964.011575376084,1.0
2018-02-15,26301.643919150574,37435.69159905284,1.0
2018-02-16,26309.354969930635,37446.66690233785,1.0
2018-02-20,26144.626514650998,37212.20537330213,1.0
2018-02-21,26014.57093180575,37027.09448422249,1.0
2018-02-22,26048.29041354727,37075.08814284079,1.0
2018-02-23,26463.476953752026,37666.03201399046,1.0
2018-02-26,26770.777601730388,38103.419590267804,1.0
2018-02-27,26436.500025555022,37627.63517585451,1.0
2018-02-28,26168.70130815085,37246.47154113338,1.0
2018-03-01,25788.18764038049,36704.878309939806,1.0
2018-03-02,25921.133608389697,36894.10314596256,1.0
2018-03-05,26220.71984857852,37320.5106408516,1.0
2018-03-06,26287.198707349715,37415.13142054376,1.0
2018-03-07,26277.562411631756,37401.41587501498,1.0
2018-03-08,26404.72425230355,37582.40803904816,1.0
2018-03-09,26864.223317670137,38236.42287378599,1.0
2018-03-12,26830.505514433364,38188.43160421936,1.0
2018-03-13,26657.109260671314,37941.63301245754,1.0
2018-03-14,26520.311124281558,37746.92530289558,1.0
2018-03-15,26491.41230815613,37705.79300061916,1.0
2018-03-16,26520.144952312203,37746.68878678213,1.0
2018-03-19,26161.329315328472,37235.97882628189,1.0
2018-03-20,26205.80969096441,37299.28869503517,1.0
2018-03-21,26155.511617896238,37227.698373259285,1.0
2018-03-22,25501.69709418078,36297.11019603238,1.0
2018-03-23,24958.145225404944,35523.46121081571,1.0
2018-03-26,25640.976060577705,36495.34892393462,1.0
2018-03-27,25204.772962511153,35874.49173706194,1.0
2018-03-28,25130.30106416341,35768.4942934074,1.0
2018-03-29,25451.410770645805,36225.53659761808,1.0
2018-04-02,24902.04456144722,35443.61193748211,1.0
2018-04-03,25221.21223794429,35897.890108932486,1.0
2018-04-04,25491.055374122974,36281.96360856462,1.0
2018-04-05,25692.239273871925,36568.312950409854,1.0
2018-04-06,25119.659344105607,35753.34770593963,1.0
2018-04-09,25243.45913978122,35929.55459951573,1.0
2018-04-10,25644.843335500915,36500.85329893868,1.0
2018-04-11,25510.406855281715,36309.506985049775,1.0
2018-04-12,25720.283731084193,36608.22922539588,1.0
2018-04-13,25644.843335500907,36500.85329893868,1.0
2018-04-16,25855.688708538928,36800.954022087455,1.0
2018-04-17,26132.30461134746,37194.667345131646,1.0
2018-04-18,26151.647699982495,37222.19877635854,1.0
2018-04-19,26006.571178210237,37015.70826405352,1.0
2018-04-20,25786.04922534047,36701.834658136344,1.0
2018-04-23,25782.185307426735,36696.335061235586,1.0
2018-04-24,25434.968138203163,36202.13344764421,1.0
2018-04-25,25497.83317626704,36291.61059913163,1.0
2018-04-26,25757.037949397396,36660.5422893993,1.0
2018-04-27,25781.215131686447,36694.95418938127,1.0
2018-04-30,25582.94175915835,36412.74746309898,1.0
2018-05-01,25628.40238156302,36477.45253801649,1.0
2018-05-02,25456.241507290328,36232.41228826985,1.0
2018-05-03,25400.14420034208,36152.56779303954,1.0
2018-05-04,25728.983421156678,36620.61168010337,1.0
2018-05-07,25816.035712538054,36744.51506588267,1.0
2018-05-08,25816.035712538054,36744.51506588267,1.0
2018-05-09,26065.563905836676,37099.67387338194,1.0
2018-05-10,26309.301257778923,37446.59045268503,1.0
2018-05-11,26389.57406851148,37560.844458845655,1.0
2018-05-14,26402.13935500244,37578.728899505535,1.0
2018-05-15,26220.318685945418,37319.939657507006,1.0
2018-05-16,26330.579662380303,37476.876460465595,1.0
2018-05-17,26308.331082038632,37445.209580830706,1.0
2018-05-18,26242.563909277607,37351.601759038596,1.0
2018-05-21,26439.862070551193,37632.420446311604,1.0
2018-05-22,26366.358669439,37527.801485459735,1.0
2018-05-23,26438.90028733461,37631.05151971555,1.0
2018-05-24,26384.731582333752,37553.95204483232,1.0
2018-05-25,26321.86822277462,37464.47728239656,1.0
2018-05-29,26019.139821710687,37033.597482816724,1.0
2018-05-30,26366.358669439,37527.80148545974,1.0
2018-05-31,26204.84958625256,37297.92215749077,1.0
2018-06-01,26462.10897238812,37664.084936894855,1.0
2018-06-04,26587.842405525345,37843.044017972985,1.0
2018-06-05,26607.187172665122,37870.57783825153,1.0
2018-06-06,26829.63437047279,38187.19168641248,1.0
2018-06-07,26826.738949794602,38183.070572314384,1.0
2018-06-08,26906.055012824807,38295.962819033906,1.0
2018-06-11,26941.828984369284,38346.8806768731,1.0
2018-06-12,26976.647886716142,38396.43916432284,1.0
2018-06-13,26890.577520608244,38273.93337375942,1.0
2018-06-14,26958.278330830875,38370.29338305356,1.0
2018-06-15,26923.890804202445,38321.34888187815,1.0
2018-06-18,26868.506861769118,38242.51973359954,1.0
2018-06-19,26765.535631424307,38095.95858196154,1.0
2018-06-20,26811.187603369443,38160.936008767254,1.0
2018-06-21,26643.113888141026,37921.71309979096,1.0
2018-06-22,26691.68813684021,37990.849865521195,1.0
2018-06-25,26328.332144532127,37473.67752030482,1.0
2018-06-26,26386.629971195794,37556.65406224967,1.0
2018-06-27,26168.036620273415,37245.52547667957,1.0
2018-06-28,26317.655175874763,37458.48076275237,1.0
2018-06-29,26355.542384888136,37512.406436620266,1.0
2018-07-02,26411.88307502382,37592.597344339985,1.0
2018-07-03,26318.618637596086,37459.8520784001,1.0
2018-07-05,26533.327928547842,37765.45239844963,1.0
2018-07-06,26757.757440454614,38084.8877166105,1.0
2018-07-09,26998.703439012606,38427.83130301786,1.0
2018-07-10,27095.846900896744,38566.09766732337,1.0
2018-07-11,26897.655775100953,38284.00800457197,1.0
2018-07-12,27141.505586860836,38631.08465033568,1.0
2018-07-13,27162.881344737205,38661.50922311203,1.0
2018-07-16,27138.588345621025,38626.93247856614,1.0
2018-07-17,27248.369269699993,38783.18601275252,1.0
2018-07-18,27305.680135575964,38864.75779232655,1.0
2018-07-19,27202.713940745372,38718.2038078435,1.0
2018-07-20,27171.621318923488,38673.94901505914,1.0
2018-07-23,27222.145990131685,38745.861858807904,1.0
2018-07-24,27359.118691014504,38940.81802974158,1.0
2018-07-25,27592.29992664073,39272.70986321111,1.0
2018-07-26,27527.199120261874,39180.05049492447,1.0
2018-07-27,27340.668566901666,38914.55757399305,1.0
2018-07-30,27197.861383539217,38711.29705952028,1.0
2018-07-31,27331.925235705916,38902.11300394264,1.0
2018-08-01,27286.25815721811,38837.11407567206,1.0
2018-08-02,27434.91325109814,39048.69804609716,1.0
2018-08-03,27552.46229511835,39216.00811132468,1.0
2018-08-06,27653.508280525257,39359.82902071891,1.0
2018-08-07,27744.815581425013,39489.78865243366,1.0
2018-08-08,27733.17011553211,39473.213412078556,1.0
2018-08-09,27695.27451399503,39419.275792952416,1.0
2018-08-10,27509.71413637511,39155.16374387532,1.0
2018-08-13,27406.734513506588,39008.59064697904,1.0
2018-08-14,27581.60449443122,39257.486826090506,1.0
2018-08-15,27375.64021317996,38964.33346514303,1.0
2018-08-16,27597.152483846905,39279.616611534344,1.0
2018-08-17,27694.307695264226,39417.89969920139,1.0
2018-08-20,27753.56394813499,39502.24038963901,1.0
2018-08-21,27818.654683485398,39594.88542361573,1.0
2018-08-22,27802.14994636736,39571.3938787308,1.0
2018-08-23,27765.227877580055,39518.841909562274,1.0
2018-08-24,27932.326381553954,39756.67677952929,1.0
2018-08-27,28152.863440966397,40070.57188691134,1.0
2018-08-28,28166.471078901508,40089.93992864654,1.0
2018-08-29,28318.023271964466,40305.64740222138,1.0
2018-08-30,28203.381398155627,40142.47517445351,1.0
2018-08-31,28204.344859876946,40143.84649010122,1.0
2018-09-04,28155.77396818725,40074.71450247429,1.0
2018-09-05,28079.99283614155,39966.85359853192,1.0
2018-09-06,27995.471729909572,39846.55290264244,1.0
2018-09-07,27941.07642676868,39769.13090578632,1.0
2018-09-10,27989.654032477338,39838.27244961984,1.0
2018-09-11,28081.92983061264,39969.610564137256,1.0
2018-09-12,28088.737845842054,39979.30055763399,1.0
2018-09-13,28254.881280618334,40215.77605721156,1.0
2018-09-14,28259.732159319763,40222.680416483134,1.0
2018-09-17,28110.12703175634,40009.74424282354,1.0
2018-09-18,28262.635972521653,40226.81347583949,1.0
2018-09-19,28292.765132622222,40269.69695297613,1.0
2018-09-20,28522.042166220937,40596.031852305285,1.0
2018-09-21,28495.97498759354,40558.929880164214,1.0
2018-09-24,28401.317391230798,40424.201701353944,1.0
2018-09-25,28374.971580816396,40386.70314663879,1.0
2018-09-26,28290.066096998733,40265.855357921224,1.0
2018-09-27,28369.113599270382,40378.36535637658,1.0
2018-09-28,28372.044268548132,40382.53664055934,1.0
2018-10-01,28470.61613796684,40522.8360878199,1.0
2018-10-02,28454.022440097528,40499.21792319745,1.0
2018-10-03,28469.642605217075,40521.45043786228,1.0
2018-10-04,28247.126588715026,40204.738638583636,1.0
2018-10-05,28089.028227162253,39979.71386356963,1.0
2018-10-08,28089.028227162253,39979.71386356963,1.0
2018-10-09,28048.03242736859,39921.36366604397,1.0
2018-10-10,27159.9389259263,38657.32121556773,1.0
2018-10-11,26561.709765213087,37805.84887281756,1.0
2018-10-12,26930.601466156917,38330.900310379155,1.0
2018-10-15,26779.3295833857,38115.59180843004,1.0
2018-10-16,27364.886033304527,38949.026811214666,1.0
2018-10-17,27369.772160605517,38955.98134057092,1.0
2018-10-18,26974.516185695138,38393.40506872602,1.0
2018-10-19,26959.88130285855,38372.57492738036,1.0
2018-10-22,26838.86111103399,38200.32430333843,1.0
2018-10-23,26702.234182127813,38005.86027704488,1.0
2018-10-24,25893.201610995096,36854.3469374372,1.0
2018-10-25,26357.741226098846,37515.53609428319,1.0
2018-10-26,25894.17010823064,36855.72542023987,1.0
2018-10-29,25750.711665028677,36651.53795372647,1.0
2018-10-30,26132.299575833273,37194.66017797674,1.0
2018-10-31,26411.411415191636,37591.92602082605,1.0
2018-11-01,26692.482069582722,37991.97988695217,1.0
2018-11-02,26534.38035102047,37766.95033383487,1.0
2018-11-05,26680.77114200492,37975.31147358268,1.0
2018-11-06,26849.606898385733,38215.61901200856,1.0
2018-11-07,27424.429310486004,39033.776029484616,1.0
2018-11-08,27374.644859868575,38962.91675751396,1.0
2018-11-09,27107.250662106984,38582.328884240735,1.0
2018-11-12,26600.743392964545,37861.40626896311,1.0
2018-11-13,26550.96901337556,37790.561331302364,1.0
2018-11-14,26369.450475171914,37532.20211860103,1.0
2018-11-15,26644.65643399802,37923.90863825832,1.0
2018-11-16,26713.948466715097,38022.533468517664,1.0
2018-11-19,26262.098347453146,37379.405542153734,1.0
2018-11-20,25776.082264188568,36687.64846943233,1.0
2018-11-21,25863.91338176975,36812.66037517771,1.0
2018-11-23,25691.18685139935,36566.81501502466,1.0
2018-11-26,26105.95712242835,37157.16640136488,1.0
2018-11-27,26193.781525990573,37282.16875090365,1.0
2018-11-28,26796.90520652848,38140.607568268344,1.0
2018-11-29,26738.347211629964,38057.260723317566,1.0
2018-11-30,26901.331700483726,38289.240027687825,1.0
2018-12-03,27257.53054857628,38796.225456664055,1.0
2018-12-04,26374.328209949195,37539.14470269902,1.0
2018-12-06,26334.31601393375,37482.19448944089,1.0
2018-12-07,25722.4087180863,36611.25376478617,1.0
2018-12-10,25771.206207916028,36680.70827438598,1.0
2018-12-11,25777.064189462046,36689.0460646482,1.0
2018-12-12,25906.86128257718,36873.78903977357,1.0
2018-12-13,25898.077667267644,36873.78903977357,0.0
2018-12-14,25419.87166656284,36873.78903977357,0.0
2018-12-17,24921.17783698966,36873.78903977357,0.0
2018-12-18,24893.853458311263,36873.78903977357,0.0
2018-12-19,24521.049162816213,36873.78903977357,0.0
2018-12-20,24121.897378402024,36873.78903977357,0.0
2018-12-21,23627.651586392425,36873.78903977357,0.0
2018-12-24,23003.34181901389,36873.78903977357,0.0
2018-12-26,24165.575428771772,36873.78903977357,0.0
2018-12-27,24351.112307325326,36873.78903977357,0.0
2018-12-28,24319.692377078944,36873.78903977357,0.0
2018-12-31,24532.708056747055,36873.78903977357,0.0
2019-01-02,24558.228042828894,36873.78903977357,0.0
2019-01-03,23972.201611582594,36873.78903977357,0.0
2019-01-04,24775.163031067186,36873.78903977357,0.0
2019-01-07,24970.509091327018,36873.78903977357,0.0
2019-01-08,25205.118734487816,36873.78903977357,0.0
2019-01-09,25322.909483190728,36873.78903977357,0.0
2019-01-10,25412.239505505615,36873.78903977357,0.0
2019-01-11,25422.058758240335,36873.78903977357,0.0
2019-01-14,25266.95820615495,36873.78903977357,0.0
2019-01-15,25556.54391509702,36873.78903977357,0.0
2019-01-16,25618.385065268893,36873.78903977357,0.0
2019-01-17,25812.74584324577,36873.78903977357,0.0
2019-01-18,26156.305550638746,36873.78903977357,0.0
2019-01-22,25802.9249120063,36873.78903977357,0.0
2019-01-23,25856.919052514106,36873.78903977357,0.0
2019-01-24,25870.657613819014,36873.78903977357,0.0
2019-01-25,26089.56316662322,36873.78903977357,0.0
2019-01-28,25891.273009047713,36873.78903977357,0.0
2019-01-29,25856.9190525141,36873.78903977357,0.0
2019-01-30,26266.25096818233,36873.78903977357,0.0
2019-01-31,26496.934588753982,36873.78903977357,0.0
2019-02-01,26509.69122478542,36873.78903977357,0.0
2019-02-04,26696.196600574513,36873.78903977357,0.0
2019-02-05,26808.10754716978,36873.78903977357,0.0
2019-02-06,26772.758237324768,36873.78903977357,0.0
2019-02-07,26517.546626973195,36873.78903977357,0.0
2019-02-08,26549.940089969346,36873.78903977357,0.0
2019-02-11,26564.66225505247,36873.78903977357,0.0
2019-02-12,26906.26818292695,36873.78903977357,0.0
2019-02-13,26993.642747218586,36873.78903977357,0.0
2019-02-14,26933.75369806047,36873.78903977357,0.0
2019-02-15,27227.263751086946,36873.78903977357,0.0
2019-02-19,27274.379379166214,36873.78903977357,0.0
2019-02-20,27329.350409433267,36873.78903977357,0.0
2019-02-21,27232.17505595905,36873.78903977357,0.0
2019-02-22,27401.010812339868,36873.78903977357,0.0
2019-02-25,27438.307187684408,36873.78903977357,0.0
2019-02-26,27418.683788757626,36873.78903977357,0.0
2019-02-27,27406.897328466468,36873.78903977357,0.0
2019-02-28,27355.85064228383,36873.78903977357,0.0
2019-03-01,27526.653606221073,36873.78903977357,0.0
2019-03-04,27426.52744141222,36873.78903977357,0.0
2019-03-05,27389.23106606767,36873.78903977357,0.0
2019-03-06,27223.32262195513,36873.78903977357,0.0
2019-03-07,26995.591491222858,36873.78903977357,0.0
2019-03-08,26941.6074217435,36873.78903977357,0.0
2019-03-11,27332.297863758424,36873.78903977357,0.0
2019-03-12,27435.371482892435,36873.78903977357,0.0
2019-03-13,27616.970589323646,36873.78903977357,0.0
2019-03-14,27599.292577391658,36873.78903977357,0.0
2019-03-15,27735.64591002505,36873.78903977357,0.0
2019-03-18,27836.22191410449,36873.78903977357,0.0
2019-03-19,27843.113854570947,36873.78903977357,0.0
2019-03-20,27759.309469863372,36873.78903977357,0.0
2019-03-21,28072.847441459206,36873.78903977357,0.0
2019-03-22,27532.548514871385,36873.78903977357,0.0
2019-03-25,27511.849194405637,36873.78903977357,0.0
2019-03-26,27716.91883262995,36873.78903977357,0.0
2019-03-27,27571.99505478912,36680.98662752785,1.0
2019-03-28,27676.498759962447,36820.015341422964,1.0
2019-03-29,27850.999469844068,37052.166050609674,1.0
2019-04-01,28181.29227576435,37491.57806896582,1.0
2019-04-02,28195.10301277312,37509.95147497176,1.0
2019-04-03,28239.47596410563,37568.983969037465,1.0
2019-04-04,28314.404415742916,37668.66661902587,1.0
2019-04-05,28451.45097083434,37850.98940142402,1.0
2019-04-08,28473.137252087785,37879.84020424325,1.0
2019-04-09,28327.218120935555,37685.71360267309,1.0
2019-04-10,28423.839567845243,37814.25598761781,1.0
2019-04-11,28415.95059556265,37803.76072653033,1.0
2019-04-12,28608.209885603814,38059.53693833525,1.0
2019-04-15,28589.481129703978,38034.6207419067,1.0
2019-04-16,28608.209885603814,38059.53693833525,1.0
2019-04-17,28538.216237905006,37966.41940911221,1.0
2019-04-18,28594.405862614007,38041.17246446642,1.0
2019-04-22,28619.056383240015,38073.96680581341,1.0
2019-04-23,28876.394659098405,38416.3222224873,1.0
2019-04-24,28812.305991078363,38331.06050783996,1.0
2019-04-25,28794.55076792829,38307.43947129029,1.0
2019-04-26,28928.636440656628,38485.82318122922,1.0
2019-04-29,28974.0030667958,38546.17763158511,1.0
2019-04-30,28988.787336554342,38565.84619746991,1.0
2019-05-01,28770.897279118424,38275.97155230201,1.0
2019-05-02,28708.77581865481,38193.32695382373,1.0
2019-05-03,28989.77429734203,38567.159221622984,1.0
2019-05-06,28870.47625138172,38408.44854363741,1.0
2019-05-07,28388.345906592513,37767.036244861214,1.0
2019-05-08,28348.907759198475,37714.56887156086,1.0
2019-05-09,28263.12609590602,37600.4474219572,1.0
2019-05-10,28405.104097926436,37789.33085905216,1.0
2019-05-13,27691.266244673578,36839.661576965045,1.0
2019-05-14,27941.71090156077,37172.84592187589,1.0
2019-05-15,28105.38357735834,37390.59132696146,1.0
2019-05-16,28365.669307541888,37736.86795182037,1.0
2019-05-17,28182.289307580493,37492.90449132455,1.0
2019-05-20,27995.951782265496,37245.00642443806,1.0
2019-05-21,28248.345183156962,37580.783322140946,1.0
2019-05-22,28161.583273095777,37465.357780521306,1.0
2019-05-23,27817.483087176202,37007.57682222778,1.0
2019-05-24,27880.579758894328,37091.51881361922,1.0
2019-05-28,27621.28770351744,36746.56414505048,1.0
2019-05-29,27435.918675437984,36499.954538940045,1.0
2019-05-30,27510.858876608454,36599.65282016837,1.0
2019-05-31,27140.134248487477,36106.451472221706,1.0
2019-06-03,27071.130918585844,36014.65143322028,1.0
2019-06-04,27658.75528634556,36796.409936113225,1.0
2019-06-05,27898.328268025434,37115.130918031806,1.0
2019-06-06,28079.7410604304,37356.47726235857,1.0
2019-06-07,28360.751288650816,37730.32516139775,1.0
2019-06-10,28490.88911822837,37903.456774724385,1.0
2019-06-11,28483.9803927145,37894.26560565288,1.0
2019-06-12,28433.702461703222,37827.37729701145,1.0
2019-06-13,28551.023229078666,37983.45746062234,1.0
2019-06-14,28519.48412499568,37941.49874661512,1.0
2019-06-17,28530.320551603436,37955.91521588764,1.0
2019-06-18,28829.06418241229,38353.35512203093,1.0
2019-06-19,28894.143168229508,38439.93432689989,1.0
2019-06-20,29170.20348596877,38807.19700786523,1.0
2019-06-21,29127.80445621166,38750.79056210567,1.0
2019-06-24,29092.142944484825,38703.347515921676,1.0
2019-06-25,28806.80385253743,38323.74062149002,1.0
2019-06-26,28778.077922400324,38285.52447292592,1.0
2019-06-27,28880.11086859493,38421.26616036981,1.0
2019-06-28,29028.72232135169,38618.974548915365,1.0
2019-07-01,29292.260993723252,38969.578794197165,1.0
2019-07-02,29368.55239121021,39071.074668016,1.0
2019-07-03,29603.355062416227,39383.44936652805,1.0
2019-07-05,29569.67754329323,39338.64576685584,1.0
2019-07-08,29407.198284366506,39122.48804913905,1.0
2019-07-09,29443.84339987155,39171.23965340758,1.0
2019-07-10,29584.532310250892,39358.40812018016,1.0
2019-07-11,29653.881412129158,39450.668164242,1.0
2019-07-12,29786.64442312161,39627.292243173084,1.0
2019-07-15,29796.54760109338,39640.46714538929,1.0
2019-07-16,29700.453204672358,39512.625933206575,1.0
2019-07-17,29498.337734792163,39243.73734414511,1.0
2019-07-18,29606.33608683621,39387.41523539856,1.0
2019-07-19,29441.86612128668,39168.60913903289,1.0
2019-07-22,29514.176105528033,39264.80825555395,1.0
2019-07-23,29725.204435582833,39545.55425661001,1.0
2019-07-24,29864.91645620292,39731.42309743516,1.0
2019-07-25,29722.240196210263,39541.61071808225,1.0
2019-07-26,29921.391426717895,39806.55576861595,1.0
2019-07-29,29866.883663759352,39734.040213604225,1.0
2019-07-30,29793.573290692373,39636.51020865589,1.0
2019-07-31,29467.621098032258,39202.87281693214,1.0
2019-08-01,29211.02807827886,38861.50886747587,1.0
2019-08-02,28991.08017403051,38568.89652228813,1.0
2019-08-05,28119.227884461925,37409.00939365288,1.0
2019-08-06,28513.535504193656,37933.58487314832,1.0
2019-08-07,28530.384334783597,37956.000071190065,1.0
2019-08-08,29090.155594871518,38700.70360334136,1.0
2019-08-09,28892.001396180032,38437.08497516638,1.0
2019-08-12,28540.290869764856,37969.17943947483,1.0
2019-08-13,28984.144592440785,38559.66962466823,1.0
2019-08-14,28127.155462353578,37419.55601452868,1.0
2019-08-15,28201.44776069403,37518.39234452726,1.0
2019-08-16,28617.575942058476,38071.99726958384,1.0
2019-08-19,28962.344172864963,38530.6669755184,1.0
2019-08-20,28740.415633022254,38235.41964988741,1.0
2019-08-21,28974.22462942161,38546.472392109295,1.0
2019-08-22,28965.318483265975,38534.6239122518,1.0
2019-08-23,28221.270901684977,37544.76447930241,1.0
2019-08-26,28533.34521714668,37959.93914364928,1.0
2019-08-27,28421.395664942374,37811.004689714995,1.0
2019-08-28,28621.533856237686,38077.262764401756,1.0
2019-08-29,28987.108831813348,38563.613163196,1.0
2019-08-30,28974.224629421595,38546.47239210928,1.0
2019-09-03,28804.82321694307,38321.105641046786,1.0
2019-09-04,29131.7590133814,38756.05159085507,1.0
2019-09-05,29506.270348198024,39254.290664123735,1.0
2019-09-06,29529.04430052362,39284.58847315247,1.0
2019-09-09,29543.91920953817,39304.37762288807,1.0
2019-09-10,29536.973556920002,39295.13732706253,1.0
2019-09-11,29747.01828319658,39574.57477003406,1.0
2019-09-12,29850.054975226296,39711.65181197376,1.0
2019-09-13,29830.23183423534,39685.2796771986,1.0
2019-09-16,29738.102066012496,39562.712891970914,1.0
2019-09-17,29813.389717664362,39662.87341129396,1.0
2019-09-18,29831.228866051486,39686.60609955733,1.0
2019-09-19,29829.238159428685,39683.957720908445,1.0
2019-09-20,29688.310901376113,39496.472163268954,1.0
2019-09-23,29681.338392682093,39487.19613889504,1.0
2019-09-24,29448.44250286183,39177.358167318176,1.0
2019-09-25,29622.61086880473,39409.06673571864,1.0
2019-09-26,29560.915748545325,39326.98932794593,1.0
2019-09-27,29401.655861711795,39115.11456996654,1.0
2019-09-30,29538.004158830965,39296.50841010673,1.0
2019-10-01,29186.672974487254,38829.1075401611,1.0
2019-10-02,28671.096744229304,38143.19980044249,1.0
2019-10-03,28905.99005469133,38455.69508280534,1.0
2019-10-04,29297.14879952898,38976.081390002866,1.0
2019-10-07,29170.740607485874,38807.91157883291,1.0
2019-10-08,28717.88002836986,38205.43893172557,1.0
2019-10-09,28990.596764665093,38568.25340841724,1.0
2019-10-10,29186.672974487243,38829.10754016109,1.0
2019-10-11,29489.240239096045,39231.6342983804,1.0
2019-10-14,29456.401972343538,39187.94721584515,1.0
2019-10-15,29748.02202903168,39575.910124529866,1.0
2019-10-16,29700.245070084464,39512.34903695662,1.0
2019-10-17,29787.839518497167,39628.88216357612,1.0
2019-10-18,29657.446556198993,39455.41112903986,1.0
2019-10-21,29858.50792510185,39722.89737257729,1.0
2019-10-22,29760.973371613072,39593.14021698755,1.0
2019-10-23,29847.560717181193,39708.3335230427,1.0
2019-10-24,29896.331350935066,39773.216566906114,1.0
2019-10-25,30018.75812973256,39936.0896207783,1.0
2019-10-28,30187.96483566113,40161.19733986502,1.0
2019-10-29,30178.998263334823,40149.26847077368,1.0
2019-10-30,30271.571156809267,40272.424777049666,1.0
2019-10-31,30190.94921709058,40165.16767480408,1.0
2019-11-01,30470.631748060885,40537.24924373258,1.0
2019-11-04,30593.041741810972,40700.099967262024,1.0
2019-11-05,30559.203086232843,40655.08199629952,1.0
2019-11-06,30566.178951936352,40664.36248674199,1.0
2019-11-07,30673.67039554862,40807.36600164471,1.0
2019-11-08,30749.31724721504,40908.00439030236,1.0
2019-11-11,30690.59308034716,40829.87945319451,1.0
2019-11-12,30755.292724092924,40915.95399231757,1.0
2019-11-13,30765.236186178485,40929.18248735636,1.0
2019-11-14,30810.025406686753,40988.768773922005,1.0
2019-11-15,31032.98454844042,41285.38718259718,1.0
2019-11-18,31055.865925069447,41315.82790581945,1.0
2019-11-19,31046.912780781066,41303.91690100229,1.0
2019-11-20,30931.458510677596,41150.31987150403,1.0
2019-11-21,30881.70091613603,41084.12380348753,1.0
2019-11-22,30950.3618310705,41175.46830349707,1.0
2019-11-25,31190.240300613234,41494.595697653494,1.0
2019-11-26,31260.908707217917,41588.61090665466,1.0
2019-11-27,31400.258170813955,41773.99741207664,1.0
2019-11-29,31283.80015487538,41619.065028082565,1.0
2019-12-02,31018.04585624572,41265.513177559165,1.0
2019-12-03,30810.025406686764,40988.768773922005,1.0
2019-12-04,31000.132853649997,41241.68223578774,1.0
2019-12-05,31055.86592506945,41315.82790581944,1.0
2019-12-06,31339.53658330431,41693.215164182795,1.0
2019-12-09,31241.004997999386,41562.13158623434,1.0
2019-12-10,31206.169310605117,41515.787192913114,1.0
2019-12-11,31294.75071980552,41633.633343685695,1.0
2019-12-12,31564.483074671298,41992.477485438314,1.0
2019-12-13,31583.38975207368,42017.630383499905,1.0
2019-12-16,31800.373416949467,42306.29919015988,1.0
2019-12-17,31807.335854615045,42315.561816328154,1.0
2019-12-18,31809.336632266295,42318.223593182694,1.0
2019-12-19,31939.716166526552,42491.67676344478,1.0
2019-12-20,32079.740389028462,42677.96094864488,1.0
2019-12-23,32128.746013446078,42743.15661730665,1.0
2019-12-24,32129.753116290667,42744.496437871014,1.0
2019-12-26,32300.782678367945,42972.02923217923,1.0
2019-12-27,32292.78292477244,42961.38659082966,1.0
2019-12-30,32114.753997925283,42724.54204359915,1.0
2019-12-31,32192.770898285973,42828.33347665159,1.0
2020-01-02,32493.827508627895,43228.85050402436,1.0
2020-01-03,32247.785569676285,42901.52340801405,1.0
2020-01-06,32370.806539152094,43065.186956019206,1.0
2020-01-07,32279.78794106779,42944.09843948088,1.0
2020-01-08,32451.821248980166,43172.9665882849,1.0
2020-01-09,32671.869863512973,43465.71291552907,1.0
2020-01-10,32577.846741942314,43340.6272676404,1.0
2020-01-13,32801.896911777614,43638.69714859362,1.0
2020-01-14,32751.884184515427,43572.1616593675,1.0
2020-01-15,32825.896172564135,43670.62507264234,1.0
2020-01-16,33098.95532382653,44033.895088325895,1.0
2020-01-17,33201.988658846756,44170.96766419704,1.0
2020-01-21,33136.96674219073,44084.464382493396,1.0
2020-01-22,33140.96158347426,44089.77900406536,1.0
2020-01-23,33178.97635884794,44140.35276430141,1.0
2020-01-24,32883.91201043131,43747.80766928659,1.0
2020-01-27,32356.804452602846,43046.55898410606,1.0
2020-01-28,32695.875838318447,43497.64977171488,1.0
2020-01-29,32668.85862600765,43461.70685204164,1.0
2020-01-30,32774.88977049527,43602.76762712604,1.0
2020-01-31,32179.77591458131,42811.0453253028,1.0
2020-02-03,32418.815131753552,43129.05620232226,1.0
2020-02-04,32912.9199293649,43786.39896760871,1.0
2020-02-05,33292.99718590262,44292.04278252974,1.0
2020-02-06,33405.02394932501,44441.07995604063,1.0
2020-02-07,33226.988308458895,44204.226476673015,1.0
2020-02-10,33475.03102506175,44534.21534953786,1.0
2020-02-11,33533.053576947896,44611.4068783192,1.0
2020-02-12,33749.08720814029,44898.811787580125,1.0
2020-02-13,33713.08999546526,44850.92213454134,1.0
2020-02-14,33767.107635039436,44922.78564354508,1.0
2020-02-18,33680.083878238656,44807.011748578705,1.0
2020-02-19,33841.112909069176,45021.240124682816,1.0
2020-02-20,33702.0857183834,44836.282361841426,1.0
2020-02-21,33355.01793608178,44374.55339895159,1.0
2020-02-24,32248.772530463983,42902.836432167125,1.0
2020-02-25,31271.57056933262,41602.79514036269,1.0
2020-02-26,31156.54599644284,41449.76976763855,1.0
2020-02-27,29757.263876135523,39588.20521124217,1.0
2020-02-28,29632.221986951583,39421.8530899712,1.0
2020-03-02,30915.50264460987,41129.09264769601,1.0
2020-03-03,30030.316313378957,39951.46629478863,1.0
2020-03-04,31292.57873467071,41630.743797335235,1.0
2020-03-05,30252.362348553528,40246.86993281878,1.0
2020-03-06,29752.25521798844,39581.54183696875,1.0
2020-03-09,27428.768245241416,36490.441812933124,1.0
2020-03-10,28848.0581420612,38378.624137874795,1.0
2020-03-11,27441.759871936592,36507.725498213375,1.0
2020-03-12,24816.215900022024,33014.77755837771,1.0
2020-03-13,26937.65622158323,35837.0805477571,1.0
2020-03-16,23990.042438474433,31915.66022447329,1.0
2020-03-17,25285.319369516495,33638.85927815391,1.0
2020-03-18,24005.048270858788,31935.623550882265,1.0
2020-03-19,24056.05802993713,32003.485462467113,1.0
2020-03-20,23019.379931813935,30624.318834200116,1.0
2020-03-23,22430.81560139927,29841.309832113762,1.0
2020-03-24,24463.11892869081,32545.027536375903,1.0
2020-03-25,24829.33677158226,33032.23318729706,1.0
2020-03-26,26279.11670702192,34960.97857982474,1.0
2020-03-27,25496.377912656633,33919.6454738269,1.0
2020-03-30,26324.389336895594,35021.20798026128,1.0
2020-03-31,25932.01367612073,34499.20272321512,1.0
2020-04-01,24764.94932971832,34499.20272321512,0.0
2020-04-02,25336.406339812926,34499.20272321512,0.0
2020-04-03,24970.195210940437,34499.20272321512,0.0
2020-04-06,26647.3470770978,34499.20272321512,0.0
2020-04-07,26674.515354835276,34499.20272321512,0.0
2020-04-08,27569.933850967198,34499.20272321512,0.0
2020-04-09,27989.479467984278,34499.20272321512,0.0
2020-04-13,27733.925442665543,34499.20272321512,0.0
2020-04-14,28551.8725524776,34499.20272321512,0.0
2020-04-15,27945.208905440966,34499.20272321512,0.0
2020-04-16,28080.021370722145,34499.20272321512,0.0
2020-04-17,28838.61487438846,34499.20272321512,0.0
2020-04-20,28330.5382033132,34499.20272321512,0.0
2020-04-21,27470.326344123303,34499.20272321512,0.0
2020-04-22,28080.021370722145,34499.20272321512,0.0
2020-04-23,28078.012200547193,34499.20272321512,0.0
2020-04-24,28469.384115486948,34499.20272321512,0.0
2020-04-27,28879.859092883784,34499.20272321512,0.0
2020-04-28,28747.06251179652,34499.20272321512,0.0
2020-04-29,29499.620112414268,34499.20272321512,0.0
2020-04-30,29224.963024638466,34499.20272321512,0.0
2020-05-01,28451.26969232231,34499.20272321512,0.0
2020-05-04,28529.749859991505,34499.20272321512,0.0
2020-05-05,28793.345601524266,34499.20272321512,0.0
2020-05-06,28598.15564220535,34499.20272321512,0.0
2020-05-07,28943.239431903137,34499.20272321512,0.0
2020-05-08,29422.15040459915,34499.20272321512,0.0
2020-05-11,29428.193021666673,34499.20272321512,0.0
2020-05-12,28841.636182922222,34499.20272321512,0.0
2020-05-13,28331.548663167276,34499.20272321512,0.0
2020-05-14,28670.596549816506,34499.20272321512,0.0
2020-05-15,28802.396099087626,34499.20272321512,0.0
2020-05-18,29679.71024308335,34499.20272321512,0.0
2020-05-19,29374.866926045783,34499.20272321512,0.0
2020-05-20,29873.876314510275,34499.20272321512,0.0
2020-05-21,29667.64179399572,34499.20272321512,0.0
2020-05-22,29723.97241310296,34499.20272321512,0.0
2020-05-26,30090.188577489673,34499.20272321512,0.0
2020-05-27,30537.896147050888,34499.20272321512,0.0
2020-05-28,30481.565527943647,34499.20272321512,0.0
2020-05-29,30617.386774574155,34499.20272321512,0.0
2020-06-01,30741.13621510754,34499.20272321512,0.0
2020-06-02,30995.678102067464,34499.20272321512,0.0
2020-06-03,31408.160571134507,34499.20272321512,0.0
2020-06-04,31325.665420124893,34499.20272321512,0.0
2020-06-05,32128.5412358677,34499.20272321512,0.0
2020-06-08,32516.893520778427,34499.20272321512,0.0
2020-06-09,32274.423439915623,34499.20272321512,0.0
2020-06-10,32094.31988120862,34499.20272321512,0.0
2020-06-11,30244.12760429429,34499.20272321512,0.0
2020-06-12,30606.315357302654,34499.20272321512,0.0
2020-06-15,30892.04721935944,34499.20272321512,0.0
2020-06-16,31486.640738803697,34499.20272321512,0.0
2020-06-17,31355.865077424573,34499.20272321512,0.0
2020-06-18,31367.933526512206,34499.20272321512,0.0
2020-06-19,31188.66250615673,34499.20272321512,0.0
2020-06-22,31388.736914271893,34499.20272321512,0.0
2020-06-23,31533.252815460666,34499.20272321512,0.0
2020-06-24,30728.87641647942,34499.20272321512,0.0
2020-06-25,31058.306470962845,34499.20272321512,0.0
2020-06-26,30320.63385038809,34499.20272321512,0.0
2020-06-29,30766.26678808946,34499.20272321512,0.0
2020-06-30,31160.362916223825,34499.20272321512,0.0
2020-07-01,31378.635672740682,34499.20272321512,0.0
2020-07-02,31551.441092833913,34499.20272321512,0.0
2020-07-06,32038.506241561598,34499.20272321512,0.0
2020-07-07,31708.062370214626,34143.37932682174,1.0
2020-07-08,31950.592877248102,34404.53723055253,1.0
2020-07-09,31768.700032487217,34208.674225018025,1.0
2020-07-10,32093.074430690813,34557.96198635972,1.0
2020-07-13,31815.18454278388,34258.72894767341,1.0
2020-07-14,32227.47566231045,34702.68581652009,1.0
2020-07-15,32523.56389861908,35021.51491583432,1.0
2020-07-16,32416.44844006879,34906.17252466745,1.0
2020-07-17,32510.417849487738,35007.35919301217,1.0
2020-07-20,32773.160910612074,35290.28206280838,1.0
2020-07-21,32842.88264054285,35365.35872452786,1.0
2020-07-22,33029.82107055511,35566.65483818332,1.0
2020-07-23,32635.73165643971,35142.29764480695,1.0
2020-07-24,32425.539221745927,34915.96151787542,1.0
2020-07-27,32662.00361264551,35170.5874013969,1.0
2020-07-28,32454.842557513934,34947.515477148816,1.0
2020-07-29,32853.994341928126,35377.32385285813,1.0
2020-07-30,32736.78099885611,35251.10801576453,1.0
2020-07-31,32995.46879252624,35529.66415594656,1.0
2020-08-03,33224.85996444734,35776.67356653998,1.0
2020-08-04,33353.19507993309,35914.86537649104,1.0
2020-08-05,33560.35277805518,36137.93368589673,1.0
2020-08-06,33784.68493668697,36379.49552899961,1.0
2020-08-07,33808.94268720359,36405.61638015203,1.0
2020-08-10,33909.995386629475,36514.430365952,1.0
2020-08-11,33630.084579014394,36213.02119214338,1.0
2020-08-12,34098.96145036884,36717.90984441456,1.0
2020-08-13,34037.31332824218,36651.52687865712,1.0
2020-08-14,34038.32378809625,36652.61494621827,1.0
2020-08-17,34146.45977752905,36769.056249473484,1.0
2020-08-18,34220.223346876104,36848.485181437565,1.0
2020-08-19,34077.73843642391,36695.05681078798,1.0
2020-08-20,34183.84343512013,36809.311134393705,1.0
2020-08-21,34305.112045646354,36939.8937011015,1.0
2020-08-24,34652.710235446124,37314.18894213769,1.0
2020-08-25,34773.9889170008,37444.78235337268,1.0
2020-08-26,35122.617708711536,37820.187351024404,1.0
2020-08-27,35199.4093006113,37902.87687082953,1.0
2020-08-28,35426.7728388053,38147.70291661586,1.0
2020-08-31,35298.437723319556,38009.511106664795,1.0
2020-09-01,35630.912585403115,38367.521482707685,1.0
2020-09-02,36146.27396705422,38922.46485763424,1.0
2020-09-03,34902.320675477065,37582.970548481346,1.0
2020-09-04,34617.357568591644,37276.12103686696,1.0
2020-09-08,33671.49664798383,36257.61388793862,1.0
2020-09-09,34336.42287308458,36973.60933612762,1.0
2020-09-10,33740.22470310795,36331.620556308924,1.0
2020-09-11,33757.402520627125,36350.117704848504,1.0
2020-09-14,34202.03171249339,36828.89635049444,1.0
2020-09-15,34374.82706155818,37014.96313313618,1.0
2020-09-16,34238.40826723989,36868.0667826959,1.0
2020-09-17,33937.277802689365,36543.808190103104,1.0
2020-09-18,33546.558826093846,36123.080298492176,1.0
2020-09-21,33173.20901655797,35721.05560143738,1.0
2020-09-22,33511.05173680318,36084.84611047123,1.0
2020-09-23,32733.90739873957,35248.01371067367,1.0
2020-09-24,32821.15607517564,35341.96346454189,1.0
2020-09-25,33351.77170791276,35913.3326833152,1.0
2020-09-28,33905.725270568444,36509.832286424484,1.0
2020-09-29,33721.069607003905,36310.994265598194,1.0
2020-09-30,33976.73944914977,36586.300662466354,1.0
2020-10-01,34194.86785425889,36821.18227682168,1.0
2020-10-02,33870.21146725882,36471.59086871875,1.0
2020-10-05,34470.83081872318,37118.34039597277,1.0
2020-10-06,33980.791359594485,36590.663777238144,1.0
2020-10-07,34572.29307330586,37227.59539254504,1.0
2020-10-08,34878.68397171461,37557.518443172135,1.0
2020-10-09,35190.167453507485,37892.92520971374,1.0
2020-10-12,35756.29017553526,38502.52861650799,1.0
2020-10-13,35522.93101840649,38251.24646220267,1.0
2020-10-14,35299.7335289796,38010.906435829595,1.0
2020-10-15,35256.10583375209,37963.92794405309,1.0
2020-10-16,35234.80225157959,37940.98815420901,1.0
2020-10-19,34699.110820505746,37364.153293733165,1.0
2020-10-20,34838.10779810619,37513.82584313346,1.0
2020-10-21,34772.16270384262,37442.81587910933,1.0
2020-10-22,34962.89119756001,37648.19314982971,1.0
2020-10-23,35081.60176686098,37776.02120663186,1.0
2020-10-26,34433.29609570541,37077.92284314474,1.0
2020-10-27,34314.59895444237,36950.10924571218,1.0
2020-10-28,33141.75719472151,35687.18814303064,1.0
2020-10-29,33478.59281212213,36049.894199345734,1.0
2020-10-30,33129.57796432097,35674.07349481848,1.0
2020-11-02,33500.91356816766,36073.929286435756,1.0
2020-11-03,34092.40856786007,36710.853672057856,1.0
2020-11-04,34854.349009979895,37531.3144506446,1.0
2020-11-05,35534.10314596244,38263.27665769607,1.0
2020-11-06,35525.98254002559,38254.5323539405,1.0
2020-11-09,35972.39430392677,38735.23048089862,1.0
2020-11-10,35919.62882888936,38678.4123881206,1.0
2020-11-11,36186.4674415817,38965.74536563978,1.0
2020-11-12,35835.42160304396,38587.73768146303,1.0
2020-11-13,36331.55067737292,39121.97162430375,1.0
2020-11-16,36785.05915931896,39610.311528086706,1.0
2020-11-17,36587.217162509296,39397.2744063295,1.0
2020-11-18,36146.89165679889,38923.12998863505,1.0
2020-11-19,36299.07161063499,39086.998024123866,1.0
2020-11-20,36050.51191457191,38819.34786345012,1.0
2020-11-23,36266.60932894446,39052.04249815596,1.0
2020-11-24,36850.99753956357,39681.31426242605,1.0
2020-11-25,36794.18686810041,39620.14028456103,1.0
2020-11-27,36896.652868518184,39730.47611900965,1.0
2020-11-30,36733.31757217355,39554.59596223942,1.0
2020-12-01,37135.07775295523,39987.21307049031,1.0
2020-12-02,37213.19872060985,40071.33406788419,1.0
2020-12-03,37203.05719496486,40060.41362900632,1.0
2020-12-04,37523.66167152021,40405.64192233746,1.0
2020-12-07,37446.54780671017,40322.605377662316,1.0
2020-12-08,37556.127310220225,40440.601063147755,1.0
2020-12-09,37219.28497880064,40077.88777714787,1.0
2020-12-10,37207.115819428545,40064.78397346291,1.0
2020-12-11,37163.48812420103,40017.8054816864,1.0
2020-12-14,36997.104663246784,39838.64304802074,1.0
2020-12-15,37497.28229101099,40377.236490790856,1.0
2020-12-16,37556.12731022022,40440.601063147755,1.0
2020-12-17,37766.12839537353,40666.73114406274,1.0
2020-12-18,37615.341600472464,40504.363268168214,1.0
2020-12-21,37480.84972959681,40359.541837263154,1.0
2020-12-22,37417.68423918431,40291.524962742784,1.0
2020-12-23,37451.304689146105,40327.72760933726,1.0
2020-12-24,37597.005614682006,40484.618999002065,1.0
2020-12-28,37919.99692497904,40832.41744527666,1.0
2020-12-29,37847.65337064285,40754.517591646036,1.0
2020-12-30,37901.64079713169,40812.65148705613,1.0
2020-12-31,38094.22236008312,41020.02415077903,1.0
2021-01-04,37575.604679234515,40461.57437872849,1.0
2021-01-05,37834.389826179635,40740.23534934001,1.0
2021-01-06,38060.588482083396,40983.807044814974,1.0
2021-01-07,38626.086800347526,41592.738090923594,1.0
2021-01-08,38846.15891394671,41829.712699026124,1.0
2021-01-11,38584.30546033508,41547.7477624648,1.0
2021-01-12,38592.45963636676,41556.528214644335,1.0
2021-01-13,38696.38593590919,41668.436505535145,1.0
2021-01-14,38560.870177141536,41522.51254769935,1.0
2021-01-15,38279.653492837984,41219.697200198745,1.0
2021-01-19,38580.21997979554,41543.34849926904,1.0
2021-01-20,39114.13555285342,42118.27110811748,1.0
2021-01-21,39149.78699355181,42156.66073436144,1.0
2021-01-22,39011.21971316507,42007.45088478782,1.0
2021-01-25,39165.078171742134,42173.12634147456,1.0
2021-01-26,39103.93360103777,42107.285602076496,1.0
2021-01-27,38148.22657161938,41078.17612040112,1.0
2021-01-28,38476.310465300536,41431.45828259022,1.0
2021-01-29,37706.021140599085,40602.00739096499,1.0
2021-02-01,38333.661061383726,41277.852784663235,1.0
2021-02-02,38875.707311406906,41861.53054179441,1.0
2021-02-03,38906.27623974961,41894.44729665105,1.0
2021-02-04,39348.47159974145,42370.605181559986,1.0
2021-02-05,39503.33380415361,42537.36147612307,1.0
2021-02-08,39788.632611987225,42844.57247197703,1.0
2021-02-09,39762.135736146134,42816.04052094656,1.0
2021-02-10,39744.81692422872,42797.39154902636,1.0
2021-02-11,39809.00630253323,42866.51095047747,1.0
2021-02-12,40005.6565609768,43078.26480318414,1.0
2021-02-16,39971.012223123005,43040.95962965894,1.0
2021-02-17,39980.18693003719,43050.83899392681,1.0
2021-02-18,39810.02347640627,42867.60624772342,1.0
2021-02-19,39739.72769785408,42791.91144795426,1.0
2021-02-22,39434.055199474475,42462.76197359988,1.0
2021-02-23,39481.95301076304,42514.33854490391,1.0
2021-02-24,39917.01136859626,42982.81127487927,1.0
2021-02-25,38955.18115388277,41947.108320673855,1.0
2021-02-26,38754.45884293758,41730.96966414101,1.0
2021-03-01,39693.87430534003,42742.53631566931,1.0
2021-03-02,39384.136468477765,42409.00926717354,1.0
2021-03-03,38862.460551991106,41847.26637370039,1.0
2021-03-04,38381.54880164385,41329.41851144008,1.0
2021-03-05,39087.63867701235,42089.739157087024,1.0
2021-03-08,38893.02612332433,41880.179513714626,1.0
2021-03-09,39448.33256080124,42478.13589830943,1.0
2021-03-10,39693.87430534003,42742.5363156693,1.0
2021-03-11,40096.33945811292,43175.91254082332,1.0
2021-03-12,40150.34366964916,43234.064510445416,1.0
2021-03-15,40389.78237094976,43491.893144329624,1.0
2021-03-16,40338.83975206105,43437.037910972555,1.0
2021-03-17,40476.37978754632,43585.14161877305,1.0
2021-03-18,39887.45961412657,42950.989817268564,1.0
2021-03-19,39813.672545713154,42871.53558140772,1.0
2021-03-22,40131.574629635536,43213.8539266102,1.0
2021-03-23,39815.71025046871,42873.72979074201,1.0
2021-03-24,39613.30607777306,42655.78009816884,1.0
2021-03-25,39836.15108120434,42895.740566090346,1.0
2021-03-26,40478.10529042004,43586.99964776451,1.0
2021-03-29,40457.66110267492,43564.98525757377,1.0
2021-03-30,40350.327438508306,43449.40790165116,1.0
2021-03-31,40513.88429747875,43625.52663801951,1.0
2021-04-01,40951.389915224296,44096.634588101435,1.0
2021-04-05,41539.17206242967,44729.56095803373,1.0
2021-04-06,41514.645751154494,44703.15091948963,1.0
2021-04-07,41562.684556841305,44754.87931417428,1.0
2021-04-08,41759.979361105405,44967.32721662095,1.0
2021-04-09,42063.57722762518,45294.24271837471,1.0
2021-04-12,42078.90533291979,45310.748088754175,1.0
2021-04-13,42203.62830620295,45445.0503282873,1.0
2021-04-14,42059.49510409513,45289.847070021366,1.0
2021-04-15,42511.31501027173,45776.36870807921,1.0
2021-04-16,42653.40379360505,45929.37052732608,1.0
2021-04-19,42443.84247669388,45703.71399076496,1.0
2021-04-20,42133.09417997755,45369.09887470804,1.0
2021-04-21,42531.76255502634,45798.386713112355,1.0
2021-04-22,42143.30955983114,45380.098840118626,1.0
2021-04-23,42600.255619486714,45872.140342514955,1.0
2021-04-26,42689.17608664479,45967.890287896305,1.0
2021-04-27,42679.98123767371,45957.98923457406,1.0
2021-04-28,42667.718082036125,45944.78421530202,1.0
2021-04-29,42939.62242203674,46237.57198999652,1.0
2021-04-30,42657.49598816357,45933.77702020663,1.0
2021-05-03,42749.49819002609,46032.84539090738,1.0
2021-05-04,42485.75809708561,45748.84891291958,1.0
2021-05-05,42499.045140615184,45763.156459122365,1.0
2021-05-06,42838.43208522209,46128.6097956583,1.0
2021-05-07,43150.20426983042,46464.32743864595,1.0
2021-05-10,42722.91738894795,46004.223068817,1.0
2021-05-11,42341.63160899674,45593.65288433843,1.0
2021-05-12,41442.06720615459,44624.998026891284,1.0
2021-05-13,41939.89157027195,45161.05746514191,1.0
2021-05-14,42583.89355527165,45854.521600677544,1.0
2021-05-17,42475.53264620356,45737.83810298181,1.0
2021-05-18,42109.58168556592,45343.78051856749,1.0
2021-05-19,41999.17300071384,45224.891967010284,1.0
2021-05-20,42450.996263899935,45711.41721991052,1.0
2021-05-21,42416.244501742716,45673.99637142866,1.0
2021-05-24,42848.64410806621,46139.60614622649,1.0
2021-05-25,42753.587027575115,46037.24826894553,1.0
2021-05-26,42838.43208522209,46128.6097956583,1.0
2021-05-27,42860.91397772276,46152.818395183334,1.0
2021-05-28,42937.584717281185,46235.37778066222,1.0
2021-06-01,42899.761291447976,46194.64935138814,1.0
2021-06-02,42967.22711100687,46267.2968390176,1.0
2021-06-03,42807.75573257597,46095.577365845005,1.0
2021-06-04,43199.27703443767,46517.169204788544,1.0
2021-06-07,43157.35805703648,46472.03066779153,1.0
2021-06-08,43166.55962002651,46481.938950798554,1.0
2021-06-09,43102.162107134136,46412.595429118905,1.0
2021-06-10,43302.515147036305,46628.33645298821,1.0
2021-06-11,43374.06980414422,46705.38681865582,1.0
2021-06-14,43471.188088457246,46809.96420916785,1.0
2021-06-15,43391.4523992418,46724.104472581545,1.0
2021-06-16,43149.18373894792,46463.22852655763,1.0
2021-06-17,43134.88287855479,46447.82929795129,1.0
2021-06-18,42552.975497942854,45821.22890221175,1.0
2021-06-21,43162.15186657673,46477.192662732814,1.0
2021-06-22,43392.9059843475,46725.66969933894,1.0
2021-06-23,43340.60713362809,46669.35406965394,1.0
2021-06-24,43596.988661784126,46945.426813110025,1.0
2021-06-25,43751.85422320578,47112.18672251552,1.0
2021-06-28,43840.05293332525,47207.15947678177,1.0
2021-06-29,43863.64263895496,47232.56097429743,1.0
2021-06-30,43900.56974325649,47272.32424065181,1.0
2021-07-01,44143.6340147976,47534.056904323545,1.0
2021-07-02,44481.04032381015,47897.37748384593,1.0
2021-07-06,44400.02225697259,47810.13687746441,1.0
2021-07-07,44556.92888015928,47979.09461104658,1.0
2021-07-08,44193.88508973301,47588.167480147065,1.0
2021-07-09,44665.63891821349,48096.154052351485,1.0
2021-07-12,44825.630633114095,48268.43382609544,1.0
2021-07-13,44672.81284747644,48103.87897055143,1.0
2021-07-14,44739.48641279759,48175.67335537547,1.0
2021-07-15,44586.66527015046,48011.11488498905,1.0
2021-07-16,44236.94880736757,47634.53867840106,1.0
2021-07-19,43583.664691150254,46931.07950364089,1.0
2021-07-20,44208.232948258905,47603.61731654694,1.0
2021-07-21,44566.16065623465,47989.03542763517,1.0
2021-07-22,44659.48887684255,48089.531661082285,1.0
2021-07-23,45118.94262258114,48584.2734507483,1.0
2021-07-26,45229.70715043831,48703.54517559946,1.0
2021-07-27,45023.55991217029,48481.56493375492,1.0
2021-07-28,45005.09971702901,48461.68691542013,1.0
2021-07-29,45191.76287226375,48662.68661199913,1.0
2021-07-30,44972.27823532391,48426.344601315875,1.0
2021-08-02,44877.932840842994,48324.75307062282,1.0
2021-08-03,45243.03447808169,48717.89609991099,1.0
2021-08-04,45020.491605503776,48478.2609678051,1.0
2021-08-05,45305.602420806405,48785.2695324849,1.0
2021-08-06,45380.46037524457,48865.87690307002,1.0
2021-08-09,45343.54334197148,48826.124481242834,1.0
2021-08-10,45399.95452930629,48886.86829286275,1.0
2021-08-11,45512.7601189285,49008.3378418906,1.0
2021-08-12,45649.16548520887,49155.2197329613,1.0
2021-08-13,45732.23804184938,49244.67262288908,1.0
2021-08-16,45839.92083500212,49360.625922420855,1.0
2021-08-17,45539.42820225317,49037.05414988326,1.0
2021-08-18,45041.002933438554,48500.34765484379,1.0
2021-08-19,45110.73809140725,48575.43877593284,1.0
2021-08-20,45469.67961624657,48961.94856942464,1.0
2021-08-23,45869.657224993316,49392.646196363334,1.0
2021-08-24,45942.47411766645,49471.05574277177,1.0
2021-08-25,46038.890786997734,49574.87763122306,1.0
2021-08-26,45767.10729933848,49282.21999085481,1.0
2021-08-27,46176.30661313217,49722.84758985491,1.0
2021-08-30,46379.36875968627,49941.50579153765,1.0
2021-08-31,46310.65748960958,49867.51719737933,1.0
2021-09-01,46335.26436911232,49894.01399214093,1.0
2021-09-02,46477.833204801565,50047.53273385041,1.0
2021-09-03,46466.536867894785,50035.36878918836,1.0
2021-09-07,46300.39846863272,49856.470239017595,1.0
2021-09-08,46243.99399531688,49795.73365708249,1.0
2021-09-09,46046.05464523223,49582.59170489581,1.0
2021-09-10,45683.01085480598,49191.6645739963,1.0
2021-09-13,45799.90863898668,49317.540615904676,1.0
2021-09-14,45552.76224391551,49051.41230387959,1.0
2021-09-15,45933.245698600535,49461.11854102556,1.0
2021-09-16,45860.43216293688,49382.71260945951,1.0
2021-09-17,45413.70484014439,48901.67468731616,1.0
2021-09-20,44656.46085428983,48086.271073241216,1.0
2021-09-21,44614.276673139546,48040.84696369492,1.0
2021-09-22,45049.489453408925,48509.48597642049,1.0
2021-09-23,45596.83642140411,49098.87156969472,1.0
2021-09-24,45671.94279454394,49179.746438617134,1.0
2021-09-27,45541.27791447772,49039.04592804335,1.0
2021-09-28,44623.53866230028,48050.82031386507,1.0
2021-09-29,44698.6450354401,48131.69518278749,1.0
2021-09-30,44152.32531234639,47543.41573128638,1.0
2021-10-01,44677.03596540475,48108.42644228539,1.0
2021-10-04,44100.8791420354,47488.01827156994,1.0
2021-10-05,44559.75548214308,47982.138308343856,1.0
2021-10-06,44744.94491021525,48181.55108911108,1.0
2021-10-07,45131.796611887556,48598.114682282,1.0
2021-10-08,45049.48945340893,48509.48597642049,1.0
2021-10-11,44723.332483170416,48158.278733766594,1.0
2021-10-12,44613.24607122859,48039.737207079386,1.0
2021-10-13,44773.74469456096,48212.56282202511,1.0
2021-10-14,45526.87634380013,49023.53825416514,1.0
2021-10-15,45873.59164010615,49396.88279165123,1.0
2021-10-18,46009.40952972717,49543.13208530265,1.0
2021-10-19,46364.359570292436,49925.34383118577,1.0
2021-10-20,46546.47397767913,50121.4454163184,1.0
2021-10-21,46667.87686858464,50252.172576722034,1.0
2021-10-22,46619.515789987556,50200.097157167365,1.0
2021-10-25,46869.529071156314,50469.31254459851,1.0
2021-10-26,46911.71325230659,50514.73665414481,1.0
2021-10-27,46703.88750929759,50290.94899110234,1.0
2021-10-28,47154.51903411759,50776.190974952064,1.0
2021-10-29,47250.21058940079,50879.23205744586,1.0
2021-11-01,47331.487145968444,50966.75100669184,1.0
2021-11-02,47522.860185506375,51172.82232715222,1.0
2021-11-03,47812.993086994,51485.23869605621,1.0
2021-11-04,48038.31220641347,51727.86330282345,1.0
2021-11-05,48204.987727192645,51907.340227777546,1.0
2021-11-08,48246.14466344144,51951.658195550706,1.0
2021-11-09,48086.669928001065,51779.93510753571,1.0
2021-11-10,47699.82494034774,51363.378744049594,1.0
2021-11-11,47715.25375592681,51379.99255970093,1.0
2021-11-12,48075.34337800894,51767.738629292086,1.0
2021-11-15,48091.81958054639,51785.48027577093,1.0
2021-11-16,48282.16201817337,51990.4418396158,1.0
2021-11-17,48164.86810687378,51864.1392463047,1.0
2021-11-18,48328.445107901105,52040.279671727425,1.0
2021-11-19,48242.03232682605,51947.23001361578,1.0
2021-11-22,48106.22115122398,51800.98794964914,1.0
2021-11-23,48170.00768839065,51869.67357001275,1.0
2021-11-24,48298.60800762547,52008.15095251308,1.0
2021-11-26,47221.4007340266,50848.2094800046,1.0
2021-11-29,47800.639292100386,51471.93607603945,1.0
2021-11-30,46870.563030076744,50470.42591605641,1.0
2021-12-01,46349.95799961482,49909.83615730753,1.0
2021-12-02,47059.87150878326,50674.274108443344,1.0
2021-12-03,46650.38349217412,50233.3356329972,1.0
2021-12-06,47202.88346972412,50828.270009349064,1.0
2021-12-07,48179.26632054189,51879.6433053405,1.0
2021-12-08,48306.84610889419,52017.021775752495,1.0
2021-12-09,47980.695852674646,51665.82176278341,1.0
2021-12-10,48432.36469342458,52152.18073293344,1.0
2021-12-13,48003.33552462097,51690.20025990104,1.0
2021-12-14,47673.069574776535,51334.56845015463,1.0
2021-12-15,48417.96983676594,52136.68028874002,1.0
2021-12-16,47990.98172972736,51676.8976398843,1.0
2021-12-17,47480.22280807602,51126.91021388246,1.0
2021-12-20,46975.34201002758,50583.252376915756,1.0
2021-12-21,47809.57900835084,51481.56240133958,1.0
2021-12-22,48287.61380157206,51996.31234366664,1.0
2021-12-23,48588.06950721671,52319.84435293787,1.0
2021-12-27,49275.68911641548,53060.27613572283,1.0
2021-12-28,49235.42178767941,53016.91610118458,1.0
2021-12-29,49298.40599957989,53084.73777421557,1.0
2021-12-30,49162.11477162191,52937.97878778634,1.0
2021-12-31,49038.21090865235,52804.5585697978,1.0
2022-01-03,49322.143413626814,53110.298324796655,1.0
2022-01-04,49305.63364099455,53092.52052989385,1.0
2022-01-05,48358.85961380765,52073.030143833836,1.0
2022-01-06,48313.42920448832,52024.11048169076,1.0
2022-01-07,48122.41200795548,51818.42233452434,1.0
2022-01-10,48062.53638683529,51753.94800555191,1.0
2022-01-11,48500.30720832993,52225.341528183126,1.0
2022-01-12,48631.4252846762,52366.53004248034,1.0
2022-01-13,47961.3561210491,51644.99665574091,1.0
2022-01-14,47980.97448446166,51666.12179470227,1.0
2022-01-18,47131.24488737917,50751.129272621576,1.0
2022-01-19,46641.85333108049,50224.15031846934,1.0
2022-01-20,46125.619126964084,49668.26708451987,1.0
2022-01-21,45220.14974444319,48693.25371929843,1.0
2022-01-24,45412.184114849064,48900.0371637108,1.0
2022-01-25,44857.74378581849,48303.01340845413,1.0
2022-01-26,44745.206756954845,48181.83304681795,1.0
2022-01-27,44524.25846388088,47943.9149648501,1.0
2022-01-28,45630.037245180676,49134.62236098969,1.0
2022-01-31,46451.88016449654,50019.58638728802,1.0
2022-02-01,46765.76390806901,50357.57776614266,1.0
2022-02-02,47220.04114518643,50846.74546883428,1.0
2022-02-03,46110.139956242776,49651.599046232586,1.0
2022-02-04,46326.949056625504,49885.06002752636,1.0
2022-02-07,46178.27382068858,49724.96588749882,1.0
2022-02-08,46558.22015385649,50134.093749861466,1.0
2022-02-09,47239.66286560846,50867.87422263806,1.0
2022-02-10,46390.96051342745,49953.98784233049,1.0
2022-02-11,45476.19221464153,48968.96136367254,1.0
2022-02-14,45327.51697870461,48808.86722364501,1.0
2022-02-15,46058.509150410275,49596.00277018439,1.0
2022-02-16,46110.13995624277,49651.59904623261,1.0
2022-02-17,45125.15980414172,48590.9681388654,1.0
2022-02-18,44832.96905584164,48276.33587157275,1.0
2022-02-22,44351.83909987805,47758.25304455672,1.0
2022-02-23,43565.09707170553,46911.08581034941,1.0
2022-02-24,44220.71095250334,47617.05368573232,1.0
2022-02-25,45196.395545348845,48667.6750945054,1.0
2022-02-28,45080.75663972386,48543.15461849545,1.0
2022-03-01,44394.170989445534,47803.83620716842,1.0
2022-03-02,45210.85754219712,48683.24783554674,1.0
2022-03-03,44985.77677045085,48440.879882589594,1.0
2022-03-04,44620.279006093275,48047.3103018987,1.0
2022-03-07,43304.90533778747,46630.91022077404,1.0
2022-03-08,42976.58981045205,46277.378634459616,1.0
2022-03-09,44128.82960298215,47518.11544935781,1.0
2022-03-10,43929.56423415214,47303.545634424765,1.0
2022-03-11,43370.9880694398,46702.068393336405,1.0
2022-03-14,43054.02259116288,46360.75858916236,1.0
2022-03-15,44000.799975359274,47380.252590064774,1.0
2022-03-16,44976.481211195314,48430.870383995476,1.0
2022-03-17,45539.17642654201,48430.870383995476,0.0
2022-03-18,46037.960895371216,48430.870383995476,0.0
2022-03-21,46024.50600136753,48430.870383995476,0.0
2022-03-22,46563.04753349155,48430.870383995476,0.0
2022-03-23,45963.38828673903,48430.870383995476,0.0
2022-03-24,46656.268329796025,48430.870383995476,0.0
2022-03-25,46884.10856333646,48430.870383995476,0.0
2022-03-28,47217.59724228356,48430.870383995476,0.0
2022-03-29,47801.71689214411,48430.870383995476,0.0
2022-03-30,47506.55183344303,48430.870383995476,0.0
2022-03-31,46775.36495518742,48430.870383995476,0.0
2022-04-01,46907.93997364887,48430.870383995476,0.0
2022-04-04,47309.76729462018,48430.870383995476,0.0
2022-04-05,46712.19275075595,48430.870383995476,0.0
2022-04-06,46245.10516545539,48430.870383995476,0.0
2022-04-07,46478.11855060751,48430.870383995476,0.0
2022-04-08,46353.83870257597,48430.870383995476,0.0
2022-04-11,45561.55089473927,48430.870383995476,0.0
2022-04-12,45392.73024490112,48430.870383995476,0.0
2022-04-13,45912.64037440027,48430.870383995476,0.0
2022-04-14,45340.955087660885,48430.870383995476,0.0
2022-04-18,45359.58649028575,48430.870383995476,0.0
2022-04-19,46091.81068447128,48430.870383995476,0.0
2022-04-20,46057.632970935476,48430.870383995476,0.0
2022-04-21,45368.915619636115,48430.870383995476,0.0
2022-04-22,44124.03243643245,48430.870383995476,0.0
2022-04-25,44379.849986995505,48430.870383995476,0.0
2022-04-26,43094.57190869545,48430.870383995476,0.0
2022-04-27,43215.72973790877,48430.870383995476,0.0
2022-04-28,44307.34193919472,48430.870383995476,0.0
2022-04-29,42669.94042231321,48430.870383995476,0.0
2022-05-02,42926.79193179672,48430.870383995476,0.0
2022-05-03,43123.56639959112,48430.870383995476,0.0
2022-05-04,44436.8050098664,48430.870383995476,0.0
2022-05-05,42857.39247477622,48430.870383995476,0.0
2022-05-06,42601.584995241596,48430.870383995476,0.0
2022-05-09,41237.59511561809,48430.870383995476,0.0
2022-05-10,41332.873758735,48430.870383995476,0.0
2022-05-11,40676.25277509262,48430.870383995476,0.0
2022-05-12,40633.79331916482,48430.870383995476,0.0
2022-05-13,41605.261508101,48430.870383995476,0.0
2022-05-16,41436.444215272335,48430.870383995476,0.0
2022-05-17,42288.80570778868,48430.870383995476,0.0
2022-05-18,40584.072651727554,48430.870383995476,0.0
2022-05-19,40335.516312673964,48430.870383995476,0.0
2022-05-20,40353.127184416306,48430.870383995476,0.0
2022-05-23,41108.13540195589,48430.870383995476,0.0
2022-05-24,40794.32215558254,48430.870383995476,0.0
2022-05-25,41154.73405057494,48430.870383995476,0.0
2022-05-26,41977.07716430361,48430.870383995476,0.0
2022-05-27,43007.568293951575,48430.870383995476,0.0
2022-05-31,42766.25302435056,48430.870383995476,0.0
2022-06-01,42420.33333929177,48430.870383995476,0.0
2022-06-02,43228.17417205838,48430.870383995476,0.0
2022-06-03,42518.72728720793,48430.870383995476,0.0
2022-06-06,42648.180286851166,48430.870383995476,0.0
2022-06-07,43057.275533350905,48430.870383995476,0.0
2022-06-08,42589.1539891299,48430.870383995476,0.0
2022-06-09,41576.26030318637,48430.870383995476,0.0
2022-06-10,40370.73134213969,48430.870383995476,0.0
2022-06-13,38837.93088370648,48430.870383995476,0.0
2022-06-14,38720.89881914649,48430.870383995476,0.0
2022-06-15,39272.91538733108,48430.870383995476,0.0
2022-06-16,37973.13502806897,48430.870383995476,0.0
2022-06-17,38054.9957042865,48430.870383995476,0.0
2022-06-21,39012.97878613365,48430.870383995476,0.0
2022-06-22,38942.249953358296,48430.870383995476,0.0
2022-06-23,39323.98221557061,48430.870383995476,0.0
2022-06-24,40574.24668497386,48430.870383995476,0.0
2022-06-27,40419.25355719189,48430.870383995476,0.0
2022-06-28,39593.38222649768,48430.870383995476,0.0
2022-06-29,39561.138150423474,48430.870383995476,0.0
2022-06-30,39239.727991592445,48430.870383995476,0.0
2022-07-01,39654.745002818374,48430.870383995476,0.0
2022-07-05,39729.643241370315,48430.870383995476,0.0
2022-07-06,39863.81955335467,48430.870383995476,0.0
2022-07-07,40460.87376074919,48430.870383995476,0.0
2022-07-08,40427.58901173559,48430.870383995476,0.0
2022-07-11,39965.75514627429,48430.870383995476,0.0
2022-07-12,39612.10091136907,48430.870383995476,0.0
2022-07-13,39404.07039078166,48430.870383995476,0.0
2022-07-14,39308.385549517436,48430.870383995476,0.0
2022-07-15,40059.37542670711,48430.870383995476,0.0
2022-07-18,39728.60592544039,48430.870383995476,0.0
2022-07-19,40802.04327739102,48430.870383995476,0.0
2022-07-20,41062.077231863426,48430.870383995476,0.0
2022-07-21,41480.21626190756,48430.870383995476,0.0
2022-07-22,41095.35862386754,48430.870383995476,0.0
2022-07-25,41145.29078290217,48430.870383995476,0.0
2022-07-26,40658.500908952,48430.870383995476,0.0
2022-07-27,41714.2501779422,48430.870383995476,0.0
2022-07-28,42237.45353374316,48430.870383995476,0.0
2022-07-29,42853.216354980636,48430.870383995476,0.0
2022-08-01,42726.31468254369,48430.870383995476,0.0
2022-08-02,42444.44338139115,48430.870383995476,0.0
2022-08-03,43109.104402742814,48430.870383995476,0.0
2022-08-04,43079.96891744892,48430.870383995476,0.0
2022-08-05,43007.15538178526,48430.870383995476,0.0
2022-08-08,42957.22657976012,48430.870383995476,0.0
2022-08-09,42786.65021396291,48430.870383995476,0.0
2022-08-10,43685.33508032077,48430.870383995476,0.0
2022-08-11,43685.33508032077,48430.870383995476,0.0
2022-08-12,44424.88762620542,48430.870383995476,0.0
2022-08-15,44607.95542428499,48430.870383995476,0.0
2022-08-16,44695.32831007189,48430.870383995476,0.0
2022-08-17,44378.07412897953,48430.870383995476,0.0
2022-08-18,44507.053790285805,48430.870383995476,0.0
2022-08-19,43908.97569499928,48430.870383995476,0.0
2022-08-22,42994.68073455031,48430.870383995476,0.0
2022-08-23,42890.657081732905,48430.870383995476,0.0
2022-08-24,43027.962126554434,48430.870383995476,0.0
2022-08-25,43635.406278295624,48430.870383995476,0.0
2022-08-26,42158.39931745254,48430.870383995476,0.0
2022-08-29,41879.64332109926,48430.870383995476,0.0
2022-08-30,41419.88073048833,48430.870383995476,0.0
2022-08-31,41104.72132331271,48430.870383995476,0.0
2022-09-01,41233.69762760951,48430.870383995476,0.0
2022-09-02,40798.914544553816,48430.870383995476,0.0
2022-09-06,40644.97551774918,48430.870383995476,0.0
2022-09-07,41375.16200717918,48430.870383995476,0.0
2022-09-08,41645.599334036175,48430.870383995476,0.0
2022-09-09,42292.57898644637,48430.870383995476,0.0
2022-09-12,42747.12142731286,48430.870383995476,0.0
2022-09-13,40888.375490238504,48430.870383995476,0.0
2022-09-14,41044.39250591247,48430.870383995476,0.0
2022-09-15,40578.402662712506,48430.870383995476,0.0
2022-09-16,40268.83939034332,48430.870383995476,0.0
2022-09-19,40581.11512637393,48430.870383995476,0.0
2022-09-20,40115.30320467653,48430.870383995476,0.0
2022-09-21,39415.541292181515,48430.870383995476,0.0
2022-09-22,39084.45623202349,48430.870383995476,0.0
2022-09-23,38429.607749387585,48430.870383995476,0.0
2022-09-26,38049.43985359386,48430.870383995476,0.0
2022-09-27,37952.29807021446,48430.870383995476,0.0
2022-09-28,38699.064829475836,48430.870383995476,0.0
2022-09-29,37890.6868751921,48430.870383995476,0.0
2022-09-30,37304.75779722077,48430.870383995476,0.0
2022-10-03,38289.640596046855,48430.870383995476,0.0
2022-10-04,39476.121885292916,48430.870383995476,0.0
2022-10-05,39384.21032268641,48430.870383995476,0.0
2022-10-06,38977.9349641515,48430.870383995476,0.0
2022-10-07,37890.68687519211,48430.870383995476,0.0
2022-10-10,37601.37644102755,48430.870383995476,0.0
2022-10-11,37363.24361641543,48430.870383995476,0.0
2022-10-12,37240.00779833279,48430.870383995476,0.0
2022-10-13,38222.81260828954,48430.870383995476,0.0
2022-10-14,37351.74921594922,48430.870383995476,0.0
2022-10-17,38311.5887240399,48430.870383995476,0.0
2022-10-18,38761.72341145658,48430.870383995476,0.0
2022-10-19,38487.0428246144,48430.870383995476,0.0
2022-10-20,38164.3234320854,48430.870383995476,0.0
2022-10-21,39091.76444166572,48430.870383995476,0.0
2022-10-24,39570.118150787726,48430.870383995476,0.0
2022-10-25,40201.99126052912,48430.870383995476,0.0
2022-10-26,39899.11850805746,48430.870383995476,0.0
2022-10-27,39686.04240221867,48430.870383995476,0.0
2022-10-28,40630.201319019136,48430.870383995476,0.0
2022-10-31,40336.71812206851,48430.870383995476,0.0
2022-11-01,40160.219991545135,48430.870383995476,0.0
2022-11-02,39152.3483917866,48430.870383995476,0.0
2022-11-03,38749.19505206992,48430.870383995476,0.0
2022-11-04,39306.92525039281,48430.870383995476,0.0
2022-11-07,39682.91702639098,48430.870383995476,0.0
2022-11-08,39897.02037713124,48430.870383995476,0.0
2022-11-09,39075.0599624835,48430.870383995476,0.0
2022-11-10,41222.39121967431,48430.870383995476,0.0
2022-11-11,41621.36508258595,48430.870383995476,0.0
2022-11-14,41267.3046495334,48430.870383995476,0.0
2022-11-15,41619.27702268817,48430.870383995476,0.0
2022-11-16,41301.77442289414,48430.870383995476,0.0
2022-11-17,41175.39644393638,48430.870383995476,0.0
2022-11-18,41362.35165899606,48430.870383995476,0.0
2022-11-21,41211.95763420438,48430.870383995476,0.0
2022-11-22,41766.53224361423,48430.870383995476,0.0
2022-11-23,42029.73857204709,48430.870383995476,0.0
2022-11-25,42020.335588488124,48430.870383995476,0.0
2022-11-28,41349.82329960941,48430.870383995476,0.0
2022-11-29,41278.79569299015,48430.870383995476,0.0
2022-11-30,42579.099745731444,48430.870383995476,0.0
2022-12-01,42547.77213324582,48430.870383995476,0.0
2022-12-02,42498.675869572195,48430.870383995476,0.0
2022-12-05,41734.16731519868,48430.870383995476,0.0
2022-12-06,41132.5643599561,48430.870383995476,0.0
2022-12-07,41062.60428235211,48430.870383995476,0.0
2022-12-08,41384.27964493222,48430.870383995476,0.0
2022-12-09,41075.12928472929,48430.870383995476,0.0
2022-12-12,41667.32589940343,48430.870383995476,0.0
2022-12-13,41982.7370822902,48430.870383995476,0.0
2022-12-14,41714.31731813186,48430.870383995476,0.0
2022-12-15,40693.91400197719,48430.870383995476,0.0
2022-12-16,40213.48901800482,48430.870383995476,0.0
2022-12-19,39872.48735183708,48430.870383995476,0.0
2022-12-20,39927.04211292837,48430.870383995476,0.0
2022-12-21,40524.052679199645,48430.870383995476,0.0
2022-12-22,39945.93200528335,48430.870383995476,0.0
2022-12-23,40175.709233294874,48430.870383995476,0.0
2022-12-27,40017.281884812866,48430.870383995476,0.0
2022-12-28,39519.95435809883,48430.870383995476,0.0
2022-12-29,40231.31138134452,48430.870383995476,0.0
2022-12-30,40125.340663027586,48430.870383995476,0.0
2023-01-03,39956.415945895504,48430.870383995476,0.0
2023-01-04,40264.88819018306,48430.870383995476,0.0
2023-01-05,39805.33037715053,48430.870383995476,0.0
2023-01-06,40718.14825342743,48430.870383995476,0.0
2023-01-09,40695.072170248466,48430.870383995476,0.0
2023-01-10,40980.45826032862,48430.870383995476,0.0
2023-01-11,41498.77381032384,48430.870383995476,0.0
2023-01-12,41649.85602205932,48430.870383995476,0.0
2023-01-13,41811.44231646384,48430.870383995476,0.0
2023-01-17,41734.85214513299,48430.870383995476,0.0
2023-01-18,41075.93160999547,48430.870383995476,0.0
2023-01-19,40776.91270440909,48430.870383995476,0.0
2023-01-20,41536.5502380243,48430.870383995476,0.0
2023-01-23,42034.92850870618,48430.870383995476,0.0
2023-01-24,41989.82037229712,48430.870383995476,0.0
2023-01-25,42005.55467573906,48430.870383995476,0.0
2023-01-26,42467.21061969781,48430.870383995476,0.0
2023-01-27,42564.78545730038,48542.14763163456,1.0
2023-01-30,42030.72217582529,47933.08597713602,1.0
2023-01-31,42648.72076537776,48637.869954029105,1.0
2023-02-01,43101.980828622145,49154.78121457346,1.0
2023-02-02,43729.415971828384,49870.3269179894,1.0
2023-02-03,43264.61115297556,49340.249674694394,1.0
2023-02-06,43000.213086176605,49038.72225351314,1.0
2023-02-07,43562.589385622516,49680.07291601374,1.0
2023-02-08,43086.239811161235,49136.82968996807,1.0
2023-02-09,42712.72550816075,48710.86286683054,1.0
2023-02-10,42812.40183369903,48824.53671383047,1.0
2023-02-13,43314.97972324284,49397.691490684796,1.0
2023-02-14,43295.042443929495,49374.95442422472,1.0
2023-02-15,43435.63400103385,49535.289218524755,1.0
2023-02-16,42837.582761823185,48853.253793392185,1.0
2023-02-17,42730.5612995384,48731.20333392979,1.0
2023-02-21,41873.34557131115,47753.60901541714,1.0
2023-02-22,41815.638578316306,47687.79824383124,1.0
2023-02-23,42038.07402659078,47941.47024646544,1.0
2023-02-24,41589.00686818937,47429.34069934232,1.0
2023-02-27,41730.65588328056,47590.88145018975,1.0
2023-02-28,41576.42143964151,47414.98790221169,1.0
2023-03-01,41416.936633172685,47233.106684265025,1.0
2023-03-02,41739.04840698544,47600.45253389915,1.0
2023-03-03,42408.45288273511,48363.86131272912,1.0
2023-03-06,42437.830072711724,48397.36393414554,1.0
2023-03-07,41787.30877529806,47655.490093661734,1.0
2023-03-08,41855.50642292402,47733.26471988441,1.0
2023-03-09,41083.28010375149,46852.59485188023,1.0
2023-03-10,40490.47587036111,46176.54326828279,1.0
2023-03-13,40432.7621633473,46110.72483982991,1.0
2023-03-14,41101.122609148086,46872.94297584645,1.0
2023-03-15,40844.06296507669,46579.784510260695,1.0
2023-03-16,41560.673708161645,47397.02872073936,1.0
2023-03-17,41074.71972957249,46842.83234649664,1.0
2023-03-20,41469.681966153206,47293.259031161935,1.0
2023-03-21,42014.20233216459,47914.2462559624,1.0
2023-03-22,41298.004501245916,47097.47294280223,1.0
2023-03-23,41409.648565587355,47224.79515517177,1.0
2023-03-24,41681.38169810438,47534.68770351506,1.0
2023-03-27,41759.314673228015,47623.56478684064,1.0
2023-03-28,41665.5802544728,47516.66726710698,1.0
2023-03-29,42271.184765017875,48207.31666757802,1.0
2023-03-30,42518.69371711309,48489.58323990246,1.0
2023-03-31,43117.98369282261,49173.03135699054,1.0
2023-04-03,43282.28580789803,49360.40637698641,1.0
2023-04-04,43042.15220563467,49086.5508730258,1.0
2023-04-05,42929.4506833064,48958.02270410887,1.0
2023-04-06,43096.91845832332,49149.00793687993,1.0
2023-04-10,43141.15377226707,49199.45520489549,1.0
2023-04-11,43152.73881198931,49212.667128847956,1.0
2023-04-12,42976.85165719164,49012.08018489961,1.0
2023-04-13,43547.69433455105,49663.08615664628,1.0
2023-04-14,43441.320775096276,49541.774584846244,1.0
2023-04-17,43597.19343936251,49719.53640836438,1.0
2023-04-18,43625.63402369366,49751.97089683884,1.0
2023-04-19,43618.26203087128,49743.563656908496,1.0
2023-04-20,43380.236630562584,49472.11240917568,1.0
2023-04-21,43413.937648751955,49510.54605291919,1.0
2023-04-24,43459.223706663564,49562.19162061517,1.0
2023-04-25,42769.358258121356,48775.448539701654,1.0
2023-04-26,42588.20731245598,48568.85861205077,1.0
2023-04-27,43436.05362721909,49535.76777271023,1.0
2023-04-28,43806.78832636851,49958.56465292319,1.0
2023-05-01,43762.54965541527,49908.11355647414,1.0
2023-05-02,43270.69741116631,49347.19062460045,1.0
2023-05-03,42973.69271126911,49008.47762899139,1.0
2023-05-04,42669.30930453057,48661.34973658502,1.0
2023-05-05,43459.22370666354,49562.19162061515,1.0
2023-05-08,43470.81210339526,49575.407373001115,1.0
2023-05-09,43280.1708919244,49357.99446389164,1.0
2023-05-10,43482.397143117494,49588.619296953584,1.0
2023-05-11,43406.56565592957,49502.138812988844,1.0
2023-05-12,43349.691201286245,49437.277492906906,1.0
2023-05-15,43499.24597370744,49607.83420460859,1.0
2023-05-16,43208.5558086458,49276.32249238249,1.0
2023-05-17,43733.065041135225,49874.48842518623,1.0
2023-05-18,44154.349589063975,50354.93385679773,1.0
2023-05-19,44090.106498607754,50281.669125218934,1.0
2023-05-22,44108.01278718451,50302.08998942133,1.0
2023-05-23,43612.99488299407,49737.55684477244,1.0
2023-05-24,43297.02307952382,49377.21319998013,1.0
2023-05-25,43671.97753959205,49804.82242108217,1.0
2023-05-26,44237.55642608376,50449.82540912629,1.0
2023-05-30,44254.405256673694,50469.0403167813,1.0
2023-05-31,44009.00114952366,50189.17417225119,1.0
2023-06-01,44427.13682255832,50666.028533254896,1.0
2023-06-02,45069.60465422477,51398.71796181116,1.0
2023-06-05,44983.242228291936,51300.22768200784,1.0
2023-06-06,45081.18633693752,51411.92605733014,1.0
2023-06-07,44925.3103156618,51234.16040537853,1.0
2023-06-08,45197.04680518831,51544.0567821553,1.0
2023-06-09,45278.13536922498,51636.53259295562,1.0
2023-06-12,45688.902406446745,52104.983542462476,1.0
2023-06-13,45990.12351025329,52448.50505052715,1.0
2023-06-14,46044.88976294194,52510.96211438127,1.0
2023-06-15,46615.73915432031,53161.9757429949,1.0
2023-06-16,46456.9593198427,52980.89849607983,1.0
2023-06-20,46215.929396047664,52706.02080037906,1.0
2023-06-21,45979.125947190405,52435.96310243435,1.0
2023-06-22,46145.09985298784,52625.24468230512,1.0
2023-06-23,45796.242784632326,52227.39770310584,1.0
2023-06-26,45609.136504145965,52014.01613445477,1.0
2023-06-27,46109.16306648349,52584.26130186143,1.0
2023-06-28,46132.417071165,52610.78086060346,1.0
2023-06-29,46314.239418726764,52818.1364749511,1.0
2023-06-30,46860.78406145577,53441.43224514228,1.0
2023-07-03,46914.704347754974,53502.9245437585,1.0
2023-07-05,46844.92890567249,53423.35055379846,1.0
2023-07-06,46478.10176556006,53005.00997016059,1.0
2023-07-07,46360.75078509929,52871.17942086865,1.0
2023-07-10,46478.10176556006,53005.00997016058,1.0
2023-07-11,46774.09936261267,53342.574435724506,1.0
2023-07-12,47150.43691058749,53771.76097142188,1.0
2023-07-13,47524.666256607634,54198.543250891445,1.0
2023-07-14,47495.067504005216,54164.7879528651,1.0
2023-07-17,47659.977237796884,54352.855919321526,1.0
2023-07-18,48014.118239077005,54756.728852824264,1.0
2023-07-19,48120.88792565064,54878.49217977538,1.0
2023-07-20,47801.62960989755,54514.400498602445,1.0
2023-07-21,47801.62960989755,54514.400498602445,1.0
2023-07-24,48015.172340054334,54757.93098093816,1.0
2023-07-25,48146.26020331527,54907.427480045655,1.0
2023-07-26,48153.66240922299,54915.869175877364,1.0
2023-07-27,47834.407450479375,54551.78132313791,1.0
2023-07-28,48302.72034424085,55085.85927942344,1.0
2023-07-31,48394.68897600854,55190.74304314464,1.0
2023-08-01,48256.20562085884,55032.81250507241,1.0
2023-08-02,47584.92457680876,54267.263631925016,1.0
2023-08-03,47448.55278062321,54111.741178514065,1.0
2023-08-04,47233.949235470136,53867.000911197494,1.0
2023-08-07,47646.236997987224,54337.186141072496,1.0
2023-08-08,47439.03901575134,54100.891398021085,1.0
2023-08-09,47121.89561597189,53739.21162994293,1.0
2023-08-10,47138.80822974199,53758.49927783413,1.0
2023-08-11,47111.32103610372,53727.15206446908,1.0
2023-08-14,47371.38184665197,54023.733149589316,1.0
2023-08-15,46819.553270998375,53394.41142509469,1.0
2023-08-16,46475.98684958643,53002.59805706583,1.0
2023-08-17,46121.8492053158,52598.72895199659,1.0
2023-08-18,46144.0457520105,52624.04255419124,1.0
2023-08-21,46444.2698240009,52966.42701751123,1.0
2023-08-22,46318.47932170248,52822.971786441114,1.0
2023-08-23,46834.36103982328,53411.29864519158,1.0
2023-08-24,46185.276542467895,52671.06337423882,1.0
2023-08-25,46510.86617810396,53042.375480962146,1.0
2023-08-28,46805.813031188714,53378.74164684565,1.0
2023-08-29,47482.378008163396,54150.31647429649,1.0
2023-08-30,47677.95402357275,54373.3571806271,1.0
2023-08-31,47608.1752244808,54293.77936223359,1.0
2023-09-01,47696.97819630701,54395.0529131796,1.0
2023-09-05,47490.84102906744,54159.967955109074,1.0
2023-09-06,47171.57935630485,53795.87244550265,1.0
2023-09-07,47026.75796725322,53630.713825013074,1.0
2023-09-08,47097.57743928459,53711.478457786565,1.0
2023-09-11,47407.32534717529,54064.72418689999,1.0
2023-09-12,47147.26789363651,53768.14693021323,1.0
2023-09-13,47202.24563792252,53830.845185376835,1.0
2023-09-14,47609.2326824676,54294.98531878097,1.0
2023-09-15,47035.62047228558,53640.820889410206,1.0
2023-09-18,47063.208376208306,53672.28295577978,1.0
2023-09-19,46965.61003953936,53560.97890910631,1.0
2023-09-20,46533.84155099847,53068.57727972502,1.0
2023-09-21,45764.707037558816,52191.43339895939,1.0
2023-09-22,45661.80798291787,52074.084255815054,1.0
2023-09-25,45853.82556827632,52293.066822652865,1.0
2023-09-26,45180.16776151301,51524.80741859896,1.0
2023-09-27,45198.204973459564,51545.377591707234,1.0
2023-09-28,45460.239705583204,51844.20979571591,1.0
2023-09-29,45349.90823194921,51718.38450083852,1.0
2023-10-02,45331.87102000265,51697.81432773026,1.0
2023-10-03,44725.06134305355,51005.790519638555,1.0
2023-10-04,45050.75504598357,51377.22130779986,1.0
2023-10-05,45033.77529202383,51357.857091238984,1.0
2023-10-06,45568.446192215146,51967.61169219809,1.0
2023-10-09,45860.187101244635,52300.321704104594,1.0
2023-10-10,46098.88054644023,52572.53481010067,1.0
2023-10-11,46287.71568680981,52787.88802199589,1.0
2023-10-12,46005.52882676596,52466.073731784156,1.0
2023-10-13,45776.37264550861,52204.73720531545,1.0
2023-10-16,46258.01286691346,52754.01404253153,1.0
2023-10-17,46255.887879911366,52751.590644136304,1.0
2023-10-18,45639.52415397663,52048.6711143498,1.0
2023-10-19,45238.522657337875,51591.35707784721,1.0
2023-10-20,44682.62538619214,50957.39529197028,1.0
2023-10-23,44605.175820433906,50869.06950306635,1.0
2023-10-24,44941.47767332689,51252.59814103635,1.0
2023-10-25,44296.46187146363,50517.002931465926,1.0
2023-10-26,43766.03087424803,49912.08364199681,1.0
2023-10-27,43567.65846994021,49685.853850574225,1.0
2023-10-30,44088.53541817017,50279.877418348544,1.0
2023-10-31,44365.42827426096,50595.65426895637,1.0
2023-11-01,44838.56854765748,51135.23751259156,1.0
2023-11-02,45697.87233578251,52115.2131167311,1.0
2023-11-03,46114.7927713847,52590.6815848137,1.0
2023-11-06,46220.884342043006,52711.6715682011,1.0
2023-11-07,46352.42204457452,52861.68107739542,1.0
2023-11-08,46386.371481465576,52900.39802521673,1.0
2023-11-09,46024.623496699336,52487.8498614398,1.0
2023-11-10,46742.82210526926,53306.90492095628,1.0
2023-11-13,46698.274589443696,53256.101608626734,1.0
2023-11-14,47604.250880396365,54289.30392349105,1.0
2023-11-15,47705.038376073164,54404.244981974094,1.0
2023-11-16,47763.38320086959,54470.78315592192,1.0
2023-11-17,47822.79219767178,54538.53494328409,1.0
2023-11-20,48190.91514344423,54958.35330224669,1.0
2023-11-21,48085.88103077276,54838.56927540668,1.0
2023-11-22,48271.53708316292,55050.296960792766,1.0
2023-11-24,48301.23654604979,55084.167111823626,1.0
2023-11-27,48214.24635934383,54984.96091495884,1.0
2023-11-28,48261.98303417726,55039.40123909797,1.0
2023-11-29,48228.03359728622,55000.684291276666,1.0
2023-11-30,48417.93626667106,55217.25494501971,1.0
2023-12-01,48704.36974370957,55543.91220358839,1.0
2023-12-04,48448.69990156371,55252.338709464915,1.0
2023-12-05,48439.14585257806,55241.442987770126,1.0
2023-12-06,48243.95253624967,55018.83872285667,1.0
2023-12-07,48612.07548202213,55438.65708181927,1.0
2023-12-08,48821.06275031189,55676.99237991751,1.0
2023-12-11,49010.9519916588,55893.54771992663,1.0
2023-12-12,49234.80074092519,56148.8314930575,1.0
2023-12-13,49913.74919463206,56923.12450828181,1.0
2023-12-14,50073.949044120534,57105.82118256052,1.0
2023-12-15,49991.497534234186,57011.791027765794,1.0
2023-12-18,50272.707504518774,57332.491243833734,1.0
2023-12-19,50578.40350196477,57681.11605373227,1.0
2023-12-20,49877.530419331226,56881.819539425494,1.0
2023-12-21,50350.45920113039,57421.1615917512,1.0
2023-12-22,50451.66296598296,57536.57737598624,1.0
2023-12-26,50664.68535967004,57779.514451131974,1.0
2023-12-27,50756.29479142317,57883.98857247042,1.0
2023-12-28,50775.46331556515,57905.84892766272,1.0
2023-12-29,50628.473298388184,57738.21713914264,1.0
2024-01-02,50345.13498409203,57415.08969624598,1.0
2024-01-03,49933.98524778932,56946.202305321975,1.0
2024-01-04,49773.13749547084,56762.76674338091,1.0
2024-01-05,49841.31164403043,56840.5145705692,1.0
2024-01-08,50552.84994578814,57651.97401805389,1.0
2024-01-09,50476.15570716335,57564.509626683815,1.0
2024-01-10,50761.625722480545,57890.06812484266,1.0
2024-01-11,50739.24454026434,57864.54395880641,1.0
2024-01-12,50774.402500568875,57904.639142681866,1.0
2024-01-16,50587.99112104528,57692.05005976194,1.0
2024-01-17,50306.79457879861,57371.36515742792,1.0
2024-01-18,50754.15973339268,57881.553688774766,1.0
2024-01-19,51386.868738495075,58603.11386119372,1.0
2024-01-22,51495.52506439758,58727.02876776272,1.0
2024-01-23,51645.700883572936,58898.2937396589,1.0
2024-01-24,51702.16914006894,58962.6918192893,1.0
2024-01-25,51983.362325306116,59283.37289318983,1.0
2024-01-26,51917.32659178655,59208.063778130716,1.0
2024-01-29,52328.47632808924,59676.9511690547,1.0
2024-01-30,52288.00086476528,59630.79174654096,1.0
2024-01-31,51434.80011987845,58657.7762344749,1.0
2024-02-01,52107.9845883048,59425.495829407584,1.0
2024-02-02,52656.54679373245,60051.0924881225,1.0
2024-02-05,52464.81791118943,59832.439166564276,1.0
2024-02-06,52617.14221643324,60006.15433589008,1.0
2024-02-07,53055.99063797157,60506.630131488615,1.0
2024-02-08,53079.42592116511,60533.356425638776,1.0
2024-02-09,53386.192804635844,60883.20250581863,1.0
2024-02-12,53362.75752144229,60856.47621166846,1.0
2024-02-13,52627.787293500514,60018.294298467095,1.0
2024-02-14,53106.053720375996,60563.72356003199,1.0
2024-02-15,53472.47130533162,60981.59707478485,1.0
2024-02-16,53206.18324219433,60677.91424555222,1.0
2024-02-20,52913.25395180823,60343.848968192455,1.0
2024-02-21,52961.18869020109,60398.51516990712,1.0
2024-02-22,54057.24892905063,61648.49487392261,1.0
2024-02-23,54094.52851934777,61691.00962775981,1.0
2024-02-26,53896.404533741625,61465.063140415026,1.0
2024-02-27,53996.52734154099,61579.24616906829,1.0
2024-02-28,53925.17074799251,61497.86898693741,1.0
2024-02-29,54119.02461753761,61718.945706890845,1.0
2024-03-01,54627.10800263183,62298.379114658535,1.0
2024-03-04,54568.52818717168,62231.572950366855,1.0
2024-03-05,54023.16185477084,61609.62096032848,1.0
2024-03-06,54296.90919297704,61921.81056876202,1.0
2024-03-07,54835.883779324235,62536.47322144731,1.0
2024-03-08,54506.745784665734,62161.11446053166,1.0
2024-03-11,54459.87521827865,62107.66187223134,1.0
2024-03-12,55045.72708503189,62775.78477008391,1.0
2024-03-13,54959.44187031714,62677.38254425073,1.0
2024-03-14,54850.79561544308,62553.479122982186,1.0
2024-03-15,54474.16265063385,62123.955685138244,1.0
2024-03-18,54797.90928806433,62493.16598187898,1.0
2024-03-19,55102.42026116318,62840.43935475772,1.0
2024-03-20,55612.088154732875,63421.679783129744,1.0
2024-03-21,55795.87099583211,63631.27120263189,1.0
2024-03-22,55690.08827004616,63510.633435125004,1.0
2024-03-25,55536.22645445961,63335.16484326364,1.0
2024-03-26,55433.649672728934,63218.18322973375,1.0
2024-03-27,55899.50523554962,63749.45877270919,1.0
2024-03-28,55888.826588387514,63737.28052579733,1.0
2024-04-01,55791.5941657521,63626.3937783736,1.0
2024-04-02,55436.86568781266,63221.850869011214,1.0
2024-04-03,55497.758482805875,63291.29482397321,1.0
2024-04-04,54820.34753944173,62518.75523128445,1.0
2024-04-05,55393.039929025705,63171.87066988066,1.0
2024-04-08,55424.02512654416,63207.20711093579,1.0
2024-04-09,55488.13729363058,63280.32253360872,1.0
2024-04-10,54932.535439319254,62646.69764987835,1.0
2024-04-11,55347.102611274604,63119.48238608883,1.0
2024-04-12,54583.147963465606,62248.24577818864,1.0
2024-04-15,53899.32177498145,61468.39004911241,1.0
2024-04-16,53801.01510931182,61356.27820297386,1.0
2024-04-17,53482.61283097661,60993.16277233928,1.0
2024-04-18,53372.55998912961,60867.655237441046,1.0
2024-04-19,52906.70442630894,60336.379694465635,1.0
2024-04-22,53393.927354482286,60892.02321656522,1.0
2024-04-23,54027.539395135325,61614.613237591286,1.0
2024-04-24,54001.89184269317,61585.36400577533,1.0
2024-04-25,53796.73827923181,61351.40077871554,1.0
2024-04-26,54306.406172801515,61932.64120708757,1.0
2024-04-29,54498.73260303233,62151.975989805906,1.0
2024-04-30,53635.400403528954,61167.406265485835,1.0
2024-05-01,53461.238751605015,60968.78713634815,1.0
2024-05-02,53961.292170018394,61539.06293122269,1.0
2024-05-03,54630.156167241475,62301.85533226177,1.0
2024-05-06,55194.31503872232,62945.23889294227,1.0
2024-05-07,55255.22461876295,63014.701990071684,1.0
2024-05-08,55260.555549820296,63020.781542443896,1.0
2024-05-09,55578.96789918393,63383.908458378915,1.0
2024-05-10,55650.55612638667,63465.54980242019,1.0
2024-05-13,55658.028829493516,63474.07189535505,1.0
2024-05-14,55913.396540786,63765.300830464985,1.0
2024-05-15,56605.78646045863,64554.92289335829,1.0
2024-05-16,56489.30494545368,64422.083908338645,1.0
2024-05-17,56570.51100482223,64514.693714310895,1.0
2024-05-20,56635.67727288598,64589.011265097724,1.0
2024-05-21,56774.583611230395,64747.42418578891,1.0
2024-05-22,56611.09724945908,64560.97947512959,1.0
2024-05-23,56197.61774857589,64089.435151367856,1.0
2024-05-24,56569.44347580695,64513.47627246305,1.0
2024-05-28,56608.962191428545,64558.544591433914,1.0
2024-05-29,56212.566511799036,64106.48316567105,1.0
2024-05-30,55839.67325555271,63681.22460272803,1.0
2024-05-31,56348.27026309767,64261.24376081874,1.0
2024-06-03,56394.21429486774,64313.639701477536,1.0
2024-06-04,56457.25221891993,64385.53002543565,1.0
2024-06-05,57128.251274173526,65150.75731017041,1.0
2024-06-06,57127.190459177225,65149.54752518954,1.0
2024-06-07,57057.74064701449,65070.344893277426,1.0
2024-06-10,57234.037356968955,65271.398906110786,1.0
2024-06-11,57371.86945227915,65428.58672808716,1.0
2024-06-12,57843.06601718562,65965.95330873525,1.0
2024-06-13,57959.54081817161,66098.78463688793,1.0
2024-06-14,57994.80284577008,66138.99850220137,1.0
2024-06-17,58456.371507482305,66665.38513561804,1.0
2024-06-18,58604.8856069641,66834.75503293976,1.0
2024-06-20,58445.67607527279,66653.18774653877,1.0
2024-06-21,58367.32347396392,66563.83210902773,1.0
2024-06-24,58177.59872608163,66347.46436225931,1.0
2024-06-25,58401.6388248885,66602.96635609877,1.0
2024-06-26,58474.52621476076,66686.08930389826,1.0
2024-06-27,58566.7096951353,66791.21808736242,1.0
2024-06-28,58336.24428017998,66528.38847183505,1.0
2024-07-01,58456.30436729269,66665.30856694837,1.0
2024-07-02,58849.705594464285,67113.95503004373,1.0
2024-07-03,59112.3244462378,67413.45338147858,1.0
2024-07-05,59453.18847501676,67802.18486055302,1.0
2024-07-08,59521.79232079004,67880.42272722724,1.0
2024-07-09,59579.67387827795,67946.4325773543,1.0
2024-07-10,60169.23859751824,68618.7897226399,1.0
2024-07-11,59650.42621011969,68027.12064145811,1.0
2024-07-12,60026.67983285745,68456.21146631839,1.0
2024-07-15,60191.74398908528,68644.45554071506,1.0
2024-07-16,60548.68809328283,69051.52521617671,1.0
2024-07-17,59699.73396539067,68083.35267246762,1.0
2024-07-18,59240.944907529505,67560.13598197552,1.0
2024-07-19,58847.55039437687,67111.49717574714,1.0
2024-07-22,59454.26943206995,67803.41761613479,1.0
2024-07-23,59361.011708661186,67697.06373395582,1.0
2024-07-24,58015.74387091856,66162.8802702731,1.0
2024-07-25,57713.451881087276,65818.13749192713,1.0
2024-07-26,58359.823914781235,66555.27938862499,1.0
2024-07-29,58394.13255168684,66594.40597882906,1.0
2024-07-30,58098.27259202299,66256.99847903798,1.0
2024-07-31,59042.64635743029,67333.99041608958,1.0
2024-08-01,58206.54957585404,66380.48077262331,1.0
2024-08-02,57122.833060869656,65144.57821852762,1.0
2024-08-05,55459.20322890562,63247.32526541214,1.0
2024-08-06,55970.509343102516,63830.433969324244,1.0
2024-08-07,55596.4075634427,63403.79717032707,1.0
2024-08-08,56881.65207164793,64869.52824332007,1.0
2024-08-09,57132.46767808287,65155.565822626006,1.0
2024-08-12,57162.49277088948,65189.80733170479,1.0
2024-08-13,58102.562850140916,66261.8912170302,1.0
2024-08-14,58285.8689958937,66470.93899897765,1.0
2024-08-15,59284.90158968624,67610.26549001191,1.0
2024-08-16,59417.80559507692,67761.83317163413,1.0
2024-08-19,59985.932451765424,68409.74194069243,1.0
2024-08-20,59888.384470238714,68298.49532052121,1.0
2024-08-21,60094.20272157751,68533.21657741079,1.0
2024-08-22,59622.54960338149,67995.3293298089,1.0
2024-08-23,60256.05757674059,68717.80066939698,1.0
2024-08-26,60112.4178550266,68553.98965749369,1.0
2024-08-27,60194.96000416897,68648.12317999249,1.0
2024-08-28,59845.50874513516,68249.59856806658,1.0
2024-08-29,59850.87324628733,68255.71640477363,1.0
2024-08-30,60422.20940404059,68907.28515624242,1.0
2024-09-03,59178.78651996158,67489.24870759014,1.0
2024-09-04,59057.64547579567,67351.09585689503,1.0
2024-09-05,58914.00575408169,67187.28484499174,1.0
2024-09-06,57922.47943349082,66056.51873122717,1.0
2024-09-09,58570.993239234274,66796.1031684877,1.0
2024-09-10,58826.11253182509,67087.04879951983,1.0
2024-09-11,59429.59541237757,67775.27863002913,1.0
2024-09-12,59930.20609436495,68346.18994486195,1.0
2024-09-13,60243.193516405736,68703.13011228721,1.0
2024-09-16,60332.167695715536,68804.59891334089,1.0
2024-09-17,60356.81485933206,68832.70727197868,1.0
2024-09-18,60177.8191137541,68628.57519862438,1.0
2024-09-19,61204.714886246875,69799.67768757389,1.0
2024-09-20,61098.91537541351,69679.02077789957,1.0
2024-09-23,61251.59888067189,69853.14558960813,1.0
2024-09-24,61426.848203667985,70053.00513119454,1.0
2024-09-25,61291.36601499516,69898.4972126568,1.0
2024-09-26,61534.37321737507,70175.62985567951,1.0
2024-09-27,61445.12376328776,70073.84712308017,1.0
2024-09-30,61691.36040878931,70354.66271911425,1.0
2024-10-01,61138.695937774704,69724.38771468218,1.0
2024-10-02,61164.49791265302,69753.81305443839,1.0
2024-10-03,61052.68935484696,69626.30324882815,1.0
2024-10-04,61607.4687418352,70258.990166355,1.0
2024-10-07,61050.53415475954,69623.84539453157,1.0
2024-10-08,61627.912929580314,70282.30532627112,1.0
2024-10-09,62054.7701132491,70769.10595746567,1.0
2024-10-10,61946.17757052675,70645.26379113286,1.0
2024-10-11,62317.12711828301,71068.3056910888,1.0
2024-10-14,62826.77486979582,71649.52314885992,1.0
2024-10-15,62338.63212102443,71092.8306359858,1.0
2024-10-16,62609.58978435112,71401.83881619433,1.0
2024-10-17,62614.960999522256,71407.96430976836,1.0
2024-10-18,62855.81300181476,71682.6390984945,1.0
2024-10-21,62752.59167426354,71564.92242573571,1.0
2024-10-22,62719.256570107704,71526.90608124195,1.0
2024-10-23,62146.1613393859,70873.33123062768,1.0
2024-10-24,62280.57599904347,71026.6217073176,1.0
2024-10-25,62259.057568264114,71002.08144868666,1.0
2024-10-28,62451.535063921605,71221.58851091175,1.0
2024-10-29,62552.607905404366,71336.85498624091,1.0
2024-10-30,62363.366566887475,71121.03853389416,1.0
2024-10-31,61140.85785188106,69726.85322584574,1.0
2024-11-01,61398.88431468325,70021.1142802748,1.0
2024-11-04,61266.638283151035,69870.2969716154,1.0
2024-11-05,62007.46313562935,70715.15567281246,1.0
2024-11-06,63549.324162654346,72473.53985817135,1.0
2024-11-07,64040.68964052843,73033.9076671899,1.0
2024-11-08,64318.099476079435,73350.27409655422,1.0
2024-11-11,64379.39175520102,73420.17363510079,1.0
2024-11-12,64179.39455830394,73192.09088187206,1.0
2024-11-13,64210.57446237236,73227.64937206928,1.0
2024-11-14,63797.68915216748,72756.78268103416,1.0
2024-11-15,62980.53933210739,71824.88071615025,1.0
2024-11-18,63238.57922294751,72119.15708431325,1.0
2024-11-19,63469.75632391302,72382.79832773918,1.0
2024-11-20,63491.26132665443,72407.32327263616,1.0
2024-11-21,63832.105213376504,72796.0317811097,1.0
2024-11-22,64029.94721018616,73021.65668004185,1.0
2024-11-25,64247.125581611894,73269.33335584048,1.0
2024-11-26,64582.59153914387,73651.90871387302,1.0
2024-11-27,64386.91145644059,73428.74932610441,1.0
2024-11-29,64786.87899415889,73884.884205094,1.0
2024-12-02,64903.01138017771,74017.32503303133,1.0
2024-12-03,64933.11032719294,74051.65076764676,1.0
2024-12-04,65336.32073607081,74511.48391338166,1.0
2024-12-05,65228.802436382684,74388.86684576365,1.0
2024-12-06,65352.45452364109,74529.88336470461,1.0
2024-12-09,65015.90760905592,74146.0752510903,1.0
2024-12-10,64813.768640109345,73915.54995729894,1.0
2024-12-11,65314.80901931042,74486.9513116177,1.0
2024-12-12,64978.275532763175,74103.15851173732,1.0
2024-12-13,64965.37118831453,74088.44201342572,1.0
2024-12-16,65242.78102386555,74404.80844279006,1.0
2024-12-17,64973.965132588346,74098.24280314417,1.0
2024-12-18,63037.521211054096,71889.86454610364,1.0
2024-12-19,63018.157980362164,71867.78214176928,1.0
2024-12-20,63775.08305031594,72731.00200995446,1.0
2024-12-23,64156.98316300234,73166.53225993442,1.0
2024-12-24,64870.08583117866,73979.77575742255,1.0
2024-12-26,64874.39623135349,73984.6914660157,1.0
2024-12-27,64191.50664851479,73205.90386988145,1.0
2024-12-30,63458.97360945691,72370.5013993893,1.0
2024-12-31,63228.11206738272,72107.22002871083,1.0
2025-01-02,63072.75638257671,71930.04778394921,1.0
2025-01-03,63861.37162204016,72829.40806422113,1.0
2025-01-06,64229.25957714889,73248.95843283988,1.0
2025-01-07,63503.21228041015,72420.95249583834,1.0
2025-01-08,63595.99330847249,72526.76274046263,1.0
2025-01-10,62625.04545600602,71419.46492395354,1.0
2025-01-13,62722.13017022421,71530.183220304,1.0
2025-01-14,62808.44559802429,71628.61990203852,1.0
2025-01-15,63950.92320698085,72931.53535583401,1.0
2025-01-16,63827.93580759987,72791.27686672284,1.0
2025-01-17,64468.75534761068,73522.08653443855,1.0
2025-01-21,65058.87733042496,74195.07919968247,1.0
2025-01-22,65424.616799465235,74612.1793708716,1.0
2025-01-23,65781.6884700231,75019.39452680566,1.0
2025-01-24,65589.66752765514,74800.40813153434,1.0
2025-01-27,64661.86396105078,73742.3133421586,1.0
2025-01-28,65217.46917237159,74375.94205432244,1.0
2025-01-29,64925.100502568974,74042.51612535446,1.0
2025-01-30,65273.5648008151,74439.91517783614,1.0
2025-01-31,64926.18145962217,74043.74888093624,1.0
2025-02-03,64489.253247507506,73545.4629492904,1.0
2025-02-04,64921.8777734663,74038.84082921006,1.0
2025-02-05,65185.10088694657,74339.02829867201,1.0
2025-02-06,65411.65202884593,74597.39396075731,1.0
2025-02-07,64812.915959700935,73914.57753519405,1.0
2025-02-10,65253.06690091827,74416.53876298429,1.0
2025-02-11,65302.69692909952,74473.13832360825,1.0
2025-02-12,65092.31985888423,74233.21805404771,1.0
2025-02-13,65779.53326993568,75016.93667250905,1.0
2025-02-14,65776.30382681404,75013.25371949768,1.0
2025-02-18,65969.41244025415,75233.48052721772,1.0
2025-02-19,66124.76141104118,75410.64511511238,1.0
2025-02-20,65849.66791203272,75096.92030485184,1.0
2025-02-21,64723.36437476024,73812.45024358113,1.0
2025-02-24,64428.84050487021,73476.56646031658,1.0
2025-02-25,64108.42737785532,73111.15779802522,1.0
2025-02-26,64140.795663280354,73148.07155367568,1.0
2025-02-27,63116.98833951097,71980.49122353124,1.0
2025-02-28,64101.96177759306,73103.78423513549,1.0
2025-03-03,62978.88768344221,71822.99712687616,1.0
2025-03-04,62233.43015787881,70972.85518747152,1.0
2025-03-05,62902.29415510188,71735.64758851059,1.0
2025-03-06,61785.71251728914,70462.26467060886,1.0
2025-03-07,62132.014901428876,70857.19821192698,1.0
2025-03-10,60477.08308103259,68969.86472996794,1.0
2025-03-11,59974.35076905262,68396.53384517338,1.0
2025-03-12,60292.60869598009,68759.48465316815,1.0
2025-03-13,59488.8734858099,67842.88110848535,1.0
2025-03-14,60717.66652256654,69244.2332440154,1.0
2025-03-17,61185.88206305303,69778.2001757299,1.0
2025-03-18,60524.551195107466,69023.99877942838,1.0
2025-03-19,61183.72686296561,69775.74232143332,1.0
2025-03-20,61006.79232120958,69573.96090623805,1.0
2025-03-21,61026.91423604443,69596.90853653972,1.0
2025-03-24,62119.822242990405,70843.29334151396,1.0
2025-03-25,62269.14873876683,71013.58971973875,1.0
2025-03-26,61525.7591310443,70165.80609536011,1.0
2025-03-27,61362.36005151952,69979.46092397138,1.0
2025-03-28,60126.631433173156,68570.19924486388,1.0
2025-03-31,60530.25139720783,69030.4994594838,1.0
2025-04-01,60701.21046208598,69225.46626307796,1.0
2025-04-02,61085.353057106346,69663.5539066251,1.0
2025-04-03,58075.02194435088,66230.48274872934,1.0
2025-04-04,54675.13673729015,62353.15251251064,1.0
2025-04-07,54577.74653520908,62242.085828713156,1.0
2025-04-08,53722.90756969506,61267.202041107026,1.0
2025-04-09,59364.858841527435,67701.45111872813,1.0
2025-04-10,56763.54576405363,64734.8362964942,1.0
2025-04-11,57776.36223877908,65889.88233541278,1.0
2025-04-14,58336.86868394355,66529.10056046293,1.0
2025-04-15,58173.47631843773,66342.76304594117,1.0
2025-04-16,56880.39655010161,64868.09640919705,1.0
2025-04-17,56961.555611337404,64868.09640919705,0.0
2025-04-21,55605.723264755055,64868.09640919705,0.0
2025-04-22,57052.45671408984,64868.09640919705,0.0
2025-04-23,57936.511733125335,64868.09640919705,0.0
2025-04-24,59156.012567635924,64868.09640919705,0.0
2025-04-25,59583.44044291664,64868.09640919705,0.0
2025-04-28,59606.15396907156,64868.09640919705,0.0
2025-04-29,59981.64219364742,64868.09640919705,0.0
2025-04-30,60005.44339087449,64868.09640919705,0.0
2025-05-01,60430.689209991935,64868.09640919705,0.0
2025-05-02,61327.7358557226,64868.09640919705,0.0
2025-05-05,60976.06225641173,64868.09640919705,0.0
2025-05-06,60466.40779087996,64868.09640919705,0.0
2025-05-07,60720.701259138215,64868.09640919705,0.0
2025-05-08,61143.77845013031,64868.09640919705,0.0
2025-05-09,61065.87568809202,64868.09640919705,0.0
2025-05-12,63083.941938170574,64868.09640919705,0.0
2025-05-13,63500.54681488147,64868.09640919705,0.0
2025-05-14,63581.70587611727,64868.09640919705,0.0
2025-05-15,63892.25610927416,64868.09640919705,0.0
2025-05-16,64296.96374438099,64868.09640919705,0.0
2025-05-19,64367.286379009034,64868.09640919705,0.0
2025-05-20,64150.866691726216,64868.09640919705,0.0
2025-05-21,63069.87606844119,64868.09640919705,0.0
2025-05-22,63094.77165075939,64868.09640919705,0.0
2025-05-23,62664.094190300144,64868.09640919705,0.0
2025-05-27,63966.92942819084,64868.09640919705,0.0
2025-05-28,63596.845988880916,64868.09640919705,0.0
2025-05-29,63847.8965859796,64868.09640919705,0.0
2025-05-30,63776.47956626044,64868.09640919705,0.0
2025-06-02,64135.733292981575,64868.09640919705,0.0
2025-06-03,64501.47276202185,64868.09640919705,0.0
2025-06-04,64484.16402113288,64868.09640919705,0.0
2025-06-05,64172.5126888659,64868.09640919705,0.0
2025-06-06,64831.50707821201,64868.09640919705,0.0
2025-06-09,64889.91904319807,64868.09640919705,0.0
2025-06-10,65257.84056840161,64868.09640919705,0.0
2025-06-11,65071.72124870293,64868.09640919705,0.0
2025-06-12,65330.33854517396,64868.09640919705,0.0
2025-06-13,64599.940564146615,64868.09640919705,0.0
2025-06-16,65214.56200216023,64868.09640919705,0.0
2025-06-17,64657.278286098444,64868.09640919705,0.0
2025-06-18,64647.54967261973,64868.09640919705,0.0
2025-06-20,64495.71213375081,64868.09640919705,0.0
2025-06-23,65132.76510912287,64868.09640919705,0.0
2025-06-24,65852.31323550454,64868.09640919705,0.0
2025-06-25,65889.20676971125,64868.09640919705,0.0
2025-06-26,66404.70914576059,64868.09640919705,0.0
2025-06-27,66734.63603764735,64868.09640919705,0.0
2025-06-30,67053.70636086946,65178.24247002832,1.0
2025-07-01,67032.00665157809,65157.14969245522,1.0
2025-07-02,67335.88314988484,65452.52689324691,1.0
2025-07-03,67866.5860648685,65968.38627149211,1.0
2025-07-07,67360.83915837372,65476.78489270211,1.0
2025-07-08,67323.94562416701,65440.92325508942,1.0
2025-07-09,67727.66629848615,65833.35203239399,1.0
2025-07-10,67918.6801380095,66019.02329537507,1.0
2025-07-11,67679.91619561477,65786.93747976406,1.0
2025-07-14,67809.0536363667,65912.4630007545,1.0
2025-07-15,67519.29000592207,65630.80393686215,1.0
2025-07-16,67745.0287515268,65850.22886494474,1.0
2025-07-17,68159.59928049162,66253.20403103587,1.0
2025-07-18,68109.68726351389,66204.68803212546,1.0
2025-07-21,68238.82470426582,66330.2135531159,1.0
2025-07-22,68248.58688783935,66339.70269253153,1.0
2025-07-23,68829.2286758766,66904.10417460989,1.0
2025-07-24,68852.00934222116,66926.24767532325,1.0
2025-07-25,69142.86064373792,67208.96398858652,1.0
2025-07-28,69125.49819069724,67192.08715603576,1.0
2025-07-29,68943.17900573215,67014.86736179143,1.0
2025-07-30,68856.35331249081,66930.47014657628,1.0
2025-07-31,68598.05828893006,66679.39952590335,1.0
2025-08-01,67473.70853117607,65586.49735674342,1.0
2025-08-04,68499.29506997089,66583.3986725307,1.0
2025-08-05,68151.99901102448,66245.81633790075,1.0
2025-08-06,68674.02741350676,66753.24382610127,1.0
2025-08-07,68616.50169902394,66697.32708159435,1.0
2025-08-08,69151.54858427723,67217.40893109259,1.0
2025-08-11,69014.79073200126,67084.47613827496,1.0
2025-08-12,69749.53268329827,67798.66766702966,1.0
2025-08-13,69988.296625693,68030.75348264068,1.0
2025-08-14,69994.80922408799,68037.08392640487,1.0
2025-08-15,69830.92002117884,67877.77863539018,1.0
2025-08-18,69815.73291028247,67863.01630158129,1.0
2025-08-19,69436.9682444522,67494.84552373191,1.0
2025-08-20,69252.48043136176,67315.5177569764,1.0
2025-08-21,68974.64761261603,67045.45580501086,1.0
2025-08-22,70033.86467240108,68075.04701029805,1.0
2025-08-25,69725.65763186259,67775.4603907147,1.0
2025-08-26,70017.59660445152,68059.23395334891,1.0
2025-08-27,70177.12840905308,68214.3037206492,1.0
2025-08-28,70425.65453502134,68455.87867567583,1.0
2025-08-29,70005.65907873369,68047.63031519143,1.0
2025-09-02,69486.89368946788,67543.3745751037,1.0
2025-09-03,69863.48301315383,67909.43085421121,1.0
2025-09-04,70447.36095833169,68476.97797947962,1.0
2025-09-05,70243.32863603729,68278.65235520081,1.0
2025-09-08,70415.89235144781,68446.3895362602,1.0
2025-09-09,70578.68045524688,68604.6245254426,1.0
2025-09-10,70782.71277754128,68802.95014972142,1.0
2025-09-11,71370.93469298878,69374.71974624286,1.0
2025-09-12,71347.05292753414,69351.50594369722,1.0
2025-09-15,71726.8985504176,69720.72744468683,1.0
2025-09-16,71628.14204547738,69624.73311754488,1.0
2025-09-17,71539.14772411069,69538.22792981855,1.0
2025-09-18,71873.41187224814,69863.1428506894,1.0
2025-09-19,72229.39587173384,70209.17012782542,1.0
2025-09-22,72571.11929494019,70541.33569098702,1.0
2025-09-23,72176.07313312242,70157.33880372714,1.0
2025-09-24,71946.43354249967,69934.12213561672,1.0
2025-09-25,71614.51258698064,69611.48486925484,1.0
2025-09-26,72024.79957184648,70010.2963001691,1.0
2025-09-29,72227.22052958953,70207.05562908355,1.0
2025-09-30,72499.28600604527,70471.5115488909,1.0
2025-10-01,72746.32833382249,70711.6442069362,1.0
2025-10-02,72830.11257647318,70793.08503965117,1.0
2025-10-03,72829.04504745793,70792.0473689723,1.0
2025-10-06,73090.22709917316,71045.92426883968,1.0
2025-10-07,72819.24257977061,70782.51907217258,1.0
2025-10-08,73253.4650422428,71204.59651547796,1.0
2025-10-09,73041.2483308314,70998.31541599444,1.0
2025-10-10,71067.10519281476,69079.38822906598,1.0
2025-10-13,72157.56258283892,70139.3459857293,1.0
2025-10-14,72069.40751384273,70053.65657683858,1.0
2025-10-15,72389.36408756807,70364.66410012024,1.0
2025-10-16,71896.37381710473,69885.46255963125,1.0
2025-10-17,72304.48545982626,70282.15949180364,1.0
2025-10-20,73056.48915387949,71013.12995964882,1.0
2025-10-21,73055.40148280734,71012.0727102779,1.0
2025-10-22,72675.5894300187,70642.88384044173,1.0
2025-10-23,73106.54887927444,71061.78953563432,1.0
2025-10-24,73704.01599883525,71642.54575180868,1.0
2025-10-27,74573.55530887077,72487.76441402105,1.0
2025-10-28,74771.61886830624,72680.2882192211,1.0
2025-10-29,74807.54558378214,72715.2100796152,1.0
2025-10-30,73984.79627190615,71915.47271904482,1.0
2025-10-31,74227.47448735683,72151.36332714502,1.0
2025-11-03,74366.78366683908,72286.77608762286,1.0
2025-11-04,73485.2732609909,71429.92115609956,1.0
2025-11-05,73739.92928627321,71677.45455974137,1.0
2025-11-06,72948.74929156555,70908.40353585068,1.0
2025-11-07,73020.56915242253,70978.21462548542,1.0
2025-11-10,74160.00531078843,72085.78123499398,1.0
2025-11-11,74329.77599430997,72250.80350408852,1.0
2025-11-12,74371.14106514663,72291.01161133724,1.0
2025-11-13,73137.02381135161,71091.41209671237,1.0
2025-11-14,73125.04600152,71079.76930117079,1.0
2025-11-17,72443.78121127056,70417.55919982011,1.0
2025-11-18,71835.43066696925,69826.2239637058,1.0
2025-11-19,72112.94792682369,70095.97918282916,1.0
2025-11-20,71013.78245420333,69027.55690496771,1.0
2025-11-21,71721.16477822239,69715.15404368205,1.0
2025-11-24,72776.79655188072,70741.26024178359,1.0
2025-11-25,73461.33106936558,71406.64861747775,1.0
2025-11-26,73968.47449180485,71899.60745225019,1.0
2025-11-28,74372.22202219984,72292.0623344775,1.0
2025-12-01,74032.67394113781,71962.01127005774,1.0
2025-12-02,74169.8010644568,72095.30300556304,1.0
2025-12-03,74426.63914590237,72344.95743417738,1.0
2025-12-04,74481.04955558594,72397.84600764659,1.0
2025-12-05,74622.5340772125,72535.37326686627,1.0
2025-12-08,74398.34626998845,72317.45589807186,1.0
2025-12-09,74334.12667859861,72255.03250157225,1.0
2025-12-10,74827.13037709988,72734.2470945226,1.0
2025-12-11,75001.24503089106,72903.49183487015,1.0
2025-12-12,74194.83764117323,72119.63931978645,1.0
2025-12-15,74082.74038055172,72010.6773722739,1.0
2025-12-16,73880.31942280868,71813.91804335944,1.0
2025-12-17,73067.36586460103,71023.70245335811,1.0
2025-12-18,73619.13065707448,71560.03461726138,1.0
2025-12-19,74286.3698617083,72208.61142271163,1.0
2025-12-22,74749.16718889092,72658.46450381131,1.0
2025-12-23,75090.80332985074,72990.54522597401,1.0
2025-12-24,75354.94626392904,73247.30019357335,1.0
2025-12-26,75347.29899632915,73239.86681682343,1.0
2025-12-29,75078.79194992429,72978.86979927898,1.0
2025-12-30,74987.11202097202,72889.75411927875,1.0
2025-12-31,74431.53366572708,72349.71505634655,1.0
2026-01-02,74567.97595911176,72482.341116322,1.0
2026-01-05,75064.60522785354,72965.07987384211,1.0
2026-01-06,75511.02706278316,73399.01547830168,1.0
2026-01-07,75267.62373328439,73162.42003728752,1.0
2026-01-08,75259.98317970344,73154.99318676828,1.0
2026-01-09,75757.70683353634,73638.79571989,1.0
2026-01-12,75876.67253555794,73754.43400139303,1.0
2026-01-13,75724.9692770683,73606.97381907115,1.0
2026-01-14,75352.75749374682,73245.1726423701,1.0
2026-01-15,75557.9647693599,73444.64035701874,1.0
2026-01-16,75494.65157053019,73383.09800166156,1.0
2026-01-20,73957.82605772812,71889.25685038416,1.0
2026-01-21,74811.37257459159,72718.93003110547,1.0
2026-01-22,75202.13519231036,73098.76318318846,1.0
2026-01-23,75229.41425136075,73125.2792584606,1.0
2026-01-26,75611.44193040747,73496.62178442275,1.0
2026-01-27,75912.6999613183,73789.45375524738,1.0
2026-01-28,75905.0526937184,73782.02037849746,1.0
2026-01-29,75754.43039228194,73635.61091931582,1.0
2026-01-30,75528.49022610829,73415.9902043127,1.0
2026-02-02,75903.96502264624,73780.96312912654,1.0
2026-02-03,75262.1652358667,73157.1142117408,1.0
2026-02-04,74897.60743416408,72802.75293802036,1.0
2026-02-05,73962.19017005464,71893.49890032924,1.0
2026-02-06,75381.13765190727,73272.75901947454,1.0
2026-02-09,75744.60778253773,73626.06304382405,1.0
2026-02-10,75544.86571836128,73431.90768095279,1.0
2026-02-11,75527.40255503614,73414.93295494176,1.0
2026-02-12,74360.59334135435,72280.75890293148,1.0
2026-02-13,74412.9761173108,72331.67655473387,1.0
2026-02-17,74533.04291844249,72448.38513806922,1.0
2026-02-18,74908.51771498044,72813.35806288305,1.0
2026-02-19,74710.95770696725,72621.32372498435,1.0
2026-02-20,75251.24824103135,73146.50256064738,1.0
2026-02-23,74482.83548463033,72399.58198500867,1.0
2026-02-24,75024.21368976659,72925.81807004263,1.0
2026-02-25,75657.29867993097,73541.19593999957,1.0
2026-02-26,75237.0615189606,73132.71263521051,1.0
2026-02-27,74875.77344449342,72781.52963583355,1.0
2026-03-02,74918.3470387436,72822.91246460553,1.0
2026-03-03,74257.9897035478,72181.02504560715,1.0
2026-03-04,74781.89803133997,72690.27987839941,1.0
2026-03-05,74364.95073966193,72284.99442664589,1.0
2026-03-06,73390.2363225567,71337.54236075692,1.0
2026-03-09,74033.14392246529,71962.46810620565,1.0
2026-03-10,73914.1580783868,71846.81024601054,1.0
2026-03-11,73821.39047836239,71756.63731663939,1.0
2026-03-12,72700.41115812829,70667.0113152832,1.0
2026-03-13,72288.92236386791,70267.03168907638,1.0
2026-03-16,73024.5975638009,70982.13036389626,1.0
2026-03-17,73216.69236037746,71168.85235001758,1.0
2026-03-18,72195.05366473342,70175.78845787291,1.0
2026-03-19,72017.13887620866,70002.84987095778,1.0
2026-03-20,70984.71075208961,68999.29832610274,1.0
2026-03-23,71730.05413933063,69723.79477310863,1.0
2026-03-24,71489.26927722777,69489.74456206153,1.0
2026-03-25,71887.66573450851,69876.9980384331,1.0
2026-03-26,70603.84459832363,68629.08483804904,1.0
2026-03-27,69399.91357379036,67458.82725658278,1.0
2026-03-30,69167.87707839748,67233.2807241179,1.0
2026-03-31,71178.44376929334,69187.61271251111,1.0
2026-04-01,71714.73274805496,69708.90191468604,1.0
2026-04-02,71779.31489646886,69771.67772764261,1.0
2026-04-06,72118.59441677234,70101.46774283498,1.0
2026-04-07,72150.33158441477,70132.31723528178,1.0
2026-04-08,73987.97200287605,71918.55962615863,1.0
2026-04-09,74414.81575850691,72333.46474194148,1.0
2026-04-10,74365.5684294066,72285.59483986885,1.0
2026-04-13,75092.29384206068,72991.99404918596,1.0
2026-04-14,76007.28706048189,73881.39529313408,1.0
2026-04-15,76607.06380256629,74464.39653266397,1.0
2026-04-16,76795.31146627651,74647.37898860293,1.0
2026-04-17,77723.43730579114,75549.54553977042,1.0
2026-04-20,77568.00776677653,75398.46329941851,1.0
2026-04-21,77060.17951440295,74904.83878911624,1.0
2026-04-22,77840.54322455975,75663.3760553738,1.0
2026-04-23,77538.46608333533,75369.74788440562,1.0
2026-04-24,78139.33049649186,75953.80637330643,1.0
2026-04-27,78273.96000475627,76084.670350997,1.0
2026-04-28,77893.08042295236,75714.44381048194,1.0
2026-04-29,77881.0354729311,75702.7357526335,1.0
2026-04-30,78655.92725763231,76455.95414088298,1.0
2026-05-01,78873.73003282171,76667.66506429622,1.0
2026-05-04,78584.78551269068,76386.80220054742,1.0
2026-05-05,79215.21175134534,76999.59568315318,1.0
2026-05-06,80316.2571492756,78069.84530560634,1.0
2026-05-07,80070.00036171715,77830.47621655116,1.0
2026-05-08,80731.06266890415,78473.04888977142,1.0
2026-05-11,80914.93279224989,78651.77624330393,1.0
2026-05-12,80792.3549480257,78532.62684969249,1.0
2026-05-13,81244.37627477125,78972.00533054315,1.0
2026-05-14,81885.73965031814,79595.43004293437,1.0
2026-05-15,80900.71250008434,78637.95368671365,1.0
2026-05-18,80843.79776132722,78582.63082919904,1.0
2026-05-19,80305.30658434542,78059.20102335952,1.0
2026-05-20,81128.35802707479,78859.23206431071,1.0
2026-05-21,81289.24606350707,79015.62013020932,1.0
2026-05-22,81608.84008020836,79326.275237034,1.0
2026-05-26,82150.60769844454,79852.88984344766,1.0
2026-05-27,82136.37397824104,79839.054234396,1.0
2026-05-28,82589.4896900777,80279.49649084827,1.0
2026-05-29,82795.25422926478,80479.50588264373,1.0
2026-06-01,83020.71098607303,80698.65670903756,1.0
2026-06-02,83133.45279251509,80808.24517469585,1.0
2026-06-03,82550.09182679746,80241.20056919017,1.0
2026-06-04,82862.01843384196,80544.40272057286,1.0
2026-06-05,80723.40197326631,78465.60246056013,1.0
2026-06-08,80906.17771152097,78643.26603849103,1.0
2026-06-09,80668.68271871042,78412.41368047944,1.0
2026-06-10,79396.89310450888,77176.19548548244,1.0
2026-06-11,80746.39077419878,78487.9482744247,1.0
2026-06-12,81183.08399564971,78912.42737062208,1.0
2026-06-15,82614.66726119242,80303.96985591608,1.0
2026-06-16,82122.15368607551,79825.23167780571,1.0
2026-06-17,81096.62085943243,78828.3825718639,1.0
2026-06-18,81939.78078895873,79647.95967371592,1.0
2026-06-22,81681.92217663061,79397.31325803748,1.0
2026-06-23,80495.73630421898,78244.30450427103,1.0
2026-06-24,80458.42650083652,78208.03824035588,1.0
2026-06-25,80574.74016536737,78321.09866073845,1.0
2026-06-26,79992.07745762198,77754.73278322398,1.0
2026-06-29,81309.93195593495,79035.72744694902,1.0
2026-06-30,81943.07737227,79651.16405298212,1.0
2026-07-01,81832.24906123267,79543.43556306898,1.0
2026-07-02,81724.71733350662,79438.91145242206,1.0
2026-07-06,82437.96099608115,80132.20599052419,1.0
2026-07-07,82046.22484561261,79751.42653499189,1.0
2026-07-08,81792.75048766796,79505.0417479506,1.0
2026-07-09,82485.14712135955,80178.0723397766,1.0
2026-07-10,82840.66785353677,80523.64930699537,1.0
2026-07-13,82206.42805211058,79907.14892536067,1.0
2026-07-14,82498.31331254779,80190.87027814939,1.0
2026-07-15,82825.30617814731,80508.71729118866,1.0
2026-07-16,82376.50758050445,80072.4714010667,1.0
2026-07-17,81561.2108296784,79279.97815655639,1.0
2026-07-20,81429.54220377706,79151.9922465978,1.0
2026-07-21,82108.77264628043,79812.224900051,1.0
2026-07-22,82013.29929661355,79719.4218997139,1.0
2026-07-23,81000.49624992604,78734.94652715037,1.0
2026-07-24,81082.78998036674,78814.93853665332,1.0
2026-07-27,81100.35385397635,78832.01115612463,1.0
2026-07-28,81294.57028054551,79020.79543114234,1.0
2026-07-29,80043.65455130277,77804.86728734423,1.0
2026-07-30,81385.64594779101,79109.32375038095,1.0
2026-07-31,81971.61195286663,79678.90053339231,1.0
2026-08-03,83139.1328525586,80813.76636585518,1.0
2026-08-04,84638.04430027143,82270.7538924558,1.0
2026-08-05,84469.05915696867,82106.49519235139,1.0
2026-08-06,84334.09394775608,81975.30490312658,1.0
2026-08-07,84849.82460045017,82476.61078694482,1.0
2026-08-10,84824.58660316482,82452.07868580085,1.0
2026-08-11,84553.55508562953,82188.62780551895,1.0
2026-08-12,84765.3286717893,82394.47817377724,1.0
2026-08-13,85356.78003035847,82969.38688725806,1.0
2026-08-14,85187.7948870557,82805.12818715363,1.0
2026-08-17,84785.08131558115,82413.67834445178,1.0
2026-08-18,84212.29492973168,81856.91255227457,1.0
2026-08-19,84388.9541967102,82028.63073405167,1.0
2026-08-20,83680.10150253806,81339.60435081736,1.0
2026-08-21,84022.456043527,81672.38337966334,1.0
2026-08-24,83775.56142416697,81432.39429869309,1.0
2026-08-25,84043.30307240995,81692.64732593947,1.0
2026-08-26,84061.96133111067,81710.78372101237,1.0
2026-08-27,84612.80630298605,82246.22179131181,1.0
2026-08-28,84420.77864659912,82059.56506749734,1.0
2026-08-31,84168.39867374559,81814.24405605768,1.0
2026-09-01,83590.12693440262,81252.14633341102,1.0
2026-09-02,83961.00934196924,81612.6553164365,1.0
2026-09-03,84839.94827855425,82467.01070160753,1.0
2026-09-04,84512.95541295472,82149.16368856827,1.0
2026-09-08,84048.79513992244,81697.98578263959,1.0
2026-09-09,83658.16008856396,81318.2766289396,1.0
2026-09-10,83156.69001214919,80830.83245909578,1.0
2026-09-11,83865.54270632136,81519.85884233008,1.0
2026-09-14,83491.36371544345,81156.14548003841,1.0
2026-09-15,83108.40950177971,80783.90233424175,1.0
2026-09-16,82741.9113485965,80427.65497985341,1.0
2026-09-17,83680.10150253803,81339.60435081735,1.0
2026-09-18,83787.79436671922,81444.28509100068,1.0
2026-09-21,85086.92346614183,82707.07809734598,1.0
2026-09-22,85073.72370485877,82694.24752781977,1.0
2026-09-23,84461.0090482309,82098.67024176037,1.0
2026-09-24,84391.70694448538,82031.30648863238,1.0
2026-09-25,84850.41543411897,82477.18509524505,1.0
2026-09-28,84219.0022346766,81863.43225672863,1.0
2026-09-29,83960.49907652797,81612.15932290447,1.0
