fecha,valor_buy_and_hold,valor_rsi,posicion_rsi
2000-01-03,10000.0,10000.0,0.0
2000-01-04,9608.941126194435,10000.0,0.0
2000-01-05,9626.126496984945,10000.0,0.0
2000-01-06,9471.419554261318,10000.0,0.0
2000-01-07,10021.484860684526,10000.0,0.0
2000-01-10,10055.863155536881,10000.0,0.0
2000-01-11,9935.537864675087,10000.0,0.0
2000-01-12,9836.692398983598,10000.0,0.0
2000-01-13,9969.9144810227,10000.0,0.0
2000-01-14,10105.285888382625,10000.0,0.0
2000-01-18,10025.78015431669,10000.0,0.0
2000-01-19,10107.428499684482,10000.0,0.0
2000-01-20,9952.725753222707,10000.0,0.0
2000-01-21,9931.23921403344,10000.0,0.0
2000-01-24,9649.764039999774,10000.0,0.0
2000-01-25,9759.344382762192,10000.0,0.0
2000-01-26,9681.994688036046,10000.0,0.0
2000-01-27,9643.313546280193,10000.0,0.0
2000-01-28,9342.497801368601,10000.0,0.0
2000-01-31,9596.045174269495,10000.0,0.0
2000-02-01,9690.583596795632,10000.0,0.0
2000-02-02,9699.175023312331,10000.0,0.0
2000-02-03,9845.28970026689,10000.0,0.0
2000-02-04,9804.465107956808,10000.0,0.0
2000-02-07,9789.428223234752,10000.0,0.0
2000-02-08,9922.64191275015,10000.0,0.0
2000-02-09,9714.216104296242,10000.0,0.0
2000-02-10,9733.557514426537,10000.0,0.0
2000-02-11,9535.880850333857,10000.0,0.0
2000-02-14,9591.742327365997,10000.0,0.0
2000-02-15,9700.254301860781,10000.0,0.0
2000-02-16,9557.367389523124,10000.0,0.0
2000-02-17,9507.947174434492,10000.0,0.0
2000-02-18,9303.822534379344,10000.0,0.0
2000-02-22,9280.18163435503,10000.0,0.0
2000-02-23,9389.771208893522,10000.0,0.0
2000-02-24,9200.68345356043,10000.0,0.0
2000-02-25,9167.381080247045,10000.0,0.0
2000-02-28,9359.688207673335,10000.0,0.0
2000-02-29,9449.933854324421,10000.0,0.0
2000-03-01,9518.692122533868,10000.0,0.0
2000-03-02,9525.135902234486,10000.0,0.0
2000-03-03,9703.478709468203,10000.0,0.0
2000-03-06,9608.941126194435,10000.0,0.0
2000-03-07,9423.07274295454,10000.0,0.0
2000-03-08,9411.255230325682,10000.0,0.0
2000-03-09,9686.291660172954,10000.0,0.0
2000-03-10,9634.717923501645,10000.0,0.0
2000-03-13,9529.432035119022,10000.0,0.0
2000-03-14,9394.06734177806,10000.0,0.0
2000-03-15,9613.23558057423,10000.0,0.0
2000-03-16,10062.30777448987,10000.0,0.0
2000-03-17,10128.810971579813,10000.0,0.0
2000-03-20,10077.11050780056,10000.0,0.0
2000-03-21,10283.9115236652,10000.0,0.0
2000-03-22,10346.37875610546,10000.0,0.0
2000-03-23,10523.020398784196,10000.0,0.0
2000-03-24,10585.493505991048,10000.0,0.0
2000-03-27,10473.47513509236,10000.0,0.0
2000-03-28,10413.162263487147,10000.0,0.0
2000-03-29,10423.929032148153,10000.0,0.0
2000-03-30,10249.443428809203,10000.0,0.0
2000-03-31,10365.768003620875,10000.0,0.0
2000-04-03,10426.083392983199,10000.0,0.0
2000-04-04,10348.535634697617,10000.0,0.0
2000-04-05,10283.9115236652,10000.0,0.0
2000-04-06,10373.306168412608,10000.0,0.0
2000-04-07,10439.010397245847,10000.0,0.0
2000-04-10,10398.082576894192,10000.0,0.0
2000-04-11,10367.921525203552,10000.0,0.0
2000-04-12,10083.570233296217,10000.0,0.0
2000-04-13,9943.556081822746,10000.0,0.0
2000-04-14,9374.861890531785,10000.0,0.0
2000-04-17,9702.287810354483,10000.0,0.0
2000-04-18,9958.631572153847,10000.0,0.0
2000-04-19,9866.007484284795,10000.0,0.0
2000-04-20,9913.398387141584,10000.0,0.0
2000-04-24,9805.688737912988,10000.0,0.0
2000-04-25,10212.828526389498,10000.0,0.0
2000-04-26,10097.577355359685,10000.0,0.0
2000-04-27,10064.186860547396,10000.0,0.0
2000-04-28,10001.720467359508,10000.0,0.0
2000-05-01,10137.43093267711,10000.0,0.0
2000-05-02,9934.936959977822,10000.0,0.0
2000-05-03,9702.287810354483,10000.0,0.0
2000-05-04,9775.527686222342,10000.0,0.0
2000-05-05,9894.006621869057,10000.0,0.0
2000-05-08,9819.694181471714,10000.0,0.0
2000-05-09,9741.067144637682,10000.0,0.0
2000-05-10,9521.340803015137,10000.0,0.0
2000-05-11,9738.904391278931,10000.0,0.0
2000-05-12,9844.459679672482,10000.0,0.0
2000-05-15,10014.639079098451,10000.0,0.0
2000-05-16,10111.576084899445,10000.0,0.0
2000-05-17,10006.028349777229,10000.0,0.0
2000-05-18,9883.244049469904,10000.0,0.0
2000-05-19,9728.141818879776,10000.0,0.0
2000-05-22,9654.898586002433,10000.0,0.0
2000-05-23,9512.723359674952,10000.0,0.0
2000-05-24,9667.822233255598,10000.0,0.0
2000-05-25,9501.955751761576,10000.0,0.0
2000-05-26,9512.723359674952,10000.0,0.0
2000-05-30,9822.922785340987,10000.0,0.0
2000-05-31,9844.459679672482,10000.0,0.0
2000-06-01,10016.802671709573,10000.0,0.0
2000-06-02,10191.281561029557,10000.0,0.0
2000-06-05,10141.737975842465,10000.0,0.0
2000-06-06,10096.502273073094,10000.0,0.0
2000-06-07,10166.508509557454,10000.0,0.0
2000-06-08,10126.658289249513,10000.0,0.0
2000-06-09,10105.114680899052,10000.0,0.0
2000-06-12,9986.637423757076,10000.0,0.0
2000-06-13,10174.053388368156,10000.0,0.0
2000-06-14,10191.281561029557,10000.0,0.0
2000-06-15,10212.8285263895,10000.0,0.0
2000-06-16,10128.909164107163,10000.0,0.0
2000-06-19,10258.466231044336,10000.0,0.0
2000-06-20,10221.753136097284,10000.0,0.0
2000-06-21,10217.430986389261,10000.0,0.0
2000-06-22,10061.97794830827,10000.0,0.0
2000-06-23,9975.605451346994,10000.0,0.0
2000-06-26,10104.076525716755,10000.0,0.0
2000-06-27,10029.584485312122,10000.0,0.0
2000-06-28,10057.654959347878,10000.0,0.0
2000-06-29,9962.649912503746,10000.0,0.0
2000-06-30,10038.217874447346,10000.0,0.0
2000-07-03,10176.410848276857,10000.0,0.0
2000-07-05,9992.878943636404,10000.0,0.0
2000-07-06,10070.609658938753,10000.0,0.0
2000-07-07,10232.552635600738,10000.0,0.0
2000-07-10,10215.27746480659,10000.0,0.0
2000-07-11,10236.872267551647,10000.0,0.0
2000-07-12,10303.80516185528,10000.0,0.0
2000-07-13,10349.153324442299,10000.0,0.0
2000-07-14,10450.629007062902,10000.0,0.0
2000-07-17,10433.35635402586,10000.0,0.0
2000-07-18,10348.066492622516,10000.0,0.0
2000-07-19,10264.941063082662,10000.0,0.0
2000-07-20,10407.446115591743,10000.0,0.0
2000-07-21,10204.479643807872,10000.0,0.0
2000-07-24,10146.18433490131,10000.0,0.0
2000-07-25,10178.571083878496,10000.0,0.0
2000-07-26,10079.25227985005,10000.0,0.0
2000-07-27,10044.701099009375,10000.0,0.0
2000-07-28,9817.982106635915,10000.0,0.0
2000-07-31,9880.59620824101,10000.0,0.0
2000-08-01,9941.055109758689,10000.0,0.0
2000-08-02,9990.720386539504,10000.0,0.0
2000-08-03,10059.811837940037,10000.0,0.0
2000-08-04,10113.796746671762,10000.0,0.0
2000-08-07,10234.706996435785,10000.0,0.0
2000-08-08,10273.576130722628,10000.0,0.0
2000-08-09,10187.206990770834,10000.0,0.0
2000-08-10,10137.545070999498,10000.0,0.0
2000-08-11,10185.050112178675,10000.0,0.0
2000-08-14,10314.595429582663,10000.0,0.0
2000-08-15,10305.959522690328,10000.0,0.0
2000-08-16,10269.256498771718,10000.0,0.0
2000-08-17,10377.215405954348,10000.0,0.0
2000-08-18,10342.67009988027,10000.0,0.0
2000-08-21,10398.81020869941,10000.0,0.0
2000-08-22,10381.53755566237,10000.0,0.0
2000-08-23,10422.563568541367,10000.0,0.0
2000-08-24,10454.948639013808,10000.0,0.0
2000-08-25,10450.629007062902,10000.0,0.0
2000-08-28,10486.261984209137,10000.0,0.0
2000-08-29,10488.420541306035,10000.0,0.0
2000-08-30,10388.015744710181,10000.0,0.0
2000-08-31,10526.206200782577,10000.0,0.0
2000-09-01,10536.997307762327,10000.0,0.0
2000-09-05,10452.800152945358,10000.0,0.0
2000-09-06,10334.033353735565,10000.0,0.0
2000-09-07,10422.563568541369,10000.0,0.0
2000-09-08,10351.31356004394,10000.0,0.0
2000-09-11,10336.187714570611,10000.0,0.0
2000-09-12,10260.618913374641,10000.0,0.0
2000-09-13,10287.61094811432,10000.0,0.0
2000-09-14,10339.433103487294,10000.0,0.0
2000-09-15,10113.227733564572,10000.0,0.0
2000-09-18,10020.139539134638,10000.0,0.0
2000-09-19,10111.060783943965,10000.0,0.0
2000-09-20,10036.379911755976,10000.0,0.0
2000-09-21,9883.775296220423,10000.0,0.0
2000-09-22,10063.438247432921,10000.0,0.0
2000-09-25,9992.010317432947,10000.0,0.0
2000-09-26,9864.295409448996,10000.0,0.0
2000-09-27,9916.243452677545,10000.0,0.0
2000-09-28,10043.956682156757,10000.0,0.0
2000-09-29,9948.715805396516,10000.0,0.0
2000-10-02,9963.86682844096,10000.0,0.0
2000-10-03,9870.788705039473,10000.0,0.0
2000-10-04,9953.041312114017,10000.0,0.0
2000-10-05,9987.675578939374,10000.0,0.0
2000-10-06,9771.208893523806,10000.0,0.0
2000-10-09,9697.609817641376,10000.0,0.0
2000-10-10,9537.435145724012,10000.0,0.0
2000-10-11,9457.336060232143,10000.0,0.0
2000-10-12,9221.396202064116,9750.521862958694,1.0
2000-10-13,9528.771543503452,10075.534466382867,1.0
2000-10-16,9572.062698530402,10121.309677024889,1.0
2000-10-17,9333.95589074177,9869.540250336262,1.0
2000-10-18,9299.3249809259,9832.922211603884,1.0
2000-10-19,9649.993155896927,10203.711800487774,1.0
2000-10-20,9691.120718312757,10247.199271117868,1.0
2000-10-23,9734.411873339706,10292.97448175989,1.0
2000-10-24,9669.474721173097,10224.311222092434,1.0
2000-10-25,9442.18335868296,9983.977833236888,1.0
2000-10-26,9468.165772820937,10011.451123783509,1.0
2000-10-27,9647.825367023952,10201.419623431604,1.0
2000-10-30,9734.411873339704,10292.97448175989,1.0
2000-10-31,9902.170868929183,10470.359523933552,1.0
2000-11-01,9868.61755915702,10434.880918162891,1.0
2000-11-02,9884.856253273618,10452.05139197621,1.0
2000-11-03,9890.271109568017,10457.776953867966,1.0
2000-11-06,9959.53796471398,10531.018355785814,1.0
2000-11-07,9957.369336588636,10528.725291320798,1.0
2000-11-08,9736.571269688977,10295.257784727572,1.0
2000-11-09,9699.779285019096,10256.354668209813,1.0
2000-11-10,9463.834391336844,10006.871206715416,1.0
2000-11-13,9390.231958444934,9929.045450685227,1.0
2000-11-14,9637.007403968348,10189.980923371979,1.0
2000-11-15,9667.309450057235,10222.021707262811,1.0
2000-11-16,9515.784113070133,10061.801814449376,1.0
2000-11-17,9464.917026894776,10008.015964130223,1.0
2000-11-20,9329.627027014789,9864.962995494712,1.0
2000-11-21,9377.247045768721,9915.31546097828,1.0
2000-11-22,9153.20526845712,9678.418119184862,1.0
2000-11-24,9340.443311565654,9876.399920736638,1.0
2000-11-27,9422.703471911535,9963.380186449922,1.0
2000-11-28,9260.356814859342,9791.718043941468,1.0
2000-11-29,9243.039681446668,9773.407249757582,1.0
2000-11-30,9162.949827730872,9688.721823327014,1.0
2000-12-01,9158.619285499148,9684.142793667768,1.0
2000-12-04,9236.547225108561,9766.542254904107,1.0
2000-12-05,9539.597899082766,10086.982040530977,1.0
2000-12-06,9386.98740878062,9925.614728076183,1.0
2000-12-07,9258.189025986367,9789.425866885298,1.0
2000-12-08,9279.84089789262,9812.320127772673,1.0
2000-12-11,9602.36894088114,10153.354897959958,1.0
2000-12-12,9561.23802145583,10109.86387769447,1.0
2000-12-13,9430.278563807567,9971.389938718205,1.0
2000-12-14,9310.144622486248,9844.362686481201,1.0
2000-12-15,9099.854834517486,9622.006426082435,1.0
2000-12-18,9221.451592720568,9750.580431942704,1.0
2000-12-19,9033.634465476396,9551.98631828533,1.0
2000-12-20,8771.993342714504,9275.332172661716,1.0
2000-12-21,8832.792141442229,9339.619619296274,1.0
2000-12-22,9097.68788489688,9619.715136435114,1.0
2000-12-26,9195.395324373985,9723.0290494174,1.0
2000-12-27,9262.70504299197,9794.201013900103,1.0
2000-12-28,9290.930778716267,9824.046348299275,1.0
2000-12-29,9115.057891208899,9638.08183737647,1.0
2001-01-02,8950.03905460907,9463.594185093783,1.0
2001-01-03,9379.95447391592,9918.178241924155,1.0
2001-01-04,9278.989056736575,9811.41940779125,1.0
2001-01-05,8976.096162208021,9491.146455027936,1.0
2001-01-08,9045.577865960831,9564.61503361105,1.0
2001-01-09,9021.692743496706,9539.35937777731,1.0
2001-01-10,9180.197303196797,9706.958962576457,1.0
2001-01-11,9188.883565231361,9716.143644160407,1.0
2001-01-12,9171.511880414602,9697.775168401355,1.0
2001-01-16,9230.13533699802,9759.762451300106,1.0
2001-01-17,9272.473940584465,9804.530452898862,1.0
2001-01-18,9364.753095729246,9902.104605447816,1.0
2001-01-19,9311.55624497341,9845.855308164697,1.0
2001-01-22,9373.44187552092,9911.291949258311,1.0
2001-01-23,9447.265871038642,9989.351981224554,1.0
2001-01-24,9475.492446015309,10019.198203032573,1.0
2001-01-25,9451.60312728933,9993.938110154588,1.0
2001-01-26,9440.751594138905,9982.463913741014,1.0
2001-01-29,9491.124360668044,10035.727080248287,1.0
2001-01-30,9574.504922928527,10123.89203677457,1.0
2001-01-31,9520.306844094697,10066.584060734964,1.0
2001-02-01,9583.536117687361,10133.441443395332,1.0
2001-02-02,9366.06316867958,9903.48985066062,1.0
2001-02-05,9434.845775207774,9976.219217672777,1.0
2001-02-06,9407.050575949537,9946.829124012984,1.0
2001-02-07,9358.415901079681,9895.40378123135,1.0
2001-02-08,9249.329038711112,9780.057491669666,1.0
2001-02-09,9160.39430426273,9686.019663382745,1.0
2001-02-12,9265.310921602339,9796.956418375285,1.0
2001-02-13,9189.576787689384,9716.876643869424,1.0
2001-02-14,9175.677929181711,9702.180265926254,1.0
2001-02-15,9264.614342134832,9796.21986903087,1.0
2001-02-16,9060.341154410107,9580.225442668368,1.0
2001-02-20,8920.684524446464,9432.55528579312,1.0
2001-02-21,8728.222135331634,9229.049364158243,1.0
2001-02-22,8741.423575119432,9243.00830534815,1.0
2001-02-23,8682.36706431284,9180.563119483473,1.0
2001-02-26,8867.187221341996,9375.988296142172,1.0
2001-02-27,8785.193103997563,9289.289339033925,1.0
2001-02-28,8612.185424083043,9106.35444192055,1.0
2001-03-01,8657.347272643816,9154.107686886302,1.0
2001-03-02,8588.562987610883,9081.376545056448,1.0
2001-03-05,8667.074207617785,9164.392755442628,1.0
2001-03-06,8760.181704852239,9262.842780525238,1.0
2001-03-07,8822.717755986878,9328.967163476587,1.0
2001-03-08,8832.441333951367,9339.248682397518,1.0
2001-03-09,8571.190463541752,9063.007181888544,1.0
2001-03-12,8204.332271091616,8675.098588904559,1.0
2001-03-13,8339.123755063532,8817.624436683947,1.0
2001-03-14,8174.458243711679,8643.51038352656,1.0
2001-03-15,8176.539589590492,8645.711157471314,1.0
2001-03-16,8012.538766116067,8472.29993212209,1.0
2001-03-19,8175.564378335983,8644.679988389136,1.0
2001-03-20,7956.1107937338475,8412.634110771512,1.0
2001-03-21,7820.955913485509,8269.72401496064,1.0
2001-03-22,7741.531586899513,8185.742303747085,1.0
2001-03-23,7975.619215085871,8433.261929459331,1.0
2001-03-26,8077.336602389173,8540.815881920662,1.0
2001-03-27,8242.450274506868,8715.40381140325,1.0
2001-03-28,8014.632700780437,8474.514017199574,1.0
2001-03-29,8045.288072117298,8506.928400215704,1.0
2001-03-30,8129.581740956874,8596.058857569364,1.0
2001-04-02,7956.1107937338475,8412.634110771512,1.0
2001-04-03,7690.673732500231,8131.966214925269,1.0
2001-04-04,7722.722262772107,8165.853696630227,1.0
2001-04-05,8015.329280247944,8475.250566543988,1.0
2001-04-06,7893.409409882222,8346.334908276971,1.0
2001-04-09,7981.19269007829,8439.155211623487,1.0
2001-04-10,8126.796262339221,8593.11354760056,1.0
2001-04-11,8132.372255088752,8599.009491991263,1.0
2001-04-12,8280.068922761682,8755.181025636968,1.0
2001-04-16,8192.98390053786,8663.099046452562,1.0
2001-04-17,8308.634555696026,8785.385760619858,1.0
2001-04-18,8638.860221426676,9134.559844767336,1.0
2001-04-19,8753.810940107853,9256.106459954824,1.0
2001-04-20,8673.694230316203,9171.392636441098,1.0
2001-04-23,8516.242932341076,9004.906749747059,1.0
2001-04-24,8470.262812719078,8956.288281153833,1.0
2001-04-25,8581.035733099961,9073.417375092537,1.0
2001-04-26,8619.35096082228,9113.931138670669,1.0
2001-04-27,8762.868151690172,9265.683376249895,1.0
2001-04-30,8824.173858849674,9330.506817829062,1.0
2001-05-01,8851.346332849005,9359.238454123126,1.0
2001-05-02,8835.325844348736,9342.298706610465,1.0
2001-05-03,8723.156408023358,9223.69296434754,1.0
2001-05-04,8871.550494416166,9380.601934746508,1.0
2001-05-07,8794.915003457305,9299.569083137152,1.0
2001-05-08,8790.733848147527,9295.148012252974,1.0
2001-05-09,8753.810940107851,9256.10645995482,1.0
2001-05-10,8779.5894159198,9283.364110151208,1.0
2001-05-11,8718.977770470692,9219.274555689906,1.0
2001-05-14,8736.398131924938,9237.694501162181,1.0
2001-05-15,8776.804776554516,9280.419687591251,1.0
2001-05-16,8983.715734479689,9499.203239965189,1.0
2001-05-17,8997.650680839293,9513.937776488854,1.0
2001-05-18,9038.753065684006,9557.398624853487,1.0
2001-05-21,9171.819886034567,9698.100847448815,1.0
2001-05-22,9159.97467807748,9698.100847448815,0.0
2001-05-23,9004.615636261984,9698.100847448815,0.0
2001-05-24,9031.095727055663,9698.100847448815,0.0
2001-05-25,8924.497247965593,9698.100847448815,0.0
2001-05-29,8853.436910503893,9698.100847448815,0.0
2001-05-30,8729.428980240395,9698.100847448815,0.0
2001-05-31,8774.715877404367,9698.100847448815,0.0
2001-06-01,8829.05411138407,9698.100847448815,0.0
2001-06-04,8871.550494416166,9698.100847448815,0.0
2001-06-05,8973.268720971839,9698.100847448815,0.0
2001-06-06,8898.722968415497,9698.100847448815,0.0
2001-06-07,8930.770659435002,9698.100847448815,0.0
2001-06-08,8847.864274763844,9698.100847448815,0.0
2001-06-11,8785.16456941696,9698.100847448815,0.0
2001-06-12,8769.834785617602,9698.100847448815,0.0
2001-06-13,8694.596649855606,9698.100847448815,0.0
2001-06-14,8499.523346616184,9698.100847448815,0.0
2001-06-15,8513.216588293088,9698.100847448815,0.0
2001-06-18,8471.995029611764,9698.100847448815,0.0
2001-06-19,8509.022004945382,9698.100847448815,0.0
2001-06-20,8553.741567506904,9698.100847448815,0.0
2001-06-21,8650.853137800961,9698.100847448815,0.0
2001-06-22,8583.08183037921,9698.100847448815,0.0
2001-06-25,8504.128324373058,9698.100847448815,0.0
2001-06-26,8492.257099592487,9698.100847448815,0.0
2001-06-27,8487.366776029647,9698.100847448815,0.0
2001-06-28,8534.172719984204,9698.100847448815,0.0
2001-06-29,8565.616988549327,9698.100847448815,0.0
2001-07-02,8672.513402230921,9698.100847448815,0.0
2001-07-03,8670.41694980944,9698.100847448815,0.0
2001-07-05,8501.336131736442,9698.100847448815,0.0
2001-07-06,8317.591896246257,9698.100847448815,0.0
2001-07-09,8363.004681265802,9698.100847448815,0.0
2001-07-10,8262.395946343915,9698.100847448815,0.0
2001-07-11,8270.780916777472,9698.100847448815,0.0
2001-07-12,8467.107223806033,9698.100847448815,0.0
2001-07-13,8540.462077248652,9698.100847448815,0.0
2001-07-16,8433.568181324172,9698.100847448815,0.0
2001-07-17,8512.513294806618,9698.100847448815,0.0
2001-07-18,8454.529348529513,9698.100847448815,0.0
2001-07-19,8528.581620692006,9698.100847448815,0.0
2001-07-20,8477.581932642111,9698.100847448815,0.0
2001-07-23,8310.60344175719,9698.100847448815,0.0
2001-07-24,8230.257616068397,9698.100847448815,0.0
2001-07-25,8321.08234685512,9698.100847448815,0.0
2001-07-26,8408.416627032979,9698.100847448815,0.0
2001-07-27,8440.556635813236,9698.100847448815,0.0
2001-07-30,8443.348828449854,9698.100847448815,0.0
2001-07-31,8478.28019061436,9698.100847448815,0.0
2001-08-01,8531.38136659996,9698.100847448815,0.0
2001-08-02,8566.314407269207,9698.100847448815,0.0
2001-08-03,8519.503427800424,9698.100847448815,0.0
2001-08-06,8404.927854928856,9698.100847448815,0.0
2001-08-07,8437.759407662395,9698.100847448815,0.0
2001-08-08,8281.260661127773,9698.100847448815,0.0
2001-08-09,8305.711439689609,9698.100847448815,0.0
2001-08-10,8334.35680159915,9698.100847448815,0.0
2001-08-13,8336.456611030113,9698.100847448815,0.0
2001-08-14,8332.962803411767,9698.100847448815,0.0
2001-08-15,8260.995234137568,9698.100847448815,0.0
2001-08-16,8289.64563156133,9698.100847448815,0.0
2001-08-17,8156.896048606815,9698.100847448815,0.0
2001-08-20,8232.35406848988,9698.100847448815,0.0
2001-08-21,8091.9219693359055,9698.100847448815,0.0
2001-08-22,8175.765798904899,9698.100847448815,0.0
2001-08-23,8146.423018275482,9698.100847448815,0.0
2001-08-24,8315.497961581887,9698.100847448815,0.0
2001-08-27,8265.887236205152,9698.100847448815,0.0
2001-08-28,8145.018949059652,9698.100847448815,0.0
2001-08-29,8072.359835832171,9698.100847448815,0.0
2001-08-30,7917.255926737301,9698.100847448815,0.0
2001-08-31,7975.244069276259,9698.100847448815,0.0
2001-09-04,7924.245220478736,9698.100847448815,0.0
2001-09-05,7943.8065147301,9698.100847448815,0.0
2001-09-06,7739.099433529833,9698.100847448815,0.0
2001-09-07,7595.874302486869,9518.621080238976,1.0
2001-09-10,7688.791289433222,9635.058182202378,1.0
2001-09-17,7287.0613217368855,9131.638143007398,1.0
2001-09-18,7269.592283645151,9109.747160138311,1.0
2001-09-19,7122.880059002805,8925.897609895992,1.0
2001-09-20,6896.508517110726,8642.224546755031,1.0
2001-09-21,6822.103758952626,8548.985681646127,1.0
2001-09-24,7061.943622886319,8849.53630871133,1.0
2001-09-25,7135.578786620679,8941.810771644354,1.0
2001-09-26,7110.330718306879,8910.1716494424,1.0
2001-09-27,7172.043462866068,8987.505766344279,1.0
2001-09-28,7324.222577449782,9178.20604262115,1.0
2001-10-01,7312.301836779351,9163.267799975341,1.0
2001-10-02,7404.1689190102215,9278.389234411996,1.0
2001-10-03,7528.295183857959,9433.93563159292,1.0
2001-10-04,7534.608040188779,9441.846463836075,1.0
2001-10-05,7519.8816788438035,9423.392412603605,1.0
2001-10-08,7470.793807693884,9361.878908495368,1.0
2001-10-09,7430.8176995303675,9311.78363167561,1.0
2001-10-10,7596.323302505081,9519.183735815957,1.0
2001-10-11,7714.1358717696285,9666.818249061062,1.0
2001-10-12,7679.072746982957,9622.879581115463,1.0
2001-10-15,7665.046322114969,9605.30264156749,1.0
2001-10-16,7713.437613797382,9665.943240761899,1.0
2001-10-17,7549.337758543239,9460.304721839217,1.0
2001-10-18,7533.203970972952,9440.086982003744,1.0
2001-10-19,7528.295183857961,9433.935631592922,1.0
2001-10-22,7676.96790203777,9620.241935905966,1.0
2001-10-23,7637.698444370206,9571.032184312046,1.0
2001-10-24,7617.358323919027,9545.54336082825,1.0
2001-10-25,7754.109462176037,9716.91037080282,1.0
2001-10-26,7736.578319408885,9694.941562676353,1.0
2001-10-29,7535.308815918142,9442.724627213243,1.0
2001-10-30,7444.8449636507285,9329.361622916253,1.0
2001-10-31,7419.596056084558,9297.721449021634,1.0
2001-11-01,7609.644755381859,9535.877253523431,1.0
2001-11-02,7661.539086458695,9600.907617910998,1.0
2001-11-05,7761.826387722685,9726.580684878305,1.0
2001-11-06,7882.443738409407,9877.729955017403,1.0
2001-11-07,7871.925388450065,9864.549090818591,1.0
2001-11-08,7896.470163277395,9895.306894565376,1.0
2001-11-09,7904.887025301032,9905.85432032536,1.0
2001-11-12,7856.499929880471,9845.218979594289,1.0
2001-11-13,8033.224658543886,10066.678111310614,1.0
2001-11-14,8040.934870071571,10076.340011844763,1.0
2001-11-15,8055.662909921287,10094.796166462567,1.0
2001-11-16,8019.897330900515,10049.97723175447,1.0
2001-11-19,8118.780562948676,10173.890816889447,1.0
2001-11-20,8050.753283553924,10088.643764359076,1.0
2001-11-21,7997.45488326126,10021.853918139179,1.0
2001-11-23,8112.466028113115,10165.977881260957,1.0
2001-11-26,8130.000527889747,10187.95089615809,1.0
2001-11-27,8094.938242355445,10144.013279905159,1.0
2001-11-28,7948.368690616082,9960.342517416277,1.0
2001-11-29,8055.662909921287,10094.796166462567,1.0
2001-11-30,7998.1606945048425,10022.738391672348,1.0
2001-12-03,7950.469339299418,9962.974904162436,1.0
2001-12-04,8085.117311115981,10131.706372312843,1.0
2001-12-05,8233.088414314061,10317.133461556055,1.0
2001-12-06,8228.880402928427,10311.860274522398,1.0
2001-12-07,8174.177094167564,10243.309894777502,1.0
2001-12-10,8021.298043106863,10051.732506816132,1.0
2001-12-11,8005.171808807911,10031.524232214664,1.0
2001-12-12,8014.286928803795,10042.94666627381,1.0
2001-12-13,7858.601417816177,9847.852418033113,1.0
2001-12-14,7933.636454504514,9941.881104335132,1.0
2001-12-17,8015.690158767255,10044.705096413478,1.0
2001-12-18,8063.376478458456,10104.462273767385,1.0
2001-12-19,8120.181275155025,10175.64609195111,1.0
2001-12-20,8040.235772846955,10075.463951852933,1.0
2001-12-21,8089.001371086607,10136.573605976939,1.0
2001-12-24,8073.5188433558205,10117.171979651263,1.0
2001-12-26,8117.850671322177,10172.725541414116,1.0
2001-12-27,8167.111428460416,10234.455694211809,1.0
2001-12-28,8162.890828289225,10229.16673178814,1.0
2001-12-31,8043.2595991378275,10079.253200533076,1.0
2002-01-02,8129.81253535876,10187.715317000619,1.0
2002-01-03,8222.00105124753,10303.239549728836,1.0
2002-01-04,8276.885638520416,10372.017095089861,1.0
2002-01-07,8218.480387553325,10298.827698989666,1.0
2002-01-08,8199.48307089493,10275.021583773492,1.0
2002-01-09,8132.631584071234,10191.247952669957,1.0
2002-01-10,8168.517176180986,10236.217279429473,1.0
2002-01-11,8088.298077600137,10135.692287521768,1.0
2002-01-14,8037.633251246068,10072.202652891741,1.0
2002-01-15,8103.0747940873425,10154.209440314275,1.0
2002-01-16,7939.1134154743295,9948.744450681692,1.0
2002-01-17,7998.925253414362,10023.696483692222,1.0
2002-01-18,7962.332171556287,9977.840580014203,1.0
2002-01-22,7907.45010204051,9909.06618973118,1.0
2002-01-23,7967.96523346701,9984.899541196874,1.0
2002-01-24,7992.59393353139,10015.762514210386,1.0
2002-01-25,7990.48405307198,10013.118558844886,1.0
2002-01-28,8012.299579190479,10040.456258037731,1.0
2002-01-29,7760.372802616999,9724.759153178602,1.0
2002-01-30,7872.260250145892,9864.968716192825,1.0
2002-01-31,7964.442052015698,9980.484535379703,1.0
2002-02-01,7927.149033680635,9933.751520017187,1.0
2002-02-04,7730.113558399009,9686.84037406042,1.0
2002-02-05,7682.26190599082,9626.876013251062,1.0
2002-02-06,7649.189487826949,9585.431960312213,1.0
2002-02-07,7601.339513923501,9525.46970288819,1.0
2002-02-08,7747.004351607476,9708.006740681763,1.0
2002-02-11,7842.005202189754,9827.05519553798,1.0
2002-02-12,7817.366431096928,9796.17960221246,1.0
2002-02-13,7900.411292409215,9900.245643330842,1.0
2002-02-14,7885.632897417268,9881.726387153,1.0
2002-02-15,7803.298043610415,9778.550078031125,1.0
2002-02-19,7653.4142842599895,9590.726181199218,1.0
2002-02-20,7782.190846492608,9752.10000744945,1.0
2002-02-21,7621.044320330216,9550.162395022868,1.0
2002-02-22,7715.3401989212825,9668.327428038583,1.0
2002-02-25,7842.705977919109,9827.933358915145,1.0
2002-02-26,7826.524352963704,9807.655672597639,1.0
2002-02-27,7856.780240172213,9845.570244945151,1.0
2002-02-28,7821.597102296561,9801.481184948136,1.0
2002-03-01,8003.85334333387,10029.872023034392,1.0
2002-03-04,8145.295902341914,10207.117995018963,1.0
2002-03-05,8119.262293809336,10174.494488480452,1.0
2002-03-06,8215.668052859814,10295.303476861667,1.0
2002-03-07,8198.073126912506,10273.25474009249,1.0
2002-03-08,8232.55381055406,10316.463533327007,1.0
2002-03-11,8250.151254258479,10338.515425174186,1.0
2002-03-12,8245.224003591336,10332.340937524683,1.0
2002-03-13,8165.703162982733,10232.690953916139,1.0
2002-03-14,8154.442913927878,10218.580393399465,1.0
2002-03-15,8232.14173764015,10315.94715222738,1.0
2002-03-18,8233.555038632054,10317.71820267905,1.0
2002-03-19,8288.598244602963,10386.694517954189,1.0
2002-03-20,8132.639137342567,10191.257417903962,1.0
2002-03-21,8136.167354308103,10195.678733877137,1.0
2002-03-22,8118.525430228048,10173.571102318594,1.0
2002-03-25,8017.60701118145,10047.107162465505,1.0
2002-03-26,8064.185517743606,10105.476105498623,1.0
2002-03-27,8085.3548195368285,10132.004001337675,1.0
2002-03-28,8081.829120328403,10127.585840442502,1.0
2002-04-01,8085.3548195368285,10132.004001337675,1.0
2002-04-02,8040.8954252101585,10076.290582289397,1.0
2002-04-03,7984.437239742602,10005.541113177254,1.0
2002-04-04,7951.2649505466425,9963.971908811001,1.0
2002-04-05,7952.678251538547,9965.742959262674,1.0
2002-04-08,7969.616882132131,9986.96927236605,1.0
2002-04-09,7913.867025665268,9917.107431865077,1.0
2002-04-10,8003.491625562191,10029.418743494805,1.0
2002-04-11,7804.482228705175,9780.034016384634,1.0
2002-04-12,7863.059526408217,9853.439009481619,1.0
2002-04-15,7803.069766965641,9778.26401762563,1.0
2002-04-16,7988.668750194609,10010.843747605597,1.0
2002-04-17,7971.733476610505,9989.62164127289,1.0
2002-04-18,7937.155439693975,9946.290851688971,1.0
2002-04-19,7966.089504418965,9982.549008085545,1.0
2002-04-22,7833.417132682534,9816.293224473875,1.0
2002-04-23,7799.539032242992,9773.839546574452,1.0
2002-04-24,7721.208251495744,9675.68086316809,1.0
2002-04-25,7725.443118957233,9680.987704367102,1.0
2002-04-26,7578.652843844431,9497.040346706728,1.0
2002-04-29,7541.247365691722,9450.166404526797,1.0
2002-04-30,7611.825133040391,9538.609551072981,1.0
2002-05-01,7704.974592893369,9655.337971905214,1.0
2002-05-02,7675.33723468191,9618.198497053474,1.0
2002-05-03,7592.061578967739,9513.843240451595,1.0
2002-05-06,7443.158066386044,9327.247720655052,1.0
2002-05-07,7417.043050373529,9294.522199927816,1.0
2002-05-08,7692.976641004852,9640.302973534015,1.0
2002-05-09,7604.058691603882,9528.877187130123,1.0
2002-05-10,7460.800829718471,9349.356403906262,1.0
2002-05-13,7612.527587274491,9539.48981783548,1.0
2002-05-14,7778.369730449771,9747.311650735399,1.0
2002-05-15,7748.024882489989,9709.285598965156,1.0
2002-05-16,7788.251087859912,9759.69428019976,1.0
2002-05-17,7826.358180994351,9807.447437449522,1.0
2002-05-20,7741.673420550128,9701.326388859308,1.0
2002-05-21,7671.100688715683,9612.889552469129,1.0
2002-05-22,7688.035962299787,9634.111658801836,1.0
2002-05-23,7769.9016740315365,9736.700071722713,1.0
2002-05-24,7670.396555976843,9612.007182321293,1.0
2002-05-28,7628.76292438161,9559.83481248369,1.0
2002-05-29,7572.300542652201,9489.08008490821,1.0
2002-05-30,7551.129562354238,9462.550085683824,1.0
2002-05-31,7566.6574097130315,9482.008503413532,1.0
2002-06-03,7365.5272221157875,9229.966148933187,1.0
2002-06-04,7383.878314448906,9252.962460795567,1.0
2002-06-05,7453.037745291447,9339.628246734075,1.0
2002-06-06,7301.305952221204,9149.488522648855,1.0
2002-06-07,7292.8387350553385,9138.877995328834,1.0
2002-06-10,7321.066988536745,9174.251678192239,1.0
2002-06-11,7195.4535684885,9016.841681604923,1.0
2002-06-12,7239.204633814479,9071.667472042032,1.0
2002-06-13,7166.519503763512,8980.58352520835,1.0
2002-06-14,7155.930656605048,8967.314318825487,1.0
2002-06-17,7347.884458783361,9207.857465681973,1.0
2002-06-18,7407.870861216455,9283.028250767293,1.0
2002-06-19,7234.973123362472,9066.364837613688,1.0
2002-06-20,7142.519403724628,8950.508270002616,1.0
2002-06-21,7030.8434477931,8810.563733540543,1.0
2002-06-24,7067.6681633054295,8856.709904394727,1.0
2002-06-25,6909.036876497393,8657.924214891933,1.0
2002-06-26,6920.368881629925,8672.124695131659,1.0
2002-06-27,7041.4641865416415,8823.872904244761,1.0
2002-06-28,7008.181535658963,8782.165402292763,1.0
2002-07-01,6871.501733853445,8610.887786194911,1.0
2002-07-02,6725.616592422217,8428.074679076182,1.0
2002-07-03,6763.857546309746,8475.995581306373,1.0
2002-07-05,7032.9663366642535,8813.223990142387,1.0
2002-07-08,6945.149066747179,8703.177498671612,1.0
2002-07-09,6770.228730680316,8483.979506189904,1.0
2002-07-10,6523.781432833763,8175.148902755337,1.0
2002-07-11,6576.896036857289,8241.708428281103,1.0
2002-07-12,6504.660746076905,8151.188188717076,1.0
2002-07-15,6539.362153091895,8194.673577123083,1.0
2002-07-16,6413.306866670588,8036.709864346453,1.0
2002-07-17,6426.053431673579,8052.68297257685,1.0
2002-07-18,6217.849185845482,7791.775900604142,1.0
2002-07-19,5999.018746128434,7517.552821924878,1.0
2002-07-22,5821.264254806429,7294.80326330582,1.0
2002-07-23,5661.9242193715145,7095.129419345522,1.0
2002-07-24,5999.730012512423,7518.444131460384,1.0
2002-07-25,5948.738716986234,7454.545388382794,1.0
2002-07-26,6062.04659915218,7596.53494123636,1.0
2002-07-29,6357.361884027586,7966.603505300342,1.0
2002-07-30,6440.217074304141,8070.4318638759205,1.0
2002-07-31,6455.796955309905,8089.955486550999,1.0
2002-08-01,6287.251580249279,7878.746151569824,1.0
2002-08-02,6146.322224065789,7702.143289651284,1.0
2002-08-05,5932.451346232147,7434.135188789213,1.0
2002-08-06,6132.154385173374,7684.389139888879,1.0
2002-08-07,6239.092341847306,7818.396345397916,1.0
2002-08-08,6440.925822931018,8071.3200183334275,1.0
2002-08-09,6465.007330449838,8101.497287727883,1.0
2002-08-12,6417.554322917631,8042.032480935475,1.0
2002-08-13,6300.70143873874,7895.600578255388,1.0
2002-08-14,6530.864722840689,8184.025188867044,1.0
2002-08-15,6621.512371377238,8297.618513858164,1.0
2002-08-16,6601.683775245872,8272.770697055064,1.0
2002-08-19,6756.067605806862,8466.233769968838,1.0
2002-08-20,6684.539385148616,8376.59958147698,1.0
2002-08-21,6780.85450494308,8497.29498705013,1.0
2002-08-22,6846.716932848153,8579.829198345293,1.0
2002-08-23,6699.413454910798,8395.238730618888,1.0
2002-08-26,6746.154356806644,8453.811176183122,1.0
2002-08-27,6668.252434020715,8356.189907729731,1.0
2002-08-28,6522.363935580003,8173.372593840331,1.0
2002-08-29,6525.197671208961,8176.923634131345,1.0
2002-08-30,6499.7028626982365,8144.975314285218,1.0
2002-09-03,6251.841004981222,7834.372082859977,1.0
2002-09-04,6341.06989738546,7946.187521397089,1.0
2002-09-05,6287.251580249277,7878.746151569822,1.0
2002-09-06,6373.647995903113,7987.01212735492,1.0
2002-09-09,6420.390576303699,8045.586676304488,1.0
2002-09-10,6494.0408465807295,8137.880069705524,1.0
2002-09-11,6453.673227186379,8087.294178256488,1.0
2002-09-12,6334.695356005407,7938.199389742889,1.0
2002-09-13,6350.280272525394,7957.7293225739695,1.0
2002-09-16,6365.856796521675,7977.248738478379,1.0
2002-09-17,6219.9724943428155,7794.436683052316,1.0
2002-09-18,6157.653389945947,7716.342718198338,1.0
2002-09-19,5998.310836753922,7516.665719160038,1.0
2002-09-20,6000.30448076002,7519.164015091124,1.0
2002-09-23,5951.219966619583,7457.654717753557,1.0
2002-09-24,5855.184737490677,7337.310051684939,1.0
2002-09-25,6000.30448076002,7519.164015091124,1.0
2002-09-26,6098.470152031412,7642.17840299559,1.0
2002-09-27,5886.483815395704,7376.531878017859,1.0
2002-09-30,5818.192591130434,7290.954068143635,1.0
2002-10-01,6097.759305273609,7641.2876193064185,1.0
2002-10-02,5914.942024026627,7412.1937246720945,1.0
2002-10-03,5855.184737490677,7337.310051684939,1.0
2002-10-04,5747.771763975048,7202.707588126231,1.0
2002-10-07,5628.973912427547,7053.838387689761,1.0
2002-10-08,5717.185211332566,7164.378648867816,1.0
2002-10-09,5555.704662726719,6962.0224627596635,1.0
2002-10-10,5735.680235447225,7187.555326022634,1.0
2002-10-11,5986.788321333292,7502.226504684849,1.0
2002-10-14,6020.219100259363,7544.119630392621,1.0
2002-10-15,6309.741026021281,7906.928359974482,1.0
2002-10-16,6156.800289911348,7715.2736726020685,1.0
2002-10-17,6279.154473378798,7868.599420716066,1.0
2002-10-18,6305.475525848268,7901.583131993115,1.0
2002-10-21,6414.311871384249,8037.969266315502,1.0
2002-10-22,6368.075779789252,7980.0294138906265,1.0
2002-10-23,6416.447349040958,8040.645298307353,1.0
2002-10-24,6285.558388591817,7876.624361613619,1.0
2002-10-25,6416.447349040958,8040.645298307354,1.0
2002-10-28,6374.477177245158,7988.051199710178,1.0
2002-10-29,6300.497080786527,7895.34449109091,1.0
2002-10-30,6361.672703828603,7972.00552468574,1.0
2002-10-31,6296.943266623689,7890.891098491382,1.0
2002-11-01,6421.426213728886,8046.884465055895,1.0
2002-11-04,6482.602256397147,8123.54602449706,1.0
2002-11-05,6533.820150063369,8187.728724594812,1.0
2002-11-06,6618.473438543699,8293.810334710004,1.0
2002-11-07,6456.284141310973,8090.565994144346,1.0
2002-11-08,6377.322662407302,7991.616963698534,1.0
2002-11-11,6278.441948116252,7867.70653364156,1.0
2002-11-12,6328.241085650161,7930.111347285302,1.0
2002-11-13,6334.637027965659,7938.126297102517,1.0
2002-11-14,6454.150761785189,8087.892591384162,1.0
2002-11-15,6501.808127269609,8147.6134853410485,1.0
2002-11-18,6436.364486297409,8065.604068686849,1.0
2002-11-19,6427.828030810977,8054.906776721778,1.0
2002-11-20,6570.811876797426,8234.08418228978,1.0
2002-11-21,6693.16480138632,8387.408352864777,1.0
2002-11-22,6645.507016275714,8327.686933061557,1.0
2002-11-25,6649.775034205836,8333.035316120924,1.0
2002-11-26,6523.151993555891,8174.36013325489,1.0
2002-11-27,6706.678443055936,8404.342708193051,1.0
2002-11-29,6685.3391926576915,8377.601844588879,1.0
2002-12-02,6696.011125800833,8390.9751685458,1.0
2002-12-03,6606.377713754019,8278.652814143066,1.0
2002-12-04,6576.5003293646005,8241.21255518849,1.0
2002-12-05,6503.944444178689,8150.290569025567,1.0
2002-12-06,6546.625462732293,8203.775451311916,1.0
2002-12-09,6366.653247021271,7978.246794819615,1.0
2002-12-10,6452.014025249923,8085.214981853311,1.0
2002-12-11,6457.704575948027,8092.34598398369,1.0
2002-12-12,6456.99750582589,8091.45993291152,1.0
2002-12-13,6355.267949363214,7963.979532095519,1.0
2002-12-16,6519.5923046264625,8169.899378806693,1.0
2002-12-17,6462.68553876688,8098.587779963897,1.0
2002-12-18,6387.994595550444,8004.990287655456,1.0
2002-12-19,6342.465574077585,7947.93648630275,1.0
2002-12-20,6432.964674944558,8061.343661691767,1.0
2002-12-23,6435.112741386826,8064.0354690736285,1.0
2002-12-24,6387.211992714964,8004.009584243236,1.0
2002-12-26,6390.073423672146,8007.59533039227,1.0
2002-12-27,6246.3896412087115,7827.540813139772,1.0
2002-12-30,6298.573094727181,7892.9334856512105,1.0
2002-12-31,6307.151512832136,7903.683362249642,1.0
2003-01-02,6510.170437889165,8158.092551077663,1.0
2003-01-03,6530.186187299152,8183.174895345564,1.0
2003-01-06,6645.280418135685,8327.402976041401,1.0
2003-01-07,6628.8365268145035,8306.796635765377,1.0
2003-01-08,6533.04552012541,8186.7580122629315,1.0
2003-01-09,6634.550156952794,8313.956559444106,1.0
2003-01-10,6652.424553939474,8336.35550987148,1.0
2003-01-13,6650.281103385245,8333.669486799292,1.0
2003-01-14,6671.7281977131,8360.54549291121,1.0
2003-01-15,6605.24766043716,8277.236709966606,1.0
2003-01-16,6578.0827397091625,8243.195521712623,1.0
2003-01-17,6480.860807728384,8121.363762212493,1.0
2003-01-21,6380.067856911176,7995.05705041316,1.0
2003-01-22,6302.860835088012,7898.306583488263,1.0
2003-01-23,6341.464345999592,7946.6818169507105,1.0
2003-01-24,6174.904642047545,7737.96078682028,1.0
2003-01-27,6090.554323672962,7632.2588377579705,1.0
2003-01-28,6135.588605873419,7688.692666283326,1.0
2003-01-29,6182.05381336556,7746.919630806365,1.0
2003-01-30,6035.5106980758665,7563.2819966365,1.0
2003-01-31,6152.032497194602,7709.299006559351,1.0
2003-02-03,6164.180675257435,7724.52225791799,1.0
2003-02-04,6103.421321391121,7648.3828638861205,1.0
2003-02-05,6065.529916115899,7600.899991651845,1.0
2003-02-06,6036.9407841151815,7565.074080941517,1.0
2003-02-07,5963.306040007004,7472.800143854826,1.0
2003-02-10,6005.483926764501,7525.654536387151,1.0
2003-02-11,5964.023181157589,7473.698815239004,1.0
2003-02-12,5868.948056740523,7354.557285581735,1.0
2003-02-13,5886.81825746535,7376.950977545773,1.0
2003-02-14,6015.490752404029,7538.194393905264,1.0
2003-02-18,6121.291102489763,7670.776030003825,1.0
2003-02-19,6089.124657259834,7630.467279299286,1.0
2003-02-20,6028.357330496,7554.317894187078,1.0
2003-02-21,6089.124657259834,7630.467279299286,1.0
2003-02-24,5990.472639239742,7506.84343549414,1.0
2003-02-25,6038.367932771197,7566.862484322197,1.0
2003-02-26,5950.442818924515,7456.680850343678,1.0
2003-02-27,6029.074891272769,7555.217091417588,1.0
2003-02-28,6069.104711587996,7605.379676568049,1.0
2003-03-03,6011.203012043198,7532.821296068211,1.0
2003-03-04,5915.411166101734,7412.7816208731,1.0
2003-03-05,5965.45494570164,7475.49300292935,1.0
2003-03-06,5915.411166101734,7412.7816208731,1.0
2003-03-07,5956.157288315176,7463.841825715073,1.0
2003-03-10,5813.186870366654,7284.681247229747,1.0
2003-03-11,5756.002311972439,7213.021538114086,1.0
2003-03-12,5794.601626622169,7261.391513113199,1.0
2003-03-13,5994.75870109583,7512.214429945851,1.0
2003-03-14,6014.062344869453,7536.4044129855765,1.0
2003-03-17,6203.498809562484,7773.793007686608,1.0
2003-03-18,6239.954254031799,7819.476433767196,1.0
2003-03-19,6287.85248494655,7879.4991635195875,1.0
2003-03-20,6301.432847179623,7896.51712841491,1.0
2003-03-21,6435.9343694575355,8065.065076194879,1.0
2003-03-24,6222.051322464521,7797.041725789133,1.0
2003-03-25,6281.623973478963,7871.694026389492,1.0
2003-03-26,6250.043326403636,7832.119357166704,1.0
2003-03-27,6255.066251841015,7838.413737780275,1.0
2003-03-28,6223.484345887131,7798.837491018484,1.0
2003-03-31,6082.095918656984,7621.659353210952,1.0
2003-04-01,6175.3972831890205,7738.578130415959,1.0
2003-04-02,6324.683494851658,7925.653222068776,1.0
2003-04-03,6294.545522601203,7887.886412541013,1.0
2003-04-04,6331.864557759751,7934.652030376215,1.0
2003-04-07,6319.662247919021,7919.360944840539,1.0
2003-04-08,6329.715652065114,7931.959171301689,1.0
2003-04-09,6246.45426364124,7827.621793475152,1.0
2003-04-10,6280.907671580753,7870.796406697985,1.0
2003-04-11,6255.066251841017,7838.413737780277,1.0
2003-04-14,6384.259922501769,8000.310255286139,1.0
2003-04-15,6443.832993142398,8074.9630817328325,1.0
2003-04-16,6334.016400837687,7937.34857037508,1.0
2003-04-17,6428.042040165455,8055.174958351936,1.0
2003-04-21,6434.500506782556,8063.268259272862,1.0
2003-04-22,6555.798910767931,8215.270978011444,1.0
2003-04-23,6616.091640316254,8290.825630920315,1.0
2003-04-24,6557.236130452395,8217.072001704131,1.0
2003-04-25,6476.131200994494,8115.4369481861295,1.0
2003-04-28,6588.098797124769,8255.746947850077,1.0
2003-04-29,6611.063679364653,8284.524940150739,1.0
2003-04-30,6596.712463829286,8266.540995540536,1.0
2003-05-01,6595.991546043037,8265.637591539356,1.0
2003-05-02,6690.018024623176,8383.46503120888,1.0
2003-05-05,6677.096055874752,8367.272119211026,1.0
2003-05-06,6740.261546287259,8446.426716119939,1.0
2003-05-07,6702.934118605007,8399.650581358064,1.0
2003-05-08,6635.466620541372,8315.105007836759,1.0
2003-05-09,6727.3383186602805,8430.232226583084,1.0
2003-05-12,6809.877110793163,8533.664097023107,1.0
2003-05-13,6797.676899083361,8518.3756407191,1.0
2003-05-14,6783.32148728614,8500.386437645559,1.0
2003-05-15,6826.385624546873,8554.351417634512,1.0
2003-05-16,6809.155773380728,8532.760167175595,1.0
2003-05-19,6649.824969721889,8333.097891834637,1.0
2003-05-20,6636.184181318141,8316.004205067273,1.0
2003-05-21,6649.824969721888,8333.097891834637,1.0
2003-05-22,6715.851471465392,8415.83770904625,1.0
2003-05-23,6729.488902859658,8432.92718904295,1.0
2003-05-27,6847.2007618397465,8580.435499167981,1.0
2003-05-28,6866.579938326716,8604.72013454776,1.0
2003-05-29,6848.635883393284,8582.233893629002,1.0
2003-05-30,6958.449957940883,8719.84524990875,1.0
2003-06-02,6987.1570048996555,8755.81892343883,1.0
2003-06-03,7015.864891110797,8791.793648661576,1.0
2003-06-04,7117.070754094288,8791.793648661576,0.0
2003-06-05,7152.2362676701605,8791.793648661576,0.0
2003-06-06,7124.245522609602,8791.793648661576,0.0
2003-06-09,7051.756777613328,8791.793648661576,0.0
2003-06-10,7123.526283328092,8791.793648661576,0.0
2003-06-11,7198.890306945661,8791.793648661576,0.0
2003-06-12,7221.140565792073,8791.793648661576,0.0
2003-06-13,7145.779059931616,8791.793648661576,0.0
2003-06-16,7296.504589409644,8791.793648661576,0.0
2003-06-17,7296.504589409644,8791.793648661576,0.0
2003-06-18,7290.044863913988,8791.793648661576,0.0
2003-06-19,7178.794408934297,8791.793648661576,0.0
2003-06-20,7162.943449412865,8791.793648661576,0.0
2003-06-23,7089.4711006383795,8791.793648661576,0.0
2003-06-24,7096.674403734289,8791.793648661576,0.0
2003-06-25,7025.3664868232945,8791.793648661576,0.0
2003-06-26,7116.84667371137,8791.793648661576,0.0
2003-06-27,7034.725829258991,8791.793648661576,0.0
2003-06-30,7032.568111414464,8791.793648661576,0.0
2003-07-01,7097.397000025278,8791.793648661576,0.0
2003-07-02,7186.716112059344,8791.793648661576,0.0
2003-07-03,7112.522845498608,8791.793648661576,0.0
2003-07-07,7253.70271851469,8791.793648661576,0.0
2003-07-08,7286.123876839061,8791.793648661576,0.0
2003-07-09,7245.06177610813,8791.793648661576,0.0
2003-07-10,7152.859832181435,8791.793648661576,0.0
2003-07-11,7220.574070441994,8791.793648661576,0.0
2003-07-14,7255.865471873441,8791.793648661576,0.0
2003-07-15,7240.021226370973,8791.793648661576,0.0
2003-07-16,7197.5206470770245,8791.793648661576,0.0
2003-07-17,7095.2359251712705,8791.793648661576,0.0
2003-07-18,7167.989873916618,8791.793648661576,0.0
2003-07-21,7079.387483406951,8791.793648661576,0.0
2003-07-22,7143.49797198863,8791.793648661576,0.0
2003-07-23,7148.539360978159,8791.793648661576,0.0
2003-07-24,7094.515007385022,8791.793648661576,0.0
2003-07-25,7219.850634898635,8791.793648661576,0.0
2003-07-28,7193.202693630859,8791.793648661576,0.0
2003-07-29,7160.06817079157,8791.793648661576,0.0
2003-07-30,7142.77873270712,8791.793648661576,0.0
2003-07-31,7159.344735248209,8791.793648661576,0.0
2003-08-01,7095.95348594804,8791.793648661576,0.0
2003-08-04,7095.95348594804,8791.793648661576,0.0
2003-08-05,6945.405458346372,8791.793648661576,0.0
2003-08-06,6985.74412353394,8791.793648661576,0.0
2003-08-07,7059.218570439353,8791.793648661576,0.0
2003-08-08,7079.387483406953,8791.793648661576,0.0
2003-08-11,7106.038781684212,8791.793648661576,0.0
2003-08-12,7170.86934879977,8791.793648661576,0.0
2003-08-13,7134.134433291083,8791.793648661576,0.0
2003-08-14,7153.57991071532,8791.793648661576,0.0
2003-08-15,7175.914094798782,8791.793648661576,0.0
2003-08-18,7237.8601515169685,8791.793648661576,0.0
2003-08-19,7265.236563842329,8791.793648661576,0.0
2003-08-20,7235.699076662958,8791.793648661576,0.0
2003-08-21,7258.747464513705,8791.793648661576,0.0
2003-08-22,7186.716112059349,8791.793648661576,0.0
2003-08-25,7198.241564863278,8791.793648661576,0.0
2003-08-26,7211.21137099682,8791.793648661576,0.0
2003-08-27,7213.3724458508295,8791.793648661576,0.0
2003-08-28,7258.028225232195,8791.793648661576,0.0
2003-08-29,7307.013707592915,8791.793648661576,0.0
2003-09-02,7404.977119043021,8791.793648661576,0.0
2003-09-03,7445.31662348296,8791.793648661576,0.0
2003-09-04,7448.9178554047285,8791.793648661576,0.0
2003-09-05,7407.138193897029,8791.793648661576,0.0
2003-09-08,7468.366689838447,8791.793648661576,0.0
2003-09-09,7419.38540373958,8791.793648661576,0.0
2003-09-10,7344.470380140223,8791.793648661576,0.0
2003-09-11,7366.080289427953,8791.793648661576,0.0
2003-09-12,7379.763460076411,8791.793648661576,0.0
2003-09-15,7353.834758090145,8791.793648661576,0.0
2003-09-16,7461.1617082378,8791.793648661576,0.0
2003-09-17,7446.75426279361,8791.793648661576,0.0
2003-09-18,7534.638253274138,8791.793648661576,0.0
2003-09-19,7496.312115271004,8791.793648661576,0.0
2003-09-22,7415.326779275897,8791.793648661576,0.0
2003-09-23,7443.524819671968,8791.793648661576,0.0
2003-09-24,7311.20241617403,8791.793648661576,0.0
2003-09-25,7251.182443646117,8791.793648661576,0.0
2003-09-26,7227.318302491253,8791.793648661576,0.0
2003-09-29,7298.183933403,8791.793648661576,0.0
2003-09-30,7227.318302491253,8791.793648661576,0.0
2003-10-01,7381.3404152805615,8791.793648661576,0.0
2003-10-02,7408.092423842279,8791.793648661576,0.0
2003-10-03,7476.065991085319,8791.793648661576,0.0
2003-10-06,7510.050676575912,8791.793648661576,0.0
2003-10-07,7538.9771880295675,8791.793648661576,0.0
2003-10-08,7520.170381659273,8791.793648661576,0.0
2003-10-09,7540.416505844957,8791.793648661576,0.0
2003-10-10,7561.391940340596,8791.793648661576,0.0
2003-10-13,7585.25692074783,8791.793648661576,0.0
2003-10-14,7612.007250804805,8791.793648661576,0.0
2003-10-15,7591.759448114381,8791.793648661576,0.0
2003-10-16,7622.130312897648,8791.793648661576,0.0
2003-10-17,7538.9771880295675,8791.793648661576,0.0
2003-10-20,7595.37662583119,8791.793648661576,0.0
2003-10-21,7582.360660817271,8791.793648661576,0.0
2003-10-22,7486.9133279738935,8791.793648661576,0.0
2003-10-23,7473.1781236784645,8791.793648661576,0.0
2003-10-24,7489.805391642599,8791.793648661576,0.0
2003-10-27,7493.4217301070385,8791.793648661576,0.0
2003-10-28,7595.376625831191,8791.793648661576,0.0
2003-10-29,7605.497170166922,8791.793648661576,0.0
2003-10-30,7621.405198849547,8791.793648661576,0.0
2003-10-31,7614.176718182523,8791.793648661576,0.0
2003-11-03,7664.070271608112,8791.793648661576,0.0
2003-11-04,7647.437968129754,8791.793648661576,0.0
2003-11-05,7653.224613224277,8791.793648661576,0.0
2003-11-06,7693.718540100387,8791.793648661576,0.0
2003-11-07,7636.593988250663,8791.793648661576,0.0
2003-11-10,7605.497170166923,8791.793648661576,0.0
2003-11-11,7603.33022054632,8791.793648661576,0.0
2003-11-12,7688.656169801598,8791.793648661576,0.0
2003-11-13,7690.823119422202,8791.793648661576,0.0
2003-11-14,7625.743294352609,8791.793648661576,0.0
2003-11-17,7587.423870368439,8791.793648661576,0.0
2003-11-18,7508.602966236824,8791.793648661576,0.0
2003-11-19,7572.235080967323,8791.793648661576,0.0
2003-11-20,7504.261513724282,8791.793648661576,0.0
2003-11-21,7535.359171060391,8791.793648661576,0.0
2003-11-24,7635.14627791157,8791.793648661576,0.0
2003-11-25,7664.070271608113,8791.793648661576,0.0
2003-11-26,7691.547394217933,8791.793648661576,0.0
2003-11-28,7697.334039312456,8791.793648661576,0.0
2003-12-01,7780.488003432908,8791.793648661576,0.0
2003-12-02,7760.9686718000685,8791.793648661576,0.0
2003-12-03,7748.676142329511,8791.793648661576,0.0
2003-12-04,7780.488003432908,8791.793648661576,0.0
2003-12-05,7726.253836747149,8791.793648661576,0.0
2003-12-08,7778.320214559934,8791.793648661576,0.0
2003-12-09,7718.303599041503,8791.793648661576,0.0
2003-12-10,7717.579324245771,8791.793648661576,0.0
2003-12-11,7804.351305335402,8791.793648661576,0.0
2003-12-12,7819.533380717553,8791.793648661576,0.0
2003-12-15,7780.488003432908,8791.793648661576,0.0
2003-12-16,7820.981930309018,8791.793648661576,0.0
2003-12-17,7845.568667754873,8791.793648661576,0.0
2003-12-18,7933.782484417004,8791.793648661576,0.0
2003-12-19,7911.700076044689,8791.793648661576,0.0
2003-12-22,7966.912810994439,8791.793648661576,0.0
2003-12-23,7972.000358864345,8791.793648661576,0.0
2003-12-24,7964.005640783064,8791.793648661576,0.0
2003-12-26,7969.820820458184,8791.793648661576,0.0
2003-12-29,8075.888892050105,8791.793648661576,0.0
2003-12-30,8077.339959398681,8791.793648661576,0.0
2003-12-31,8084.606206422377,8791.793648661576,0.0
2004-01-02,8080.973922162899,8791.793648661576,0.0
2004-01-05,8168.884768719282,8791.793648661576,0.0
2004-01-06,8176.873612033969,8791.793648661576,0.0
2004-01-07,8204.479140256475,8791.793648661576,0.0
2004-01-08,8237.173055601255,8791.793648661576,0.0
2004-01-09,8165.248288197951,8791.793648661576,0.0
2004-01-12,8225.55024952235,8791.793648661576,0.0
2004-01-13,8177.598726082073,8791.793648661576,0.0
2004-01-14,8245.892887730639,8791.793648661576,0.0
2004-01-15,8266.235525938928,8791.793648661576,0.0
2004-01-16,8298.926084274228,8791.793648661576,0.0
2004-01-20,8296.748224372808,8791.793648661576,0.0
2004-01-21,8362.13521581,8791.793648661576,0.0
2004-01-22,8340.338992496021,8791.793648661576,0.0
2004-01-23,8313.458578321619,8791.793648661576,0.0
2004-01-26,8418.078939574447,8791.793648661576,0.0
2004-01-27,8331.620838871379,8791.793648661576,0.0
2004-01-28,8236.447941553151,8791.793648661576,0.0
2004-01-29,8244.43762412021,8791.793648661576,0.0
2004-01-30,8244.43762412021,8791.793648661576,0.0
2004-02-02,8280.042066685848,8791.793648661576,0.0
2004-02-03,8266.235525938928,8791.793648661576,0.0
2004-02-04,8198.668996095575,8791.793648661576,0.0
2004-02-05,8222.645597068085,8791.793648661576,0.0
2004-02-06,8314.907967165456,8791.793648661576,0.0
2004-02-09,8317.088344823987,8791.793648661576,0.0
2004-02-10,8343.97043750313,8791.793648661576,0.0
2004-02-11,8432.604719602876,8791.793648661576,0.0
2004-02-12,8402.091181916625,8791.793648661576,0.0
2004-02-13,8364.312236459049,8791.793648661576,0.0
2004-02-17,8439.870966626571,8791.793648661576,0.0
2004-02-18,8402.816295964727,8791.793648661576,0.0
2004-02-19,8371.580161987486,8791.793648661576,0.0
2004-02-20,8346.15081516166,8791.793648661576,0.0
2004-02-23,8325.080545148156,8791.793648661576,0.0
2004-02-24,8310.551408110245,8791.793648661576,0.0
2004-02-25,8345.425701113556,8791.793648661576,0.0
2004-02-26,8350.50821346924,8791.793648661576,0.0
2004-02-27,8356.320875387248,8791.793648661576,0.0
2004-03-01,8439.143334821356,8791.793648661576,0.0
2004-03-02,8389.744101041984,8791.793648661576,0.0
2004-03-03,8404.996673623256,8791.793648661576,0.0
2004-03-04,8426.792896937233,8791.793648661576,0.0
2004-03-05,8455.126896217324,8791.793648661576,0.0
2004-03-08,8351.963477079666,8791.793648661576,0.0
2004-03-09,8318.54276918204,8791.793648661576,0.0
2004-03-10,8179.053150440125,8791.793648661576,0.0
2004-03-11,8072.985918100576,8791.793648661576,0.0
2004-03-12,8179.053150440125,8791.793648661576,0.0
2004-03-15,8078.796062261473,8791.793648661576,0.0
2004-03-16,8121.660877084215,8791.793648661576,0.0
2004-03-17,8212.474697590122,8791.793648661576,0.0
2004-03-18,8214.650878986798,8791.793648661576,0.0
2004-03-19,8096.909646173744,8791.793648661576,0.0
2004-03-22,7994.11298032199,8791.793648661576,0.0
2004-03-23,7980.2619591994335,8791.793648661576,0.0
2004-03-24,7986.824912736661,8791.793648661576,0.0
2004-03-25,8092.536302071123,8791.793648661576,0.0
2004-03-26,8094.7225544962475,8791.793648661576,0.0
2004-03-29,8208.452160978364,8791.793648661576,0.0
2004-03-30,8236.159238737699,8791.793648661576,0.0
2004-03-31,8245.636076505263,8791.793648661576,0.0
2004-04-01,8295.214071039549,8791.793648661576,0.0
2004-04-02,8357.914615638803,8791.793648661576,0.0
2004-04-05,8403.844380118573,8791.793648661576,0.0
2004-04-06,8376.869969678677,8791.793648661576,0.0
2004-04-07,8357.183626824108,8791.793648661576,0.0
2004-04-08,8338.230790541349,8791.793648661576,0.0
2004-04-12,8371.035487199033,8791.793648661576,0.0
2004-04-13,8253.65932916714,8791.793648661576,0.0
2004-04-14,8266.780200727371,8791.793648661576,0.0
2004-04-15,8235.428249923003,8791.793648661576,0.0
2004-04-16,8298.859783336955,8791.793648661576,0.0
2004-04-19,8298.859783336955,8791.793648661576,0.0
2004-04-20,8159.6059945111465,8791.793648661576,0.0
2004-04-21,8214.289161215118,8791.793648661576,0.0
2004-04-22,8329.481584578996,8791.793648661576,0.0
2004-04-23,8337.49728396954,8791.793648661576,0.0
2004-04-26,8325.834193776851,8791.793648661576,0.0
2004-04-27,8333.12393986692,8791.793648661576,0.0
2004-04-28,8225.222941097853,8791.793648661576,0.0
2004-04-29,8153.044719478661,8791.793648661576,0.0
2004-04-30,8089.624096345526,8791.793648661576,0.0
2004-05-03,8176.376774630635,8791.793648661576,0.0
2004-05-04,8169.8171781028905,8791.793648661576,0.0
2004-05-05,8222.309896119887,8791.793648661576,0.0
2004-05-06,8151.587777363493,8791.793648661576,0.0
2004-05-07,8016.713207406898,8791.793648661576,0.0
2004-05-10,7934.330516214927,8791.793648661576,0.0
2004-05-11,8001.40104790732,8791.793648661576,0.0
2004-05-12,8052.441020070997,8791.793648661576,0.0
2004-05-13,8018.898620579651,8791.793648661576,0.0
2004-05-14,8022.546011381798,8791.793648661576,0.0
2004-05-17,7954.013502060012,8791.793648661576,0.0
2004-05-18,7994.11298032199,8791.793648661576,0.0
2004-05-19,7966.412616581621,8791.793648661576,0.0
2004-05-20,7991.9250493921245,8791.793648661576,0.0
2004-05-21,8005.779427524162,8791.793648661576,0.0
2004-05-24,8039.316791501285,8791.793648661576,0.0
2004-05-25,8154.503340098571,8791.793648661576,0.0
2004-05-26,8182.939728167859,8791.793648661576,0.0
2004-05-27,8228.867814142888,8791.793648661576,0.0
2004-05-28,8228.140182337673,8791.793648661576,0.0
2004-06-01,8217.207241707309,8791.793648661576,0.0
2004-06-02,8247.82568593987,8791.793648661576,0.0
2004-06-03,8172.001752023273,8791.793648661576,0.0
2004-06-04,8236.889388300024,8791.793648661576,0.0
2004-06-07,8362.284602731943,8791.793648661576,0.0
2004-06-08,8373.951889186485,8791.793648661576,0.0
2004-06-09,8295.945059854246,8791.793648661576,0.0
2004-06-10,8336.77216992144,8791.793648661576,0.0
2004-06-14,8254.386121719986,8791.793648661576,0.0
2004-06-15,8312.712482964253,8791.793648661576,0.0
2004-06-16,8311.2521838396,8791.793648661576,0.0
2004-06-17,8298.859783336955,8791.793648661576,0.0
2004-06-18,8314.516875560803,8791.793648661576,0.0
2004-06-21,8283.05414344353,8791.793648661576,0.0
2004-06-22,8324.760789994996,8791.793648661576,0.0
2004-06-23,8396.469030286715,8791.793648661576,0.0
2004-06-24,8370.129933891278,8791.793648661576,0.0
2004-06-25,8329.883586464462,8791.793648661576,0.0
2004-06-28,8301.349005867827,8791.793648661576,0.0
2004-06-29,8335.73149698203,8791.793648661576,0.0
2004-06-30,8380.37384832547,8791.793648661576,0.0
2004-07-01,8264.029131456908,8791.793648661576,0.0
2004-07-02,8259.637323802135,8791.793648661576,0.0
2004-07-06,8187.198933948092,8791.793648661576,0.0
2004-07-07,8211.346742404181,8791.793648661576,0.0
2004-07-08,8154.275063453796,8791.793648661576,0.0
2004-07-09,8175.4905241273955,8791.793648661576,0.0
2004-07-12,8179.14966446273,8791.793648661576,0.0
2004-07-13,8185.004288999263,8791.793648661576,0.0
2004-07-14,8160.125491728477,8791.793648661576,0.0
2004-07-15,8107.438067161529,8791.793648661576,0.0
2004-07-16,8100.85329306267,8791.793648661576,0.0
2004-07-19,8066.458213162906,8791.793648661576,0.0
2004-07-20,8168.906589280906,8791.793648661576,0.0
2004-07-21,8018.172667279174,8791.793648661576,0.0
2004-07-22,8040.123313029322,8791.793648661576,0.0
2004-07-23,7972.805201887635,8791.793648661576,0.0
2004-07-26,7957.439330236347,8791.793648661576,0.0
2004-07-27,8032.07236503922,8791.793648661576,0.0
2004-07-28,8056.217655738197,8791.793648661576,0.0
2004-07-29,8090.609378628478,8791.793648661576,0.0
2004-07-30,8110.368736439278,8791.793648661576,0.0
2004-08-02,8127.19742497233,8791.793648661576,0.0
2004-08-03,8064.273639242524,8791.793648661576,0.0
2004-08-04,8063.535936408864,8791.793648661576,0.0
2004-08-05,7931.827865646125,8791.793648661576,0.0
2004-08-06,7818.414657307681,8791.793648661576,0.0
2004-08-09,7829.38788205183,8804.13302075164,1.0
2004-08-10,7930.363370259621,8917.67978116374,1.0
2004-08-11,7914.264831288895,8899.577002163234,1.0
2004-08-12,7827.924225917697,8802.48714198108,1.0
2004-08-13,7843.294293830838,8819.770756547614,1.0
2004-08-16,7924.513781237311,8911.101928508462,1.0
2004-08-17,7969.146900804674,8961.291793632272,1.0
2004-08-18,8051.101573287697,9053.449679929709,1.0
2004-08-19,8027.679718132082,9027.11184464944,1.0
2004-08-20,8084.027122286733,9090.474402364693,1.0
2004-08-23,8063.535936408866,9067.432099576852,1.0
2004-08-24,8074.51839292909,9079.781852783015,1.0
2004-08-25,8129.392909173532,9141.488150611609,1.0
2004-08-26,8129.392909173532,9141.488150611609,1.0
2004-08-27,8155.001856006642,9170.285366669446,1.0
2004-08-30,8087.6845841173235,9094.587211815438,1.0
2004-08-31,8130.125576492967,9142.312033734715,1.0
2004-09-01,8145.488091134774,9159.587154660805,1.0
2004-09-02,8237.686678051987,9263.264304876508,1.0
2004-09-03,8204.030140238256,9225.417586794072,1.0
2004-09-07,8258.174506920373,9286.30283271304,1.0
2004-09-08,8237.686678051987,9263.264304876508,1.0
2004-09-09,8230.372593643173,9255.039629712843,1.0
2004-09-10,8272.811907514077,9302.762564156466,1.0
2004-09-13,8299.88367122895,9333.204715247037,1.0
2004-09-14,8316.714038266744,9352.130433632823,1.0
2004-09-15,8253.784377770344,9281.366140139187,1.0
2004-09-16,8278.66233578876,9309.341360549572,1.0
2004-09-17,8313.860580207082,9348.921725020495,1.0
2004-09-20,8263.89569033,9292.736293480762,1.0
2004-09-21,8299.89542076214,9333.217927576618,1.0
2004-09-22,8196.298947401308,9216.72387393031,1.0
2004-09-23,8152.214698884247,9167.151213345462,1.0
2004-09-24,8189.683960217112,9209.285332376667,1.0
2004-09-27,8137.5143543627555,9150.620701564996,1.0
2004-09-28,8176.454825101089,9194.409193007206,1.0
2004-09-29,8217.60336882618,9240.680658672663,1.0
2004-09-30,8211.723566718532,9234.06883145561,1.0
2004-10-01,8350.595495715766,9390.230073452936,1.0
2004-10-04,8364.559815908338,9405.932927158985,1.0
2004-10-05,8368.965890853406,9410.887550751553,1.0
2004-10-06,8426.28095299123,9475.338238181517,1.0
2004-10-07,8335.902704465607,9373.708055312916,1.0
2004-10-08,8266.83475213145,9296.04126335146,1.0
2004-10-11,8300.634802100538,9334.049360602341,1.0
2004-10-12,8268.302604527436,9297.691860811157,1.0
2004-10-13,8195.559566062906,9215.892440904585,1.0
2004-10-14,8129.437389549164,9141.538168716446,1.0
2004-10-15,8174.989490462212,9192.761426760993,1.0
2004-10-18,8205.847960872734,9227.461722927692,1.0
2004-10-19,8136.780847790947,9149.795874704063,1.0
2004-10-20,8120.6176863876935,9131.620427890866,1.0
2004-10-21,8173.518281056745,9191.10705434999,1.0
2004-10-22,8081.673858639877,9087.828161497348,1.0
2004-10-25,8072.1214881589685,9077.08653754866,1.0
2004-10-26,8195.559566062906,9215.892440904589,1.0
2004-10-27,8294.0181364116,9326.608931573048,1.0
2004-10-28,8319.001840228695,9354.703062949653,1.0
2004-10-29,8317.53230932797,9353.050578014303,1.0
2004-11-01,8340.311297167791,9378.665510118972,1.0
2004-11-02,8343.249519716874,9381.969536251843,1.0
2004-11-03,8448.322237997394,9500.12362473612,1.0
2004-11-04,8563.67831557352,9629.841332816535,1.0
2004-11-05,8617.315773823862,9629.841332816535,0.0
2004-11-08,8604.82853780335,9629.841332816535,0.0
2004-11-09,8587.926834314067,9629.841332816535,0.0
2004-11-10,8594.53930374115,9629.841332816535,0.0
2004-11-11,8659.933848449677,9629.841332816535,0.0
2004-11-12,8728.266615707287,9629.841332816535,0.0
2004-11-15,8749.71119227803,9629.841332816535,0.0
2004-11-16,8687.069395344708,9629.841332816535,0.0
2004-11-17,8738.657399306314,9629.841332816535,0.0
2004-11-18,8750.451412868802,9629.841332816535,0.0
2004-11-19,8653.169474343535,9629.841332816535,0.0
2004-11-22,8694.439709662345,9629.841332816535,0.0
2004-11-23,8707.70409337793,9629.841332816535,0.0
2004-11-24,8728.33963066352,9629.841332816535,0.0
2004-11-26,8721.706179927174,9629.841332816535,0.0
2004-11-29,8681.916385789906,9629.841332816535,0.0
2004-11-30,8687.808776683112,9629.841332816535,0.0
2004-12-01,8786.556889099626,9629.841332816535,0.0
2004-12-02,8793.928042669633,9629.841332816535,0.0
2004-12-03,8788.031455514576,9629.841332816535,0.0
2004-12-06,8785.084840441787,9629.841332816535,0.0
2004-12-07,8703.286268899677,9629.841332816535,0.0
2004-12-08,8754.132373765771,9629.841332816535,0.0
2004-12-09,8785.084840441787,9629.841332816535,0.0
2004-12-10,8793.928042669631,9629.841332816535,0.0
2004-12-13,8870.568569142715,9629.841332816535,0.0
2004-12-14,8901.520196566362,9629.841332816535,0.0
2004-12-15,8908.152808050338,9629.841332816535,0.0
2004-12-16,8902.99476298131,9629.841332816535,0.0
2004-12-17,8843.61346150734,9629.841332816535,0.0
2004-12-20,8845.835801784397,9629.841332816535,0.0
2004-12-21,8913.952881182791,9629.841332816535,0.0
2004-12-22,8935.42515308176,9629.841332816535,0.0
2004-12-23,8942.091334660558,9629.841332816535,0.0
2004-12-27,8923.581623629416,9629.841332816535,0.0
2004-12-28,8972.446253648786,9629.841332816535,0.0
2004-12-29,8985.775259796896,9629.841332816535,0.0
2004-12-30,8968.742632937816,9629.841332816535,0.0
2004-12-31,8949.491862063533,9629.841332816535,0.0
2005-01-03,8907.294252875332,9629.841332816535,0.0
2005-01-04,8798.44489892761,9629.841332816535,0.0
2005-01-05,8737.730025436931,9629.841332816535,0.0
2005-01-06,8782.158367425895,9629.841332816535,0.0
2005-01-07,8769.572938878036,9629.841332816535,0.0
2005-01-10,8811.032845232578,9629.841332816535,0.0
2005-01-11,8750.317132489528,9629.841332816535,0.0
2005-01-12,8779.197485062807,9629.841332816535,0.0
2005-01-13,8708.858065387358,9629.841332816535,0.0
2005-01-14,8754.760134538901,9629.841332816535,0.0
2005-01-18,8845.8358017844,9629.841332816535,0.0
2005-01-19,8753.28305036684,9629.841332816535,0.0
2005-01-20,8699.972900540988,9629.841332816535,0.0
2005-01-21,8646.661911462765,9629.841332816535,0.0
2005-01-24,8629.633480865537,9629.841332816535,0.0
2005-01-25,8654.063278118108,9629.841332816535,0.0
2005-01-26,8679.9827483283,9629.841332816535,0.0
2005-01-27,8694.788838648474,9629.841332816535,0.0
2005-01-28,8694.788838648474,9629.841332816535,0.0
2005-01-31,8748.838369812725,9629.841332816535,0.0
2005-02-01,8804.371699168005,9629.841332816535,0.0
2005-02-02,8831.027193707116,9629.841332816535,0.0
2005-02-03,8808.072802121862,9629.841332816535,0.0
2005-02-04,8902.105155468595,9629.841332816535,0.0
2005-02-07,8890.255751249657,9629.841332816535,0.0
2005-02-08,8900.627232044162,9629.841332816535,0.0
2005-02-09,8833.9880760702,9629.841332816535,0.0
2005-02-10,8865.825114744714,9629.841332816535,0.0
2005-02-11,8942.091334660558,9629.841332816535,0.0
2005-02-14,8935.425153081762,9629.841332816535,0.0
2005-02-15,8968.742632937818,9629.841332816535,0.0
2005-02-16,8974.666915421101,9629.841332816535,0.0
2005-02-17,8902.105155468596,9629.841332816535,0.0
2005-02-18,8913.952881182793,9629.841332816535,0.0
2005-02-22,8781.418146835123,9629.841332816535,0.0
2005-02-23,8844.354521350488,9629.841332816535,0.0
2005-02-24,8902.848733068851,9629.841332816535,0.0
2005-02-25,8990.95512542756,9629.841332816535,0.0
2005-02-28,8931.721532370795,9629.841332816535,0.0
2005-03-01,8976.146517350277,9629.841332816535,0.0
2005-03-02,8971.706872310388,9629.841332816535,0.0
2005-03-03,8975.411332273728,9629.841332816535,0.0
2005-03-04,9087.21149755609,9629.841332816535,0.0
2005-03-07,9091.654499605464,9629.841332816535,0.0
2005-03-08,9057.597638411007,9629.841332816535,0.0
2005-03-09,8956.896585728366,9629.841332816535,0.0
2005-03-10,8976.887577193422,9629.841332816535,0.0
2005-03-11,8913.952881182799,9629.841332816535,0.0
2005-03-14,8969.484532033335,9629.841332816535,0.0
2005-03-15,8895.442330899286,9629.841332816535,0.0
2005-03-16,8819.918849331325,9629.841332816535,0.0
2005-03-17,8837.689179024066,9629.841332816535,0.0
2005-03-18,8811.451632165457,9629.841332816535,0.0
2005-03-21,8778.74512803512,9629.841332816535,0.0
2005-03-22,8689.542672080552,9629.841332816535,0.0
2005-03-23,8696.976769578347,9629.841332816535,0.0
2005-03-24,8707.385177477154,9629.841332816535,0.0
2005-03-28,8720.025157429092,9629.841332816535,0.0
2005-03-29,8662.040371899617,9629.841332816535,0.0
2005-03-30,8784.693748837148,9629.841332816535,0.0
2005-03-31,8768.335041631568,9629.841332816535,0.0
2005-04-01,8728.93969610843,9629.841332816535,0.0
2005-04-04,8743.807051851647,9629.841332816535,0.0
2005-04-05,8785.436487185028,9629.841332816535,0.0
2005-04-06,8815.907223000384,9629.841332816535,0.0
2005-04-07,8863.483600631054,9629.841332816535,0.0
2005-04-08,8771.313548294436,9629.841332816535,0.0
2005-04-11,8777.999871930124,9629.841332816535,0.0
2005-04-12,8823.34048124581,9629.841332816535,0.0
2005-04-13,8719.276544314618,9629.841332816535,0.0
2005-04-14,8605.546937832501,9629.841332816535,0.0
2005-04-15,8485.125972200474,9629.841332816535,0.0
2005-04-18,8511.14279568564,9629.841332816535,0.0
2005-04-19,8578.784018989967,9629.841332816535,0.0
2005-04-20,8459.110827220045,9629.841332816535,0.0
2005-04-21,8623.389443229105,9629.841332816535,0.0
2005-04-22,8590.679582089284,9629.841332816535,0.0
2005-04-25,8647.1730161564,9629.841332816535,0.0
2005-04-26,8563.176442655977,9629.841332816535,0.0
2005-04-27,8596.62736363894,9629.841332816535,0.0
2005-04-28,8488.84637795885,9629.841332816535,0.0
2005-04-29,8604.061461136733,9629.841332816535,0.0
2005-05-02,8652.378059358172,9629.841332816535,0.0
2005-05-03,8667.242897344278,9629.841332816535,0.0
2005-05-04,8734.143900057834,9629.841332816535,0.0
2005-05-05,8731.17042890919,9629.841332816535,0.0
2005-05-06,8703.666450223514,9629.841332816535,0.0
2005-05-09,8757.928312237502,9629.841332816535,0.0
2005-05-10,8667.24289734428,9629.841332816535,0.0
2005-05-11,8714.815078713094,9629.841332816535,0.0
2005-05-12,8618.92629912284,9629.841332816535,0.0
2005-05-13,8601.830728335974,9629.841332816535,0.0
2005-05-16,8682.11444934935,9629.841332816535,0.0
2005-05-17,8740.093360112232,9629.841332816535,0.0
2005-05-18,8830.03603665757,9629.841332816535,0.0
2005-05-19,8867.199810127577,9629.841332816535,0.0
2005-05-20,8854.56150868038,9629.841332816535,0.0
2005-05-23,8903.623363006813,9629.841332816535,0.0
2005-05-24,8882.809904218679,9629.841332816535,0.0
2005-05-25,8876.120223573509,9629.841332816535,0.0
2005-05-26,8923.691565689953,9629.841332816535,0.0
2005-05-27,8938.560599937911,9629.841332816535,0.0
2005-05-31,8881.32023126106,9629.841332816535,0.0
2005-06-01,8957.141647420543,9629.841332816535,0.0
2005-06-02,8976.466272503429,9629.841332816535,0.0
2005-06-03,8931.126502440115,9629.841332816535,0.0
2005-06-06,8922.949666594437,9629.841332816535,0.0
2005-06-07,8929.637668734867,9629.841332816535,0.0
2005-06-08,8913.284836295883,9629.841332816535,0.0
2005-06-09,8955.656170724777,9629.841332816535,0.0
2005-06-10,8934.843551189013,9629.841332816535,0.0
2005-06-13,8963.091946727312,9629.841332816535,0.0
2005-06-14,8983.899530748853,9629.841332816535,0.0
2005-06-15,9000.996780040461,9629.841332816535,0.0
2005-06-16,9024.040971629356,9629.841332816535,0.0
2005-06-17,9057.480143079132,9629.841332816535,0.0
2005-06-20,9060.46200675148,9629.841332816535,0.0
2005-06-21,9065.689709767259,9629.841332816535,0.0
2005-06-22,9073.152341845649,9629.841332816535,0.0
2005-06-23,8945.52891237008,9629.841332816535,0.0
2005-06-24,8879.853218117441,9629.841332816535,0.0
2005-06-27,8892.538517697385,9629.841332816535,0.0
2005-06-28,8967.173231005,9629.841332816535,0.0
2005-06-29,8943.292304802726,9629.841332816535,0.0
2005-06-30,8894.775964517108,9629.841332816535,0.0
2005-07-01,8920.901890810439,9629.841332816535,0.0
2005-07-05,8992.548026426743,9629.841332816535,0.0
2005-07-06,8917.169735518875,9629.841332816535,0.0
2005-07-07,8952.244609838734,9629.841332816535,0.0
2005-07-08,9054.496600902039,9629.841332816535,0.0
2005-07-11,9100.764584087116,9629.841332816535,0.0
2005-07-12,9124.651385055982,9629.841332816535,0.0
2005-07-13,9137.338363140669,9629.841332816535,0.0
2005-07-14,9173.158493565525,9629.841332816535,0.0
2005-07-15,9167.934986811599,9629.841332816535,0.0
2005-07-18,9131.36876102938,9629.841332816535,0.0
2005-07-19,9181.371417263132,9629.841332816535,0.0
2005-07-20,9212.714975543797,9629.841332816535,0.0
2005-07-21,9158.979324766107,9629.841332816535,0.0
2005-07-22,9220.176768369816,9629.841332816535,0.0
2005-07-25,9194.056716843077,9629.841332816535,0.0
2005-07-26,9205.251504213033,9629.841332816535,0.0
2005-07-27,9238.837544827646,9629.841332816535,0.0
2005-07-28,9297.049767749524,9629.841332816535,0.0
2005-07-29,9235.105389536078,9629.841332816535,0.0
2005-08-01,9228.388013562682,9629.841332816535,0.0
2005-08-02,9283.618372812212,9629.841332816535,0.0
2005-08-03,9308.24539437185,9629.841332816535,0.0
2005-08-04,9233.614877326088,9629.841332816535,0.0
2005-08-05,9170.921885998167,9629.841332816535,0.0
2005-08-08,9153.75497875981,9629.841332816535,0.0
2005-08-09,9208.98701651408,9629.841332816535,0.0
2005-08-10,9204.50960511752,9629.841332816535,0.0
2005-08-11,9241.074152394998,9629.841332816535,0.0
2005-08-12,9184.35579869259,9629.841332816535,0.0
2005-08-15,9241.074152394998,9629.841332816535,0.0
2005-08-16,9120.915872754933,9629.841332816535,0.0
2005-08-17,9120.169777397568,9629.841332816535,0.0
2005-08-18,9119.423682040204,9629.841332816535,0.0
2005-08-19,9140.321905317756,9629.841332816535,0.0
2005-08-22,9140.321905317756,9629.841332816535,0.0
2005-08-23,9123.158355088879,9629.841332816535,0.0
2005-08-24,9041.804587303128,9629.841332816535,0.0
2005-08-25,9074.644532560375,9629.841332816535,0.0
2005-08-26,9012.696797337449,9629.841332816535,0.0
2005-08-29,9082.106325386396,9629.841332816535,0.0
2005-08-30,9034.341955224738,9629.841332816535,0.0
2005-08-31,9148.528954248772,9629.841332816535,0.0
2005-09-01,9141.812417527744,9629.841332816535,0.0
2005-09-02,9125.393284151492,9629.841332816535,0.0
2005-09-06,9232.121008106617,9629.841332816535,0.0
2005-09-07,9247.794885377874,9629.841332816535,0.0
2005-09-08,9217.194904697464,9629.841332816535,0.0
2005-09-09,9299.291410831098,9629.841332816535,0.0
2005-09-12,9280.63231287801,9629.841332816535,0.0
2005-09-13,9229.136626677157,9629.841332816535,0.0
2005-09-14,9195.549746810175,9629.841332816535,0.0
2005-09-15,9191.071496161243,9629.841332816535,0.0
2005-09-16,9256.433310027322,9629.841332816535,0.0
2005-09-19,9225.695691958152,9629.841332816535,0.0
2005-09-20,9147.751806553697,9629.841332816535,0.0
2005-09-21,9062.30500495707,9629.841332816535,0.0
2005-09-22,9094.533135236228,9629.841332816535,0.0
2005-09-23,9102.03185516655,9629.841332816535,0.0
2005-09-26,9112.519992040556,9629.841332816535,0.0
2005-09-27,9110.27750970661,9629.841332816535,0.0
2005-09-28,9119.269259604032,9629.841332816535,0.0
2005-09-29,9193.468400931362,9629.841332816535,0.0
2005-09-30,9221.95346563814,9629.841332816535,0.0
2005-10-03,9188.975043739762,9629.841332816535,0.0
2005-10-04,9085.543063843548,9629.841332816535,0.0
2005-10-05,8966.368387981696,9629.841332816535,0.0
2005-10-06,8934.138579197797,9629.841332816535,0.0
2005-10-07,8964.868643995633,9629.841332816535,0.0
2005-10-10,8889.168919429867,9629.841332816535,0.0
2005-10-11,8876.426550688728,9629.841332816535,0.0
2005-10-12,8806.72328431011,9629.841332816535,0.0
2005-10-13,8801.478796246924,9624.106670071957,1.0
2005-10-14,8894.417603754908,9725.731978494849,1.0
2005-10-17,8927.394347148544,9761.790884435435,1.0
2005-10-18,8830.708277806323,9656.06807734803,1.0
2005-10-19,8977.613530493883,9816.703790390004,1.0
2005-10-20,8819.46565305125,9643.77466366162,1.0
2005-10-21,8853.94130117858,9681.472569068013,1.0
2005-10-24,8991.101994592387,9831.452950196512,1.0
2005-10-25,8973.113459283319,9811.783121221108,1.0
2005-10-26,8946.880947938935,9783.098795183774,1.0
2005-10-27,8851.694622582778,9679.015905255044,1.0
2005-10-28,8979.111595975206,9818.341872162939,1.0
2005-10-31,9003.845202585899,9845.387198734468,1.0
2005-11-01,9030.826327044759,9874.890106811834,1.0
2005-11-02,9125.26571779118,9978.156250086271,1.0
2005-11-03,9164.238080119592,10020.771153890082,1.0
2005-11-04,9152.24684225004,10007.65915816364,1.0
2005-11-07,9161.241949156944,10017.494990344212,1.0
2005-11-08,9161.241949156944,10017.494990344212,1.0
2005-11-09,9173.234865531236,10030.608821456395,1.0
2005-11-10,9244.43871514829,10108.46771993224,1.0
2005-11-11,9275.917393060603,10142.888544099893,1.0
2005-11-14,9270.672065745044,10137.152963662444,1.0
2005-11-15,9236.94419147982,10100.272722603215,1.0
2005-11-16,9255.679661398624,10120.759298232912,1.0
2005-11-17,9341.871719100247,10215.007273673937,1.0
2005-11-18,9378.59656358049,10255.164595971908,1.0
2005-11-21,9425.81877671081,10306.800420687736,1.0
2005-11-22,9466.291722277656,10306.800420687736,0.0
2005-11-23,9521.004262814595,10306.800420687736,0.0
2005-11-25,9528.501304240177,10306.800420687736,0.0
2005-11-28,9461.043037952617,10306.800420687736,0.0
2005-11-29,9450.5523833215,10306.800420687736,0.0
2005-11-30,9399.586265366424,10306.800420687736,0.0
2005-12-01,9495.52456084654,10306.800420687736,0.0
2005-12-02,9507.51328095898,10306.800420687736,0.0
2005-12-05,9487.27806705411,10306.800420687736,0.0
2005-12-06,9505.26660236318,10306.800420687736,0.0
2005-12-07,9449.800413197541,10306.800420687736,0.0
2005-12-08,9443.803955010395,10306.800420687736,0.0
2005-12-09,9468.537561621086,10306.800420687736,0.0
2005-12-12,9477.533507780361,10306.800420687736,0.0
2005-12-13,9541.991446843422,10306.800420687736,0.0
2005-12-14,9579.46826144762,10306.800420687736,0.0
2005-12-15,9551.735166864803,10306.800420687736,0.0
2005-12-16,9520.990834776667,10306.800420687736,0.0
2005-12-19,9472.015423444393,10306.800420687736,0.0
2005-12-20,9481.060885493527,10306.800420687736,0.0
2005-12-21,9496.127144048549,10306.800420687736,0.0
2005-12-22,9545.858721766635,10306.800420687736,0.0
2005-12-23,9551.13342291516,10306.800420687736,0.0
2005-12-27,9453.934570374571,10306.800420687736,0.0
2005-12-28,9475.034214221043,10306.800420687736,0.0
2005-12-29,9432.8349265281,10306.800420687736,0.0
2005-12-30,9381.597730057358,10306.800420687736,0.0
2006-01-03,9546.611531142964,10306.800420687736,0.0
2006-01-04,9591.822056341223,10306.800420687736,0.0
2006-01-05,9597.850406118447,10306.800420687736,0.0
2006-01-06,9677.716179451321,10306.800420687736,0.0
2006-01-09,9702.577352422324,10306.800420687736,0.0
2006-01-10,9712.373945343046,10306.800420687736,0.0
2006-01-11,9743.271021362609,10306.800420687736,0.0
2006-01-12,9704.840816065534,10306.800420687736,0.0
2006-01-13,9695.802068035366,10306.800420687736,0.0
2006-01-17,9669.425205283258,10306.800420687736,0.0
2006-01-18,9631.003392509885,10306.800420687736,0.0
2006-01-19,9667.92210428771,10306.800420687736,0.0
2006-01-20,9491.606930781094,10306.800420687736,0.0
2006-01-23,9525.511048044122,10306.800420687736,0.0
2006-01-24,9535.310158721955,10306.800420687736,0.0
2006-01-25,9543.597775880537,10306.800420687736,0.0
2006-01-26,9596.341430356306,10306.800420687736,0.0
2006-01-27,9685.248469476463,10306.800420687736,0.0
2006-01-30,9677.71617945132,10306.800420687736,0.0
2006-01-31,9606.889154148617,10306.800420687736,0.0
2006-02-01,9673.948775560193,10306.800420687736,0.0
2006-02-02,9561.680307455099,10306.800420687736,0.0
2006-02-03,9514.209675623111,10306.800420687736,0.0
2006-02-06,9539.0742056036,10306.800420687736,0.0
2006-02-07,9454.6873797509,10306.800420687736,0.0
2006-02-08,9540.582342113368,10306.800420687736,0.0
2006-02-09,9524.759077920164,10306.800420687736,0.0
2006-02-10,9542.091317875509,10306.800420687736,0.0
2006-02-13,9524.759077920164,10306.800420687736,0.0
2006-02-14,9625.72533435188,10306.800420687736,0.0
2006-02-15,9659.635326381502,10306.800420687736,0.0
2006-02-16,9731.966291932122,10306.800420687736,0.0
2006-02-17,9705.596982451349,10306.800420687736,0.0
2006-02-21,9681.486101099561,10306.800420687736,0.0
2006-02-22,9740.256426847815,10306.800420687736,0.0
2006-02-23,9725.941299164379,10306.800420687736,0.0
2006-02-24,9750.806668397236,10306.800420687736,0.0
2006-02-27,9754.574911540733,10306.800420687736,0.0
2006-02-28,9661.891236753376,10306.800420687736,0.0
2006-03-01,9747.787877620585,10306.800420687736,0.0
2006-03-02,9747.038425253739,10306.800420687736,0.0
2006-03-03,9701.82957856022,10306.800420687736,0.0
2006-03-06,9657.373541243032,10306.800420687736,0.0
2006-03-07,9642.304764930896,10306.800420687736,0.0
2006-03-08,9662.646563886814,10306.800420687736,0.0
2006-03-09,9597.850406118447,10306.800420687736,0.0
2006-03-10,9689.01671261996,10306.800420687736,0.0
2006-03-13,9707.101761951633,10306.800420687736,0.0
2006-03-14,9808.822506264418,10306.800420687736,0.0
2006-03-15,9852.52573420528,10306.800420687736,0.0
2006-03-16,9872.87172942305,10306.800420687736,0.0
2006-03-17,9881.114026953626,10306.800420687736,0.0
2006-03-20,9865.228658085005,10306.800420687736,0.0
2006-03-21,9803.19699762503,10306.800420687736,0.0
2006-03-22,9862.962676684683,10306.800420687736,0.0
2006-03-23,9842.536952491713,10306.800420687736,0.0
2006-03-24,9850.099455602194,10306.800420687736,0.0
2006-03-27,9835.728098009935,10306.800420687736,0.0
2006-03-28,9775.206252564469,10306.800420687736,0.0
2006-03-29,9836.480907386262,10306.800420687736,0.0
2006-03-30,9819.086562755501,10306.800420687736,0.0
2006-03-31,9821.35170490345,10306.800420687736,0.0
2006-04-03,9813.78584478349,10306.800420687736,0.0
2006-04-04,9876.577867891128,10306.800420687736,0.0
2006-04-05,9910.619622542916,10306.800420687736,0.0
2006-04-06,9900.025739870229,10306.800420687736,0.0
2006-04-07,9799.41364793886,10306.800420687736,0.0
2006-04-10,9814.5420111693,10306.800420687736,0.0
2006-04-11,9731.333495644767,10306.800420687736,0.0
2006-04-12,9749.485685166082,10306.800420687736,0.0
2006-04-13,9736.627499597815,10306.800420687736,0.0
2006-04-17,9732.844149911649,10306.800420687736,0.0
2006-04-18,9887.166715049594,10306.800420687736,0.0
2006-04-19,9906.077588713828,10306.800420687736,0.0
2006-04-20,9919.696136929757,10306.800420687736,0.0
2006-04-21,9921.207630449007,10306.800420687736,0.0
2006-04-24,9903.052923170584,10306.800420687736,0.0
2006-04-25,9862.203153289385,10306.800420687736,0.0
2006-04-26,9864.47165244682,10306.800420687736,0.0
2006-04-27,9912.130276809796,10306.800420687736,0.0
2006-04-28,9945.417543580512,10306.800420687736,0.0
2006-05-01,9864.47165244682,10306.800420687736,0.0
2006-05-02,9938.606171341624,10306.800420687736,0.0
2006-05-03,9901.53555488474,10306.800420687736,0.0
2006-05-04,9937.09467782237,10306.800420687736,0.0
2006-05-05,10024.842709418877,10306.800420687736,0.0
2006-05-08,10012.73901173168,10306.800420687736,0.0
2006-05-09,10032.408569538842,10306.800420687736,0.0
2006-05-10,10027.116244090535,10306.800420687736,0.0
2006-05-11,9906.077588713826,10306.800420687736,0.0
2006-05-12,9776.717746083716,10306.800420687736,0.0
2006-05-15,9796.387303890875,10306.800420687736,0.0
2006-05-16,9782.015107046245,10306.800420687736,0.0
2006-05-17,9595.920125666318,10306.800420687736,0.0
2006-05-18,9547.507013422273,10306.800420687736,0.0
2006-05-19,9614.829320825813,10379.476731403507,1.0
2006-05-22,9541.457682335786,10300.26999886145,1.0
2006-05-23,9468.833817707864,10221.870509083989,1.0
2006-05-24,9544.479830121918,10303.532491785485,1.0
2006-05-25,9662.49130219827,10430.929171183843,1.0
2006-05-26,9711.661420080498,10484.009686438909,1.0
2006-05-30,9539.18666542124,10297.818372687483,1.0
2006-05-31,9645.849766943838,10412.964169186973,1.0
2006-06-01,9738.140671621808,10512.594777870818,1.0
2006-06-02,9758.564717310035,10534.643105501855,1.0
2006-06-05,9616.350046121139,10381.118396823766,1.0
2006-06-06,9592.895460123074,10355.798516305002,1.0
2006-06-07,9521.031118890447,10278.218953241303,1.0
2006-06-08,9512.711610141787,10269.23781123742,1.0
2006-06-09,9482.447330409572,10236.566676182241,1.0
2006-06-12,9379.570096330252,10125.507829302396,1.0
2006-06-13,9270.638495650222,10007.913124618051,1.0
2006-06-14,9342.504515387593,10085.494499674487,1.0
2006-06-15,9540.697319688124,10299.449166151322,1.0
2006-06-16,9471.17533182153,10224.398238952934,1.0
2006-06-19,9396.709308240384,10144.010087145965,1.0
2006-06-20,9428.623558132982,10178.4624110622,1.0
2006-06-21,9498.52908433289,10253.927378601129,1.0
2006-06-22,9456.741869553858,10208.81691340237,1.0
2006-06-23,9455.218626501419,10207.172529993002,1.0
2006-06-26,9497.011716047045,10252.289337166343,1.0
2006-06-27,9414.950458512973,10163.701918221763,1.0
2006-06-28,9478.775601288684,10232.602942068761,1.0
2006-06-29,9670.250190363447,10439.305107613376,1.0
2006-06-30,9671.008874506371,10440.12412833077,1.0
2006-07-03,9710.517519099525,10482.774813388247,1.0
2006-07-05,9655.050490681517,10422.896607378098,1.0
2006-07-06,9683.164605840537,10453.246579736422,1.0
2006-07-07,9620.099825712488,10385.166388599557,1.0
2006-07-10,9638.333422713738,10404.850065708033,1.0
2006-07-11,9680.886035654657,10450.786799595138,1.0
2006-07-12,9577.55140903342,10339.234184694296,1.0
2006-07-13,9421.787847575346,10171.083070638351,1.0
2006-07-14,9385.310582544398,10131.704844464968,1.0
2006-07-17,9371.640000681498,10116.947069613638,1.0
2006-07-18,9419.507598884726,10168.621478504332,1.0
2006-07-19,9550.197656522061,10309.705045046103,1.0
2006-07-20,9484.853466955763,10239.164167771587,1.0
2006-07-21,9417.9868735894,10166.979813084072,1.0
2006-07-24,9589.706301115217,10352.35573010358,1.0
2006-07-25,9623.900799698431,10389.269646153834,1.0
2006-07-26,9636.81353667078,10403.20930628414,1.0
2006-07-27,9627.698416674895,10393.36927972264,1.0
2006-07-28,9724.199850495608,10497.545272188736,1.0
2006-07-31,9714.319332337836,10486.878976938891,1.0
2006-08-01,9666.450894882239,10435.203662051828,1.0
2006-08-02,9731.791727439053,10505.740915340872,1.0
2006-08-03,9757.629790169307,10533.633825547018,1.0
2006-08-04,9740.913561453901,10515.588189873324,1.0
2006-08-07,9718.1169493143,10490.978610507698,1.0
2006-08-08,9680.886035654654,10450.786799595135,1.0
2006-08-09,9648.211423114393,10415.51364296877,1.0
2006-08-10,9677.853816840076,10447.513434714672,1.0
2006-08-11,9650.492511057384,10417.976141099161,1.0
2006-08-14,9658.089423515054,10426.177220229509,1.0
2006-08-15,9773.58229922757,10550.855004525109,1.0
2006-08-16,9854.88571187109,10638.624308748664,1.0
2006-08-17,9879.959215691826,10665.691856262836,1.0
2006-08-18,9930.108741090417,10719.829669280287,1.0
2006-08-21,9887.557806654238,10673.89474738592,1.0
2006-08-22,9886.799122511316,10673.075726668529,1.0
2006-08-23,9859.443691495217,10643.544775027598,1.0
2006-08-24,9851.085577137514,10634.521957190751,1.0
2006-08-25,9863.24214772405,10647.64531459277,1.0
2006-08-28,9910.349383279614,10698.498890773333,1.0
2006-08-29,9921.74726972323,10710.803227457965,1.0
2006-08-30,9927.826813895053,10717.366265153527,1.0
2006-08-31,9926.308606356839,10715.727317722376,1.0
2006-09-01,9985.572412498943,10779.70425130496,1.0
2006-09-05,10004.568889904967,10800.211479112675,1.0
2006-09-06,9916.431445208551,10800.211479112675,0.0
2006-09-07,9870.84073868646,10800.211479112675,0.0
2006-09-08,9898.955693097852,10800.211479112675,0.0
2006-09-11,9908.832014993772,10800.211479112675,0.0
2006-09-12,10006.085418938439,10800.211479112675,0.0
2006-09-13,10046.361979450596,10800.211479112675,0.0
2006-09-14,10047.121502845886,10800.211479112675,0.0
2006-09-15,10070.703655204266,10800.211479112675,0.0
2006-09-18,10084.437180994957,10800.211479112675,0.0
2006-09-19,10059.252895861315,10800.211479112675,0.0
2006-09-20,10112.673827000068,10800.211479112675,0.0
2006-09-21,10063.833535299445,10800.211479112675,0.0
2006-09-22,10033.308248080006,10800.211479112675,0.0
2006-09-25,10110.386864290489,10800.211479112675,0.0
2006-09-26,10194.335600405791,10800.211479112675,0.0
2006-09-27,10206.54672239641,10800.211479112675,0.0
2006-09-28,10202.729802615428,10800.211479112675,0.0
2006-09-29,10194.335600405791,10800.211479112675,0.0
2006-10-02,10156.176473624386,10800.211479112675,0.0
2006-10-03,10177.54383897704,10800.211479112675,0.0
2006-10-04,10296.596823245172,10800.211479112675,0.0
2006-10-05,10316.440945545392,10800.211479112675,0.0
2006-10-06,10303.467782402367,10800.211479112675,0.0
2006-10-09,10309.571664892936,10800.211479112675,0.0
2006-10-10,10323.311065450216,10800.211479112675,0.0
2006-10-11,10311.101621964335,10800.211479112675,0.0
2006-10-12,10400.388842408323,10800.211479112675,0.0
2006-10-13,10427.099727603889,10800.211479112675,0.0
2006-10-16,10443.121055356529,10800.211479112675,0.0
2006-10-17,10410.310483932248,10800.211479112675,0.0
2006-10-18,10424.046527480044,10800.211479112675,0.0
2006-10-19,10440.835771151686,10800.211479112675,0.0
2006-10-20,10443.121055356525,10800.211479112675,0.0
2006-10-23,10491.206019923711,10800.211479112675,0.0
2006-10-24,10522.492509043183,10800.211479112675,0.0
2006-10-25,10558.365512367376,10800.211479112675,0.0
2006-10-26,10591.176923044028,10800.211479112675,0.0
2006-10-27,10524.783668014617,10800.211479112675,0.0
2006-10-30,10517.149828452648,10800.211479112675,0.0
2006-10-31,10515.62742465258,10800.211479112675,0.0
2006-11-01,10444.65269093267,10800.211479112675,0.0
2006-11-02,10438.54629068499,10800.211479112675,0.0
2006-11-03,10420.228768446688,10800.211479112675,0.0
2006-11-06,10537.758509662382,10800.211479112675,0.0
2006-11-07,10578.204599153376,10800.211479112675,0.0
2006-11-08,10601.09940382032,10800.211479112675,0.0
2006-11-09,10545.38647445776,10800.211479112675,0.0
2006-11-10,10549.96795314826,10800.211479112675,0.0
2006-11-13,10575.917636443788,10800.211479112675,0.0
2006-11-14,10655.284054616222,10800.211479112675,0.0
2006-11-15,10685.81269884514,10800.211479112675,0.0
2006-11-16,10713.288142950221,10800.211479112675,0.0
2006-11-17,10716.334629055098,10800.211479112675,0.0
2006-11-20,10722.443547059887,10800.211479112675,0.0
2006-11-21,10733.128068988586,10800.211479112675,0.0
2006-11-22,10754.495434341243,10800.211479112675,0.0
2006-11-24,10710.9936269693,10800.211479112675,0.0
2006-11-27,10563.706514453168,10800.211479112675,0.0
2006-11-28,10609.494445282324,10800.211479112675,0.0
2006-11-29,10720.152388088447,10800.211479112675,0.0
2006-11-30,10724.732188274209,10800.211479112675,0.0
2006-12-01,10701.076181707227,10800.211479112675,0.0
2006-12-04,10782.732919598724,10800.211479112675,0.0
2006-12-05,10829.283730832653,10800.211479112675,0.0
2006-12-06,10820.128326722986,10800.211479112675,0.0
2006-12-07,10772.81043882243,10800.211479112675,0.0
2006-12-08,10792.65707887976,10800.211479112675,0.0
2006-12-11,10823.94356799923,10800.211479112675,0.0
2006-12-12,10815.547687284854,10800.211479112675,0.0
2006-12-13,10826.99425036596,10800.211479112675,0.0
2006-12-14,10922.390388814738,10800.211479112675,0.0
2006-12-15,10923.389099135618,10800.211479112675,0.0
2006-12-18,10893.457163342116,10800.211479112675,0.0
2006-12-19,10914.17914362187,10800.211479112675,0.0
2006-12-20,10908.040012531741,10800.211479112675,0.0
2006-12-21,10868.133562314975,10800.211479112675,0.0
2006-12-22,10801.37439325203,10800.211479112675,0.0
2006-12-26,10865.066094900834,10800.211479112675,0.0
2006-12-27,10936.432759477762,10800.211479112675,0.0
2006-12-28,10913.40954919813,10800.211479112675,0.0
2006-12-29,10868.133562314972,10800.211479112675,0.0
2007-01-03,10848.948253125585,10800.211479112675,0.0
2007-01-04,10871.971463405222,10800.211479112675,0.0
2007-01-05,10785.25151596256,10800.211479112675,0.0
2007-01-08,10835.134998359703,10800.211479112675,0.0
2007-01-09,10825.927560603066,10800.211479112675,0.0
2007-01-10,10861.995270477213,10800.211479112675,0.0
2007-01-11,10909.57248736025,10800.211479112675,0.0
2007-01-12,10992.454533712664,10800.211479112675,0.0
2007-01-16,10970.975547794731,10800.211479112675,0.0
2007-01-17,10975.573811532642,10800.211479112675,0.0
2007-01-18,10938.740703496607,10800.211479112675,0.0
2007-01-19,10960.227242685874,10800.211479112675,0.0
2007-01-22,10926.454888045011,10800.211479112675,0.0
2007-01-23,10958.689732343139,10800.211479112675,0.0
2007-01-24,11046.943833119049,10800.211479112675,0.0
2007-01-25,10917.247450288374,10800.211479112675,0.0
2007-01-26,10907.27629287459,10800.211479112675,0.0
2007-01-29,10901.133804774978,10800.211479112675,0.0
2007-01-30,10957.926012685988,10800.211479112675,0.0
2007-01-31,11031.596425019909,10800.211479112675,0.0
2007-02-01,11097.593552930448,10800.211479112675,0.0
2007-02-02,11112.940121777216,10800.211479112675,0.0
2007-02-05,11116.013463957948,10800.211479112675,0.0
2007-02-06,11119.080931372086,10800.211479112675,0.0
2007-02-07,11143.639973489711,10800.211479112675,0.0
2007-02-08,11129.057963552463,10800.211479112675,0.0
2007-02-09,11046.1717209382,10800.211479112675,0.0
2007-02-12,11008.569018478425,10800.211479112675,0.0
2007-02-13,11101.426418506475,10800.211479112675,0.0
2007-02-14,11174.337307445103,10800.211479112675,0.0
2007-02-15,11188.920995887098,10800.211479112675,0.0
2007-02-16,11183.539709687519,10800.211479112675,0.0
2007-02-20,11207.330835886147,10800.211479112675,0.0
2007-02-21,11202.730054391126,10800.211479112675,0.0
2007-02-22,11194.289693301114,10800.211479112675,0.0
2007-02-23,11150.5453419941,10800.211479112675,0.0
2007-02-26,11140.567470561353,10800.211479112675,0.0
2007-02-27,10705.442811790877,10800.211479112675,0.0
2007-02-28,10815.182612503686,10910.922738442243,1.0
2007-03-01,10782.94860745793,10878.403385676236,1.0
2007-03-02,10641.745235375478,10735.95002742984,1.0
2007-03-05,10540.446635005044,10633.754693171102,1.0
2007-03-06,10720.786023628158,10815.690514919486,1.0
2007-03-07,10710.051146557229,10804.860608617937,1.0
2007-03-08,10800.606477333024,10896.217569757593,1.0
2007-03-09,10803.67310549479,10899.311344882748,1.0
2007-03-12,10819.785072503446,10915.565941175231,1.0
2007-03-13,10609.517944348683,10703.437448117857,1.0
2007-03-14,10688.561250358476,10783.180475652764,1.0
2007-03-15,10703.142421043356,10797.890724427927,1.0
2007-03-16,10673.172718893185,10767.65571903129,1.0
2007-03-19,10801.833464298677,10897.455418480355,1.0
2007-03-20,10861.16524988279,10957.312431684519,1.0
2007-03-21,11039.905862740121,11137.635324693598,1.0
2007-03-22,11031.43193155529,11129.086379034403,1.0
2007-03-23,11047.609360248842,11145.407016503617,1.0
2007-03-26,11032.973638159881,11130.641733414512,1.0
2007-03-27,11006.77973242454,11104.215949224244,1.0
2007-03-28,10926.655469361554,11023.382395591583,1.0
2007-03-29,10938.20693898897,11035.036123238722,1.0
2007-03-30,10940.51740076493,11037.3670381045,1.0
2007-04-02,10952.844339582674,11049.803099691331,1.0
2007-04-03,11070.729084551083,11168.73140543295,1.0
2007-04-04,11083.050987854607,11181.162386929267,1.0
2007-04-05,11113.101258232346,11211.47867377418,1.0
2007-04-09,11128.508253249787,11227.022057394213,1.0
2007-04-10,11141.608143500756,11240.237912875484,1.0
2007-04-11,11096.150878105575,11194.378242410534,1.0
2007-04-12,11145.45779412419,11244.12164207611,1.0
2007-04-13,11196.3148092711,11295.428862939325,1.0
2007-04-16,11302.633817321794,11402.689047444006,1.0
2007-04-17,11332.685766204275,11402.689047444006,0.0
2007-04-18,11346.55273312187,11402.689047444006,0.0
2007-04-19,11343.464284398467,11402.689047444006,0.0
2007-04-20,11450.5587616395,11402.689047444006,0.0
2007-04-23,11407.416154282124,11402.689047444006,0.0
2007-04-24,11412.042952600632,11402.689047444006,0.0
2007-04-25,11516.821932551482,11402.689047444006,0.0
2007-04-26,11529.919305045338,11402.689047444006,0.0
2007-04-27,11520.678297193877,11402.689047444006,0.0
2007-04-30,11425.136128832635,11402.689047444006,0.0
2007-05-01,11454.415965534266,11402.689047444006,0.0
2007-05-02,11521.448730869988,11402.689047444006,0.0
2007-05-03,11583.853858634831,11402.689047444006,0.0
2007-05-04,11627.766060415945,11402.689047444006,0.0
2007-05-07,11630.079879201383,11402.689047444006,0.0
2007-05-08,11614.67372343631,11402.689047444006,0.0
2007-05-09,11646.258147147306,11402.689047444006,0.0
2007-05-10,11524.526269312577,11402.689047444006,0.0
2007-05-11,11623.144297611661,11402.689047444006,0.0
2007-05-14,11597.723343309539,11402.689047444006,0.0
2007-05-15,11600.803399509234,11402.689047444006,0.0
2007-05-16,11680.16142515796,11402.689047444006,0.0
2007-05-17,11657.048414874684,11402.689047444006,0.0
2007-05-18,11758.749017130578,11402.689047444006,0.0
2007-05-21,11752.583869216964,11402.689047444006,0.0
2007-05-22,11743.340343608395,11402.689047444006,0.0
2007-05-23,11744.879532455872,11402.689047444006,0.0
2007-05-24,11638.555488890952,11402.689047444006,0.0
2007-05-25,11687.0936497382,11402.689047444006,0.0
2007-05-29,11729.467501924206,11402.689047444006,0.0
2007-05-30,11825.007152528342,11402.689047444006,0.0
2007-05-31,11812.683570720075,11402.689047444006,0.0
2007-06-01,11871.23401234726,11402.689047444006,0.0
2007-06-04,11872.774879699478,11402.689047444006,0.0
2007-06-05,11825.777586204447,11402.689047444006,0.0
2007-06-06,11698.653511889319,11402.689047444006,0.0
2007-06-07,11487.544613606959,11402.689047444006,0.0
2007-06-08,11637.012943033991,11402.689047444006,0.0
2007-06-11,11657.048414874684,11402.689047444006,0.0
2007-06-12,11529.919305045336,11402.689047444006,0.0
2007-06-13,11702.503162512754,11402.689047444006,0.0
2007-06-14,11777.232711338234,11402.689047444006,0.0
2007-06-15,11844.248691626546,11402.689047444006,0.0
2007-06-18,11830.321298538278,11402.689047444006,0.0
2007-06-19,11859.721987581257,11402.689047444006,0.0
2007-06-20,11694.906250055086,11402.689047444006,0.0
2007-06-21,11759.902989139999,11402.689047444006,0.0
2007-06-22,11649.255956614688,11402.689047444006,0.0
2007-06-25,11593.544705756867,11402.689047444006,0.0
2007-06-26,11474.377583166352,11402.689047444006,0.0
2007-06-27,11637.641543059488,11402.689047444006,0.0
2007-06-28,11636.097318697786,11402.689047444006,0.0
2007-06-29,11639.972146892336,11402.689047444006,0.0
2007-07-02,11745.202644618512,11402.689047444006,0.0
2007-07-03,11787.763650083134,11402.689047444006,0.0
2007-07-05,11775.380481356564,11402.689047444006,0.0
2007-07-06,11837.284575456222,11402.689047444006,0.0
2007-07-09,11846.570902935688,11402.689047444006,0.0
2007-07-10,11677.882015719708,11402.689047444006,0.0
2007-07-11,11760.683493844555,11402.689047444006,0.0
2007-07-12,11946.386544367462,11402.689047444006,0.0
2007-07-13,11981.981755157025,11402.689047444006,0.0
2007-07-16,11980.42829901925,11402.689047444006,0.0
2007-07-17,11974.241330544002,11402.689047444006,0.0
2007-07-18,11952.576869852192,11402.689047444006,0.0
2007-07-19,11999.00431098766,11402.689047444006,0.0
2007-07-20,11877.51749484511,11402.689047444006,0.0
2007-07-23,11913.883978563152,11402.689047444006,0.0
2007-07-24,11707.295293548246,11402.689047444006,0.0
2007-07-25,11731.274412277868,11402.689047444006,0.0
2007-07-26,11453.488591664873,11402.689047444006,0.0
2007-07-27,11228.318859167337,11402.689047444006,0.0
2007-07-30,11403.970184048892,11581.0681497404,1.0
2007-07-31,11275.518412483652,11450.62158626791,1.0
2007-08-01,11330.461747422476,11506.418163778304,1.0
2007-08-02,11420.991900627158,11598.354205082263,1.0
2007-08-03,11126.953118607265,11299.749147520635,1.0
2007-08-06,11313.43583458236,11489.127847008733,1.0
2007-08-07,11434.145503029838,11611.712076365819,1.0
2007-08-08,11593.54470575687,11773.586669161417,1.0
2007-08-09,11249.987516121,11424.694207826196,1.0
2007-08-10,11197.369749500804,11371.259313549815,1.0
2007-08-13,11237.60350814206,11412.117882383705,1.0
2007-08-14,11065.82533295031,11237.672077858864,1.0
2007-08-15,10913.390246393597,11082.869750482198,1.0
2007-08-16,10995.412059066257,11166.165320971848,1.0
2007-08-17,11197.369749500804,11371.259313549814,1.0
2007-08-20,11191.951536196924,11365.75695809734,1.0
2007-08-21,11214.39314458381,11388.54707346276,1.0
2007-08-22,11347.480946243631,11523.701662263546,1.0
2007-08-23,11337.421667330944,11513.486167769532,1.0
2007-08-24,11477.479459927685,11655.718987988039,1.0
2007-08-27,11370.697184568477,11547.278437183279,1.0
2007-08-28,11120.76531087965,11293.465246227097,1.0
2007-08-29,11338.970087954498,11515.058634592615,1.0
2007-08-30,11308.790572711705,11484.410446539492,1.0
2007-08-31,11420.215592184455,11597.565840956871,1.0
2007-09-04,11535.507886580424,11714.648567147024,1.0
2007-09-05,11435.690566643909,11613.281134046738,1.0
2007-09-06,11462.00616397297,11640.005399469255,1.0
2007-09-07,11302.603604236456,11478.127397531494,1.0
2007-09-10,11280.93326877805,11456.12053257822,1.0
2007-09-11,11412.476006823805,11589.706063698088,1.0
2007-09-12,11441.88340988575,11619.570149053525,1.0
2007-09-13,11522.35764118723,11701.294105005634,1.0
2007-09-14,11521.581332744527,11700.505740880242,1.0
2007-09-17,11459.683113411458,11637.646273091865,1.0
2007-09-18,11797.049977562601,11980.252276276926,1.0
2007-09-19,11866.687782256322,12050.971521324087,1.0
2007-09-20,11783.121745221959,11966.107745439056,1.0
2007-09-21,11814.915982025577,11998.395730872999,1.0
2007-09-24,11793.148293292195,11976.290000796975,1.0
2007-09-25,11769.82379141156,11952.603281042462,1.0
2007-09-26,11832.022463093264,12015.767867054505,1.0
2007-09-27,11901.995129482808,12086.82717403251,1.0
2007-09-28,11862.34716899615,12046.56350050621,1.0
2007-10-01,11996.066088438583,12182.359008033805,1.0
2007-10-02,11979.734237308863,12165.773531406614,1.0
2007-10-03,11955.637623247374,12141.302708954408,1.0
2007-10-04,11974.297560452833,12160.252425672237,1.0
2007-10-05,12116.570979307662,12304.73527971889,1.0
2007-10-08,12052.035829026518,12239.1979307608,1.0
2007-10-09,12165.55142615416,12354.476368460724,1.0
2007-10-10,12145.3329972967,12333.94395749332,1.0
2007-10-11,12087.025938856958,12274.731419534737,1.0
2007-10-12,12153.8874967091,12342.631304012386,1.0
2007-10-15,12051.26707385515,12238.417237205274,1.0
2007-10-16,11955.637623247374,12141.302708954407,1.0
2007-10-17,11992.177832206107,12178.410369122508,1.0
2007-10-18,11948.637419225126,12134.193795257213,1.0
2007-10-19,11636.10151495965,11816.804364372701,1.0
2007-10-22,11703.741899011602,11885.495169832362,1.0
2007-10-23,11798.593362671932,11981.819629386757,1.0
2007-10-24,11776.826513190921,11959.714751596273,1.0
2007-10-25,11804.813901241998,11988.136769816394,1.0
2007-10-26,11943.19990311672,12128.671837237294,1.0
2007-10-29,11982.843667341524,12168.931249335888,1.0
2007-10-30,11899.663686397587,12084.459524799706,1.0
2007-10-31,12023.274650289844,12209.990105271907,1.0
2007-11-01,11741.83388560337,11924.178705965713,1.0
2007-11-02,11755.051271186201,11937.601350950375,1.0
2007-11-05,11665.64823391509,11846.809929127934,1.0
2007-11-06,11822.697530004752,12006.29812240883,1.0
2007-11-07,11499.268129970324,11677.846025202583,1.0
2007-11-08,11440.961910782951,11618.63433952954,1.0
2007-11-09,11283.922685721735,11459.15637367514,1.0
2007-11-12,11171.963901741348,11345.458925653702,1.0
2007-11-13,11512.490551067382,11691.273783900499,1.0
2007-11-14,11480.612389026717,11658.900569912461,1.0
2007-11-15,11315.01362903888,11490.73014382575,1.0
2007-11-16,11334.450713939412,11510.469076954512,1.0
2007-11-19,11176.630144921266,11350.19763326147,1.0
2007-11-20,11245.045998163556,11419.675950560986,1.0
2007-11-21,11014.915444904054,11185.971584658348,1.0
2007-11-23,11205.394680667418,11379.408867892527,1.0
2007-11-26,10958.1643603592,11128.339184092714,1.0
2007-11-27,11084.114320608009,11256.245084367587,1.0
2007-11-28,11438.63298545484,11616.26924715336,1.0
2007-11-29,11442.521241687318,11620.217886064655,1.0
2007-11-30,11557.580223924293,11737.063676874419,1.0
2007-12-03,11481.388697469421,11659.688934037855,1.0
2007-12-04,11378.764917605988,11555.47145808858,1.0
2007-12-05,11569.240796359869,11748.905332180595,1.0
2007-12-06,11734.837877842965,11917.074053696222,1.0
2007-12-07,11732.512309524342,11914.712370462208,1.0
2007-12-10,11823.474677699824,12007.087338819767,1.0
2007-12-11,11499.268129970324,11677.846025202587,1.0
2007-12-12,11612.780370088485,11793.12105376035,1.0
2007-12-13,11588.67704200803,11768.643413023816,1.0
2007-12-14,11441.742415487504,11619.426965082637,1.0
2007-12-17,11278.475937837258,11453.625040514271,1.0
2007-12-18,11341.450078709291,11517.577138366163,1.0
2007-12-19,11341.450078709291,11517.577138366163,1.0
2007-12-20,11412.973683479502,11590.211469023876,1.0
2007-12-21,11577.498200433116,11757.290969618154,1.0
2007-12-24,11663.46785625656,11844.59569129251,1.0
2007-12-26,11688.483451663733,11869.999766412071,1.0
2007-12-27,11541.547146638466,11720.781613899813,1.0
2007-12-28,11512.628188456145,11691.413558729218,1.0
2007-12-31,11427.436519580146,11604.898905751339,1.0
2008-01-02,11327.392601503596,11503.301355554993,1.0
2008-01-03,11321.924033057488,11497.747862970062,1.0
2008-01-04,11044.463003111872,11215.978001699128,1.0
2008-01-07,11035.084357871654,11206.453710778836,1.0
2008-01-08,10856.879188026696,11025.48110358128,1.0
2008-01-09,10970.994011346866,11141.368073157457,1.0
2008-01-10,11042.90031519802,11214.39104602185,1.0
2008-01-11,10953.79521251843,11123.902185566447,1.0
2008-01-14,11042.116453483983,11213.595011326586,1.0
2008-01-15,10799.047985681018,10966.751811524422,1.0
2008-01-16,10706.04035947865,10872.299823303529,1.0
2008-01-17,10428.575972523551,10590.52655289043,1.0
2008-01-18,10321.500798087041,10481.788554431872,1.0
2008-01-22,10216.768816268941,10375.430137203693,1.0
2008-01-23,10462.189708466387,10624.662293377185,1.0
2008-01-24,10550.504235412976,10714.348300852997,1.0
2008-01-25,10398.095165679748,10559.5723943281,1.0
2008-01-28,10570.044548355077,10734.192065103294,1.0
2008-01-29,10622.412217768868,10787.372978288466,1.0
2008-01-30,10544.250966000456,10707.997921287255,1.0
2008-01-31,10736.521166322447,10903.253981865857,1.0
2008-02-01,10909.24937519759,11078.66457362307,1.0
2008-02-04,10771.691715412544,10938.970712031101,1.0
2008-02-05,10483.287673808118,10646.087899591514,1.0
2008-02-06,10398.878188141416,10560.367576737817,1.0
2008-02-07,10467.6524021459,10630.209819963326,1.0
2008-02-08,10400.440876055265,10561.954532415095,1.0
2008-02-11,10453.586532416504,10615.925514296743,1.0
2008-02-12,10550.504235412978,10714.348300852991,1.0
2008-02-13,10658.362432311149,10823.881481721264,1.0
2008-02-14,10564.57597990897,10728.63857251836,1.0
2008-02-15,10562.227751776341,10726.253877574738,1.0
2008-02-19,10591.924696906106,10756.412001441806,1.0
2008-02-20,10623.190204716313,10788.163046984937,1.0
2008-02-21,10534.871481507873,10698.472778081423,1.0
2008-02-22,10599.744850494324,10764.353598112522,1.0
2008-02-25,10733.393272737634,10900.077513654673,1.0
2008-02-26,10813.900234881561,10981.834708742881,1.0
2008-02-27,10802.953866213269,10970.718348432067,1.0
2008-02-28,10697.436344176389,10863.562191937544,1.0
2008-02-29,10459.061814881572,10621.485825165999,1.0
2008-03-03,10434.05125498862,10596.086863759683,1.0
2008-03-04,10394.190963652232,10555.607561991523,1.0
2008-03-05,10459.841480333758,10622.277598433557,1.0
2008-03-06,10243.344581832856,10402.418611143905,1.0
2008-03-07,10137.83461306731,10295.27012521925,1.0
2008-03-10,10004.181994562148,10159.541948249393,1.0
2008-03-11,10363.709317556062,10524.652551143652,1.0
2008-03-12,10266.793293064327,10426.231469158485,1.0
2008-03-13,10289.461499591242,10449.251701619964,1.0
2008-03-14,10130.014459479093,10287.32852854853,1.0
2008-03-17,10027.62818803651,10183.352249407351,1.0
2008-03-18,10444.214601195248,10606.408041660776,1.0
2008-03-19,10185.508343972957,10343.6842053738,1.0
2008-03-20,10374.171437606581,10535.277142697325,1.0
2008-03-24,10581.534752559452,10745.860706444651,1.0
2008-03-25,10591.74090063697,10756.225350908333,1.0
2008-03-26,10462.142710333641,10624.614565386883,1.0
2008-03-27,10429.15673516393,10591.11633448477,1.0
2008-03-28,10329.4023591552,10489.812822800055,1.0
2008-03-31,10365.536369966618,10526.50797676633,1.0
2008-04-01,10729.980033346856,10896.611268359564,1.0
2008-04-02,10737.050734568227,10903.791774042198,1.0
2008-04-03,10763.75322724009,10930.908943099103,1.0
2008-04-04,10751.970963210786,10918.943706389484,1.0
2008-04-07,10757.469744742231,10924.52788125389,1.0
2008-04-08,10746.477217193562,10913.364645238322,1.0
2008-04-09,10668.712931796395,10834.392719297992,1.0
2008-04-10,10683.637356700805,10849.548913072982,1.0
2008-04-11,10476.282434271645,10638.97387218107,1.0
2008-04-14,10440.933124426634,10603.075605195598,1.0
2008-04-15,10465.28487120875,10627.805522452254,1.0
2008-04-16,10748.827963083302,10915.751897038566,1.0
2008-04-17,10764.546320730196,10931.71435293531,1.0
2008-04-18,10876.855912201447,11045.76805631287,1.0
2008-04-21,10882.358050742376,11051.355640319442,1.0
2008-04-22,10834.44261515403,11002.696101929092,1.0
2008-04-23,10817.166605107508,10985.151804068317,1.0
2008-04-24,10864.290625710484,11033.007637193537,1.0
2008-04-25,10964.83138119036,11135.109740430134,1.0
2008-04-28,10967.184644837213,11137.499549087002,1.0
2008-04-29,10923.984968318648,11093.629003151338,1.0
2008-04-30,10859.577384397813,11028.221201595472,1.0
2008-05-01,11084.220066406688,11256.352472345736,1.0
2008-05-02,11114.847742415324,11287.455780877735,1.0
2008-05-05,11061.434364547902,11233.21291990852,1.0
2008-05-06,11157.259360957998,11330.526030690431,1.0
2008-05-07,10958.545380935393,11128.726121728298,1.0
2008-05-08,10930.268450816497,11100.010064996544,1.0
2008-05-09,10909.849440642492,11079.273957784852,1.0
2008-05-12,11032.37441196734,11203.701680767044,1.0
2008-05-13,11033.947170909638,11205.298863870814,1.0
2008-05-14,11056.725319497085,11228.43074573816,1.0
2008-05-15,11194.96025594512,11368.812401761688,1.0
2008-05-16,11205.176475051085,11379.18727365186,1.0
2008-05-19,11235.804151059718,11410.290582183858,1.0
2008-05-20,11144.699949233624,11317.771577569878,1.0
2008-05-21,10956.190438783797,11126.334608500345,1.0
2008-05-22,10957.759840716615,11127.928382461954,1.0
2008-05-23,10810.8789263478,10978.766480795399,1.0
2008-05-27,10890.99563613945,11060.127363107058,1.0
2008-05-28,10941.266853131761,11111.179267010897,1.0
2008-05-29,10996.247115174887,11167.013345085095,1.0
2008-05-30,11023.735987317894,11194.929105693882,1.0
2008-06-02,10909.849440642496,11079.27395778485,1.0
2008-06-03,10846.226557688073,11014.66304320979,1.0
2008-06-04,10840.729454661367,11009.080572916464,1.0
2008-06-05,11057.510859715867,11229.228485004505,1.0
2008-06-06,10704.845264103073,10871.086168693182,1.0
2008-06-09,10730.766412818004,10897.409859911446,1.0
2008-06-10,10677.353874202954,10843.167851227772,1.0
2008-06-11,10520.26597250425,10683.640452811993,1.0
2008-06-12,10560.323488147706,10724.320041682282,1.0
2008-06-13,10693.846861787815,10859.916966678831,1.0
2008-06-16,10700.134540547519,10866.302289951744,1.0
2008-06-17,10648.291403865282,10813.654055229674,1.0
2008-06-18,10544.615201529257,10708.367813212028,1.0
2008-06-19,10557.966028239003,10721.92597159771,1.0
2008-06-20,10386.594051194566,10547.892673274695,1.0
2008-06-23,10376.329994703483,10537.469221108688,1.0
2008-06-24,10355.80943499265,10516.62998734654,1.0
2008-06-25,10404.74875847299,10566.329314096864,1.0
2008-06-26,10122.155700281837,10279.347726742926,1.0
2008-06-27,10066.898484956448,10223.232394440209,1.0
2008-06-30,10102.417323780297,10259.302823104956,1.0
2008-07-01,10133.993354967588,10291.369214298247,1.0
2008-07-02,9960.331058204087,10115.010028733937,1.0
2008-07-03,9970.590079180947,10125.4283671867,1.0
2008-07-07,9868.76442832185,10022.021414786883,1.0
2008-07-08,10044.007037298981,10199.985454024829,1.0
2008-07-09,9850.605524781573,10003.58051253701,1.0
2008-07-10,9890.864460993946,10044.46464993713,1.0
2008-07-11,9775.617486225983,9927.427947166192,1.0
2008-07-14,9687.2089630139,9837.646483709792,1.0
2008-07-15,9550.644138783138,9698.960875912786,1.0
2008-07-16,9785.090966984068,9937.048546352611,1.0
2008-07-17,9882.976327963715,10036.454018137594,1.0
2008-07-18,9944.545560367553,10098.979389993914,1.0
2008-07-21,9950.072037227223,10104.591690281171,1.0
2008-07-22,10062.949802553296,10219.222390969964,1.0
2008-07-23,10117.415602893308,10274.53401800755,1.0
2008-07-24,9907.445570077703,10061.303255369987,1.0
2008-07-25,9905.077199888183,10058.898105573382,1.0
2008-07-28,9759.82863137997,9911.393899284005,1.0
2008-07-29,9968.224226748538,10123.025774246715,1.0
2008-07-30,10145.832688158082,10303.392406424646,1.0
2008-07-31,10011.643787388175,10167.119618994113,1.0
2008-08-01,9958.754102999941,10113.408584202461,1.0
2008-08-04,9866.395218879963,10019.615412704736,1.0
2008-08-05,10132.416399763437,10289.76776976677,1.0
2008-08-06,10177.406201588257,10335.456240761312,1.0
2008-08-07,10025.85233002056,10181.54881320266,1.0
2008-08-08,10212.1403394457,10370.729782445256,1.0
2008-08-11,10317.91802971743,10478.15014745748,1.0
2008-08-12,10210.565901998663,10369.130894770406,1.0
2008-08-13,10148.992473332972,10306.60126148638,1.0
2008-08-14,10225.559984849824,10384.357828245296,1.0
2008-08-15,10275.29240182028,10434.862564831838,1.0
2008-08-18,10134.782252195848,10292.17036270675,1.0
2008-08-19,10024.274535564042,10179.946516385648,1.0
2008-08-20,10070.845488854864,10227.24069333937,1.0
2008-08-21,10088.210459652655,10244.875333467488,1.0
2008-08-22,10234.243729127274,10393.176426737664,1.0
2008-08-25,10026.64038799645,10182.349109325625,1.0
2008-08-26,10055.846370489471,10212.008646151226,1.0
2008-08-27,10153.72837445964,10311.410708794045,1.0
2008-08-28,10276.871874781535,10436.466566219926,1.0
2008-08-29,10166.359961887876,10324.238458471118,1.0
2008-09-02,10103.209578018037,10260.107380655618,1.0
2008-09-03,10094.525833740585,10251.288782163248,1.0
2008-09-04,9790.615765338998,9942.659142068782,1.0
2008-09-05,9821.402899298027,9973.924384853566,1.0
2008-09-08,10024.274535564036,10179.94651638564,1.0
2008-09-09,9726.676484240901,9877.726915844778,1.0
2008-09-10,9766.147362477383,9917.810757121932,1.0
2008-09-11,9907.445570077703,10061.303255369981,1.0
2008-09-12,9953.225108383154,10107.793727058575,1.0
2008-09-15,9479.603104125961,9626.816609441126,1.0
2008-09-16,9638.265443271704,9787.942895531756,1.0
2008-09-17,9204.899018217404,9347.846506172264,1.0
2008-09-18,9478.02279191233,9625.211755767488,1.0
2008-09-19,9854.434194095747,10007.468639174891,1.0
2008-09-22,9631.331540186722,9780.901312392298,1.0
2008-09-23,9412.204424756706,9558.371262217259,1.0
2008-09-24,9442.372190466316,9589.007518272809,1.0
2008-09-25,9590.050394587095,9738.979091203282,1.0
2008-09-26,9594.81063403251,9743.813254791638,1.0
2008-09-29,8842.947934377518,8980.274502635697,1.0
2008-09-30,9208.955964176348,9351.96645447729,1.0
2008-10-01,9214.51349337373,9357.610289329565,1.0
2008-10-02,8880.260255517103,9018.166265501488,1.0
2008-10-03,8760.378929159298,8896.423241973336,1.0
2008-10-06,8314.176978350733,8443.291997550316,1.0
2008-10-07,7941.820004369151,8065.152505591319,1.0
2008-10-08,7741.747274758724,7861.972746338363,1.0
2008-10-09,7201.07320236129,7312.902275425468,1.0
2008-10-10,7026.40506163176,7135.521625640313,1.0
2008-10-13,8046.624161891115,8171.5842193760245,1.0
2008-10-14,7927.52921500446,8050.639787399759,1.0
2008-10-15,7147.082418862972,7258.073042004071,1.0
2008-10-16,7444.811393555906,7560.425599089325,1.0
2008-10-17,7400.349481472123,7515.27321570005,1.0
2008-10-20,7844.961888290984,7966.790231308482,1.0
2008-10-21,7610.7466937443105,7728.937791677964,1.0
2008-10-22,7196.309605906395,7308.064702694951,1.0
2008-10-23,7279.670865362356,7392.720520907983,1.0
2008-10-24,6910.486265341224,7017.802668293834,1.0
2008-10-27,6665.158530156903,6768.665115815391,1.0
2008-10-28,7444.015782308682,7559.61763239649,1.0
2008-10-29,7390.030034324587,7504.793512688337,1.0
2008-10-30,7645.678895161185,7764.4124727495755,1.0
2008-10-31,7687.756491260407,7807.143512916969,1.0
2008-11-03,7709.989125807039,7829.721409182689,1.0
2008-11-04,7971.992805592982,8095.793875360119,1.0
2008-11-05,7636.948152750984,7755.546146266911,1.0
2008-11-06,7213.774447736274,7325.800764802445,1.0
2008-11-07,7451.958466742992,7567.683662756191,1.0
2008-11-10,7354.303900165227,7468.512569494974,1.0
2008-11-11,7127.238296562752,7237.920750387942,1.0
2008-11-12,6813.630247393977,6919.442524724847,1.0
2008-11-13,7238.389719762726,7350.798299718968,1.0
2008-11-14,6877.14109015694,6983.939659180191,1.0
2008-11-17,6785.837146266667,6891.21781060746,1.0
2008-11-18,6913.660737432598,7021.026438352539,1.0
2008-11-19,6470.641231612928,6571.12706070086,1.0
2008-11-20,5990.3060476441915,6083.332511041226,1.0
2008-11-21,6313.442548601317,6411.487160593673,1.0
2008-11-24,6750.904944849792,6855.743129535848,1.0
2008-11-25,6800.926064635694,6906.541052348481,1.0
2008-11-26,7063.7178023975275,7173.413814648878,1.0
2008-11-28,7152.637430303239,7263.7143199997245,1.0
2008-12-01,6519.073227035308,6620.3111808416725,1.0
2008-12-02,6769.962268052676,6875.096403457324,1.0
2008-12-03,6932.718899887853,7040.380564559558,1.0
2008-12-04,6772.341548523013,6877.512632965963,1.0
2008-12-05,6981.14753830075,7089.561275558206,1.0
2008-12-08,7224.88530986918,7337.084173079291,1.0
2008-12-09,7105.796237749119,7216.145707101813,1.0
2008-12-10,7154.227813545316,7265.329401099857,1.0
2008-12-11,6981.942310295606,7090.368389965503,1.0
2008-12-12,7065.306507134863,7175.027191177927,1.0
2008-12-15,6966.856329309874,7075.048131223874,1.0
2008-12-16,7294.756426721896,7408.040353506842,1.0
2008-12-17,7224.0938948838075,7336.28046781416,1.0
2008-12-18,7089.124489409348,7199.21505483053,1.0
2008-12-19,7058.631933032359,7168.248964270626,1.0
2008-12-22,6968.185705064727,7076.3981515207615,1.0
2008-12-23,6896.153093731815,7003.246909682454,1.0
2008-12-24,6936.172003766226,7043.887293417859,1.0
2008-12-26,6976.190494174453,7084.527251010493,1.0
2008-12-29,6956.181458783432,7064.20748528556,1.0
2008-12-30,7121.062238368317,7231.648781091976,1.0
2008-12-31,7222.711646229609,7334.876753528189,1.0
2009-01-02,7440.419585901127,7555.9655888534535,1.0
2009-01-05,7431.614150029953,7547.0234089576425,1.0
2009-01-06,7481.239142696985,7597.419052994939,1.0
2009-01-07,7257.128546691004,7369.828131277647,1.0
2009-01-08,7286.74408434083,7399.9035834472415,1.0
2009-01-09,7130.664963991453,7241.400632251703,1.0
2009-01-12,6959.384045829218,7067.459806909885,1.0
2009-01-13,6972.1893584981435,7080.463979693937,1.0
2009-01-14,6752.880964556101,6857.749835842051,1.0
2009-01-15,6755.283324466626,6860.189503203064,1.0
2009-01-16,6808.107547169963,6913.834059722522,1.0
2009-01-20,6448.734226986037,6548.879851225032,1.0
2009-01-21,6727.271598096804,6831.7427687022555,1.0
2009-01-22,6623.218991072615,6726.074276619488,1.0
2009-01-23,6652.034301587179,6755.337074525772,1.0
2009-01-26,6697.6556408207925,6801.666890389892,1.0
2009-01-27,6765.687955729767,6870.755713197186,1.0
2009-01-28,6994.5990752949465,7103.221708208801,1.0
2009-01-29,6767.287151121734,6872.379743295496,1.0
2009-01-30,6629.626263295113,6732.581050581988,1.0
2009-02-02,6609.613451268427,6712.257449572123,1.0
2009-02-03,6702.455325127621,6806.541111398674,1.0
2009-02-04,6669.640557441489,6773.216746746918,1.0
2009-02-05,6768.890962401739,6874.008460964282,1.0
2009-02-06,6961.786405739742,7069.8994742709,1.0
2009-02-09,6971.385354727213,7079.647490145694,1.0
2009-02-10,6652.0343015871795,6755.337074525773,1.0
2009-02-11,6691.2517256077745,6795.163525569554,1.0
2009-02-12,6696.053088419344,6800.039451149419,1.0
2009-02-13,6624.01712007695,6726.8848001689485,1.0
2009-02-17,6340.681743164095,6439.149366254024,1.0
2009-02-18,6325.472811706088,6423.704247680646,1.0
2009-02-19,6257.439657544744,6354.6145725878105,1.0
2009-02-20,6196.61148498405,6292.841768864164,1.0
2009-02-23,5974.904507767149,6067.691792936196,1.0
2009-02-24,6201.4162048051,6297.721103586191,1.0
2009-02-25,6152.590600020959,6248.137261526664,1.0
2009-02-26,6052.542485682558,6146.5354499026125,1.0
2009-02-27,5917.275984868945,6009.168327837481,1.0
2009-03-02,5650.7478955536935,5738.501190308704,1.0
2009-03-03,5608.325786356386,5695.420286926746,1.0
2009-03-04,5741.190766511844,5830.348593916405,1.0
2009-03-05,5506.676378495094,5592.192314490533,1.0
2009-03-06,5516.281621875344,5601.946722506884,1.0
2009-03-09,5451.450215507415,5536.108516752831,1.0
2009-03-10,5776.407894108503,5866.112625929175,1.0
2009-03-11,5814.024024606205,5904.312916160796,1.0
2009-03-12,6042.934724545199,6136.77848502964,1.0
2009-03-13,6090.159455432633,6184.736592419777,1.0
2009-03-16,6071.750454685949,6166.041709078694,1.0
2009-03-17,6257.4396575447445,6354.6145725878105,1.0
2009-03-18,6397.511297805594,6496.861455517741,1.0
2009-03-19,6318.272445993476,6416.392063881932,1.0
2009-03-20,6183.732318106522,6279.762594952506,1.0
2009-03-23,6627.900340795207,6730.828325366998,1.0
2009-03-24,6497.308895311405,6598.208859907815,1.0
2009-03-25,6565.828396221448,6667.792434471641,1.0
2009-03-26,6699.645927817412,6803.688085550297,1.0
2009-03-27,6578.725607024942,6680.889932522431,1.0
2009-03-30,6351.400254813801,6450.03433104047,1.0
2009-03-31,6410.248211406326,6509.7961670302075,1.0
2009-04-01,6534.387484665806,6635.863261250446,1.0
2009-04-02,6725.4403494244,6829.883081651874,1.0
2009-04-03,6792.34890540929,6897.830694119818,1.0
2009-04-06,6739.145340634489,6843.800904535841,1.0
2009-04-07,6581.953371641844,6684.167822712983,1.0
2009-04-08,6652.891597883637,6756.207684205871,1.0
2009-04-09,6917.29637870155,7024.718539316005,1.0
2009-04-13,6918.907743252889,7026.354927554659,1.0
2009-04-14,6799.601304768871,6905.195719622069,1.0
2009-04-15,6872.157189954782,6978.878361495169,1.0
2009-04-16,6972.917409929542,7081.203337400729,1.0
2009-04-17,7019.673418368057,7128.685443316235,1.0
2009-04-20,6725.440349424399,6829.883081651873,1.0
2009-04-21,6856.83747718387,6963.320741230384,1.0
2009-04-22,6814.921856792153,6920.754192172397,1.0
2009-04-23,6881.829153898487,6988.700526212028,1.0
2009-04-24,6985.818397368704,7094.304670736453,1.0
2009-04-27,6919.7138451547435,7027.173547816757,1.0
2009-04-28,6897.951191935586,7005.072931453978,1.0
2009-04-29,7044.662577325562,7154.062671441257,1.0
2009-04-30,7047.082141909683,7156.519810655861,1.0
2009-05-01,7084.968511670681,7194.994536831672,1.0
2009-05-04,7325.999274718098,7439.768387340373,1.0
2009-05-05,7301.011374639149,7414.3924376436635,1.0
2009-05-06,7427.5689536041955,7542.915392650196,1.0
2009-05-07,7324.3870709143885,7438.131146816179,1.0
2009-05-08,7495.2815133600125,7611.679494666382,1.0
2009-05-11,7355.019782437248,7469.239569061423,1.0
2009-05-12,7333.253772208608,7447.13554355648,1.0
2009-05-13,7148.652660048151,7259.667668251226,1.0
2009-05-14,7209.916404589129,7321.882808170634,1.0
2009-05-15,7151.06802837042,7262.120546038125,1.0
2009-05-18,7354.214100161578,7468.421374942097,1.0
2009-05-19,7345.344041857877,7459.413569059632,1.0
2009-05-20,7296.173084723278,7409.479011499998,1.0
2009-05-21,7191.375641220279,7303.054115999622,1.0
2009-05-22,7176.064320973072,7287.5050185902455,1.0
2009-05-26,7359.858911605488,7474.153847490632,1.0
2009-05-27,7228.457167957978,7340.711500341647,1.0
2009-05-28,7329.222003820775,7443.041163817683,1.0
2009-05-29,7459.006508150352,7574.841156729227,1.0
2009-06-01,7639.57920893246,7758.218061437847,1.0
2009-06-02,7646.024667137817,7764.763614392464,1.0
2009-06-03,7549.29243891522,7666.529182940768,1.0
2009-06-04,7620.2310847832,7738.569470576427,1.0
2009-06-05,7621.84412783928,7740.207563386163,1.0
2009-06-08,7590.407412545493,7708.282651592674,1.0
2009-06-09,7629.100303834531,7747.576424173351,1.0
2009-06-10,7609.7513404329,7727.9269810263895,1.0
2009-06-11,7643.610138067921,7762.311588891106,1.0
2009-06-12,7664.56878751615,7783.59571570564,1.0
2009-06-15,7488.832698145173,7605.130532569605,1.0
2009-06-16,7387.263019259075,7501.983527259784,1.0
2009-06-17,7380.007682516194,7494.615518758135,1.0
2009-06-18,7434.021125828515,7549.467763889141,1.0
2009-06-19,7461.419358715509,7577.2914776595035,1.0
2009-06-22,7237.676355247801,7350.073857009154,1.0
2009-06-23,7243.351379777051,7355.837011837163,1.0
2009-06-24,7305.769935579821,7419.224896660939,1.0
2009-06-25,7464.662229875079,7580.584708989793,1.0
2009-06-26,7445.203324412913,7560.823616436965,1.0
2009-06-29,7514.92001882946,7631.622976324978,1.0
2009-06-30,7454.122059354102,7569.8808548808065,1.0
2009-07-01,7484.930174622394,7601.167404804112,1.0
2009-07-02,7280.637684093147,7393.702353851182,1.0
2009-07-06,7279.831162565107,7392.883307446314,1.0
2009-07-07,7138.771302638006,7249.632858291897,1.0
2009-07-08,7133.906156646279,7244.69215901092,1.0
2009-07-09,7147.689198326825,7258.689244450198,1.0
2009-07-10,7130.665803243821,7241.401484537252,1.0
2009-07-13,7304.146821495293,7417.576576424712,1.0
2009-07-14,7345.490071770337,7459.561866743759,1.0
2009-07-15,7560.323572072928,7677.731624091218,1.0
2009-07-16,7548.161126719797,7665.380302031544,1.0
2009-07-17,7630.851823531737,7749.355144097344,1.0
2009-07-20,7711.916049249669,7831.678256784754,1.0
2009-07-21,7747.586792752575,7867.9029491324145,1.0
2009-07-22,7745.96619642516,7866.257185752811,1.0
2009-07-23,7917.017579064067,8039.964910999175,1.0
2009-07-24,7949.442094397921,8039.964910999175,0.0
2009-07-27,7972.951231800068,8039.964910999175,0.0
2009-07-28,7935.662409726858,8039.964910999175,0.0
2009-07-29,7916.2077005265455,8039.964910999175,0.0
2009-07-30,7998.895040329004,8039.964910999175,0.0
2009-07-31,8010.242571630391,8039.964910999175,0.0
2009-08-03,8142.381178859189,8039.964910999175,0.0
2009-08-04,8163.459841396399,8039.964910999175,0.0
2009-08-05,8139.949025489511,8039.964910999175,0.0
2009-08-06,8097.796735929316,8039.964910999175,0.0
2009-08-07,8203.994891638662,8039.964910999175,0.0
2009-08-10,8186.968978798545,8039.964910999175,0.0
2009-08-11,8084.8277690481455,8039.964910999175,0.0
2009-08-12,8171.567858547697,8039.964910999175,0.0
2009-08-13,8233.98893210758,8039.964910999175,0.0
2009-08-14,8170.756301505434,8039.964910999175,0.0
2009-08-17,7969.71003914524,8039.964910999175,0.0
2009-08-18,8032.942669747386,8039.964910999175,0.0
2009-08-19,8103.471760458567,8039.964910999175,0.0
2009-08-20,8186.968978798548,8039.964910999175,0.0
2009-08-21,8347.482708673591,8039.964910999175,0.0
2009-08-24,8346.672830136069,8039.964910999175,0.0
2009-08-25,8362.888025186294,8039.964910999175,0.0
2009-08-26,8363.692868209593,8039.964910999175,0.0
2009-08-27,8382.341895134236,8039.964910999175,0.0
2009-08-28,8380.72045955445,8039.964910999175,0.0
2009-08-31,8306.136940641436,8039.964910999175,0.0
2009-09-01,8122.92646965888,8039.964910999175,0.0
2009-09-02,8092.122550652441,8039.964910999175,0.0
2009-09-03,8159.404573942197,8039.964910999175,0.0
2009-09-04,8273.713264559952,8039.964910999175,0.0
2009-09-08,8345.050555303913,8039.964910999175,0.0
2009-09-09,8409.096421453063,8039.964910999175,0.0
2009-09-10,8495.028310919834,8039.964910999175,0.0
2009-09-11,8493.401839825825,8039.964910999175,0.0
2009-09-14,8534.74676860561,8039.964910999175,0.0
2009-09-15,8570.416672856147,8039.964910999175,0.0
2009-09-16,8700.123965967638,8039.964910999175,0.0
2009-09-17,8687.156677591209,8039.964910999175,0.0
2009-09-18,8692.694903984067,8039.964910999175,0.0
2009-09-21,8670.700617110653,8039.964910999175,0.0
2009-09-22,8721.201789252476,8039.964910999175,0.0
2009-09-23,8648.708008741982,8039.964910999175,0.0
2009-09-24,8553.40922356818,8039.964910999175,0.0
2009-09-25,8507.795857232086,8039.964910999175,0.0
2009-09-28,8660.112609204562,8039.964910999175,0.0
2009-09-29,8634.046269829534,8039.964910999175,0.0
2009-09-30,8600.649900250653,8039.964910999175,0.0
2009-10-01,8387.242289725522,8039.964910999175,0.0
2009-10-02,8348.146557298647,8039.964910999175,0.0
2009-10-05,8472.772177306828,8039.964910999175,0.0
2009-10-06,8594.133944846173,8039.964910999175,0.0
2009-10-07,8617.754702813594,8039.964910999175,0.0
2009-10-08,8683.731688667242,8039.964910999175,0.0
2009-10-09,8736.675924459558,8039.964910999175,0.0
2009-10-12,8770.886368837815,8039.964910999175,0.0
2009-10-13,8752.969169980239,8039.964910999175,0.0
2009-10-14,8903.659450858704,8039.964910999175,0.0
2009-10-15,8936.239227881098,8039.964910999175,0.0
2009-10-16,8869.446488723337,8039.964910999175,0.0
2009-10-19,8942.756022537948,8039.964910999175,0.0
2009-10-20,8895.50947108888,8039.964910999175,0.0
2009-10-21,8815.689017384015,8039.964910999175,0.0
2009-10-22,8905.286761205081,8039.964910999175,0.0
2009-10-23,8803.472859879172,8039.964910999175,0.0
2009-10-26,8708.167360686408,8039.964910999175,0.0
2009-10-27,8668.256714207788,8039.964910999175,0.0
2009-10-28,8504.538718782218,8039.964910999175,0.0
2009-10-29,8686.993023378962,8039.964910999175,0.0
2009-10-30,8435.302076721591,8039.964910999175,0.0
2009-11-02,8497.204492316512,8039.964910999175,0.0
2009-11-03,8524.084906490913,8039.964910999175,0.0
2009-11-04,8546.077514859586,8039.964910999175,0.0
2009-11-05,8703.283751142531,8039.964910999175,0.0
2009-11-06,8726.088755805838,8039.964910999175,0.0
2009-11-09,8924.833788166152,8039.964910999175,0.0
2009-11-10,8926.4619377649,8039.964910999175,0.0
2009-11-11,8972.077821858105,8039.964910999175,0.0
2009-11-12,8880.85276769066,8039.964910999175,0.0
2009-11-13,8928.906679920137,8039.964910999175,0.0
2009-11-16,9058.416748724563,8039.964910999175,0.0
2009-11-17,9069.008952892507,8039.964910999175,0.0
2009-11-18,9063.306233035033,8039.964910999175,0.0
2009-11-19,8945.197407683703,8039.964910999175,0.0
2009-11-20,8913.433383965425,8039.964910999175,0.0
2009-11-23,9026.651885753914,8039.964910999175,0.0
2009-11-24,9040.497032109877,8039.964910999175,0.0
2009-11-25,9072.262734332897,8039.964910999175,0.0
2009-11-27,8924.833788166154,8039.964910999175,0.0
2009-11-30,8954.973019295167,8039.964910999175,0.0
2009-12-01,9065.749296685532,8039.964910999175,0.0
2009-12-02,9061.676404931546,8039.964910999175,0.0
2009-12-03,8990.813291776913,8039.964910999175,0.0
2009-12-04,9042.13021722285,8039.964910999175,0.0
2009-12-07,9028.282553109777,8039.964910999175,0.0
2009-12-08,8928.092605120763,8039.964910999175,0.0
2009-12-09,8961.488974699643,8039.964910999175,0.0
2009-12-10,9011.990986093837,8039.964910999175,0.0
2009-12-11,9050.273482973706,8039.964910999175,0.0
2009-12-14,9112.177577073368,8039.964910999175,0.0
2009-12-15,9069.820509934772,8039.964910999175,0.0
2009-12-16,9083.666495543104,8039.964910999175,0.0
2009-12-17,8974.523403265712,8039.964910999175,0.0
2009-12-18,9025.296493175572,8039.964910999175,0.0
2009-12-21,9117.012509979757,8039.964910999175,0.0
2009-12-22,9149.769369252323,8039.964910999175,0.0
2009-12-23,9167.788956899098,8039.964910999175,0.0
2009-12-24,9211.185018472359,8039.964910999175,0.0
2009-12-28,9230.842826746328,8039.964910999175,0.0
2009-12-29,9217.738740233508,8039.964910999175,0.0
2009-12-30,9214.46481673623,8039.964910999175,0.0
2009-12-31,9126.020205672216,8039.964910999175,0.0
2010-01-04,9280.795127837851,8039.964910999175,0.0
2010-01-05,9305.360883974445,8039.964910999175,0.0
2010-01-06,9311.913766483225,8039.964910999175,0.0
2010-01-07,9351.223508264573,8039.964910999175,0.0
2010-01-08,9382.343825414688,8039.964910999175,0.0
2010-01-11,9395.446233422765,8039.964910999175,0.0
2010-01-12,9307.820732672348,8039.964910999175,0.0
2010-01-13,9386.437698477932,8039.964910999175,0.0
2010-01-14,9411.824243432864,8039.964910999175,0.0
2010-01-15,9306.185029802264,8039.964910999175,0.0
2010-01-19,9422.47015975252,8039.964910999175,0.0
2010-01-20,9326.65691287561,8039.964910999175,0.0
2010-01-21,9147.313716816268,8039.964910999175,0.0
2010-01-22,8943.401407610852,8039.964910999175,0.0
2010-01-25,8989.263192648612,8039.964910999175,0.0
2010-01-26,8951.592510746828,8039.964910999175,0.0
2010-01-27,8994.177015277826,8039.964910999175,0.0
2010-01-28,8890.99513258802,8039.964910999175,0.0
2010-01-29,8794.3602576404,8039.964910999175,0.0
2010-02-01,8931.119788421112,8039.964910999175,0.0
2010-02-02,9039.215493740134,8039.964910999175,0.0
2010-02-03,8994.177015277826,8039.964910999175,0.0
2010-02-04,8716.564919905522,8039.964910999175,0.0
2010-02-05,8734.576954280965,8039.964910999175,0.0
2010-02-08,8671.523084433733,8039.964910999175,0.0
2010-02-09,8780.436221561611,8039.964910999175,0.0
2010-02-10,8763.239101237916,8039.964910999175,0.0
2010-02-11,8854.95931430395,8039.964910999175,0.0
2010-02-12,8847.590678491055,8039.964910999175,0.0
2010-02-16,8986.801665445966,8039.964910999175,0.0
2010-02-17,9029.392883995928,8039.964910999175,0.0
2010-02-18,9082.621626341843,8039.964910999175,0.0
2010-02-19,9101.456967292732,8039.964910999175,0.0
2010-02-22,9103.094348667557,8039.964910999175,0.0
2010-02-23,8992.540473155372,8039.964910999175,0.0
2010-02-24,9075.248794267094,8039.964910999175,0.0
2010-02-25,9062.966335824982,8039.964910999175,0.0
2010-02-26,9068.694233253571,8039.964910999175,0.0
2010-03-01,9162.873455765139,8039.964910999175,0.0
2010-03-02,9188.254125953476,8039.964910999175,0.0
2010-03-03,9196.447746846563,8039.964910999175,0.0
2010-03-04,9224.289944237546,8039.964910999175,0.0
2010-03-05,9356.138170146156,8039.964910999175,0.0
2010-03-08,9357.77723002572,8039.964910999175,0.0
2010-03-09,9373.33529046985,8039.964910999175,0.0
2010-03-10,9415.099006182509,8039.964910999175,0.0
2010-03-11,9454.407908711486,8039.964910999175,0.0
2010-03-12,9455.224501267972,8039.964910999175,0.0
2010-03-15,9457.683510713507,8039.964910999175,0.0
2010-03-16,9533.026553021811,8039.964910999175,0.0
2010-03-17,9589.530897369745,8039.964910999175,0.0
2010-03-18,9584.613717731048,8039.964910999175,0.0
2010-03-19,9536.097377445432,8039.964910999175,0.0
2010-03-22,9587.080280447915,8039.964910999175,0.0
2010-03-23,9654.509172902508,8039.964910999175,0.0
2010-03-24,9607.638606515422,8039.964910999175,0.0
2010-03-25,9592.016762891133,8039.964910999175,0.0
2010-03-26,9586.255295367724,8039.964910999175,0.0
2010-03-29,9647.106966994794,8039.964910999175,0.0
2010-03-30,9653.687544831799,8039.964910999175,0.0
2010-03-31,9620.796405179954,8039.964910999175,0.0
2010-04-01,9686.579523736016,8039.964910999175,0.0
2010-04-05,9765.522119461351,8039.964910999175,0.0
2010-04-06,9788.543651236243,8039.964910999175,0.0
2010-04-07,9732.629301304763,8039.964910999175,0.0
2010-04-08,9766.337033513095,8039.964910999175,0.0
2010-04-09,9830.481931441964,8039.964910999175,0.0
2010-04-12,9846.10293581388,8039.964910999175,0.0
2010-04-13,9853.502623964485,8039.964910999175,0.0
2010-04-14,9965.334680836924,8039.964910999175,0.0
2010-04-15,9973.56019332009,8039.964910999175,0.0
2010-04-16,9814.855891555822,8039.964910999175,0.0
2010-04-19,9851.861046327807,8039.964910999175,0.0
2010-04-20,9939.841550830943,8039.964910999175,0.0
2010-04-21,9921.754822994526,8039.964910999175,0.0
2010-04-22,9951.356093354052,8039.964910999175,0.0
2010-04-23,10016.318423091776,8039.964910999175,0.0
2010-04-26,9978.493318753824,8039.964910999175,0.0
2010-04-27,9742.497230676976,8039.964910999175,0.0
2010-04-28,9816.504183211464,8039.964910999175,0.0
2010-04-29,9938.199133941891,8039.964910999175,0.0
2010-04-30,9769.628581310153,8039.964910999175,0.0
2010-05-03,9896.264210745656,8039.964910999175,0.0
2010-05-04,9663.5529564469,8039.964910999175,0.0
2010-05-05,9605.995350374002,8039.964910999175,0.0
2010-05-06,9286.947686965901,8039.964910999175,0.0
2010-05-07,9148.799193512028,8039.964910999175,0.0
2010-05-10,9551.726774341052,8039.964910999175,0.0
2010-05-11,9524.592066698391,8039.964910999175,0.0
2010-05-12,9657.797363690084,8039.964910999175,0.0
2010-05-13,9537.746508353443,8039.964910999175,0.0
2010-05-14,9365.065297611045,8039.964910999175,0.0
2010-05-17,9369.99758379241,8039.964910999175,0.0
2010-05-18,9242.543683295682,8039.964910999175,0.0
2010-05-19,9189.91752415178,8039.964910999175,0.0
2010-05-20,8842.908489516087,8039.964910999175,0.0
2010-05-21,8972.009842416086,8039.964910999175,0.0
2010-05-24,8856.886237746587,8039.964910999175,0.0
2010-05-25,8865.93337830046,8039.964910999175,0.0
2010-05-26,8812.483912581109,8039.964910999175,0.0
2010-05-27,9107.685898386497,8039.964910999175,0.0
2010-05-28,8993.388118049561,8039.964910999175,0.0
2010-06-01,8842.085182940638,8039.964910999175,0.0
2010-06-02,9072.330713774896,8039.964910999175,0.0
2010-06-03,9103.57524027584,8039.964910999175,0.0
2010-06-04,8783.700913282808,8039.964910999175,0.0
2010-06-07,8674.338776136718,8039.964910999175,0.0
2010-06-08,8767.25828084018,8039.964910999175,0.0
2010-06-09,8720.387714453094,8039.964910999175,0.0
2010-06-10,8975.301390213144,8039.964910999175,0.0
2010-06-11,9018.87789104606,8039.964910999175,0.0
2010-06-14,9004.901821320302,8039.964910999175,0.0
2010-06-15,9209.654222148576,8039.964910999175,0.0
2010-06-16,9206.360156594405,8039.964910999175,0.0
2010-06-17,9221.162889905096,8039.964910999175,0.0
2010-06-18,9231.160064142365,8039.964910999175,0.0
2010-06-21,9204.7194182101,8039.964910999175,0.0
2010-06-22,9052.700600829148,8039.964910999175,0.0
2010-06-23,9024.612502493614,8039.964910999175,0.0
2010-06-24,8875.065283343754,8039.964910999175,0.0
2010-06-25,8912.245002608803,8039.964910999175,0.0
2010-06-28,8884.154386516155,8039.964910999175,0.0
2010-06-29,8609.853980997803,8039.964910999175,0.0
2010-06-30,8528.06883749362,8039.964910999175,0.0
2010-07-01,8490.056579877048,8039.964910999175,0.0
2010-07-02,8443.788596691973,8039.964910999175,0.0
2010-07-06,8499.144843797076,8039.964910999175,0.0
2010-07-07,8766.837815402567,8039.964910999175,0.0
2010-07-08,8853.587136678192,8039.964910999175,0.0
2010-07-09,8919.682457116076,8039.964910999175,0.0
2010-07-12,8925.464066696375,8039.964910999175,0.0
2010-07-13,9060.135537579312,8039.964910999175,0.0
2010-07-14,9059.312231003862,8039.964910999175,0.0
2010-07-15,9061.787186244434,8039.964910999175,0.0
2010-07-16,8812.274938740853,8039.964910999175,0.0
2010-07-19,8864.326210010971,8039.964910999175,0.0
2010-07-20,8962.642946709051,8039.964910999175,0.0
2010-07-21,8846.149682170913,8039.964910999175,0.0
2010-07-22,9043.61401541386,8039.964910999175,0.0
2010-07-23,9122.100057849648,8039.964910999175,0.0
2010-07-26,9217.116014974592,8039.964910999175,0.0
2010-07-27,9216.286833632548,8039.964910999175,0.0
2010-07-28,9156.804821874119,8039.964910999175,0.0
2010-07-29,9112.189326606538,8039.964910999175,0.0
2010-07-30,9110.534320931933,8039.964910999175,0.0
2010-08-02,9316.259415257606,8039.964910999175,0.0
2010-08-03,9271.645598494764,8039.964910999175,0.0
2010-08-04,9333.61095801747,8039.964910999175,0.0
2010-08-05,9323.69519126014,8039.964910999175,0.0
2010-08-06,9285.691326167273,8039.964910999175,0.0
2010-08-09,9335.258410420742,8039.964910999175,0.0
2010-08-10,9284.86466258234,8039.964910999175,0.0
2010-08-11,9030.39411207391,8039.964910999175,0.0
2010-08-12,8975.039543473547,8039.964910999175,0.0
2010-08-13,8948.598058288911,8039.964910999175,0.0
2010-08-16,8944.466418868993,8039.964910999175,0.0
2010-08-17,9054.35476725138,8039.964910999175,0.0
2010-08-18,9070.879646426314,8039.964910999175,0.0
2010-08-19,8913.075023203211,8039.964910999175,0.0
2010-08-20,8884.15438651615,8039.964910999175,0.0
2010-08-23,8850.282160843202,8039.964910999175,0.0
2010-08-24,8718.914826542881,8039.964910999175,0.0
2010-08-25,8752.789569972942,8039.964910999175,0.0
2010-08-26,8694.129186285221,8039.964910999175,0.0
2010-08-27,8828.800657168156,8039.964910999175,0.0
2010-08-30,8700.737459450454,8039.964910999175,0.0
2010-08-31,8700.737459450454,8039.964910999175,0.0
2010-09-01,8960.992137296296,8039.964910999175,0.0
2010-09-02,9044.439839746417,8039.964910999175,0.0
2010-09-03,9161.757250112376,8039.964910999175,0.0
2010-09-07,9058.483049661816,8039.964910999175,0.0
2010-09-08,9122.100057849644,8039.964910999175,0.0
2010-09-09,9164.235562362432,8039.964910999175,0.0
2010-09-10,9210.506063304618,8039.964910999175,0.0
2010-09-13,9312.954439422618,8039.964910999175,0.0
2010-09-14,9307.174508347058,8039.964910999175,0.0
2010-09-15,9342.697543432758,8039.964910999175,0.0
2010-09-16,9340.218391930333,8039.964910999175,0.0
2010-09-17,9343.709681791568,8039.964910999175,0.0
2010-09-20,9486.57141655811,8039.964910999175,0.0
2010-09-21,9467.470871858144,8039.964910999175,0.0
2010-09-22,9420.957826980886,8039.964910999175,0.0
2010-09-23,9344.538023881243,8039.964910999175,0.0
2010-09-24,9537.243796183513,8039.964910999175,0.0
2010-09-27,9491.56245040541,8039.964910999175,0.0
2010-09-28,9524.78341623886,8039.964910999175,0.0
2010-09-29,9508.172094069765,8039.964910999175,0.0
2010-09-30,9479.929573298059,8039.964910999175,0.0
2010-10-01,9519.800774915266,8039.964910999175,0.0
2010-10-04,9448.366970148698,8039.964910999175,0.0
2010-10-05,9638.582680667727,8039.964910999175,0.0
2010-10-06,9637.74930306383,8039.964910999175,0.0
2010-10-07,9626.122300723073,8039.964910999175,0.0
2010-10-08,9680.111405716649,8039.964910999175,0.0
2010-10-11,9689.249185526538,8039.964910999175,0.0
2010-10-12,9719.15006898233,8039.964910999175,0.0
2010-10-13,9794.737333730447,8039.964910999175,0.0
2010-10-14,9756.532887321035,8039.964910999175,0.0
2010-10-15,9776.462613363045,8039.964910999175,0.0
2010-10-18,9824.640734943352,8039.964910999175,0.0
2010-10-19,9695.891868038958,8039.964910999175,0.0
2010-10-20,9790.583873748896,8039.964910999175,0.0
2010-10-21,9812.178676493955,8039.964910999175,0.0
2010-10-22,9830.45423611373,8039.964910999175,0.0
2010-10-25,9859.524259722739,8039.964910999175,0.0
2010-10-26,9861.18933642579,8039.964910999175,0.0
2010-10-27,9832.945976401712,8039.964910999175,0.0
2010-10-28,9834.608535347652,8039.964910999175,0.0
2010-10-29,9842.082916959229,8039.964910999175,0.0
2010-11-01,9845.402999336886,8039.964910999175,0.0
2010-11-02,9923.48620063484,8039.964910999175,0.0
2010-11-03,9963.354045242562,8039.964910999175,0.0
2010-11-04,10155.228957698047,8039.964910999175,0.0
2010-11-05,10193.438439621686,8039.964910999175,0.0
2010-11-08,10174.33453791224,8039.964910999175,0.0
2010-11-09,10101.239013452103,8039.964910999175,0.0
2010-11-10,10141.940235663724,8039.964910999175,0.0
2010-11-11,10103.730753740085,8039.964910999175,0.0
2010-11-12,9984.121345150324,8039.964910999175,0.0
2010-11-15,9970.00176326921,8039.964910999175,0.0
2010-11-16,9814.67125603431,8039.964910999175,0.0
2010-11-17,9819.658093619757,8039.964910999175,0.0
2010-11-18,9964.184065836977,8039.964910999175,0.0
2010-11-19,9991.60076227612,8039.964910999175,0.0
2010-11-22,9983.288806798797,8039.964910999175,0.0
2010-11-23,9838.762834581574,8039.964910999175,0.0
2010-11-24,9984.121345150323,8039.964910999175,0.0
2010-11-26,9867.835375947694,8039.964910999175,0.0
2010-11-29,9897.735420151117,8039.964910999175,0.0
2010-11-30,9842.08291695923,8039.964910999175,0.0
2010-12-01,10051.403368440077,8039.964910999175,0.0
2010-12-02,10180.146360577877,8039.964910999175,0.0
2010-12-03,10207.556342998056,8039.964910999175,0.0
2010-12-06,10196.761039756455,8039.964910999175,0.0
2010-12-07,10202.577897936319,8039.964910999175,0.0
2010-12-08,10239.953163003687,8039.964910999175,0.0
2010-12-09,10279.822686116153,8039.964910999175,0.0
2010-12-10,10339.630327794333,8039.964910999175,0.0
2010-12-13,10346.273849559124,8039.964910999175,0.0
2010-12-14,10355.406593854792,8039.964910999175,0.0
2010-12-15,10308.063528383118,8039.964910999175,0.0
2010-12-16,10367.871170061298,8039.964910999175,0.0
2010-12-17,10378.973639670501,8039.964910999175,0.0
2010-12-20,10404.022805172497,8039.964910999175,0.0
2010-12-21,10469.988880745326,8039.964910999175,0.0
2010-12-22,10502.555229729793,8039.964910999175,0.0
2010-12-23,10487.526737531443,8039.964910999175,0.0
2010-12-27,10491.700339569885,8039.964910999175,0.0
2010-12-28,10506.72883176824,8039.964910999175,0.0
2010-12-29,10514.242658241228,8039.964910999175,0.0
2010-12-30,10497.547410835085,8039.964910999175,0.0
2010-12-31,10500.050061403883,8039.964910999175,0.0
2011-01-03,10608.60064150771,8039.964910999175,0.0
2011-01-04,10602.756927251996,8039.964910999175,0.0
2011-01-05,10657.864755655432,8039.964910999175,0.0
2011-01-06,10636.988352939507,8039.964910999175,0.0
2011-01-07,10616.112789475957,8039.964910999175,0.0
2011-01-10,10602.756927251992,8039.964910999175,0.0
2011-01-11,10640.327738121687,8039.964910999175,0.0
2011-01-12,10736.35247659596,8039.964910999175,0.0
2011-01-13,10718.817976819328,8039.964910999175,0.0
2011-01-14,10796.474837913074,8039.964910999175,0.0
2011-01-18,10814.846911555456,8039.964910999175,0.0
2011-01-19,10708.798142768057,8039.964910999175,0.0
2011-01-20,10694.603028173602,8039.964910999175,0.0
2011-01-21,10718.817976819328,8039.964910999175,0.0
2011-01-24,10779.772876487965,8039.964910999175,0.0
2011-01-25,10785.619108500798,8039.964910999175,0.0
2011-01-26,10827.366039166047,8039.964910999175,0.0
2011-01-27,10854.085316885315,8039.964910999175,0.0
2011-01-28,10664.541847515047,8039.964910999175,0.0
2011-01-31,10744.699680672851,8039.964910999175,0.0
2011-02-01,10916.712846528339,8039.964910999175,0.0
2011-02-02,10895.83728306479,8039.964910999175,0.0
2011-02-03,10920.051392458141,8039.964910999175,0.0
2011-02-04,10950.948468477705,8039.964910999175,0.0
2011-02-07,11019.417194619336,8039.964910999175,0.0
2011-02-08,11069.515525623323,8039.964910999175,0.0
2011-02-09,11044.465520868958,8039.964910999175,0.0
2011-02-10,11048.640801412143,8039.964910999175,0.0
2011-02-11,11114.606037732601,8039.964910999175,0.0
2011-02-14,11141.321958442388,8039.964910999175,0.0
2011-02-15,11106.255476646233,8039.964910999175,0.0
2011-02-16,11176.395993509876,8039.964910999175,0.0
2011-02-17,11209.793202341125,8039.964910999175,0.0
2011-02-18,11233.173094878215,8039.964910999175,0.0
2011-02-22,11007.726409098415,8039.964910999175,0.0
2011-02-23,10940.091899813051,8039.964910999175,0.0
2011-02-24,10932.573877078208,8039.964910999175,0.0
2011-02-25,11049.475857520774,8039.964910999175,0.0
2011-02-28,11117.948779924256,8039.964910999175,0.0
2011-03-01,10932.573877078208,8039.964910999175,0.0
2011-03-02,10955.956287372412,8039.964910999175,0.0
2011-03-03,11144.666379138782,8039.964910999175,0.0
2011-03-04,11061.16748229406,8039.964910999175,0.0
2011-03-07,10974.324164752938,8039.964910999175,0.0
2011-03-08,11070.350581731953,8039.964910999175,0.0
2011-03-09,11054.482837163114,8039.964910999175,0.0
2011-03-10,10849.910875594494,8039.964910999175,0.0
2011-03-11,10925.056693595738,8039.964910999175,0.0
2011-03-14,10859.096492789502,8039.964910999175,0.0
2011-03-15,10734.683203631059,8039.964910999175,0.0
2011-03-16,10535.954956318154,8039.964910999175,0.0
2011-03-17,10675.400094684435,8039.964910999175,0.0
2011-03-18,10714.22390934327,8039.964910999175,0.0
2011-03-21,10880.2750263588,8039.964910999175,0.0
2011-03-22,10842.534686510267,8039.964910999175,0.0
2011-03-23,10873.562685899627,8039.964910999175,0.0
2011-03-24,10977.551929369843,8039.964910999175,0.0
2011-03-25,11011.097685870674,8039.964910999175,0.0
2011-03-28,10984.259234314795,8039.964910999175,0.0
2011-03-29,11058.062248523254,8039.964910999175,0.0
2011-03-30,11134.375466571846,8039.964910999175,0.0
2011-03-31,11119.278155679116,8039.964910999175,0.0
2011-04-01,11166.243557584068,8039.964910999175,0.0
2011-04-04,11175.469458892858,8039.964910999175,0.0
2011-04-05,11173.795150413733,8039.964910999175,0.0
2011-04-06,11209.013536888942,8039.964910999175,0.0
2011-04-07,11180.499937601571,8039.964910999175,0.0
2011-04-08,11141.92286313966,8039.964910999175,0.0
2011-04-11,11108.3779458912,8039.964910999175,0.0
2011-04-12,11025.354905140548,8039.964910999175,0.0
2011-04-13,11024.519849031913,8039.964910999175,0.0
2011-04-14,11032.903140960729,8039.964910999175,0.0
2011-04-15,11073.15620240651,8039.964910999175,0.0
2011-04-18,10949.041687091956,8039.964910999175,0.0
2011-04-19,11011.937777493533,8039.964910999175,0.0
2011-04-20,11162.050652741102,8039.964910999175,0.0
2011-04-21,11219.076172811108,8039.964910999175,0.0
2011-04-25,11207.333353643224,8039.964910999175,0.0
2011-04-26,11303.776879050369,8039.964910999175,0.0
2011-04-27,11377.576536249348,8039.964910999175,0.0
2011-04-28,11414.471748960797,8039.964910999175,0.0
2011-04-29,11441.311879021416,8039.964910999175,0.0
2011-05-02,11423.697650269587,8039.964910999175,0.0
2011-05-03,11382.606175705689,8039.964910999175,0.0
2011-05-04,11307.133049279955,8039.964910999175,0.0
2011-05-05,11204.820632045976,8039.964910999175,0.0
2011-05-06,11254.298755548169,8039.964910999175,0.0
2011-05-09,11297.903790961684,8039.964910999175,0.0
2011-05-10,11394.34983412594,8039.964910999175,0.0
2011-05-11,11274.424027392502,8039.964910999175,0.0
2011-05-12,11328.098412747146,8039.964910999175,0.0
2011-05-13,11240.878270891677,8039.964910999175,0.0
2011-05-16,11169.598888561279,8039.964910999175,0.0
2011-05-17,11167.9203838203,8039.964910999175,0.0
2011-05-18,11267.715883195182,8039.964910999175,0.0
2011-05-19,11294.550138489203,8039.964910999175,0.0
2011-05-20,11204.82063204597,8039.964910999175,0.0
2011-05-23,11074.833867895106,8039.964910999175,0.0
2011-05-24,11065.607966586318,8039.964910999175,0.0
2011-05-25,11102.509054064361,8039.964910999175,0.0
2011-05-26,11153.661486045685,8039.964910999175,0.0
2011-05-27,11196.433143855302,8039.964910999175,0.0
2011-05-31,11312.998584097302,8039.964910999175,0.0
2011-06-01,11058.900661641368,8039.964910999175,0.0
2011-06-02,11047.15784247348,8039.964910999175,0.0
2011-06-03,10937.301385681172,8039.964910999175,0.0
2011-06-06,10821.569323043068,8039.964910999175,0.0
2011-06-07,10814.86453585523,8039.964910999175,0.0
2011-06-08,10769.575120934145,8039.964910999175,0.0
2011-06-09,10851.758070061938,8039.964910999175,0.0
2011-06-10,10700.805103191511,8039.964910999175,0.0
2011-06-13,10709.197626896404,8039.964910999175,0.0
2011-06-14,10845.052443621733,8039.964910999175,0.0
2011-06-15,10652.163714302693,8039.964910999175,0.0
2011-06-16,10675.650191890838,8039.964910999175,0.0
2011-06-17,10707.509890379351,8039.964910999175,0.0
2011-06-20,10762.287892601187,8039.964910999175,0.0
2011-06-21,10909.772229424383,8039.964910999175,0.0
2011-06-22,10844.03778750581,8039.964910999175,0.0
2011-06-23,10812.855365680281,8039.964910999175,0.0
2011-06-24,10687.276354979225,8039.964910999175,0.0
2011-06-27,10782.51387472998,8039.964910999175,0.0
2011-06-28,10923.258175765774,8039.964910999175,0.0
2011-06-29,11016.808798251845,8039.964910999175,0.0
2011-06-30,11122.150916543293,8039.964910999175,0.0
2011-07-01,11286.494154984879,8039.964910999175,0.0
2011-07-05,11277.229648067048,8039.964910999175,0.0
2011-07-06,11290.710558894214,8039.964910999175,0.0
2011-07-07,11407.859279533704,8039.964910999175,0.0
2011-07-08,11326.950315504313,8039.964910999175,0.0
2011-07-11,11122.150916543293,8039.964910999175,0.0
2011-07-12,11074.113789361225,8039.964910999175,0.0
2011-07-13,11111.198673108405,8039.964910999175,0.0
2011-07-14,11034.502755978869,8039.964910999175,0.0
2011-07-15,11098.558693156463,8039.964910999175,0.0
2011-07-18,11007.538416567417,8039.964910999175,0.0
2011-07-19,11186.206853720883,8039.964910999175,0.0
2011-07-20,11179.464300176376,8039.964910999175,0.0
2011-07-21,11334.533799924053,8039.964910999175,0.0
2011-07-22,11342.118962848535,8039.964910999175,0.0
2011-07-25,11278.913188322244,8039.964910999175,0.0
2011-07-26,11236.770969790492,8039.964910999175,0.0
2011-07-27,11006.693289430335,8039.964910999175,0.0
2011-07-28,10974.667418972462,8039.964910999175,0.0
2011-07-29,10899.65839910761,8039.964910999175,0.0
2011-08-01,10853.309847694969,8039.964910999175,0.0
2011-08-02,10576.034292523233,8039.964910999175,0.0
2011-08-03,10633.342640642097,8039.964910999175,0.0
2011-08-04,10135.262304551736,8039.964910999175,0.0
2011-08-05,10120.0911394504,8027.930132676868,1.0
2011-08-08,9461.03884169071,7505.125967448543,1.0
2011-08-09,9900.964863272755,7854.104580006666,1.0
2011-08-10,9463.566669830625,7507.131209043208,1.0
2011-08-11,9888.327401077928,7844.079703535055,1.0
2011-08-12,9954.903613124101,7896.8923878716105,1.0
2011-08-15,10165.601277744921,8064.03180464034,1.0
2011-08-16,10078.791530298624,7995.168532785254,1.0
2011-08-17,10085.536601600244,8000.519172458671,1.0
2011-08-18,9650.660361531434,7655.546382833851,1.0
2011-08-19,9493.064712148582,7530.531020321208,1.0
2011-08-22,9500.648196568323,7536.546745105207,1.0
2011-08-23,9813.317541960705,7784.576888791854,1.0
2011-08-24,9951.534854108957,7894.2200639137745,1.0
2011-08-25,9799.833274124052,7773.880269701048,1.0
2011-08-26,9942.26279391979,7886.864848396552,1.0
2011-08-29,10227.96612139598,8113.503751154173,1.0
2011-08-30,10254.933817816913,8134.896323584922,1.0
2011-08-31,10300.444795363808,8170.998661299259,1.0
2011-09-01,10192.570652670594,8085.425708572811,1.0
2011-09-02,9932.149802855394,7878.842550516164,1.0
2011-09-06,9859.671128887569,7821.347640371079,1.0
2011-09-07,10137.788454186906,8041.968821092116,1.0
2011-09-08,10032.440461128866,7958.399778458613,1.0
2011-09-09,9769.493461678494,7749.812710309021,1.0
2011-09-12,9832.702593214266,7799.954402189467,1.0
2011-09-13,9922.87942117097,7871.488666500664,1.0
2011-09-14,10060.254963191624,7980.464093508559,1.0
2011-09-15,10233.86354780341,8118.181982457534,1.0
2011-09-16,10294.436587643477,8166.232550882189,1.0
2011-09-19,10191.931142364283,8084.918406416393,1.0
2011-09-20,10180.0716671169,8075.51068099334,1.0
2011-09-21,9880.181617569957,7837.617925673888,1.0
2011-09-22,9560.81252050396,7584.27309286034,1.0
2011-09-23,9618.417124709604,7629.968900488069,1.0
2011-09-26,9847.144448005645,7811.410643013181,1.0
2011-09-27,9957.274501070737,7898.773134055188,1.0
2011-09-28,9753.96225731022,7737.492324867157,1.0
2011-09-29,9831.049266044403,7798.642872992426,1.0
2011-09-30,9585.379115892923,7603.760952076503,1.0
2011-10-03,9312.601953427009,7387.375944086828,1.0
2011-10-04,9516.760163576975,7549.327830143193,1.0
2011-10-05,9692.963716518316,7689.104220755751,1.0
2011-10-06,9868.322981574944,7828.210866001698,1.0
2011-10-07,9802.24864244632,7775.796300680285,1.0
2011-10-10,10130.09250994952,8035.863885692685,1.0
2011-10-11,10140.252499146662,8043.923465621314,1.0
2011-10-12,10229.206536399564,8114.48773092739,1.0
2011-10-13,10208.873969219723,8098.358584807211,1.0
2011-10-14,10383.387267886894,8236.79415318482,1.0
2011-10-17,10185.154179472582,8079.542468210245,1.0
2011-10-18,10384.234073528718,8237.465895804016,1.0
2011-10-19,10261.39773957442,8140.023936719763,1.0
2011-10-20,10306.297741395598,8175.641607806968,1.0
2011-10-21,10501.985377370216,8330.874070418788,1.0
2011-10-24,10630.749350817277,8433.018227837414,1.0
2011-10-25,10424.049045237096,8269.049782421738,1.0
2011-10-26,10529.939195326471,8353.048900111733,1.0
2011-10-27,10896.74871113912,8644.026631870074,1.0
2011-10-28,10894.21081197076,8642.01340126507,1.0
2011-10-31,10631.597834963839,8433.691301958333,1.0
2011-11-01,10335.097525741307,8198.487514368248,1.0
2011-11-02,10503.679827906231,8332.21822140804,1.0
2011-11-03,10695.13259641936,8484.091305173019,1.0
2011-11-04,10629.902545175451,8432.346485218219,1.0
2011-11-07,10695.981080565924,8484.764379293936,1.0
2011-11-08,10833.215628188334,8593.627960157108,1.0
2011-11-09,10433.365585801896,8276.440282734615,1.0
2011-11-10,10531.633645862488,8354.393051100986,1.0
2011-11-11,10729.86421651969,8511.642738822979,1.0
2011-11-14,10628.208933891803,8431.002999979824,1.0
2011-11-15,10680.732704246506,8472.668351892376,1.0
2011-11-16,10511.306114196868,8338.267899485973,1.0
2011-11-17,10344.415744810847,8205.879346182846,1.0
2011-11-18,10333.404753710027,8197.144694880713,1.0
2011-11-21,10136.868633588843,8041.239158147975,1.0
2011-11-22,10097.05114412335,8009.653274277671,1.0
2011-11-23,9874.253978077184,7832.915727339515,1.0
2011-11-25,9855.615861433358,7818.130732208587,1.0
2011-11-28,10141.10266179796,8044.597871243954,1.0
2011-11-29,10169.904963900784,8067.44577505782,1.0
2011-11-30,10588.391444426308,8399.417116109518,1.0
2011-12-01,10586.701190152142,8398.076293874572,1.0
2011-12-02,10577.378774820745,8390.681133305661,1.0
2011-12-05,10692.589661736776,8482.074080062843,1.0
2011-12-06,10695.981080565924,8484.764379293936,1.0
2011-12-07,10735.79689152668,8516.348931662518,1.0
2011-12-08,10500.288409077084,8329.527922176947,1.0
2011-12-09,10678.188930311551,8470.650461031342,1.0
2011-12-12,10522.315426792946,8347.001219286381,1.0
2011-12-13,10424.049045237094,8269.049782421735,1.0
2011-12-14,10313.073865034921,8181.016880262254,1.0
2011-12-15,10350.344223555981,8210.58221026808,1.0
2011-12-16,10365.690792402751,8222.756130520429,1.0
2011-12-19,10254.864999122527,8134.841732014285,1.0
2011-12-20,10565.1827593728,8381.00644178717,1.0
2011-12-21,10585.640375155846,8397.234784785707,1.0
2011-12-22,10679.415078024838,8471.623123039912,1.0
2011-12-23,10774.896820215405,8547.36559854629,1.0
2011-12-27,10783.422785047207,8554.12896154769,1.0
2011-12-28,10641.90637183056,8441.868719789436,1.0
2011-12-29,10751.879484702367,8529.106715420352,1.0
2011-12-30,10699.025048913692,8487.17905766839,1.0
2012-01-03,10869.525881997557,8622.431671177443,1.0
2012-01-04,10886.574454651678,8635.955734176798,1.0
2012-01-05,10915.561392276008,8658.95010318018,1.0
2012-01-06,10887.430492069576,8636.63480005547,1.0
2012-01-09,10913.858549216284,8657.599294682312,1.0
2012-01-10,11008.482575484213,8732.661372808298,1.0
2012-01-11,11014.452177595504,8737.396858685743,1.0
2012-01-12,11040.87939548984,8758.360687561722,1.0
2012-01-13,10983.76155765908,8713.05101543363,1.0
2012-01-17,11026.388024808602,8746.865167437187,1.0
2012-01-18,11148.29866339825,8843.572803321269,1.0
2012-01-19,11207.120183541103,8890.233949698093,1.0
2012-01-20,11248.892291777465,8923.370367324698,1.0
2012-01-23,11219.907871910247,8923.370367324698,0.0
2012-01-24,11207.120183541103,8923.370367324698,0.0
2012-01-25,11300.900761176688,8923.370367324698,0.0
2012-01-26,11242.92940368514,8923.370367324698,0.0
2012-01-27,11237.810803477529,8923.370367324698,0.0
2012-01-30,11199.44773837009,8923.370367324698,0.0
2012-01-31,11195.188532589855,8923.370367324698,0.0
2012-02-01,11293.221601986712,8923.370367324698,0.0
2012-02-02,11311.126212058729,8923.370367324698,0.0
2012-02-03,11469.693715686606,8923.370367324698,0.0
2012-02-06,11462.022949020336,8923.370367324698,0.0
2012-02-07,11491.006529635184,8923.370367324698,0.0
2012-02-08,11525.105353448167,8923.370367324698,0.0
2012-02-09,11539.602598895997,8923.370367324698,0.0
2012-02-10,11454.351343101696,8923.370367324698,0.0
2012-02-13,11539.602598896,8923.370367324698,0.0
2012-02-14,11525.105353448169,8923.370367324698,0.0
2012-02-15,11471.398237251075,8923.370367324698,0.0
2012-02-16,11598.42327978648,8923.370367324698,0.0
2012-02-17,11629.113899722905,8923.370367324698,0.0
2012-02-21,11634.229142921038,8923.370367324698,0.0
2012-02-22,11596.72043672676,8923.370367324698,0.0
2012-02-23,11647.872029455713,8923.370367324698,0.0
2012-02-24,11673.444049184523,8923.370367324698,0.0
2012-02-27,11693.052341568633,8923.370367324698,0.0
2012-02-28,11727.153683138722,8923.370367324698,0.0
2012-02-29,11681.118172860277,8923.370367324698,0.0
2012-03-01,11741.64421456759,8923.370367324698,0.0
2012-03-02,11705.839190685405,8923.370367324698,0.0
2012-03-05,11658.099158842495,8923.370367324698,0.0
2012-03-06,11487.598325758629,8923.370367324698,0.0
2012-03-07,11567.73517760717,8923.370367324698,0.0
2012-03-08,11682.819337415258,8923.370367324698,0.0
2012-03-09,11728.0046850424,8923.370367324698,0.0
2012-03-12,11728.857365450818,8923.370367324698,0.0
2012-03-13,11940.28014411974,8923.370367324698,0.0
2012-03-14,11927.497491264818,8923.370367324698,0.0
2012-03-15,11996.546980046824,8923.370367324698,0.0
2012-03-16,12013.159141468288,8923.370367324698,0.0
2012-03-19,12060.254627490667,8923.370367324698,0.0
2012-03-20,12025.14786158073,8923.370367324698,0.0
2012-03-21,12005.450608445344,8923.370367324698,0.0
2012-03-22,11918.972365685388,8923.370367324698,0.0
2012-03-23,11957.503281266921,8923.370367324698,0.0
2012-03-26,12125.324381531815,8923.370367324698,0.0
2012-03-27,12087.65118187292,8923.370367324698,0.0
2012-03-28,12027.711777572575,8923.370367324698,0.0
2012-03-29,12007.163522533516,8923.370367324698,0.0
2012-03-30,12056.828799314331,8923.370367324698,0.0
2012-04-02,12145.025830929051,8923.370367324698,0.0
2012-04-03,12095.360554148236,8923.370367324698,0.0
2012-04-04,11975.483424052285,8923.370367324698,0.0
2012-04-05,11969.49032287462,8923.370367324698,0.0
2012-04-09,11835.058038917274,8923.370367324698,0.0
2012-04-10,11636.41035983194,8923.370367324698,0.0
2012-04-11,11730.596296362475,8923.370367324698,0.0
2012-04-12,11883.866439027826,8923.370367324698,0.0
2012-04-13,11742.584177222543,8923.370367324698,0.0
2012-04-16,11734.879840461454,8923.370367324698,0.0
2012-04-17,11908.694881156378,8923.370367324698,0.0
2012-04-18,11868.452729991417,8923.370367324698,0.0
2012-04-19,11792.246096993878,8923.370367324698,0.0
2012-04-20,11811.942510876894,8923.370367324698,0.0
2012-04-23,11712.614475072376,8923.370367324698,0.0
2012-04-24,11757.139331083943,8923.370367324698,0.0
2012-04-25,11918.113810510387,8923.370367324698,0.0
2012-04-26,12001.167903598749,8923.370367324698,0.0
2012-04-27,12020.86179972465,8923.370367324698,0.0
2012-04-30,11976.339461470192,8923.370367324698,0.0
2012-05-01,12050.834858884306,8923.370367324698,0.0
2012-05-02,12014.868698546985,8923.370367324698,0.0
2012-05-03,11923.255909784373,8923.370367324698,0.0
2012-05-04,11730.596296362479,8923.370367324698,0.0
2012-05-07,11739.161706055693,8923.370367324698,0.0
2012-05-08,11692.065380780945,8923.370367324698,0.0
2012-05-09,11622.70956488371,8923.370367324698,0.0
2012-05-10,11646.686165856217,8923.370367324698,0.0
2012-05-11,11611.571846674944,8923.370367324698,0.0
2012-05-14,11483.143574176078,8923.370367324698,0.0
2012-05-15,11417.207711688585,8923.370367324698,0.0
2012-05-16,11373.54560711388,8923.370367324698,0.0
2012-05-17,11204.860916159754,8923.370367324698,0.0
2012-05-18,11108.962065541053,8846.998070669302,1.0
2012-05-21,11299.904568612927,8999.061597965481,1.0
2012-05-22,11319.596786234088,9014.744162211697,1.0
2012-05-23,11325.592405168863,9019.518976351443,1.0
2012-05-24,11347.855252800833,9037.248748843745,1.0
2012-05-25,11311.032215793246,9007.923476559952,1.0
2012-05-29,11448.035969013772,9117.031054141496,1.0
2012-05-30,11281.922747322826,8984.741165748497,1.0
2012-05-31,11257.090108932418,8964.964853377152,1.0
2012-06-01,10973.67877968003,8739.26064552148,1.0
2012-06-04,10968.535001901302,8735.164223928185,1.0
2012-06-05,11051.590773494408,8801.308499757644,1.0
2012-06-06,11299.904568612928,8999.061597965485,1.0
2012-06-07,11306.75286795612,9004.51547301872,1.0
2012-06-08,11396.66197440664,9076.117634103659,1.0
2012-06-11,11251.953884425022,8960.874447087224,1.0
2012-06-12,11381.24658686549,9063.841068297552,1.0
2012-06-13,11308.471656810882,9005.884288718355,1.0
2012-06-14,11428.338715878386,9101.344479693033,1.0
2012-06-15,11545.223072021172,9194.429294204576,1.0
2012-06-18,11567.598379470784,9212.248627880348,1.0
2012-06-19,11679.488344756788,9301.355990131866,1.0
2012-06-20,11660.553132773808,9286.276292956487,1.0
2012-06-21,11398.911170759544,9077.908857773102,1.0
2012-06-22,11486.695290207985,9147.81871351064,1.0
2012-06-25,11302.512125728033,9001.138214361366,1.0
2012-06-26,11359.31608317223,9046.375969153421,1.0
2012-06-27,11461.738442466742,9127.943482817247,1.0
2012-06-28,11429.026063569814,9101.89187229948,1.0
2012-06-29,11713.91783400374,9328.775079615189,1.0
2012-07-02,11749.203360668593,9356.875903480168,1.0
2012-07-03,11826.667193717125,9418.566849716522,1.0
2012-07-05,11773.30081398245,9376.066726323737,1.0
2012-07-06,11661.4150449583,9286.962705907423,1.0
2012-07-09,11646.78435838356,9275.3110632845,1.0
2012-07-10,11545.223072021166,9194.429294204572,1.0
2012-07-11,11546.943539380669,9195.799446638288,1.0
2012-07-12,11490.997297859114,9151.24476296197,1.0
2012-07-13,11683.789513155545,9304.781371216157,1.0
2012-07-16,11656.248607365567,9282.848238404027,1.0
2012-07-17,11736.29062369624,9346.592408189837,1.0
2012-07-18,11823.223741241005,9415.824539747964,1.0
2012-07-19,11854.205581749988,9440.497977427527,1.0
2012-07-20,11745.760747444841,9354.13426187865,1.0
2012-07-23,11626.989751973193,9259.546958259301,1.0
2012-07-24,11527.143058203716,9180.030663043806,1.0
2012-07-25,11529.731312514303,9182.091906997748,1.0
2012-07-26,11719.939469761995,9333.570613133194,1.0
2012-07-27,11935.973100954388,9505.6163098493,1.0
2012-07-30,11935.973100954388,9505.6163098493,1.0
2012-07-31,11852.486792895224,9439.129161727891,1.0
2012-08-01,11842.160631728722,9430.905573657423,1.0
2012-08-02,11760.39059476721,9365.785236134529,1.0
2012-08-03,11993.638131330707,9551.539809225253,1.0
2012-08-06,12016.877029469555,9570.046892586046,1.0
2012-08-07,12077.1236001375,9618.02628897962,1.0
2012-08-08,12091.757643721723,9629.680605070705,1.0
2012-08-09,12102.083804888221,9637.90419314117,1.0
2012-08-10,12121.881768308065,9653.670971634532,1.0
2012-08-13,12115.857614792692,9648.873433015398,1.0
2012-08-14,12117.577242899826,9650.242917082076,1.0
2012-08-15,12131.351892056666,9661.212825323342,1.0
2012-08-16,12220.858996621719,9732.49483859572,1.0
2012-08-17,12237.212668313074,9745.518638753481,1.0
2012-08-20,12238.074580497567,9746.205051704423,1.0
2012-08-21,12201.06187245425,9716.728728469401,1.0
2012-08-22,12206.22998855172,9720.844532706878,1.0
2012-08-23,12106.390008801201,9641.33358442771,1.0
2012-08-24,12179.550155693863,9699.597144478648,1.0
2012-08-27,12182.127499723636,9701.649699661062,1.0
2012-08-28,12170.075835683409,9692.051948954631,1.0
2012-08-29,12179.550155693863,9699.597144478648,1.0
2012-08-30,12091.75764372172,9629.680605070704,1.0
2012-08-31,12149.424352602779,9675.60544118074,1.0
2012-09-04,12138.238797008895,9666.697445260455,1.0
2012-09-05,12127.90424331869,9658.46717351958,1.0
2012-09-06,12374.062838349795,9854.50390516655,1.0
2012-09-07,12422.259423482257,9892.886887587778,1.0
2012-09-10,12351.682495385958,9892.886887587778,0.0
2012-09-11,12386.10862762343,9892.886887587778,0.0
2012-09-12,12427.417468551283,9892.886887587778,0.0
2012-09-13,12616.77294539056,9892.886887587778,0.0
2012-09-14,12672.7225439216,9892.886887587778,0.0
2012-09-17,12629.688200120017,9892.886887587778,0.0
2012-09-18,12619.353646429814,9892.886887587778,0.0
2012-09-19,12626.243069139162,9892.886887587778,0.0
2012-09-20,12627.102463566542,9892.886887587778,0.0
2012-09-21,12621.826923165647,9892.886887587778,0.0
2012-09-24,12602.787643888725,9892.886887587778,0.0
2012-09-25,12468.67091882268,9892.886887587778,0.0
2012-09-26,12398.58327485838,9892.886887587778,0.0
2012-09-27,12515.39377679256,9892.886887587778,0.0
2012-09-28,12457.419901543903,9892.886887587778,0.0
2012-10-01,12490.303487924415,9892.886887587778,0.0
2012-10-02,12503.284204338772,9892.886887587778,0.0
2012-10-03,12554.335086783263,9892.886887587778,0.0
2012-10-04,12644.324761461348,9892.886887587778,0.0
2012-10-05,12645.188352150584,9892.886887587778,0.0
2012-10-08,12601.92405319949,9892.886887587778,0.0
2012-10-09,12477.322771510055,9892.886887587778,0.0
2012-10-10,12397.714648654923,9892.886887587778,0.0
2012-10-11,12404.638480711463,9892.886887587778,0.0
2012-10-12,12363.970828594662,9892.886887587778,0.0
2012-10-15,12466.939541182363,9892.886887587778,0.0
2012-10-16,12593.268843502636,9892.886887587778,0.0
2012-10-17,12650.37577105258,9892.886887587778,0.0
2012-10-18,12617.498059438662,9892.886887587778,0.0
2012-10-19,12407.236806050494,9892.886887587778,0.0
2012-10-22,12408.968183690813,9892.886887587778,0.0
2012-10-23,12236.777935585153,9892.886887587778,0.0
2012-10-24,12202.165489321435,9892.886887587778,0.0
2012-10-25,12237.639847769646,9892.886887587778,0.0
2012-10-26,12230.722729732073,9892.886887587778,0.0
2012-10-31,12230.722729732073,9892.886887587778,0.0
2012-11-01,12358.783409692667,9892.886887587778,0.0
2012-11-02,12248.891704300797,9892.886887587778,0.0
2012-11-05,12273.986189430796,9892.886887587778,0.0
2012-11-06,12370.025195195369,9892.886887587778,0.0
2012-11-07,12089.677137095272,9892.886887587778,0.0
2012-11-08,11944.31191250756,9892.886887587778,0.0
2012-11-09,11954.693464330512,9892.886887587778,0.0
2012-11-12,11964.213103968974,9892.886887587778,0.0
2012-11-13,11922.678504153459,9892.886887587778,0.0
2012-11-14,11761.737594821838,9892.886887587778,0.0
2012-11-15,11741.834724855684,9876.14643238495,1.0
2012-11-16,11799.806921599606,9924.90728769132,1.0
2012-11-19,12038.627093903151,10125.780749798938,1.0
2012-11-20,12043.822905328849,10130.15098628052,1.0
2012-11-21,12066.31319035322,10149.067735954792,1.0
2012-11-23,12230.722729732075,10287.35384914197,1.0
2012-11-26,12204.759618398617,10265.516078863468,1.0
2012-11-27,12142.462754189566,10213.11771288199,1.0
2012-11-28,12240.23649460394,10295.355949086275,1.0
2012-11-29,12297.346779163367,10343.391843503194,1.0
2012-11-30,12299.94090824055,10345.573785187018,1.0
2012-12-03,12239.366189895743,10294.62392918135,1.0
2012-12-04,12222.062484520995,10280.069651071633,1.0
2012-12-05,12243.699249884581,10298.268498871934,1.0
2012-12-06,12285.22461792402,10333.195801548749,1.0
2012-12-07,12322.439585788623,10364.497593876764,1.0
2012-12-10,12327.631200952472,10368.864300850608,1.0
2012-12-11,12411.563152020364,10439.460102829287,1.0
2012-12-12,12417.615000863963,10444.550358889486,1.0
2012-12-13,12341.477186560804,10380.510264583952,1.0
2012-12-14,12295.616240775413,10341.936274511909,1.0
2012-12-17,12440.11703542152,10463.476991185426,1.0
2012-12-18,12578.563463466917,10579.9253340941,1.0
2012-12-19,12485.111033508192,10501.321784958733,1.0
2012-12-20,12556.926698103332,10561.726486293803,1.0
2012-12-21,12442.9444766577,10465.855173499505,1.0
2012-12-24,12404.604071364265,10433.606767196068,1.0
2012-12-26,12352.321166439893,10389.631218481309,1.0
2012-12-27,12335.76523492725,10375.70589865056,1.0
2012-12-28,12202.434050079984,10263.560025674891,1.0
2012-12-31,12409.834292137153,10438.005945641104,1.0
2013-01-02,12727.8966732623,10705.530631879063,1.0
2013-01-03,12699.143047796966,10681.345738954582,1.0
2013-01-04,12754.91304632072,10728.25430859988,1.0
2013-01-07,12720.053020607704,10698.9332760146,1.0
2013-01-08,12683.45658174015,10668.151733127212,1.0
2013-01-09,12715.704014823832,10695.275294194615,1.0
2013-01-10,12816.785248830303,10780.29548839824,1.0
2013-01-11,12815.917461879219,10779.565586197956,1.0
2013-01-14,12807.201826011687,10772.234798625477,1.0
2013-01-15,12815.917461879219,10779.56558619796,1.0
2013-01-16,12814.17433470571,10778.099428683461,1.0
2013-01-17,12896.958188530778,10847.729557344941,1.0
2013-01-18,12925.712653248482,10871.915156170968,1.0
2013-01-22,12995.427669160288,10930.552985932238,1.0
2013-01-23,13016.346873747103,10930.552985932238,0.0
2013-01-24,13019.828092579895,10930.552985932238,0.0
2013-01-25,13093.03020209108,10930.552985932238,0.0
2013-01-28,13077.340379024785,10930.552985932238,0.0
2013-01-29,13128.750461483847,10930.552985932238,0.0
2013-01-30,13077.340379024785,10930.552985932238,0.0
2013-01-31,13045.093785193474,10930.552985932238,0.0
2013-02-01,13179.298631758416,10930.552985932238,0.0
2013-02-04,13031.154642572015,10930.552985932238,0.0
2013-02-05,13162.737664731552,10930.552985932238,0.0
2013-02-06,13172.324444559648,10930.552985932238,0.0
2013-02-07,13154.895690581698,10930.552985932238,0.0
2013-02-08,13228.090246821554,10930.552985932238,0.0
2013-02-11,13225.480171949332,10930.552985932238,0.0
2013-02-12,13247.26380647775,10930.552985932238,0.0
2013-02-13,13258.592034974614,10930.552985932238,0.0
2013-02-14,13270.789728927306,10930.552985932238,0.0
2013-02-15,13255.1057806276,10930.552985932238,0.0
2013-02-19,13354.447244470048,10930.552985932238,0.0
2013-02-20,13188.012589121205,10930.552985932238,0.0
2013-02-21,13107.833774654137,10930.552985932238,0.0
2013-02-22,13235.933899476142,10930.552985932238,0.0
2013-02-25,12984.094405149199,10930.552985932238,0.0
2013-02-26,13072.990533988534,10930.552985932238,0.0
2013-02-27,13237.68206216387,10930.552985932238,0.0
2013-02-28,13211.536833066015,10930.552985932238,0.0
2013-03-01,13255.105780627599,10930.552985932238,0.0
2013-03-04,13325.694458257085,10930.552985932238,0.0
2013-03-05,13445.073911697335,10930.552985932238,0.0
2013-03-06,13463.378005897704,10930.552985932238,0.0
2013-03-07,13487.771715298346,10930.552985932238,0.0
2013-03-08,13545.289876509833,10930.552985932238,0.0
2013-03-11,13596.703315978375,10930.552985932238,0.0
2013-03-12,13566.200688572942,10930.552985932238,0.0
2013-03-13,13585.37089121966,10930.552985932238,0.0
2013-03-14,13657.70353527502,10930.552985932238,0.0
2013-03-15,13639.67303734743,10930.552985932238,0.0
2013-03-18,13564.400492238245,10930.552985932238,0.0
2013-03-19,13532.883208716888,10930.552985932238,0.0
2013-03-20,13627.417434981173,10930.552985932238,0.0
2013-03-21,13510.999703156378,10930.552985932238,0.0
2013-03-22,13619.536015969908,10930.552985932238,0.0
2013-03-25,13562.6498117934,10930.552985932238,0.0
2013-03-26,13671.179410587965,10930.552985932238,0.0
2013-03-27,13671.179410587965,10930.552985932238,0.0
2013-03-28,13713.19238425466,10930.552985932238,0.0
2013-04-01,13658.928004483563,10930.552985932238,0.0
2013-04-02,13726.331719367043,10930.552985932238,0.0
2013-04-03,13587.155981011692,10930.552985932238,0.0
2013-04-04,13642.294861752842,10930.552985932238,0.0
2013-04-05,13581.026081697639,10930.552985932238,0.0
2013-04-08,13672.925055518586,10930.552985932238,0.0
2013-04-09,13720.198463043509,10930.552985932238,0.0
2013-04-10,13888.249518457913,10930.552985932238,0.0
2013-04-11,13933.76721002377,10930.552985932238,0.0
2013-04-12,13899.62978060175,10930.552985932238,0.0
2013-04-15,13577.520524546102,10930.552985932238,0.0
2013-04-16,13777.965042956657,10930.552985932238,0.0
2013-04-17,13576.649380585537,10930.552985932238,0.0
2013-04-18,13491.75061078684,10930.552985932238,0.0
2013-04-19,13609.037808067458,10930.552985932238,0.0
2013-04-22,13669.432087152609,10930.552985932238,0.0
2013-04-23,13810.348434924357,10930.552985932238,0.0
2013-04-24,13819.104354905672,10930.552985932238,0.0
2013-04-25,13875.12361138346,10930.552985932238,0.0
2013-04-26,13850.614924408063,10930.552985932238,0.0
2013-04-29,13943.394273965654,10930.552985932238,0.0
2013-04-30,13976.657202417626,10930.552985932238,0.0
2013-05-01,13854.121320811964,10930.552985932238,0.0
2013-05-02,13982.78710173168,10930.552985932238,0.0
2013-05-03,14124.575432716365,10930.552985932238,0.0
2013-05-06,14160.471935106933,10930.552985932238,0.0
2013-05-07,14232.241440821696,10930.552985932238,0.0
2013-05-08,14297.011581766577,10930.552985932238,0.0
2013-05-09,14256.749288544723,10930.552985932238,0.0
2013-05-10,14303.143159585372,10930.552985932238,0.0
2013-05-13,14314.516707710243,10930.552985932238,0.0
2013-05-14,14462.443330532686,10930.552985932238,0.0
2013-05-15,14540.346092570984,10930.552985932238,0.0
2013-05-16,14472.07626924116,10930.552985932238,0.0
2013-05-17,14612.125669314191,10930.552985932238,0.0
2013-05-20,14611.239418810954,10930.552985932238,0.0
2013-05-21,14632.255976672746,10930.552985932238,0.0
2013-05-22,14523.713789092624,10930.552985932238,0.0
2013-05-23,14481.700815425931,10930.552985932238,0.0
2013-05-24,14469.444373807306,10930.552985932238,0.0
2013-05-28,14556.10725208877,10930.552985932238,0.0
2013-05-29,14461.572186572113,10930.552985932238,0.0
2013-05-30,14514.96206537316,10930.552985932238,0.0
2013-05-31,14306.639484960826,10930.552985932238,0.0
2013-06-03,14385.421783483396,10930.552985932238,0.0
2013-06-04,14316.272423669301,10930.552985932238,0.0
2013-06-05,14115.827066006379,10930.552985932238,0.0
2013-06-06,14243.620024460784,10930.552985932238,0.0
2013-06-07,14424.807897230461,10930.552985932238,0.0
2013-06-10,14424.807897230461,10930.552985932238,0.0
2013-06-11,14276.011808952191,10930.552985932238,0.0
2013-06-12,14157.840039673076,10930.552985932238,0.0
2013-06-13,14373.165341864773,10930.552985932238,0.0
2013-06-14,14283.006138207847,10930.552985932238,0.0
2013-06-17,14393.300684737551,10930.552985932238,0.0
2013-06-18,14507.088199633234,10930.552985932238,0.0
2013-06-19,14306.639484960828,10930.552985932238,0.0
2013-06-20,13952.149354694595,10930.552985932238,0.0
2013-06-21,13996.934378941016,10930.552985932238,0.0
2013-06-24,13820.072012888842,10930.552985932238,0.0
2013-06-25,13952.939091175227,10930.552985932238,0.0
2013-06-26,14091.085906124357,10930.552985932238,0.0
2013-06-27,14173.799262750303,10930.552985932238,0.0
2013-06-28,14115.729712731407,10930.552985932238,0.0
2013-07-01,14198.44139085261,10930.552985932238,0.0
2013-07-02,14185.244986579035,10930.552985932238,0.0
2013-07-03,14191.400063464203,10930.552985932238,0.0
2013-07-05,14344.509908926788,10930.552985932238,0.0
2013-07-08,14426.337015049494,10930.552985932238,0.0
2013-07-09,14530.174353840652,10930.552985932238,0.0
2013-07-10,14535.44989424155,10930.552985932238,0.0
2013-07-11,14733.434563954199,10930.552985932238,0.0
2013-07-12,14739.596354858333,10930.552985932238,0.0
2013-07-15,14795.905153403943,10930.552985932238,0.0
2013-07-16,14740.470855828386,10930.552985932238,0.0
2013-07-17,14778.3026741853,10930.552985932238,0.0
2013-07-18,14859.267028871143,10930.552985932238,0.0
2013-07-19,14885.65648040881,10930.552985932238,0.0
2013-07-22,14914.701326446704,10930.552985932238,0.0
2013-07-23,14883.017870955993,10930.552985932238,0.0
2013-07-24,14828.464788369447,10930.552985932238,0.0
2013-07-25,14864.535855253076,10930.552985932238,0.0
2013-07-26,14880.380940007914,10930.552985932238,0.0
2013-07-29,14834.624900768838,10930.552985932238,0.0
2013-07-30,14834.624900768838,10930.552985932238,0.0
2013-07-31,14845.184374094333,10930.552985932238,0.0
2013-08-01,15016.766164231387,10930.552985932238,0.0
2013-08-02,15042.289507322708,10930.552985932238,0.0
2013-08-05,15020.28598867322,10930.552985932238,0.0
2013-08-06,14934.940736613422,10930.552985932238,0.0
2013-08-07,14886.539373902564,10930.552985932238,0.0
2013-08-08,14941.09581349859,10930.552985932238,0.0
2013-08-09,14897.983419226555,10930.552985932238,0.0
2013-08-12,14880.380940007914,10930.552985932238,0.0
2013-08-13,14924.379584783188,10930.552985932238,0.0
2013-08-14,14847.824662051893,10930.552985932238,0.0
2013-08-15,14640.158376993282,10930.552985932238,0.0
2013-08-16,14591.765406806127,10930.552985932238,0.0
2013-08-19,14498.494255359428,10930.552985932238,0.0
2013-08-20,14569.760209651899,10930.552985932238,0.0
2013-08-21,14480.015596665997,10930.552985932238,0.0
2013-08-22,14612.003138468106,10930.552985932238,0.0
2013-08-23,14661.277323644275,10930.552985932238,0.0
2013-08-26,14606.719205543506,10930.552985932238,0.0
2013-08-27,14371.788967977178,10930.552985932238,0.0
2013-08-28,14422.823904626632,10930.552985932238,0.0
2013-08-29,14445.696888731947,10930.552985932238,0.0
2013-08-30,14399.944206502352,10930.552985932238,0.0
2013-09-03,14465.058440919136,10930.552985932238,0.0
2013-09-04,14584.725757922462,10930.552985932238,0.0
2013-09-05,14603.206095120639,10930.552985932238,0.0
2013-09-06,14610.24406549956,10930.552985932238,0.0
2013-09-09,14750.15079266961,10930.552985932238,0.0
2013-09-10,14859.267028871149,10930.552985932238,0.0
2013-09-11,14905.895890575533,10930.552985932238,0.0
2013-09-12,14866.303320745332,10930.552985932238,0.0
2013-09-13,14899.744170699849,10930.552985932238,0.0
2013-09-16,14985.973994758142,10930.552985932238,0.0
2013-09-17,15052.843945133987,10930.552985932238,0.0
2013-09-18,15227.071058742826,10930.552985932238,0.0
2013-09-19,15201.547715651504,10930.552985932238,0.0
2013-09-20,15095.269830966961,10930.552985932238,0.0
2013-09-23,15025.420534675879,10930.552985932238,0.0
2013-09-24,14990.051082773978,10930.552985932238,0.0
2013-09-25,14946.720482885616,10930.552985932238,0.0
2013-09-26,15004.195842226205,10930.552985932238,0.0
2013-09-27,14935.231117933616,10930.552985932238,0.0
2013-09-30,14855.646494144856,10930.552985932238,0.0
2013-10-01,14973.24925031678,10930.552985932238,0.0
2013-10-02,14959.10113385507,10930.552985932238,0.0
2013-10-03,14821.164971250932,10930.552985932238,0.0
2013-10-04,14933.455259917659,10930.552985932238,0.0
2013-10-07,14804.35642477477,10930.552985932238,0.0
2013-10-08,14631.94041778145,10930.552985932238,0.0
2013-10-09,14642.553603258657,10930.552985932238,0.0
2013-10-10,14958.216561856574,10930.552985932238,0.0
2013-10-11,15054.596304083565,10930.552985932238,0.0
2013-10-14,15114.72034390542,10930.552985932238,0.0
2013-10-15,15005.083771234178,10930.552985932238,0.0
2013-10-16,15214.643409640614,10930.552985932238,0.0
2013-10-17,15316.325548344355,10930.552985932238,0.0
2013-10-18,15419.778509549831,10930.552985932238,0.0
2013-10-21,15420.661403043585,10930.552985932238,0.0
2013-10-22,15509.971283301576,10930.552985932238,0.0
2013-10-23,15435.69241299905,10930.552985932238,0.0
2013-10-24,15486.98080386439,10930.552985932238,0.0
2013-10-25,15557.714672153968,10930.552985932238,0.0
2013-10-28,15582.46590306444,10930.552985932238,0.0
2013-10-29,15665.590493351921,10930.552985932238,0.0
2013-10-30,15587.778370569637,10930.552985932238,0.0
2013-10-31,15543.56991270174,10930.552985932238,0.0
2013-11-01,15580.705151591152,10930.552985932238,0.0
2013-11-04,15635.523437926771,10930.552985932238,0.0
2013-11-05,15586.00586956316,10930.552985932238,0.0
2013-11-06,15665.59049335192,10930.552985932238,0.0
2013-11-07,15467.520219897482,10930.552985932238,0.0
2013-11-08,15676.195286305421,10930.552985932238,0.0
2013-11-11,15678.855716319873,10930.552985932238,0.0
2013-11-12,15647.01783839299,10930.552985932238,0.0
2013-11-13,15772.585099560862,10930.552985932238,0.0
2013-11-14,15851.268366303717,10930.552985932238,0.0
2013-11-15,15920.243161624752,10930.552985932238,0.0
2013-11-18,15864.535267776413,10930.552985932238,0.0
2013-11-19,15830.047030863529,10930.552985932238,0.0
2013-11-20,15780.5328195094,10930.552985932238,0.0
2013-11-21,15907.862510655297,10930.552985932238,0.0
2013-11-22,15987.443777434575,10930.552985932238,0.0
2013-11-25,15971.529873985357,10930.552985932238,0.0
2013-11-26,15975.949376968354,10930.552985932238,0.0
2013-11-27,16014.850402845275,10930.552985932238,0.0
2013-11-29,16004.235538863328,10930.552985932238,0.0
2013-12-02,15962.687511009883,10930.552985932238,0.0
2013-12-03,15893.71439419359,10930.552985932238,0.0
2013-12-04,15891.94692870134,10930.552985932238,0.0
2013-12-05,15822.08756138181,10930.552985932238,0.0
2013-12-06,15998.92978537709,10930.552985932238,0.0
2013-12-09,16039.608347774705,10930.552985932238,0.0
2013-12-10,15982.13802394834,10930.552985932238,0.0
2013-12-11,15802.643762462312,10930.552985932238,0.0
2013-12-12,15750.472478103215,10930.552985932238,0.0
2013-12-13,15748.703334106222,10930.552985932238,0.0
2013-12-16,15846.850541825463,10930.552985932238,0.0
2013-12-17,15796.450079968099,10930.552985932238,0.0
2013-12-18,16066.13711520587,10930.552985932238,0.0
2013-12-19,16047.564460246942,10930.552985932238,0.0
2013-12-20,16140.91785842595,10930.552985932238,0.0
2013-12-23,16227.151039493725,10930.552985932238,0.0
2013-12-24,16262.705126917133,10930.552985932238,0.0
2013-12-26,16345.386591952998,10930.552985932238,0.0
2013-12-27,16344.491948926054,10930.552985932238,0.0
2013-12-30,16341.831518911602,10930.552985932238,0.0
2013-12-31,16419.173660366414,10930.552985932238,0.0
2014-01-02,16261.817197909155,10930.552985932238,0.0
2014-01-03,16259.156767894703,10930.552985932238,0.0
2014-01-06,16212.032747291727,10930.552985932238,0.0
2014-01-07,16311.605005536061,10930.552985932238,0.0
2014-01-08,16315.161757082193,10930.552985932238,0.0
2014-01-09,16325.826976206372,10930.552985932238,0.0
2014-01-10,16370.278817261707,10930.552985932238,0.0
2014-01-13,16152.474363567584,10930.552985932238,0.0
2014-01-14,16328.492441735045,10930.552985932238,0.0
2014-01-15,16416.51155184722,10930.552985932238,0.0
2014-01-16,16395.172721075156,10930.552985932238,0.0
2014-01-17,16325.826976206368,10930.552985932238,0.0
2014-01-21,16373.830533293614,10930.552985932238,0.0
2014-01-22,16384.50750195098,10930.552985932238,0.0
2014-01-23,16250.257335758028,10930.552985932238,0.0
2014-01-24,15903.54539646149,10930.552985932238,0.0
2014-01-27,15825.31364749396,10930.552985932238,0.0
2014-01-28,15919.548260661983,10930.552985932238,0.0
2014-01-29,15766.639835768314,10930.552985932238,0.0
2014-01-30,15933.773588341775,10930.552985932238,0.0
2014-01-31,15840.423547172251,10930.552985932238,0.0
2014-02-03,15483.930960750029,10930.552985932238,0.0
2014-02-04,15592.395937112067,10930.552985932238,0.0
2014-02-05,15572.834642860702,10930.552985932238,0.0
2014-02-06,15778.194662405213,10930.552985932238,0.0
2014-02-07,15973.77571332878,10930.552985932238,0.0
2014-02-10,16003.115976201083,10930.552985932238,0.0
2014-02-11,16178.251160874788,10930.552985932238,0.0
2014-02-12,16186.260985498739,10930.552985932238,0.0
2014-02-13,16269.820308514136,10930.552985932238,0.0
2014-02-14,16359.615276642266,10930.552985932238,0.0
2014-02-18,16379.178249398372,10930.552985932238,0.0
2014-02-19,16270.70823752211,10930.552985932238,0.0
2014-02-20,16366.717030201346,10930.552985932238,0.0
2014-02-21,16348.052057481664,10930.552985932238,0.0
2014-02-24,16438.72991910355,10930.552985932238,0.0
2014-02-25,16432.514416047707,10930.552985932238,0.0
2014-02-26,16433.40234505568,10930.552985932238,0.0
2014-02-27,16519.638883132942,10930.552985932238,0.0
2014-02-28,16561.416866135896,10930.552985932238,0.0
2014-03-03,16444.95717169258,10930.552985932238,0.0
2014-03-04,16676.10070256326,10930.552985932238,0.0
2014-03-05,16691.21060224155,10930.552985932238,0.0
2014-03-06,16729.436869212594,10930.552985932238,0.0
2014-03-07,16736.5520508096,10930.552985932238,0.0
2014-03-10,16727.662689701378,10930.552985932238,0.0
2014-03-11,16644.986260179736,10930.552985932238,0.0
2014-03-12,16649.43261923859,10930.552985932238,0.0
2014-03-13,16462.735893909023,10930.552985932238,0.0
2014-03-14,16416.511551847212,10930.552985932238,0.0
2014-03-17,16564.98033170099,10930.552985932238,0.0
2014-03-18,16683.2091701413,10930.552985932238,0.0
2014-03-19,16594.308845040112,10930.552985932238,0.0
2014-03-20,16691.210602241546,10930.552985932238,0.0
2014-03-21,16626.472352886743,10930.552985932238,0.0
2014-03-24,16557.71912019152,10930.552985932238,0.0
2014-03-25,16636.29496263095,10930.552985932238,0.0
2014-03-26,16516.63939516081,10930.552985932238,0.0
2014-03-27,16481.812100290244,10930.552985932238,0.0
2014-03-28,16563.07019330576,10930.552985932238,0.0
2014-03-31,16698.79912217551,10930.552985932238,0.0
2014-04-01,16809.526722928385,10930.552985932238,0.0
2014-04-02,16865.775095303317,10930.552985932238,0.0
2014-04-03,16843.46273178149,10930.552985932238,0.0
2014-04-04,16644.333321835493,10930.552985932238,0.0
2014-04-07,16460.385987271646,10930.552985932238,0.0
2014-04-08,16528.252969463636,10930.552985932238,0.0
2014-04-09,16705.94451685785,10930.552985932238,0.0
2014-04-10,16355.016173651973,10930.552985932238,0.0
2014-04-11,16207.6904555268,10930.552985932238,0.0
2014-04-14,16335.377668182522,10930.552985932238,0.0
2014-04-15,16447.88951947506,10930.552985932238,0.0
2014-04-16,16620.22160123133,10930.552985932238,0.0
2014-04-17,16643.43532179907,10930.552985932238,0.0
2014-04-21,16701.48305125633,10930.552985932238,0.0
2014-04-22,16777.38000012916,10930.552985932238,0.0
2014-04-23,16738.089561152334,10930.552985932238,0.0
2014-04-24,16772.020534491217,10930.552985932238,0.0
2014-04-25,16634.51406910077,10930.552985932238,0.0
2014-04-28,16687.19561890112,10930.552985932238,0.0
2014-04-29,16764.87513980887,10930.552985932238,0.0
2014-04-30,16814.881153052105,10930.552985932238,0.0
2014-05-01,16816.672117610728,10930.552985932238,0.0
2014-05-02,16792.55536149235,10930.552985932238,0.0
2014-05-05,16824.708798310534,10930.552985932238,0.0
2014-05-06,16678.264295174376,10930.552985932238,0.0
2014-05-07,16776.4887141117,10930.552985932238,0.0
2014-05-08,16758.62438815347,10930.552985932238,0.0
2014-05-09,16783.632430289308,10930.552985932238,0.0
2014-05-12,16947.034866823575,10930.552985932238,0.0
2014-05-13,16962.223656224694,10930.552985932238,0.0
2014-05-14,16881.850135207675,10930.552985932238,0.0
2014-05-15,16733.621381531855,10930.552985932238,0.0
2014-05-16,16791.67078949386,10930.552985932238,0.0
2014-05-19,16853.281984516223,10930.552985932238,0.0
2014-05-20,16747.02256338383,10930.552985932238,0.0
2014-05-21,16888.099208358344,10930.552985932238,0.0
2014-05-22,16929.177254884307,10930.552985932238,0.0
2014-05-23,16997.042558571557,10930.552985932238,0.0
2014-05-27,17101.514372154805,10930.552985932238,0.0
2014-05-28,17089.012868843998,10930.552985932238,0.0
2014-05-29,17177.4180350466,10930.552985932238,0.0
2014-05-30,17205.096578225337,10930.552985932238,0.0
2014-06-02,17224.74011920901,10930.552985932238,0.0
2014-06-03,17215.813830996485,10930.552985932238,0.0
2014-06-04,17250.63776885757,10930.552985932238,0.0
2014-06-05,17363.142906131143,10930.552985932238,0.0
2014-06-06,17446.186928191055,10930.552985932238,0.0
2014-06-09,17464.046218635067,10930.552985932238,0.0
2014-06-10,17465.83550468895,10930.552985932238,0.0
2014-06-11,17405.11559568405,10930.552985932238,0.0
2014-06-12,17281.886491620364,10930.552985932238,0.0
2014-06-13,17334.574755439684,10930.552985932238,0.0
2014-06-16,17348.85715228067,10930.552985932238,0.0
2014-06-17,17397.07387947002,10930.552985932238,0.0
2014-06-18,17524.767806144708,10930.552985932238,0.0
2014-06-19,17544.407990118896,10930.552985932238,0.0
2014-06-20,17580.029217731946,10930.552985932238,0.0
2014-06-23,17574.65128854185,10930.552985932238,0.0
2014-06-24,17468.774566490403,10930.552985932238,0.0
2014-06-25,17547.731429506035,10930.552985932238,0.0
2014-06-26,17535.181249557736,10930.552985932238,0.0
2014-06-27,17569.27168084701,10930.552985932238,0.0
2014-06-30,17560.29839450174,10930.552985932238,0.0
2014-07-01,17677.832331979283,10930.552985932238,0.0
2014-07-02,17695.775547660345,10930.552985932238,0.0
2014-07-03,17782.804339975344,10930.552985932238,0.0
2014-07-07,17720.89604961383,10930.552985932238,0.0
2014-07-08,17606.949076767756,10930.552985932238,0.0
2014-07-09,17685.899225764424,10930.552985932238,0.0
2014-07-10,17615.917327598803,10930.552985932238,0.0
2014-07-11,17640.141508020606,10930.552985932238,0.0
2014-07-14,17728.969657417932,10930.552985932238,0.0
2014-07-15,17695.775547660338,10930.552985932238,0.0
2014-07-16,17761.274159662804,10930.552985932238,0.0
2014-07-17,17559.392001941604,10930.552985932238,0.0
2014-07-18,17738.84597931385,10930.552985932238,0.0
2014-07-21,17705.640120023072,10930.552985932238,0.0
2014-07-22,17782.80433997534,10930.552985932238,0.0
2014-07-23,17822.27437895945,10930.552985932238,0.0
2014-07-24,17823.175736005356,10930.552985932238,0.0
2014-07-25,17739.73726533131,10930.552985932238,0.0
2014-07-28,17746.91287309899,10930.552985932238,0.0
2014-07-29,17670.65336720211,10930.552985932238,0.0
2014-07-30,17673.338974787675,10930.552985932238,0.0
2014-07-31,17324.322448481773,10930.552985932238,0.0
2014-08-01,17271.392479979753,10930.552985932238,0.0
2014-08-04,17396.105382234466,10930.552985932238,0.0
2014-08-05,17227.422369785083,10930.552985932238,0.0
2014-08-06,17232.80869149888,10930.552985932238,0.0
2014-08-07,17139.49893444314,10930.552985932238,0.0
2014-08-08,17337.77734248546,10930.552985932238,0.0
2014-08-11,17388.02841742088,10930.552985932238,0.0
2014-08-12,17363.79920148485,10930.552985932238,0.0
2014-08-13,17481.33985298136,10930.552985932238,0.0
2014-08-14,17563.8769666095,10930.552985932238,0.0
2014-08-15,17560.298394501733,10930.552985932238,0.0
2014-08-18,17707.4394771054,10930.552985932238,0.0
2014-08-19,17799.852912629456,10930.552985932238,0.0
2014-08-20,17847.39991642716,10930.552985932238,0.0
2014-08-21,17899.44531293068,10930.552985932238,0.0
2014-08-22,17871.62913236318,10930.552985932238,0.0
2014-08-25,17962.23985379543,10930.552985932238,0.0
2014-08-26,17973.908818754717,10930.552985932238,0.0
2014-08-27,17966.72985397755,10930.552985932238,0.0
2014-08-28,17956.856889091116,10930.552985932238,0.0
2014-08-29,18008.004285558214,10930.552985932238,0.0
2014-09-02,17999.032677717685,10930.552985932238,0.0
2014-09-03,17989.161391335987,10930.552985932238,0.0
2014-09-04,17963.137853831857,10930.552985932238,0.0
2014-09-05,18043.892395425075,10930.552985932238,0.0
2014-09-08,17997.23499914009,10930.552985932238,0.0
2014-09-09,17883.2913833035,10930.552985932238,0.0
2014-09-10,17950.577602855108,10930.552985932238,0.0
2014-09-11,17971.218175654925,10930.552985932238,0.0
2014-09-12,17866.24113214464,10930.552985932238,0.0
2014-09-15,17852.7879166457,10930.552985932238,0.0
2014-09-16,17987.368748272624,10930.552985932238,0.0
2014-09-17,18011.592928694427,10930.552985932238,0.0
2014-09-18,18107.5950073547,10930.552985932238,0.0
2014-09-19,18091.278262767646,10930.552985932238,0.0
2014-09-22,17951.561206633327,10930.552985932238,0.0
2014-09-23,17848.798110876396,10930.552985932238,0.0
2014-09-24,17988.518524020197,10930.552985932238,0.0
2014-09-25,17698.26141318173,10930.552985932238,0.0
2014-09-26,17838.88821888566,10930.552985932238,0.0
2014-09-29,17806.43432971884,10930.552985932238,0.0
2014-09-30,17759.56040632227,10930.552985932238,0.0
2014-10-01,17518.88296852283,10930.552985932238,0.0
2014-10-02,17521.590396670028,10930.552985932238,0.0
2014-10-03,17714.489197017512,10930.552985932238,0.0
2014-10-06,17693.752949447462,10930.552985932238,0.0
2014-10-07,17420.630015004906,10930.552985932238,0.0
2014-10-08,17725.3105170826,10930.552985932238,0.0
2014-10-09,17373.75777011308,10930.552985932238,0.0
2014-10-10,17175.450827490164,10930.552985932238,0.0
2014-10-13,16893.30593006485,10930.552985932238,0.0
2014-10-14,16919.445284396108,10930.552985932238,0.0
2014-10-15,16804.967904051886,10930.552985932238,0.0
2014-10-16,16790.542834307915,10921.170403944432,1.0
2014-10-17,16988.86320496876,11050.165075762601,1.0
2014-10-20,17153.81657988369,11157.456658526127,1.0
2014-10-21,17493.644971237474,11378.493215038743,1.0
2014-10-22,17369.24930637881,11297.581819448986,1.0
2014-10-23,17571.16671269957,11428.916132086317,1.0
2014-10-24,17706.37362659488,11516.859551248737,1.0
2014-10-27,17682.03530785069,11501.02903707336,1.0
2014-10-28,17884.85742822684,11632.951808134178,1.0
2014-10-29,17857.81000283071,11615.35919396714,1.0
2014-10-30,17972.295775698636,11689.824840888521,1.0
2014-10-31,18177.81021767931,11823.498794345012,1.0
2014-11-03,18187.728502193753,11829.950001811378,1.0
2014-11-04,18124.635187485106,11788.911850270806,1.0
2014-11-05,18239.110889324587,11863.370946634599,1.0
2014-11-06,18312.122488547677,11910.860305641538,1.0
2014-11-07,18329.25162942936,11922.00171234221,1.0
2014-11-10,18386.940158872058,11959.524397976249,1.0
2014-11-11,18404.965621285424,11971.248804302413,1.0
2014-11-12,18385.140801789727,11958.35403168687,1.0
2014-11-13,18405.870335340813,11971.8372627259,1.0
2014-11-14,18410.385513094046,11974.774096045334,1.0
2014-11-17,18422.088048148147,11982.385843964694,1.0
2014-11-18,18528.463286107668,12051.57610850708,1.0
2014-11-19,18498.713468078564,12051.57610850708,0.0
2014-11-20,18531.16567874064,12051.57610850708,0.0
2014-11-21,18630.318310799725,12051.57610850708,0.0
2014-11-24,18682.600376471724,12051.57610850708,0.0
2014-11-25,18669.081699287883,12051.57610850708,0.0
2014-11-26,18716.8586582351,12051.57610850708,0.0
2014-11-28,18677.197269710516,12051.57610850708,0.0
2014-12-01,18547.390105566938,12051.57610850708,0.0
2014-12-02,18667.278985196073,12051.57610850708,0.0
2014-12-03,18739.390905877994,12051.57610850708,0.0
2014-12-04,18718.652979803202,12051.57610850708,0.0
2014-12-05,18749.30919039244,12051.57610850708,0.0
2014-12-08,18624.01552549735,12051.57610850708,0.0
2014-12-09,18611.38981283571,12051.57610850708,0.0
2014-12-10,18313.02720260306,12051.57610850708,0.0
2014-12-11,18405.87033534081,12051.57610850708,0.0
2014-12-12,18108.405725144585,12051.57610850708,0.0
2014-12-15,17984.008381781176,12051.57610850708,0.0
2014-12-16,17839.78454041733,12051.57610850708,0.0
2014-12-17,18189.53457329504,12051.57610850708,0.0
2014-12-18,18639.33355976352,12051.57610850708,0.0
2014-12-19,18718.647944288983,12051.57610850708,0.0
2014-12-22,18804.753558996443,12051.57610850708,0.0
2014-12-23,18830.12751516582,12051.57610850708,0.0
2014-12-24,18831.938621781333,12051.57610850708,0.0
2014-12-26,18892.666923309935,12051.57610850708,0.0
2014-12-29,18918.044236488793,12051.57610850708,0.0
2014-12-30,18816.53330526863,12051.57610850708,0.0
2014-12-31,18629.818116386912,12051.57610850708,0.0
2015-01-02,18619.844441216017,12051.57610850708,0.0
2015-01-05,18283.581193932067,12051.57610850708,0.0
2015-01-06,18111.369964517147,12051.57610850708,0.0
2015-01-07,18337.05667647491,12051.57610850708,0.0
2015-01-08,18662.443213037313,12051.57610850708,0.0
2015-01-09,18512.90019014931,12051.57610850708,0.0
2015-01-12,18367.872345014537,12051.57610850708,0.0
2015-01-13,18316.20629058247,12051.57610850708,0.0
2015-01-14,18205.629755256286,12051.57610850708,0.0
2015-01-15,18038.855202697392,12051.57610850708,0.0
2015-01-16,18275.41526836721,12051.57610850708,0.0
2015-01-20,18314.396862471698,12051.57610850708,0.0
2015-01-21,18406.848903604798,12051.57610850708,0.0
2015-01-22,18680.576099754104,12051.57610850708,0.0
2015-01-23,18578.15374045959,12051.57610850708,0.0
2015-01-26,18621.658904841013,12051.57610850708,0.0
2015-01-27,18376.03155656043,12051.57610850708,0.0
2015-01-28,18140.367812422297,12051.57610850708,0.0
2015-01-29,18308.048757541317,12051.57610850708,0.0
2015-01-30,18077.83511829714,12051.57610850708,0.0
2015-02-02,18301.707366629897,12051.57610850708,0.0
2015-02-03,18566.3739941874,12051.57610850708,0.0
2015-02-04,18495.673695992642,12051.57610850708,0.0
2015-02-05,18682.38888487436,12051.57610850708,0.0
2015-02-06,18630.72786595652,12051.57610850708,0.0
2015-02-09,18547.339750424704,12051.57610850708,0.0
2015-02-10,18744.92997152322,12051.57610850708,0.0
2015-02-11,18755.80668224476,12051.57610850708,0.0
2015-02-12,18936.170409186616,12051.57610850708,0.0
2015-02-13,19014.123526367144,12051.57610850708,0.0
2015-02-17,19044.031123841898,12051.57610850708,0.0
2015-02-18,19045.847265971635,12051.57610850708,0.0
2015-02-19,19032.25305607445,12051.57610850708,0.0
2015-02-20,19146.461875660116,12051.57610850708,0.0
2015-02-23,19143.739340970245,12051.57610850708,0.0
2015-02-24,19198.119537568473,12051.57610850708,0.0
2015-02-25,19181.811185505125,12051.57610850708,0.0
2015-02-26,19159.151371501914,12051.57610850708,0.0
2015-02-27,19093.887750163183,12051.57610850708,0.0
2015-03-02,19214.44131766975,12051.57610850708,0.0
2015-03-03,19135.580129424354,12051.57610850708,0.0
2015-03-04,19054.909513068178,12051.57610850708,0.0
2015-03-05,19075.763255970098,12051.57610850708,0.0
2015-03-06,18807.47105817208,12051.57610850708,0.0
2015-03-09,18885.420818343126,12051.57610850708,0.0
2015-03-10,18579.063490029195,12051.57610850708,0.0
2015-03-11,18535.55329013355,12051.57610850708,0.0
2015-03-12,18771.218712776423,12051.57610850708,0.0
2015-03-13,18656.10182212589,12051.57610850708,0.0
2015-03-16,18905.35809765647,12051.57610850708,0.0
2015-03-17,18849.166794442728,12051.57610850708,0.0
2015-03-18,19075.763255970098,12051.57610850708,0.0
2015-03-19,18988.751248702505,12051.57610850708,0.0
2015-03-20,19156.35833961292,12051.57610850708,0.0
2015-03-23,19119.028394173558,12051.57610850708,0.0
2015-03-24,19011.597376731967,12051.57610850708,0.0
2015-03-25,18733.009230852786,12051.57610850708,0.0
2015-03-26,18688.392896332833,12051.57610850708,0.0
2015-03-27,18731.18469619934,12051.57610850708,0.0
2015-03-30,18959.69968864565,12051.57610850708,0.0
2015-03-31,18794.00609313995,12051.57610850708,0.0
2015-04-01,18727.540662406678,12051.57610850708,0.0
2015-04-02,18794.915842709557,12051.57610850708,0.0
2015-04-06,18921.465029150895,12051.57610850708,0.0
2015-04-07,18871.398589736986,12051.57610850708,0.0
2015-04-08,18935.119665218757,12051.57610850708,0.0
2015-04-09,19018.882087307815,12051.57610850708,0.0
2015-04-10,19122.675784975705,12051.57610850708,0.0
2015-04-13,19036.179078663597,12051.57610850708,0.0
2015-04-14,19072.595917523868,12051.57610850708,0.0
2015-04-15,19158.177838752144,12051.57610850708,0.0
2015-04-16,19152.714305820256,12051.57610850708,0.0
2015-04-17,18932.390416509927,12051.57610850708,0.0
2015-04-20,19105.375436610437,12051.57610850708,0.0
2015-04-21,19082.613233818025,12051.57610850708,0.0
2015-04-22,19176.387936687017,12051.57610850708,0.0
2015-04-23,19224.63991247593,12051.57610850708,0.0
2015-04-24,19269.25121148166,12051.57610850708,0.0
2015-04-27,19189.129466175786,12051.57610850708,0.0
2015-04-28,19250.12968547243,12051.57610850708,0.0
2015-04-29,19170.924403755136,12051.57610850708,0.0
2015-04-30,18978.82960717858,12051.57610850708,0.0
2015-05-01,19184.582396832477,12051.57610850708,0.0
2015-05-04,19239.204298113404,12051.57610850708,0.0
2015-05-05,19018.88208730781,12051.57610850708,0.0
2015-05-06,18940.581519645904,12051.57610850708,0.0
2015-05-07,19016.15116009424,12051.57610850708,0.0
2015-05-08,19266.518605763347,12051.57610850708,0.0
2015-05-11,19174.57347306202,12051.57610850708,0.0
2015-05-12,19117.21225204382,12051.57610850708,0.0
2015-05-13,19120.852928827004,12051.57610850708,0.0
2015-05-14,19320.23747149363,12051.57610850708,0.0
2015-05-15,19341.170104118373,12051.57610850708,0.0
2015-05-18,19401.265609359634,12051.57610850708,0.0
2015-05-19,19394.888969848653,12051.57610850708,0.0
2015-05-20,19381.229298266568,12051.57610850708,0.0
2015-05-21,19437.6824482199,12051.57610850708,0.0
2015-05-22,19391.244936055988,12051.57610850708,0.0
2015-05-26,19182.757862179034,12051.57610850708,0.0
2015-05-27,19364.847091994616,12051.57610850708,0.0
2015-05-28,19342.997995781298,12051.57610850708,0.0
2015-05-29,19222.81369931775,12051.57610850708,0.0
2015-06-01,19261.968179410556,12051.57610850708,0.0
2015-06-02,19242.853367420288,12051.57610850708,0.0
2015-06-03,19293.834591918032,12051.57610850708,0.0
2015-06-04,19130.86688811168,12051.57610850708,0.0
2015-06-05,19098.087369025106,12051.57610850708,0.0
2015-06-08,18980.64742781306,12051.57610850708,0.0
2015-06-09,18977.909786580523,12051.57610850708,0.0
2015-06-10,19205.520064971446,12051.57610850708,0.0
2015-06-11,19267.43171234244,12051.57610850708,0.0
2015-06-12,19119.94150075265,12051.57610850708,0.0
2015-06-15,19037.99522079334,12051.57610850708,0.0
2015-06-16,19141.792275470714,12051.57610850708,0.0
2015-06-17,19172.743902894355,12051.57610850708,0.0
2015-06-18,19372.1334810752,12051.57610850708,0.0
2015-06-19,19286.133612166424,12051.57610850708,0.0
2015-06-22,19384.938793744128,12051.57610850708,0.0
2015-06-23,19398.65889149689,12051.57610850708,0.0
2015-06-24,19257.77359606285,12051.57610850708,0.0
2015-06-25,19199.218958173813,12051.57610850708,0.0
2015-06-26,19195.559817838475,12051.57610850708,0.0
2015-06-29,18793.02248936173,12051.57610850708,0.0
2015-06-30,18832.36664049027,12051.57610850708,0.0
2015-07-01,18983.319607360696,12051.57610850708,0.0
2015-07-02,18965.93029824416,12051.57610850708,0.0
2015-07-06,18911.95462128851,12051.57610850708,0.0
2015-07-07,19030.88507471055,12051.57610850708,0.0
2015-07-08,18711.60158138634,12051.57610850708,0.0
2015-07-09,18745.451986497654,12051.57610850708,0.0
2015-07-10,18981.48668018355,12051.57610850708,0.0
2015-07-13,19190.98757092405,12051.57610850708,0.0
2015-07-14,19274.23972757185,12051.57610850708,0.0
2015-07-15,19267.8395889945,12051.57610850708,0.0
2015-07-16,19422.45001769552,12051.57610850708,0.0
2015-07-17,19438.912792195035,12051.57610850708,0.0
2015-07-20,19448.975428117203,12051.57610850708,0.0
2015-07-21,19372.123410046755,12051.57610850708,0.0
2015-07-22,19337.366612375314,12051.57610850708,0.0
2015-07-23,19228.49375936122,12051.57610850708,0.0
2015-07-24,19029.058861552363,12051.57610850708,0.0
2015-07-27,18918.363152389567,12051.57610850708,0.0
2015-07-28,19150.733670225898,12051.57610850708,0.0
2015-07-29,19282.472793326346,12051.57610850708,0.0
2015-07-30,19287.04336173603,12051.57610850708,0.0
2015-07-31,19257.77359606284,12051.57610850708,0.0
2015-08-03,19192.817141091713,12051.57610850708,0.0
2015-08-04,19155.30256013084,12051.57610850708,0.0
2015-08-05,19218.436158953267,12051.57610850708,0.0
2015-08-06,19061.081375000747,12051.57610850708,0.0
2015-08-07,19024.48157912371,12051.57610850708,0.0
2015-08-10,19264.180448659157,12051.57610850708,0.0
2015-08-11,19090.351140673934,12051.57610850708,0.0
2015-08-12,19113.22244627451,12051.57610850708,0.0
2015-08-13,19089.439712599582,12051.57610850708,0.0
2015-08-14,19158.965057475656,12051.57610850708,0.0
2015-08-17,19266.003304807862,12051.57610850708,0.0
2015-08-18,19210.20141469403,12051.57610850708,0.0
2015-08-19,19058.33534124451,12051.57610850708,0.0
2015-08-20,18660.37025968219,12051.57610850708,0.0
2015-08-21,18098.641863066296,12051.57610850708,0.0
2015-08-24,17336.5755330909,11544.129171608956,1.0
2015-08-25,17132.549924815474,11408.272008136735,1.0
2015-08-26,17790.335790748093,11846.280367347626,1.0
2015-08-27,18230.38770018571,12139.303408435793,1.0
2015-08-28,18231.304163774286,12139.913665866818,1.0
2015-08-31,18084.00865873445,12041.832107987544,1.0
2015-09-01,17544.243496654257,11682.41171717884,1.0
2015-09-02,17877.248766235964,11904.154231410674,1.0
2015-09-03,17890.05911441911,11912.684423193778,1.0
2015-09-04,17619.25587352859,11732.361176139395,1.0
2015-09-08,18062.050459712962,12027.210518770222,1.0
2015-09-09,17820.528734028812,11866.385331943336,1.0
2015-09-10,17917.50098842937,11930.957497808815,1.0
2015-09-11,17998.925253414236,11985.176523411332,1.0
2015-09-14,17932.142585284924,11940.707086766362,1.0
2015-09-15,18156.281715871497,12089.957500780638,1.0
2015-09-16,18313.631464309794,12194.734007399533,1.0
2015-09-17,18272.469492546777,12167.324954320773,1.0
2015-09-18,17973.87357015513,11968.495035942406,1.0
2015-09-21,18066.7502729877,12030.34004405752,1.0
2015-09-22,17832.251411139805,11874.19126215995,1.0
2015-09-23,17803.742008114285,11855.207338229651,1.0
2015-09-24,17739.36463727879,11812.339547919219,1.0
2015-09-25,17734.767212793253,11809.278201575677,1.0
2015-09-28,17289.67811062796,11512.900979992082,1.0
2015-09-29,17299.78774468287,11519.632812422591,1.0
2015-09-30,17622.58602693469,11734.578668342965,1.0
2015-10-01,17668.56027179009,11765.192131778402,1.0
2015-10-02,17932.486678756824,11940.9362127249,1.0
2015-10-05,18251.59225057849,12153.423155919538,1.0
2015-10-06,18189.05787794859,12111.782586596772,1.0
2015-10-07,18338.03692324363,12210.98518514146,1.0
2015-10-08,18503.5693822942,12321.210418823071,1.0
2015-10-09,18514.602193956653,12328.556979435014,1.0
2015-10-12,18532.080463824466,12340.195460440975,1.0
2015-10-13,18415.285068432953,12262.423403988694,1.0
2015-10-14,18327.0007545717,12203.636389154315,1.0
2015-10-15,18608.405431406245,12391.018951106773,1.0
2015-10-16,18693.00710586579,12447.353759341031,1.0
2015-10-19,18702.206990351093,12453.479805090925,1.0
2015-10-20,18678.29669031585,12437.558345191772,1.0
2015-10-21,18562.422794027134,12360.399899233324,1.0
2015-10-22,18876.00944226046,12569.211885590585,1.0
2015-10-23,19082.925435699854,12706.993707114498,1.0
2015-10-26,19036.02465622743,12675.763280122423,1.0
2015-10-27,18999.236867819403,12651.266920936061,1.0
2015-10-28,19215.3527457441,12795.174788209872,1.0
2015-10-29,19204.314898567427,12787.824874535121,1.0
2015-10-30,19121.54447278029,12732.709463475308,1.0
2015-11-02,19347.771663264644,12883.35028086723,1.0
2015-11-03,19403.875684231854,12920.708988984406,1.0
2015-11-04,19345.008844460994,12920.708988984406,0.0
2015-11-05,19325.704361435,12920.708988984406,0.0
2015-11-06,19315.58801336112,12920.708988984406,0.0
2015-11-09,19135.340103246395,12920.708988984406,0.0
2015-11-10,19179.486456438874,12920.708988984406,0.0
2015-11-11,19104.07795244567,12920.708988984406,0.0
2015-11-12,18837.38872667529,12920.708988984406,0.0
2015-11-13,18625.873630245613,12920.708988984406,0.0
2015-11-16,18909.116269771526,12920.708988984406,0.0
2015-11-17,18895.322317810165,12920.708988984406,0.0
2015-11-18,19195.11669258687,12920.708988984406,0.0
2015-11-19,19178.568314345564,12920.708988984406,0.0
2015-11-20,19248.452859236208,12920.708988984406,0.0
2015-11-23,19226.385557406564,12920.708988984406,0.0
2015-11-24,19252.13382013317,12920.708988984406,0.0
2015-11-25,19249.37267983426,12920.708988984406,0.0
2015-11-27,19271.445017178132,12920.708988984406,0.0
2015-11-30,19191.439088699386,12920.708988984406,0.0
2015-12-01,19374.44142509406,12920.708988984406,0.0
2015-12-02,19176.721959130486,12920.708988984406,0.0
2015-12-03,18908.198127678213,12920.708988984406,0.0
2015-12-04,19276.96394076647,12920.708988984406,0.0
2015-12-07,19160.173580889175,12920.708988984406,0.0
2015-12-08,19031.423874732413,12920.708988984406,0.0
2015-12-09,18883.368007044915,12920.708988984406,0.0
2015-12-10,18932.111784722932,12920.708988984406,0.0
2015-12-11,18565.183934326047,12920.708988984406,0.0
2015-12-14,18658.98717177564,12920.708988984406,0.0
2015-12-15,18854.863639533618,12920.708988984406,0.0
2015-12-16,19130.74267876086,12920.708988984406,0.0
2015-12-17,18839.2283678714,12920.708988984406,0.0
2015-12-18,18503.60966640799,12920.708988984406,0.0
2015-12-21,18656.237781009917,12920.708988984406,0.0
2015-12-22,18825.535126194496,12920.708988984406,0.0
2015-12-23,19058.655935650047,12920.708988984406,0.0
2015-12-24,19027.207470823072,12920.708988984406,0.0
2015-12-28,18983.730841022247,12920.708988984406,0.0
2015-12-29,19186.319649239398,12920.708988984406,0.0
2015-12-30,19050.332230639535,12920.708988984406,0.0
2015-12-31,18859.766551882014,12920.708988984406,0.0
2016-01-04,18596.11374118806,12920.708988984406,0.0
2016-01-05,18627.568920034002,12920.708988984406,0.0
2016-01-06,18392.593362839667,12920.708988984406,0.0
2016-01-07,17951.332929988544,12920.708988984406,0.0
2016-01-08,17754.284865921363,12920.708988984406,0.0
2016-01-11,17771.857132054665,12933.497233551847,1.0
2016-01-12,17915.248435066987,13037.850481895275,1.0
2016-01-13,17468.433830027967,12712.680443939054,1.0
2016-01-14,17755.209722033644,12921.382054487955,1.0
2016-01-15,17374.07165049963,12644.008218025176,1.0
2016-01-19,17397.199767325576,12660.83974175187,1.0
2016-01-20,17174.255732114576,12498.591866292782,1.0
2016-01-21,17270.467623867473,12568.61022321376,1.0
2016-01-22,17624.773118612196,12826.456609332177,1.0
2016-01-25,17358.347418086145,12632.564882930346,1.0
2016-01-26,17595.167651990814,12804.911184011658,1.0
2016-01-27,17403.67543861627,12665.552421811208,1.0
2016-01-28,17494.32980117178,12731.526278038444,1.0
2016-01-29,17920.802607254882,13041.892539520039,1.0
2016-02-01,17914.323578954703,13037.177416391725,1.0
2016-02-02,17591.468227541696,12802.218921997459,1.0
2016-02-03,17696.93203742686,12878.970377022912,1.0
2016-02-04,17724.681077804722,12899.164785198376,1.0
2016-02-05,17387.026350090502,12653.436021212829,1.0
2016-02-08,17152.97900601793,12483.107695107678,1.0
2016-02-09,17153.898826615987,12483.77709600776,1.0
2016-02-10,17139.101128819522,12473.008047950967,1.0
2016-02-11,16916.155415103778,12310.758950957386,1.0
2016-02-12,17264.91177317483,12564.566944054508,1.0
2016-02-16,17556.316981256125,12776.637546724623,1.0
2016-02-17,17843.0928732618,12985.339157273524,1.0
2016-02-18,17770.009098334853,12932.15232407924,1.0
2016-02-19,17761.685393324336,12926.094734547292,1.0
2016-02-22,18018.860854222854,13113.254584379141,1.0
2016-02-23,17791.285824431496,12947.636495264347,1.0
2016-02-24,17872.693304368957,13006.880917990575,1.0
2016-02-25,18089.17006081297,13164.422221062778,1.0
2016-02-26,18047.53475071299,13134.122058058158,1.0
2016-02-29,17905.998195439453,13031.118605325295,1.0
2016-03-01,18326.91515082992,13337.44158764764,1.0
2016-03-02,18409.240772860692,13397.35418973946,1.0
2016-03-03,18481.404727189587,13449.871622033663,1.0
2016-03-04,18541.537159535146,13493.633095109275,1.0
2016-03-07,18556.334857331614,13504.402143166068,1.0
2016-03-08,18353.744370609722,13356.966594923024,1.0
2016-03-09,18444.4054471842,13422.945337288214,1.0
2016-03-10,18459.196430961703,13433.709499207052,1.0
2016-03-11,18757.075631828953,13650.491560402013,1.0
2016-03-14,18733.027694404955,13632.990635775237,1.0
2016-03-15,18702.495693166555,13610.77092341668,1.0
2016-03-16,18810.730714379075,13689.539131883801,1.0
2016-03-17,18930.069044453172,13776.387790996987,1.0
2016-03-18,19004.460374573344,13830.526199558357,1.0
2016-03-21,19031.425553237164,13850.150151127364,1.0
2016-03-22,19021.196745345642,13842.706119950175,1.0
2016-03-23,18895.668089786814,13751.352441640818,1.0
2016-03-24,18887.299065148294,13745.261870677665,1.0
2016-03-28,18898.457764666324,13753.382631961873,1.0
2016-03-29,19073.27067642976,13880.603005943136,1.0
2016-03-30,19156.952530291248,13941.50260790223,1.0
2016-03-31,19110.464662985105,13941.50260790223,0.0
2016-04-01,19240.644455181184,13941.50260790223,0.0
2016-04-04,19178.345073215023,13941.50260790223,0.0
2016-04-05,18986.78739815558,13941.50260790223,0.0
2016-04-06,19194.1549093703,13941.50260790223,0.0
2016-04-07,18964.473356129012,13941.50260790223,0.0
2016-04-08,19015.61068156767,13941.50260790223,0.0
2016-04-11,18970.98595452401,13941.50260790223,0.0
2016-04-12,19147.655292530973,13941.50260790223,0.0
2016-04-13,19341.067715329194,13941.50260790223,0.0
2016-04-14,19342.000963965176,13941.50260790223,0.0
2016-04-15,19320.610099546146,13941.50260790223,0.0
2016-04-18,19456.365884491755,13941.50260790223,0.0
2016-04-19,19517.737053336154,13941.50260790223,0.0
2016-04-20,19536.3432783899,13941.50260790223,0.0
2016-04-21,19431.262167585675,13941.50260790223,0.0
2016-04-22,19431.262167585675,13941.50260790223,0.0
2016-04-25,19397.792783050565,13941.50260790223,0.0
2016-04-26,19426.61270945317,13941.50260790223,0.0
2016-04-27,19466.5997278975,13941.50260790223,0.0
2016-04-28,19289.92703288106,13941.50260790223,0.0
2016-04-29,19185.77917071282,13941.50260790223,0.0
2016-05-02,19338.27468344021,13941.50260790223,0.0
2016-05-03,19169.969334557543,13941.50260790223,0.0
2016-05-04,19063.043547042984,13941.50260790223,0.0
2016-05-05,19059.322302032233,13941.50260790223,0.0
2016-05-06,19129.062495515154,13941.50260790223,0.0
2016-05-09,19144.867296156208,13941.50260790223,0.0
2016-05-10,19382.911160017054,13941.50260790223,0.0
2016-05-11,19201.59236387758,13941.50260790223,0.0
2016-05-12,19207.16667812237,13941.50260790223,0.0
2016-05-13,19039.791220866206,13941.50260790223,0.0
2016-05-16,19227.624293905417,13941.50260790223,0.0
2016-05-17,19048.160245504725,13941.50260790223,0.0
2016-05-18,19053.74127376848,13941.50260790223,0.0
2016-05-19,18987.72232529631,13941.50260790223,0.0
2016-05-20,19107.673309600865,13941.50260790223,0.0
2016-05-23,19081.64473658251,13941.50260790223,0.0
2016-05-24,19328.98080268941,13941.50260790223,0.0
2016-05-25,19460.09048651199,13941.50260790223,0.0
2016-05-26,19465.669836271005,13941.50260790223,0.0
2016-05-27,19549.358404151455,13941.50260790223,0.0
2016-05-31,19512.161060586626,13941.50260790223,0.0
2016-06-01,19552.146400526217,13941.50260790223,0.0
2016-06-02,19611.656107612875,13941.50260790223,0.0
2016-06-03,19553.076292152724,13941.50260790223,0.0
2016-06-06,19652.571339178972,13941.50260790223,0.0
2016-06-07,19683.257762853544,13941.50260790223,0.0
2016-06-08,19747.415249567966,13941.50260790223,0.0
2016-06-09,19720.448392399405,13941.50260790223,0.0
2016-06-10,19533.550246500923,13941.50260790223,0.0
2016-06-13,19382.911160017054,13941.50260790223,0.0
2016-06-14,19344.78896033995,13941.50260790223,0.0
2016-06-15,19317.822103171387,13941.50260790223,0.0
2016-06-16,19375.47370550978,13941.50260790223,0.0
2016-06-17,19303.31646519985,13941.50260790223,0.0
2016-06-20,19427.626526316722,13941.50260790223,0.0
2016-06-21,19482.778835095796,13941.50260790223,0.0
2016-06-22,19451.001383339593,13941.50260790223,0.0
2016-06-23,19704.299498286447,13941.50260790223,0.0
2016-06-24,18996.737574260107,13941.50260790223,0.0
2016-06-27,18656.499627749523,13941.50260790223,0.0
2016-06-28,18992.992830182982,13941.50260790223,0.0
2016-06-29,19316.402088160517,13941.50260790223,0.0
2016-06-30,19579.98272315061,13941.50260790223,0.0
2016-07-01,19621.109446314065,13941.50260790223,0.0
2016-07-05,19479.975732178365,13941.50260790223,0.0
2016-07-06,19596.811411683662,13941.50260790223,0.0
2016-07-07,19584.655680349497,13941.50260790223,0.0
2016-07-08,19876.28412956134,13941.50260790223,0.0
2016-07-11,19946.385201563564,13941.50260790223,0.0
2016-07-12,20091.258624262173,13941.50260790223,0.0
2016-07-13,20088.46055685896,13941.50260790223,0.0
2016-07-14,20200.621600660634,13941.50260790223,0.0
2016-07-15,20173.51374909383,13941.50260790223,0.0
2016-07-18,20227.727773722694,13941.50260790223,0.0
2016-07-19,20207.162733636225,13941.50260790223,0.0
2016-07-20,20291.28939125408,13941.50260790223,0.0
2016-07-21,20214.643829266774,13941.50260790223,0.0
2016-07-22,20305.30490584125,13941.50260790223,0.0
2016-07-25,20250.162668090616,13941.50260790223,0.0
2016-07-26,20259.505225478908,13941.50260790223,0.0
2016-07-27,20238.011972270677,13941.50260790223,0.0
2016-07-28,20261.378436769835,13941.50260790223,0.0
2016-07-29,20294.09417267625,13941.50260790223,0.0
2016-08-01,20277.26884115268,13941.50260790223,0.0
2016-08-02,20147.34921719146,13941.50260790223,0.0
2016-08-03,20206.23116350498,13941.50260790223,0.0
2016-08-04,20227.727773722694,13941.50260790223,0.0
2016-08-05,20393.17295052673,13941.50260790223,0.0
2016-08-08,20381.015540687822,13941.50260790223,0.0
2016-08-09,20393.172950526736,13941.50260790223,0.0
2016-08-10,20342.69695595603,13941.50260790223,0.0
2016-08-11,20437.104455112367,13941.50260790223,0.0
2016-08-12,20419.340839438588,13941.50260790223,0.0
2016-08-15,20478.224464256855,13941.50260790223,0.0
2016-08-16,20372.60455343078,13941.50260790223,0.0
2016-08-17,20410.92649517206,13941.50260790223,0.0
2016-08-18,20456.727854039145,13941.50260790223,0.0
2016-08-19,20426.816899554906,13941.50260790223,0.0
2016-08-22,20425.88532942366,13941.50260790223,0.0
2016-08-23,20467.007017072894,13941.50260790223,0.0
2016-08-24,20362.325390397025,13941.50260790223,0.0
2016-08-25,20348.301483286148,13941.50260790223,0.0
2016-08-26,20309.979541544868,13941.50260790223,0.0
2016-08-29,20409.98821102186,13941.50260790223,0.0
2016-08-30,20376.3409049842,13941.50260790223,0.0
2016-08-31,20318.393885811394,13941.50260790223,0.0
2016-09-01,20319.330491456858,13941.50260790223,0.0
2016-09-02,20410.92649517206,13941.50260790223,0.0
2016-09-06,20472.62161543147,13941.50260790223,0.0
2016-09-07,20470.746725635803,13941.50260790223,0.0
2016-09-08,20424.015475142216,13941.50260790223,0.0
2016-09-09,19935.174468398574,13941.50260790223,0.0
2016-09-12,20221.186640747103,13941.50260790223,0.0
2016-09-13,19930.4897616665,13941.50260790223,0.0
2016-09-14,19923.015380054923,13941.50260790223,0.0
2016-09-15,20122.107862896617,13941.50260790223,0.0
2016-09-16,20044.322596190188,13941.50260790223,0.0
2016-09-19,20048.08244680998,13941.50260790223,0.0
2016-09-20,20049.02576647441,13941.50260790223,0.0
2016-09-21,20274.480844777914,13941.50260790223,0.0
2016-09-22,20402.236876128016,13941.50260790223,0.0
2016-09-23,20290.450138883585,13941.50260790223,0.0
2016-09-26,20126.055706047402,13941.50260790223,0.0
2016-09-27,20250.99184943266,13941.50260790223,0.0
2016-09-28,20351.51414136038,13941.50260790223,0.0
2016-09-29,20167.38552828451,13941.50260790223,0.0
2016-09-30,20319.570517634816,13941.50260790223,0.0
2016-10-03,20270.720994158117,13941.50260790223,0.0
2016-10-04,20167.385528284507,13941.50260790223,0.0
2016-10-05,20256.631625362337,13941.50260790223,0.0
2016-10-06,20270.72099415811,13941.50260790223,0.0
2016-10-07,20201.204041805744,13941.50260790223,0.0
2016-10-10,20306.42111149398,13941.50260790223,0.0
2016-10-11,20049.95901511038,13941.50260790223,0.0
2016-10-12,20076.26118440151,13941.50260790223,0.0
2016-10-13,20010.50240416419,13941.50260790223,0.0
2016-10-14,20020.84367187336,13941.50260790223,0.0
2016-10-17,19951.321684006765,13941.50260790223,0.0
2016-10-18,20076.2611844015,13941.50260790223,0.0
2016-10-19,20129.812199657685,13941.50260790223,0.0
2016-10-20,20092.23215701192,13941.50260790223,0.0
2016-10-21,20101.620034028212,13941.50260790223,0.0
2016-10-24,20187.11970852418,13941.50260790223,0.0
2016-10-25,20119.477645967487,13941.50260790223,0.0
2016-10-26,20079.082750871097,13941.50260790223,0.0
2016-10-27,20025.536771129136,13941.50260790223,0.0
2016-10-28,19966.345979943268,13941.50260790223,0.0
2016-10-31,19967.2892996077,13941.50260790223,0.0
2016-11-01,19822.622332992236,13941.50260790223,0.0
2016-11-02,19703.31757301296,13941.50260790223,0.0
2016-11-03,19613.126477765956,13941.50260790223,0.0
2016-11-04,19591.52244324482,13926.145917883478,1.0
2016-11-07,20023.65684581924,14233.31789820417,1.0
2016-11-08,20113.83954854254,14297.422026968638,1.0
2016-11-09,20327.091897379127,14449.007149351699,1.0
2016-11-10,20377.81463214676,14485.062142411809,1.0
2016-11-11,20330.83999846573,14451.67139368484,1.0
2016-11-14,20346.814328085624,14463.02634814902,1.0
2016-11-15,20505.57737751582,14575.879108782507,1.0
2016-11-16,20467.060729224588,14548.500508373814,1.0
2016-11-17,20572.27947741757,14623.292635676704,1.0
2016-11-18,20526.24144938201,14590.567649752198,1.0
2016-11-21,20681.24632669716,14700.749007312732,1.0
2016-11-22,20721.641221793554,14729.462712696253,1.0
2016-11-23,20732.915738138712,14737.476921915119,1.0
2016-11-25,20809.9456777117,14792.2317364859,1.0
2016-11-28,20712.253344777266,14792.2317364859,0.0
2016-11-29,20752.63984734995,14792.2317364859,0.0
2016-11-30,20702.855396732524,14792.2317364859,0.0
2016-12-01,20626.762062805003,14792.2317364859,0.0
2016-12-02,20637.093259485733,14792.2317364859,0.0
2016-12-05,20761.094475730264,14792.2317364859,0.0
2016-12-06,20826.856612977066,14792.2317364859,0.0
2016-12-07,21099.28464645685,14792.2317364859,0.0
2016-12-08,21150.949022384175,14792.2317364859,0.0
2016-12-09,21278.715124762715,14792.2317364859,0.0
2016-12-12,21254.29288078148,14792.2317364859,0.0
2016-12-13,21396.14163793684,14792.2317364859,0.0
2016-12-14,21219.53104759581,14792.2317364859,0.0
2016-12-15,21306.893862354267,14792.2317364859,0.0
2016-12-16,21265.223303654733,14792.2317364859,0.0
2016-12-19,21311.53324945833,14792.2317364859,0.0
2016-12-20,21393.738019147764,14792.2317364859,0.0
2016-12-21,21334.211527013696,14792.2317364859,0.0
2016-12-22,21297.351562901804,14792.2317364859,0.0
2016-12-23,21328.539859493925,14792.2317364859,0.0
2016-12-27,21381.4597569675,14792.2317364859,0.0
2016-12-28,21204.745099332526,14792.2317364859,0.0
2016-12-29,21200.023465496157,14792.2317364859,0.0
2016-12-30,21122.535294128887,14792.2317364859,0.0
2017-01-03,21284.121588533406,14792.2317364859,0.0
2017-01-04,21410.75302170706,14792.2317364859,0.0
2017-01-05,21393.73801914776,14792.2317364859,0.0
2017-01-06,21470.28119234587,14792.2317364859,0.0
2017-01-09,21399.41304367701,14792.2317364859,0.0
2017-01-10,21399.41304367701,14792.2317364859,0.0
2017-01-11,21459.88956949447,14792.2317364859,0.0
2017-01-12,21406.022995346982,14792.2317364859,0.0
2017-01-13,21455.161221639126,14792.2317364859,0.0
2017-01-17,21379.568082124417,14792.2317364859,0.0
2017-01-18,21426.812955068744,14792.2317364859,0.0
2017-01-19,21347.433108858382,14792.2317364859,0.0
2017-01-20,21425.869635404317,14792.2317364859,0.0
2017-01-23,21370.11642192797,14792.2317364859,0.0
2017-01-24,21507.13612094353,14792.2317364859,0.0
2017-01-25,21693.289010737026,14792.2317364859,0.0
2017-01-26,21670.6124116864,14792.2317364859,0.0
2017-01-27,21636.594156100982,14792.2317364859,0.0
2017-01-30,21502.407773088187,14792.2317364859,0.0
2017-01-31,21500.521133759332,14792.2317364859,0.0
2017-02-01,21509.022760272386,14792.2317364859,0.0
2017-02-02,21523.197732809953,14792.2317364859,0.0
2017-02-03,21671.557409855563,14792.2317364859,0.0
2017-02-06,21632.8141634243,14792.2317364859,0.0
2017-02-07,21633.75916159347,14792.2317364859,0.0
2017-02-08,21662.107428163858,14792.2317364859,0.0
2017-02-09,21790.625500666363,14792.2317364859,0.0
2017-02-10,21876.61194153722,14792.2317364859,0.0
2017-02-13,21995.67499683379,14792.2317364859,0.0
2017-02-14,22083.554791052466,14792.2317364859,0.0
2017-02-15,22198.836175167617,14792.2317364859,0.0
2017-02-16,22179.936211784196,14792.2317364859,0.0
2017-02-17,22214.901144043524,14792.2317364859,0.0
2017-02-21,22347.200887727453,14792.2317364859,0.0
2017-02-22,22327.355926174867,14792.2317364859,0.0
2017-02-23,22342.47086136738,14792.2317364859,0.0
2017-02-24,22370.822484947254,14792.2317364859,0.0
2017-02-27,22405.787417206575,14792.2317364859,0.0
2017-02-28,22345.307534379634,14792.2317364859,0.0
2017-03-01,22658.0851433278,14792.2317364859,0.0
2017-03-02,22515.3988123067,14792.2317364859,0.0
2017-03-03,22529.573784844262,14792.2317364859,0.0
2017-03-06,22462.482271842608,14792.2317364859,0.0
2017-03-07,22395.389080336212,14792.2317364859,0.0
2017-03-08,22353.812517902174,14792.2317364859,0.0
2017-03-09,22382.160784472562,14792.2317364859,0.0
2017-03-10,22460.600668027975,14792.2317364859,0.0
2017-03-13,22471.92889652484,14792.2317364859,0.0
2017-03-14,22385.939098644503,14792.2317364859,0.0
2017-03-15,22579.660366315067,14792.2317364859,0.0
2017-03-16,22535.243773859293,14792.2317364859,0.0
2017-03-17,22495.667989076497,14792.2317364859,0.0
2017-03-20,22470.993969384115,14792.2317364859,0.0
2017-03-21,22182.47746796204,14792.2317364859,0.0
2017-03-22,22234.67057288277,14792.2317364859,0.0
2017-03-23,22210.94994388326,14792.2317364859,0.0
2017-03-24,22194.81279930349,14792.2317364859,0.0
2017-03-27,22172.035489968413,14792.2317364859,0.0
2017-03-28,22333.3784011855,14792.2317364859,0.0
2017-03-29,22354.25732165853,14792.2317364859,0.0
2017-03-30,22425.432636694986,14792.2317364859,0.0
2017-03-31,22373.232817755295,14792.2317364859,0.0
2017-04-03,22334.326756364153,14792.2317364859,0.0
2017-04-04,22348.568869091356,14792.2317364859,0.0
2017-04-05,22282.128615929196,14792.2317364859,0.0
2017-04-06,22344.768734357778,14792.2317364859,0.0
2017-04-07,22321.988068013216,14792.2317364859,0.0
2017-04-10,22335.27846855228,14792.2317364859,0.0
2017-04-11,22308.701024483616,14792.2317364859,0.0
2017-04-12,22210.949943883254,14792.2317364859,0.0
2017-04-13,22066.69085391985,14792.2317364859,0.0
2017-04-17,22262.19805063481,14792.2317364859,0.0
2017-04-18,22195.762832986875,14792.2317364859,0.0
2017-04-19,22154.953347219463,14792.2317364859,0.0
2017-04-20,22335.278468552275,14792.2317364859,0.0
2017-04-21,22264.094760992113,14792.2317364859,0.0
2017-04-24,22508.95671111081,14792.2317364859,0.0
2017-04-25,22639.925400535147,14792.2317364859,0.0
2017-04-26,22625.690001826904,14792.2317364859,0.0
2017-04-27,22644.673890447375,14792.2317364859,0.0
2017-04-28,22595.31913704364,14792.2317364859,0.0
2017-05-01,22652.260731876602,14792.2317364859,0.0
2017-05-02,22660.804321008178,14792.2317364859,0.0
2017-05-03,22633.281878770347,14792.2317364859,0.0
2017-05-04,22659.85764433426,14792.2317364859,0.0
2017-05-05,22749.068492812534,14792.2317364859,0.0
2017-05-08,22745.273393593176,14792.2317364859,0.0
2017-05-09,22724.389437605925,14792.2317364859,0.0
2017-05-10,22765.205637392304,14792.2317364859,0.0
2017-05-11,22718.70098503875,14792.2317364859,0.0
2017-05-12,22680.7365648073,14792.2317364859,0.0
2017-05-15,22806.020158673935,14792.2317364859,0.0
2017-05-16,22785.13620268668,14792.2317364859,0.0
2017-05-17,22380.828051708206,14792.2317364859,0.0
2017-05-18,22470.993969384097,14792.2317364859,0.0
2017-05-19,22617.146412695325,14792.2317364859,0.0
2017-05-22,22731.984671558857,14792.2317364859,0.0
2017-05-23,22782.287780141247,14792.2317364859,0.0
2017-05-24,22835.43091874537,14792.2317364859,0.0
2017-05-25,22944.5756895275,14792.2317364859,0.0
2017-05-26,22939.828878120014,14792.2317364859,0.0
2017-05-30,22919.893277311414,14792.2317364859,0.0
2017-05-31,22914.20482474424,14792.2317364859,0.0
2017-06-01,23096.423299424867,14792.2317364859,0.0
2017-06-02,23173.29713805695,14792.2317364859,0.0
2017-06-05,23156.216673812753,14792.2317364859,0.0
2017-06-06,23082.192936230855,14792.2317364859,0.0
2017-06-07,23124.894096841348,14792.2317364859,0.0
2017-06-08,23136.287787023106,14792.2317364859,0.0
2017-06-09,23101.170110832347,14792.2317364859,0.0
2017-06-12,23096.423299424863,14792.2317364859,0.0
2017-06-13,23209.36652643584,14792.2317364859,0.0
2017-06-14,23179.93730281226,14792.2317364859,0.0
2017-06-15,23135.332717825495,14792.2317364859,0.0
2017-06-16,23140.39005261006,14792.2317364859,0.0
2017-06-19,23333.038755751135,14792.2317364859,0.0
2017-06-20,23175.680614789137,14792.2317364859,0.0
2017-06-21,23169.95523511765,14792.2317364859,0.0
2017-06-22,23159.46625899128,14792.2317364859,0.0
2017-06-23,23187.121303103642,14792.2317364859,0.0
2017-06-26,23202.38058970388,14792.2317364859,0.0
2017-06-27,23015.460623243765,14792.2317364859,0.0
2017-06-28,23221.4567960851,14792.2317364859,0.0
2017-06-29,23017.367404629513,14792.2317364859,0.0
2017-06-30,23060.283413846853,14792.2317364859,0.0
2017-07-03,23099.38082477847,14792.2317364859,0.0
2017-07-05,23152.78916713167,14792.2317364859,0.0
2017-07-06,22941.074328637817,14792.2317364859,0.0
2017-07-07,23089.843560840232,14792.2317364859,0.0
2017-07-10,23114.64346838819,14792.2317364859,0.0
2017-07-11,23097.47236488798,14792.2317364859,0.0
2017-07-12,23271.046540152573,14792.2317364859,0.0
2017-07-13,23310.14730809367,14792.2317364859,0.0
2017-07-14,23418.870774185816,14792.2317364859,0.0
2017-07-17,23416.005566592965,14792.2317364859,0.0
2017-07-18,23428.404681114574,14792.2317364859,0.0
2017-07-19,23555.242570371356,14792.2317364859,0.0
2017-07-20,23565.7382605167,14792.2317364859,0.0
2017-07-21,23544.75695125447,14792.2317364859,0.0
2017-07-24,23539.038285601957,14792.2317364859,0.0
2017-07-25,23596.25515521244,14792.2317364859,0.0
2017-07-26,23597.210224410053,14792.2317364859,0.0
2017-07-27,23575.2738459502,14792.2317364859,0.0
2017-07-28,23547.615444828356,14792.2317364859,0.0
2017-07-31,23534.26293961388,14792.2317364859,0.0
2017-08-01,23586.716212769457,14792.2317364859,0.0
2017-08-02,23598.16529360767,14792.2317364859,0.0
2017-08-03,23552.389112311706,14792.2317364859,0.0
2017-08-04,23595.300086014824,14792.2317364859,0.0
2017-08-07,23639.171164429783,14792.2317364859,0.0
2017-08-08,23580.994190107467,14792.2317364859,0.0
2017-08-09,23580.04247791933,14792.2317364859,0.0
2017-08-10,23247.200023297493,14792.2317364859,0.0
2017-08-11,23281.538873288442,14792.2317364859,0.0
2017-08-14,23512.334953677735,14792.2317364859,0.0
2017-08-15,23509.47142458963,14792.2317364859,0.0
2017-08-16,23550.475616906995,14792.2317364859,0.0
2017-08-17,23183.30438332267,14792.2317364859,0.0
2017-08-18,23147.070501479164,14792.2317364859,0.0
2017-08-21,23165.181567634318,14792.2317364859,0.0
2017-08-22,23407.42337185235,14792.2317364859,0.0
2017-08-23,23323.498134803427,14792.2317364859,0.0
2017-08-24,23269.139758766836,14792.2317364859,0.0
2017-08-25,23323.498134803423,14792.2317364859,0.0
2017-08-28,23324.453204001038,14792.2317364859,0.0
2017-08-29,23351.154857420523,14792.2317364859,0.0
2017-08-30,23461.785104898427,14792.2317364859,0.0
2017-08-31,23602.92889006257,14792.2317364859,0.0
2017-09-01,23636.310992351155,14792.2317364859,0.0
2017-09-05,23466.55541537228,14792.2317364859,0.0
2017-09-06,23546.665411144968,14792.2317364859,0.0
2017-09-07,23543.803560561595,14792.2317364859,0.0
2017-09-08,23516.145159439748,14792.2317364859,0.0
2017-09-11,23766.974193912625,14792.2317364859,0.0
2017-09-12,23847.07747566635,14792.2317364859,0.0
2017-09-13,23858.52319949508,14792.2317364859,0.0
2017-09-14,23850.89775245681,14792.2317364859,0.0
2017-09-15,23883.004191142238,14792.2317364859,0.0
2017-09-18,23933.800780118476,14792.2317364859,0.0
2017-09-19,23957.754721276982,14792.2317364859,0.0
2017-09-20,23966.382235645615,14792.2317364859,0.0
2017-09-21,23902.171036779477,14792.2317364859,0.0
2017-09-22,23906.96316781497,14792.2317364859,0.0
2017-09-25,23858.086788262415,14792.2317364859,0.0
2017-09-26,23872.461502864157,14792.2317364859,0.0
2017-09-27,23965.427166447997,14792.2317364859,0.0
2017-09-28,23994.17659565148,14792.2317364859,0.0
2017-09-29,24078.51474486669,14792.2317364859,0.0
2017-10-02,24182.988236954683,14792.2317364859,0.0
2017-10-03,24234.739895128536,14792.2317364859,0.0
2017-10-04,24263.492681341497,14792.2317364859,0.0
2017-10-05,24407.25829091105,14792.2317364859,0.0
2017-10-06,24379.4605738957,14792.2317364859,0.0
2017-10-09,24339.208351702295,14792.2317364859,0.0
2017-10-10,24403.42290757791,14792.2317364859,0.0
2017-10-11,24441.76331287134,14792.2317364859,0.0
2017-10-12,24405.344795506324,14792.2317364859,0.0
2017-10-13,24435.05600792639,14792.2317364859,0.0
2017-10-16,24467.64249896775,14792.2317364859,0.0
2017-10-17,24484.889135181307,14792.2317364859,0.0
2017-10-18,24508.848111854037,14792.2317364859,0.0
2017-10-19,24515.56045231321,14792.2317364859,0.0
2017-10-20,24642.072711650246,14792.2317364859,0.0
2017-10-23,24546.225055426145,14792.2317364859,0.0
2017-10-24,24589.35927025981,14792.2317364859,0.0
2017-10-25,24467.64249896775,14792.2317364859,0.0
2017-10-26,24499.265528287793,14792.2317364859,0.0
2017-10-27,24699.57157005721,14792.2317364859,0.0
2017-10-30,24607.57104669943,14792.2317364859,0.0
2017-10-31,24645.899702459687,14792.2317364859,0.0
2017-11-01,24678.491229015264,14792.2317364859,0.0
2017-11-02,24688.07549108625,14792.2317364859,0.0
2017-11-03,24770.500144896745,14792.2317364859,0.0
2017-11-06,24808.84390719966,14792.2317364859,0.0
2017-11-07,24791.5888784624,14792.2317364859,0.0
2017-11-08,24833.754596060528,14792.2317364859,0.0
2017-11-09,24743.66588960273,14792.2317364859,0.0
2017-11-10,24736.001836955416,14792.2317364859,0.0
2017-11-13,24758.999030411567,14792.2317364859,0.0
2017-11-14,24701.495136490383,14792.2317364859,0.0
2017-11-15,24577.86319128886,14792.2317364859,0.0
2017-11-16,24786.795068922173,14792.2317364859,0.0
2017-11-17,24713.95635568741,14792.2317364859,0.0
2017-11-20,24756.12878730449,14792.2317364859,0.0
2017-11-21,24918.096102285217,14792.2317364859,0.0
2017-11-22,24896.052299521947,14792.2317364859,0.0
2017-11-24,24953.557871947876,14792.2317364859,0.0
2017-11-27,24941.10504527456,14792.2317364859,0.0
2017-11-28,25194.121171424926,14792.2317364859,0.0
2017-11-29,25178.789709120825,14792.2317364859,0.0
2017-11-30,25399.232772267766,14792.2317364859,0.0
2017-12-01,25346.51765237259,14792.2317364859,0.0
2017-12-04,25315.851370754917,14792.2317364859,0.0
2017-12-05,25224.792488556825,14792.2317364859,0.0
2017-12-06,25229.582941087578,14792.2317364859,0.0
2017-12-07,25309.13567328626,14792.2317364859,0.0
2017-12-08,25447.150725613217,14792.2317364859,0.0
2017-12-11,25523.826500685864,14792.2317364859,0.0
2017-12-12,25568.867496905274,14792.2317364859,0.0
2017-12-13,25565.990539779243,14792.2317364859,0.0
2017-12-14,25461.530475729178,14792.2317364859,0.0
2017-12-15,25673.562551619078,14792.2317364859,0.0
2017-12-18,25836.357369437108,14792.2317364859,0.0
2017-12-19,25737.13759718838,14792.2317364859,0.0
2017-12-20,25723.65081159462,14792.2317364859,0.0
2017-12-21,25776.634492248344,14792.2317364859,0.0
2017-12-22,25769.88690318961,14792.2317364859,0.0
2017-12-26,25739.057806612058,14792.2317364859,0.0
2017-12-27,25751.58280898923,14792.2317364859,0.0
2017-12-28,25804.571525157186,14792.2317364859,0.0
2017-12-29,25707.266926817916,14792.2317364859,0.0
2018-01-02,25891.269652038212,14792.2317364859,0.0
2018-01-03,26055.038002606012,14792.2317364859,0.0
2018-01-04,26164.85417528453,14792.2317364859,0.0
2018-01-05,26339.210533758425,14792.2317364859,0.0
2018-01-08,26387.37858431029,14792.2317364859,0.0
2018-01-09,26447.099782994304,14792.2317364859,0.0
2018-01-10,26406.644461727243,14792.2317364859,0.0
2018-01-11,26599.311628420473,14792.2317364859,0.0
2018-01-12,26772.709560687264,14792.2317364859,0.0
2018-01-16,26681.189089685406,14792.2317364859,0.0
2018-01-17,26935.506057010032,14792.2317364859,0.0
2018-01-18,26890.23846265058,14792.2317364859,0.0
2018-01-19,27012.589708734744,14792.2317364859,0.0
2018-01-22,27232.222054091788,14792.2317364859,0.0
2018-01-23,27290.01465082842,14792.2317364859,0.0
2018-01-24,27279.41992890336,14792.2317364859,0.0
2018-01-25,27290.96972002603,14792.2317364859,0.0
2018-01-26,27606.93984499154,14792.2317364859,0.0
2018-01-29,27423.91065252101,14792.2317364859,0.0
2018-01-30,27142.620114008852,14792.2317364859,0.0
2018-01-31,27156.110256612097,14792.2317364859,0.0
2018-02-01,27125.284517044023,14792.2317364859,0.0
2018-02-02,26534.778156644054,14792.2317364859,0.0
2018-02-05,25425.017962098653,14792.2317364859,0.0
2018-02-06,25925.94755998682,15083.67171527657,1.0
2018-02-07,25785.302290730746,15001.844539438278,1.0
2018-02-08,24818.12603841725,14439.14305873237,1.0
2018-02-09,25190.9303339123,14656.039956879735,1.0
2018-02-12,25560.845922748125,14871.256210459385,1.0
2018-02-13,25624.422646822175,14908.245039216628,1.0
2018-02-14,25970.25001412021,15109.446806921069,1.0
2018-02-15,26301.643919150574,15302.251211093986,1.0
2018-02-16,26309.354969930635,15306.737487180026,1.0
2018-02-20,26144.626514650998,15210.898755120044,1.0
2018-02-21,26014.57093180575,15135.232640628463,1.0
2018-02-22,26048.29041354727,15154.850577130943,1.0
2018-02-23,26463.476953752026,15396.405392381566,1.0
2018-02-26,26770.777601730388,15575.192381025761,1.0
2018-02-27,26436.500025555022,15380.71026193865,1.0
2018-02-28,26168.70130815085,15224.905428585871,1.0
2018-03-01,25788.18764038049,15003.523230903647,1.0
2018-03-02,25921.133608389697,15080.87096651411,1.0
2018-03-05,26220.71984857852,15255.169725969923,1.0
2018-03-06,26287.198707349715,15293.847011704258,1.0
2018-03-07,26277.562411631756,15288.24063142347,1.0
2018-03-08,26404.72425230355,15362.223171693819,1.0
2018-03-09,26864.223317670137,15629.558937895976,1.0
2018-03-12,26830.505514433364,15609.941977944674,1.0
2018-03-13,26657.109260671314,15509.060335630385,1.0
2018-03-14,26520.311124281558,15429.47141507925,1.0
2018-03-15,26491.41230815613,15412.658133543928,1.0
2018-03-16,26520.144952312203,15429.374736513184,1.0
2018-03-19,26161.329315328472,15220.616415836661,1.0
2018-03-20,26205.80969096441,15246.495021905435,1.0
2018-03-21,26155.511617896238,15217.231689473096,1.0
2018-03-22,25501.69709418078,14836.843523694946,1.0
2018-03-23,24958.145225404944,14520.605980983355,1.0
2018-03-26,25640.976060577705,14917.8757868789,1.0
2018-03-27,25204.772962511153,14664.093574398572,1.0
2018-03-28,25130.30106416341,14620.765951981237,1.0
2018-03-29,25451.410770645805,14807.587027120822,1.0
2018-04-02,24902.04456144722,14487.966711148014,1.0
2018-04-03,25221.21223794429,14673.657916581122,1.0
2018-04-04,25491.055374122974,14830.652189261893,1.0
2018-04-05,25692.239273871925,14947.70063623537,1.0
2018-04-06,25119.659344105607,14614.57461754818,1.0
2018-04-09,25243.45913978122,14686.601125820198,1.0
2018-04-10,25644.843335500915,14920.125760780127,1.0
2018-04-11,25510.406855281715,14841.910847728568,1.0
2018-04-12,25720.283731084193,14964.01685322394,1.0
2018-04-13,25644.843335500907,14920.125760780127,1.0
2018-04-16,25855.688708538928,15042.795236301976,1.0
2018-04-17,26132.30461134746,15203.729892963409,1.0
2018-04-18,26151.647699982495,15214.983668674222,1.0
2018-04-19,26006.571178210237,15130.57839774078,1.0
2018-04-20,25786.04922534047,15002.279104710005,1.0
2018-04-23,25782.185307426735,15000.031083911124,1.0
2018-04-24,25434.968138203163,14798.02073183593,1.0
2018-04-25,25497.83317626704,14834.595502896074,1.0
2018-04-26,25757.037949397396,14985.400394246133,1.0
2018-04-27,25781.215131686447,14999.466637333477,1.0
2018-04-30,25582.94175915835,14884.111530092949,1.0
2018-05-01,25628.40238156302,14910.560442046411,1.0
2018-05-02,25456.241507290328,14810.397541395012,1.0
2018-05-03,25400.14420034208,14777.760224662012,1.0
2018-05-04,25728.983421156678,14969.078317950525,1.0
2018-05-07,25816.035712538054,15019.72519140505,1.0
2018-05-08,25816.035712538054,15019.72519140505,1.0
2018-05-09,26065.563905836676,15164.900265246184,1.0
2018-05-10,26309.301257778923,15306.706237542518,1.0
2018-05-11,26389.57406851148,15353.408820811686,1.0
2018-05-14,26402.13935500244,15360.719282888322,1.0
2018-05-15,26220.318685945418,15254.936330239725,1.0
2018-05-16,26330.579662380303,15319.085976755114,1.0
2018-05-17,26308.331082038632,15306.141790964864,1.0
2018-05-18,26242.563909277607,15267.87856292763,1.0
2018-05-21,26439.862070551193,15382.666293936987,1.0
2018-05-22,26366.358669439,15339.902141546132,1.0
2018-05-23,26438.90028733461,15382.1067301152,1.0
2018-05-24,26384.731582333752,15350.591470679296,1.0
2018-05-25,26321.86822277462,15314.017676170326,1.0
2018-05-29,26019.139821710687,15137.890812919768,1.0
2018-05-30,26366.358669439,15339.902141546136,1.0
2018-05-31,26204.84958625256,15245.93643463483,1.0
2018-06-01,26462.10897238812,15395.609503176067,1.0
2018-06-04,26587.842405525345,15468.760998398699,1.0
2018-06-05,26607.187172665122,15480.015750660683,1.0
2018-06-06,26829.63437047279,15609.43514788621,1.0
2018-06-07,26826.738949794602,15607.750597113807,1.0
2018-06-08,26906.055012824807,15653.89654621471,1.0
2018-06-11,26941.828984369284,15674.709781352212,1.0
2018-06-12,26976.647886716142,15694.967358872613,1.0
2018-06-13,26890.577520608244,15644.89176785395,1.0
2018-06-14,26958.278330830875,15684.279982841797,1.0
2018-06-15,26923.890804202445,15664.273378972704,1.0
2018-06-18,26868.506861769118,15632.051096487978,1.0
2018-06-19,26765.535631424307,15572.142611714353,1.0
2018-06-20,26811.187603369443,15598.702850501468,1.0
2018-06-21,26643.113888141026,15500.917851954879,1.0
2018-06-22,26691.68813684021,15529.178266333154,1.0
2018-06-25,26328.332144532127,15317.77837473527,1.0
2018-06-26,26386.629971195794,15351.695950055293,1.0
2018-06-27,26168.036620273415,15224.518714321614,1.0
2018-06-28,26317.655175874763,15311.566532727587,1.0
2018-06-29,26355.542384888136,15333.609245791153,1.0
2018-07-02,26411.88307502382,15366.388162444151,1.0
2018-07-03,26318.618637596086,15312.127073100555,1.0
2018-07-05,26533.327928547842,15437.044569421285,1.0
2018-07-06,26757.757440454614,15567.617273581427,1.0
2018-07-09,26998.703439012606,15707.799241278044,1.0
2018-07-10,27095.846900896744,15764.317140381077,1.0
2018-07-11,26897.655775100953,15649.009884147998,1.0
2018-07-12,27141.505586860836,15790.881285372878,1.0
2018-07-13,27162.881344737205,15803.317664553479,1.0
2018-07-16,27138.588345621025,15789.184039435238,1.0
2018-07-17,27248.369269699993,15853.054392315318,1.0
2018-07-18,27305.680135575964,15886.397755545966,1.0
2018-07-19,27202.713940745372,15826.492200425859,1.0
2018-07-20,27171.621318923488,15808.402566508199,1.0
2018-07-23,27222.145990131685,15837.79773334881,1.0
2018-07-24,27359.118691014504,15917.488215221878,1.0
2018-07-25,27592.29992664073,16053.152657194942,1.0
2018-07-26,27527.199120261874,16053.152657194942,0.0
2018-07-27,27340.668566901666,16053.152657194942,0.0
2018-07-30,27197.861383539217,16053.152657194942,0.0
2018-07-31,27331.925235705916,16053.152657194942,0.0
2018-08-01,27286.25815721811,16053.152657194942,0.0
2018-08-02,27434.91325109814,16053.152657194942,0.0
2018-08-03,27552.46229511835,16053.152657194942,0.0
2018-08-06,27653.508280525257,16053.152657194942,0.0
2018-08-07,27744.815581425013,16053.152657194942,0.0
2018-08-08,27733.17011553211,16053.152657194942,0.0
2018-08-09,27695.27451399503,16053.152657194942,0.0
2018-08-10,27509.71413637511,16053.152657194942,0.0
2018-08-13,27406.734513506588,16053.152657194942,0.0
2018-08-14,27581.60449443122,16053.152657194942,0.0
2018-08-15,27375.64021317996,16053.152657194942,0.0
2018-08-16,27597.152483846905,16053.152657194942,0.0
2018-08-17,27694.307695264226,16053.152657194942,0.0
2018-08-20,27753.56394813499,16053.152657194942,0.0
2018-08-21,27818.654683485398,16053.152657194942,0.0
2018-08-22,27802.14994636736,16053.152657194942,0.0
2018-08-23,27765.227877580055,16053.152657194942,0.0
2018-08-24,27932.326381553954,16053.152657194942,0.0
2018-08-27,28152.863440966397,16053.152657194942,0.0
2018-08-28,28166.471078901508,16053.152657194942,0.0
2018-08-29,28318.023271964466,16053.152657194942,0.0
2018-08-30,28203.381398155627,16053.152657194942,0.0
2018-08-31,28204.344859876946,16053.152657194942,0.0
2018-09-04,28155.77396818725,16053.152657194942,0.0
2018-09-05,28079.99283614155,16053.152657194942,0.0
2018-09-06,27995.471729909572,16053.152657194942,0.0
2018-09-07,27941.07642676868,16053.152657194942,0.0
2018-09-10,27989.654032477338,16053.152657194942,0.0
2018-09-11,28081.92983061264,16053.152657194942,0.0
2018-09-12,28088.737845842054,16053.152657194942,0.0
2018-09-13,28254.881280618334,16053.152657194942,0.0
2018-09-14,28259.732159319763,16053.152657194942,0.0
2018-09-17,28110.12703175634,16053.152657194942,0.0
2018-09-18,28262.635972521653,16053.152657194942,0.0
2018-09-19,28292.765132622222,16053.152657194942,0.0
2018-09-20,28522.042166220937,16053.152657194942,0.0
2018-09-21,28495.97498759354,16053.152657194942,0.0
2018-09-24,28401.317391230798,16053.152657194942,0.0
2018-09-25,28374.971580816396,16053.152657194942,0.0
2018-09-26,28290.066096998733,16053.152657194942,0.0
2018-09-27,28369.113599270382,16053.152657194942,0.0
2018-09-28,28372.044268548132,16053.152657194942,0.0
2018-10-01,28470.61613796684,16053.152657194942,0.0
2018-10-02,28454.022440097528,16053.152657194942,0.0
2018-10-03,28469.642605217075,16053.152657194942,0.0
2018-10-04,28247.126588715026,16053.152657194942,0.0
2018-10-05,28089.028227162253,16053.152657194942,0.0
2018-10-08,28089.028227162253,16053.152657194942,0.0
2018-10-09,28048.03242736859,16053.152657194942,0.0
2018-10-10,27159.9389259263,16053.152657194942,0.0
2018-10-11,26561.709765213087,15699.563348061865,1.0
2018-10-12,26930.601466156917,15917.600465353416,1.0
2018-10-15,26779.3295833857,15828.189711025485,1.0
2018-10-16,27364.886033304527,16174.288688110408,1.0
2018-10-17,27369.772160605517,16177.176682361027,1.0
2018-10-18,26974.516185695138,15943.556698118435,1.0
2018-10-19,26959.88130285855,15934.906604724018,1.0
2018-10-22,26838.86111103399,15863.376413906535,1.0
2018-10-23,26702.234182127813,15782.621705554782,1.0
2018-10-24,25893.201610995096,15304.434939212728,1.0
2018-10-25,26357.741226098846,15579.00570967409,1.0
2018-10-26,25894.17010823064,15305.007379158662,1.0
2018-10-29,25750.711665028677,15220.214836179626,1.0
2018-10-30,26132.299575833273,15445.756174876775,1.0
2018-10-31,26411.411415191636,15610.728009970748,1.0
2018-11-01,26692.482069582722,15776.857622217065,1.0
2018-11-02,26534.38035102047,15683.410025358811,1.0
2018-11-05,26680.77114200492,15769.935761727003,1.0
2018-11-06,26849.606898385733,15869.727818644587,1.0
2018-11-07,27424.429310486004,16209.48233567018,1.0
2018-11-08,27374.644859868575,16180.056739835969,1.0
2018-11-09,27107.250662106984,16022.010733619898,1.0
2018-11-12,26600.743392964545,15722.634562867142,1.0
2018-11-13,26550.96901337556,15693.214919614691,1.0
2018-11-14,26369.450475171914,15585.92657806719,1.0
2018-11-15,26644.65643399802,15748.589803535197,1.0
2018-11-16,26713.948466715097,15789.545550238761,1.0
2018-11-19,26262.098347453146,15522.475032795155,1.0
2018-11-20,25776.082264188568,15235.210381730329,1.0
2018-11-21,25863.91338176975,15287.123839357322,1.0
2018-11-23,25691.18685139935,15185.032101686409,1.0
2018-11-26,26105.95712242835,15430.186205186204,1.0
2018-11-27,26193.781525990573,15482.095694425358,1.0
2018-11-28,26796.90520652848,15838.577958293856,1.0
2018-11-29,26738.347211629964,15803.966671649618,1.0
2018-11-30,26901.331700483726,15900.300278564575,1.0
2018-12-03,27257.53054857628,16110.835158644455,1.0
2018-12-04,26374.328209949195,15588.809611833009,1.0
2018-12-06,26334.31601393375,15565.160004500038,1.0
2018-12-07,25722.4087180863,15203.486097239753,1.0
2018-12-10,25771.206207916028,15232.32834006147,1.0
2018-12-11,25777.064189462046,15235.790758451942,1.0
2018-12-12,25906.86128257718,15312.50862427337,1.0
2018-12-13,25898.077667267644,15307.316980881584,1.0
2018-12-14,25419.87166656284,15024.668556971736,1.0
2018-12-17,24921.17783698966,14729.91059756788,1.0
2018-12-18,24893.853458311263,14713.760251155702,1.0
2018-12-19,24521.049162816213,14493.410555850342,1.0
2018-12-20,24121.897378402024,14257.48791456354,1.0
2018-12-21,23627.651586392425,13965.359012103732,1.0
2018-12-24,23003.34181901389,13596.354500405858,1.0
2018-12-26,24165.575428771772,14283.304261657195,1.0
2018-12-27,24351.112307325326,14392.967683326988,1.0
2018-12-28,24319.692377078944,14374.39662033236,1.0
2018-12-31,24532.708056747055,14500.301661334644,1.0
2019-01-02,24558.228042828894,14515.385503514797,1.0
2019-01-03,23972.201611582594,14169.008739281067,1.0
2019-01-04,24775.163031067186,14643.607090918724,1.0
2019-01-07,24970.509091327018,14759.068327222878,1.0
2019-01-08,25205.118734487816,14897.736695615826,1.0
2019-01-09,25322.909483190728,14967.358091882226,1.0
2019-01-10,25412.239505505615,15020.157492094522,1.0
2019-01-11,25422.058758240335,15025.961259310641,1.0
2019-01-14,25266.95820615495,14934.287531816908,1.0
2019-01-15,25556.54391509702,15105.450051941407,1.0
2019-01-16,25618.385065268893,15142.001880239442,1.0
2019-01-17,25812.74584324577,15256.880755628064,1.0
2019-01-18,26156.305550638746,15459.945145598984,1.0
2019-01-22,25802.9249120063,15251.07599631498,1.0
2019-01-23,25856.919052514106,15282.989771324925,1.0
2019-01-24,25870.657613819014,15291.110084942691,1.0
2019-01-25,26089.56316662322,15420.496394177688,1.0
2019-01-28,25891.273009047713,15303.295019805662,1.0
2019-01-29,25856.9190525141,15282.98977132492,1.0
2019-01-30,26266.25096818233,15524.929480674247,1.0
2019-01-31,26496.934588753982,15661.27733427771,1.0
2019-02-01,26509.69122478542,15668.817271173868,1.0
2019-02-04,26696.196600574513,15779.053132789586,1.0
2019-02-05,26808.10754716978,15845.199213405034,1.0
2019-02-06,26772.758237324768,15824.305651427,1.0
2019-02-07,26517.546626973195,15673.46028494676,1.0
2019-02-08,26549.940089969346,15692.606764178196,1.0
2019-02-11,26564.66225505247,15701.308446614537,1.0
2019-02-12,26906.26818292695,15903.218035723994,1.0
2019-02-13,26993.642747218586,15954.861642977863,1.0
2019-02-14,26933.75369806047,15919.46362344433,1.0
2019-02-15,27227.263751086946,16092.945666261356,1.0
2019-02-19,27274.379379166214,16120.79382792913,1.0
2019-02-20,27329.350409433267,16120.79382792913,0.0
2019-02-21,27232.17505595905,16120.79382792913,0.0
2019-02-22,27401.010812339868,16120.79382792913,0.0
2019-02-25,27438.307187684408,16120.79382792913,0.0
2019-02-26,27418.683788757626,16120.79382792913,0.0
2019-02-27,27406.897328466468,16120.79382792913,0.0
2019-02-28,27355.85064228383,16120.79382792913,0.0
2019-03-01,27526.653606221073,16120.79382792913,0.0
2019-03-04,27426.52744141222,16120.79382792913,0.0
2019-03-05,27389.23106606767,16120.79382792913,0.0
2019-03-06,27223.32262195513,16120.79382792913,0.0
2019-03-07,26995.591491222858,16120.79382792913,0.0
2019-03-08,26941.6074217435,16120.79382792913,0.0
2019-03-11,27332.297863758424,16120.79382792913,0.0
2019-03-12,27435.371482892435,16120.79382792913,0.0
2019-03-13,27616.970589323646,16120.79382792913,0.0
2019-03-14,27599.292577391658,16120.79382792913,0.0
2019-03-15,27735.64591002505,16120.79382792913,0.0
2019-03-18,27836.22191410449,16120.79382792913,0.0
2019-03-19,27843.113854570947,16120.79382792913,0.0
2019-03-20,27759.309469863372,16120.79382792913,0.0
2019-03-21,28072.847441459206,16120.79382792913,0.0
2019-03-22,27532.548514871385,16120.79382792913,0.0
2019-03-25,27511.849194405637,16120.79382792913,0.0
2019-03-26,27716.91883262995,16120.79382792913,0.0
2019-03-27,27571.99505478912,16120.79382792913,0.0
2019-03-28,27676.498759962447,16120.79382792913,0.0
2019-03-29,27850.999469844068,16120.79382792913,0.0
2019-04-01,28181.29227576435,16120.79382792913,0.0
2019-04-02,28195.10301277312,16120.79382792913,0.0
2019-04-03,28239.47596410563,16120.79382792913,0.0
2019-04-04,28314.404415742916,16120.79382792913,0.0
2019-04-05,28451.45097083434,16120.79382792913,0.0
2019-04-08,28473.137252087785,16120.79382792913,0.0
2019-04-09,28327.218120935555,16120.79382792913,0.0
2019-04-10,28423.839567845243,16120.79382792913,0.0
2019-04-11,28415.95059556265,16120.79382792913,0.0
2019-04-12,28608.209885603814,16120.79382792913,0.0
2019-04-15,28589.481129703978,16120.79382792913,0.0
2019-04-16,28608.209885603814,16120.79382792913,0.0
2019-04-17,28538.216237905006,16120.79382792913,0.0
2019-04-18,28594.405862614007,16120.79382792913,0.0
2019-04-22,28619.056383240015,16120.79382792913,0.0
2019-04-23,28876.394659098405,16120.79382792913,0.0
2019-04-24,28812.305991078363,16120.79382792913,0.0
2019-04-25,28794.55076792829,16120.79382792913,0.0
2019-04-26,28928.636440656628,16120.79382792913,0.0
2019-04-29,28974.0030667958,16120.79382792913,0.0
2019-04-30,28988.787336554342,16120.79382792913,0.0
2019-05-01,28770.897279118424,16120.79382792913,0.0
2019-05-02,28708.77581865481,16120.79382792913,0.0
2019-05-03,28989.77429734203,16120.79382792913,0.0
2019-05-06,28870.47625138172,16120.79382792913,0.0
2019-05-07,28388.345906592513,16120.79382792913,0.0
2019-05-08,28348.907759198475,16120.79382792913,0.0
2019-05-09,28263.12609590602,16120.79382792913,0.0
2019-05-10,28405.104097926436,16120.79382792913,0.0
2019-05-13,27691.266244673578,16120.79382792913,0.0
2019-05-14,27941.71090156077,16120.79382792913,0.0
2019-05-15,28105.38357735834,16120.79382792913,0.0
2019-05-16,28365.669307541888,16120.79382792913,0.0
2019-05-17,28182.289307580493,16120.79382792913,0.0
2019-05-20,27995.951782265496,16120.79382792913,0.0
2019-05-21,28248.345183156962,16120.79382792913,0.0
2019-05-22,28161.583273095777,16120.79382792913,0.0
2019-05-23,27817.483087176202,16120.79382792913,0.0
2019-05-24,27880.579758894328,16120.79382792913,0.0
2019-05-28,27621.28770351744,16120.79382792913,0.0
2019-05-29,27435.918675437984,16120.79382792913,0.0
2019-05-30,27510.858876608454,16120.79382792913,0.0
2019-05-31,27140.134248487477,16120.79382792913,0.0
2019-06-03,27071.130918585844,16120.79382792913,0.0
2019-06-04,27658.75528634556,16120.79382792913,0.0
2019-06-05,27898.328268025434,16120.79382792913,0.0
2019-06-06,28079.7410604304,16120.79382792913,0.0
2019-06-07,28360.751288650816,16120.79382792913,0.0
2019-06-10,28490.88911822837,16120.79382792913,0.0
2019-06-11,28483.9803927145,16120.79382792913,0.0
2019-06-12,28433.702461703222,16120.79382792913,0.0
2019-06-13,28551.023229078666,16120.79382792913,0.0
2019-06-14,28519.48412499568,16120.79382792913,0.0
2019-06-17,28530.320551603436,16120.79382792913,0.0
2019-06-18,28829.06418241229,16120.79382792913,0.0
2019-06-19,28894.143168229508,16120.79382792913,0.0
2019-06-20,29170.20348596877,16120.79382792913,0.0
2019-06-21,29127.80445621166,16120.79382792913,0.0
2019-06-24,29092.142944484825,16120.79382792913,0.0
2019-06-25,28806.80385253743,16120.79382792913,0.0
2019-06-26,28778.077922400324,16120.79382792913,0.0
2019-06-27,28880.11086859493,16120.79382792913,0.0
2019-06-28,29028.72232135169,16120.79382792913,0.0
2019-07-01,29292.260993723252,16120.79382792913,0.0
2019-07-02,29368.55239121021,16120.79382792913,0.0
2019-07-03,29603.355062416227,16120.79382792913,0.0
2019-07-05,29569.67754329323,16120.79382792913,0.0
2019-07-08,29407.198284366506,16120.79382792913,0.0
2019-07-09,29443.84339987155,16120.79382792913,0.0
2019-07-10,29584.532310250892,16120.79382792913,0.0
2019-07-11,29653.881412129158,16120.79382792913,0.0
2019-07-12,29786.64442312161,16120.79382792913,0.0
2019-07-15,29796.54760109338,16120.79382792913,0.0
2019-07-16,29700.453204672358,16120.79382792913,0.0
2019-07-17,29498.337734792163,16120.79382792913,0.0
2019-07-18,29606.33608683621,16120.79382792913,0.0
2019-07-19,29441.86612128668,16120.79382792913,0.0
2019-07-22,29514.176105528033,16120.79382792913,0.0
2019-07-23,29725.204435582833,16120.79382792913,0.0
2019-07-24,29864.91645620292,16120.79382792913,0.0
2019-07-25,29722.240196210263,16120.79382792913,0.0
2019-07-26,29921.391426717895,16120.79382792913,0.0
2019-07-29,29866.883663759352,16120.79382792913,0.0
2019-07-30,29793.573290692373,16120.79382792913,0.0
2019-07-31,29467.621098032258,16120.79382792913,0.0
2019-08-01,29211.02807827886,16120.79382792913,0.0
2019-08-02,28991.08017403051,16120.79382792913,0.0
2019-08-05,28119.227884461925,16120.79382792913,0.0
2019-08-06,28513.535504193656,16346.850953985186,1.0
2019-08-07,28530.384334783597,16356.51041281877,1.0
2019-08-08,29090.155594871518,16677.42808210029,1.0
2019-08-09,28892.001396180032,16563.82599471833,1.0
2019-08-12,28540.290869764856,16362.189843585442,1.0
2019-08-13,28984.144592440785,16616.65182178831,1.0
2019-08-14,28127.155462353578,16125.338719747331,1.0
2019-08-15,28201.44776069403,16167.93060134061,1.0
2019-08-16,28617.575942058476,16406.497486794608,1.0
2019-08-19,28962.344172864963,16604.15360986058,1.0
2019-08-20,28740.415633022254,16476.921658469957,1.0
2019-08-21,28974.22462942161,16610.964692708174,1.0
2019-08-22,28965.318483265975,16605.85878629544,1.0
2019-08-23,28221.270901684977,16179.295236609052,1.0
2019-08-26,28533.34521714668,16358.207890940157,1.0
2019-08-27,28421.395664942374,16294.027051493571,1.0
2019-08-28,28621.533856237686,16408.766564691556,1.0
2019-08-29,28987.108831813348,16618.351224488066,1.0
2019-08-30,28974.224629421595,16610.964692708167,1.0
2019-09-03,28804.82321694307,16513.846619055967,1.0
2019-09-04,29131.7590133814,16701.279381826258,1.0
2019-09-05,29506.270348198024,16915.987269240817,1.0
2019-09-06,29529.04430052362,16929.043608895536,1.0
2019-09-09,29543.91920953817,16937.5714156482,1.0
2019-09-10,29536.973556920002,16933.589463002914,1.0
2019-09-11,29747.01828319658,17054.008406967572,1.0
2019-09-12,29850.054975226296,17113.07949084469,1.0
2019-09-13,29830.23183423534,17101.714855576247,1.0
2019-09-16,29738.102066012496,17048.89672681973,1.0
2019-09-17,29813.389717664362,17092.0592458994,1.0
2019-09-18,29831.228866051486,17102.28645535182,1.0
2019-09-19,29829.238159428685,17101.14518037905,1.0
2019-09-20,29688.310901376113,17020.351380451986,1.0
2019-09-23,29681.338392682093,17016.35403117975,1.0
2019-09-24,29448.44250286183,16882.834482257884,1.0
2019-09-25,29622.61086880473,16982.685457193948,1.0
2019-09-26,29560.915748545325,16947.31555593002,1.0
2019-09-27,29401.655861711795,16856.011633530314,1.0
2019-09-30,29538.004158830965,16934.180308562176,1.0
2019-10-01,29186.672974487254,16732.76163478498,1.0
2019-10-02,28671.096744229304,16437.181039730232,1.0
2019-10-03,28905.99005469133,16571.8457127816,1.0
2019-10-04,29297.14879952898,16796.09758432761,1.0
2019-10-07,29170.740607485874,16723.6275858461,1.0
2019-10-08,28717.88002836986,16464.001963879433,1.0
2019-10-09,28990.596764665093,16620.35086141337,1.0
2019-10-10,29186.672974487243,16732.761634784976,1.0
2019-10-11,29489.240239096045,16906.22388317531,1.0
2019-10-14,29456.401972343538,16887.39765757058,1.0
2019-10-15,29748.02202903168,17054.58385589988,1.0
2019-10-16,29700.245070084464,17027.193256553477,1.0
2019-10-17,29787.839518497167,17077.41127993358,1.0
2019-10-18,29657.446556198993,17002.65680692818,1.0
2019-10-21,29858.50792510185,17117.925579177623,1.0
2019-10-22,29760.973371613072,17062.008879247158,1.0
2019-10-23,29847.560717181193,17111.64952911659,1.0
2019-10-24,29896.331350935066,17139.60980366019,1.0
2019-10-25,30018.75812973256,17209.79725219616,1.0
2019-10-28,30187.96483566113,17306.803700302968,1.0
2019-10-29,30178.998263334823,17301.663151479595,1.0
2019-10-30,30271.571156809267,17354.735324580797,1.0
2019-10-31,30190.94921709058,17308.514650472927,1.0
2019-11-01,30470.631748060885,17468.85704812237,1.0
2019-11-04,30593.041741810972,17539.034873766494,1.0
2019-11-05,30559.203086232843,17519.635123807828,1.0
2019-11-06,30566.178951936352,17523.634397658436,1.0
2019-11-07,30673.67039554862,17585.259397031103,1.0
2019-11-08,30749.31724721504,17585.259397031103,0.0
2019-11-11,30690.59308034716,17585.259397031103,0.0
2019-11-12,30755.292724092924,17585.259397031103,0.0
2019-11-13,30765.236186178485,17585.259397031103,0.0
2019-11-14,30810.025406686753,17585.259397031103,0.0
2019-11-15,31032.98454844042,17585.259397031103,0.0
2019-11-18,31055.865925069447,17585.259397031103,0.0
2019-11-19,31046.912780781066,17585.259397031103,0.0
2019-11-20,30931.458510677596,17585.259397031103,0.0
2019-11-21,30881.70091613603,17585.259397031103,0.0
2019-11-22,30950.3618310705,17585.259397031103,0.0
2019-11-25,31190.240300613234,17585.259397031103,0.0
2019-11-26,31260.908707217917,17585.259397031103,0.0
2019-11-27,31400.258170813955,17585.259397031103,0.0
2019-11-29,31283.80015487538,17585.259397031103,0.0
2019-12-02,31018.04585624572,17585.259397031103,0.0
2019-12-03,30810.025406686764,17585.259397031103,0.0
2019-12-04,31000.132853649997,17585.259397031103,0.0
2019-12-05,31055.86592506945,17585.259397031103,0.0
2019-12-06,31339.53658330431,17585.259397031103,0.0
2019-12-09,31241.004997999386,17585.259397031103,0.0
2019-12-10,31206.169310605117,17585.259397031103,0.0
2019-12-11,31294.75071980552,17585.259397031103,0.0
2019-12-12,31564.483074671298,17585.259397031103,0.0
2019-12-13,31583.38975207368,17585.259397031103,0.0
2019-12-16,31800.373416949467,17585.259397031103,0.0
2019-12-17,31807.335854615045,17585.259397031103,0.0
2019-12-18,31809.336632266295,17585.259397031103,0.0
2019-12-19,31939.716166526552,17585.259397031103,0.0
2019-12-20,32079.740389028462,17585.259397031103,0.0
2019-12-23,32128.746013446078,17585.259397031103,0.0
2019-12-24,32129.753116290667,17585.259397031103,0.0
2019-12-26,32300.782678367945,17585.259397031103,0.0
2019-12-27,32292.78292477244,17585.259397031103,0.0
2019-12-30,32114.753997925283,17585.259397031103,0.0
2019-12-31,32192.770898285973,17585.259397031103,0.0
2020-01-02,32493.827508627895,17585.259397031103,0.0
2020-01-03,32247.785569676285,17585.259397031103,0.0
2020-01-06,32370.806539152094,17585.259397031103,0.0
2020-01-07,32279.78794106779,17585.259397031103,0.0
2020-01-08,32451.821248980166,17585.259397031103,0.0
2020-01-09,32671.869863512973,17585.259397031103,0.0
2020-01-10,32577.846741942314,17585.259397031103,0.0
2020-01-13,32801.896911777614,17585.259397031103,0.0
2020-01-14,32751.884184515427,17585.259397031103,0.0
2020-01-15,32825.896172564135,17585.259397031103,0.0
2020-01-16,33098.95532382653,17585.259397031103,0.0
2020-01-17,33201.988658846756,17585.259397031103,0.0
2020-01-21,33136.96674219073,17585.259397031103,0.0
2020-01-22,33140.96158347426,17585.259397031103,0.0
2020-01-23,33178.97635884794,17585.259397031103,0.0
2020-01-24,32883.91201043131,17585.259397031103,0.0
2020-01-27,32356.804452602846,17585.259397031103,0.0
2020-01-28,32695.875838318447,17585.259397031103,0.0
2020-01-29,32668.85862600765,17585.259397031103,0.0
2020-01-30,32774.88977049527,17585.259397031103,0.0
2020-01-31,32179.77591458131,17585.259397031103,0.0
2020-02-03,32418.815131753552,17585.259397031103,0.0
2020-02-04,32912.9199293649,17585.259397031103,0.0
2020-02-05,33292.99718590262,17585.259397031103,0.0
2020-02-06,33405.02394932501,17585.259397031103,0.0
2020-02-07,33226.988308458895,17585.259397031103,0.0
2020-02-10,33475.03102506175,17585.259397031103,0.0
2020-02-11,33533.053576947896,17585.259397031103,0.0
2020-02-12,33749.08720814029,17585.259397031103,0.0
2020-02-13,33713.08999546526,17585.259397031103,0.0
2020-02-14,33767.107635039436,17585.259397031103,0.0
2020-02-18,33680.083878238656,17585.259397031103,0.0
2020-02-19,33841.112909069176,17585.259397031103,0.0
2020-02-20,33702.0857183834,17585.259397031103,0.0
2020-02-21,33355.01793608178,17585.259397031103,0.0
2020-02-24,32248.772530463983,17585.259397031103,0.0
2020-02-25,31271.57056933262,17585.259397031103,0.0
2020-02-26,31156.54599644284,17520.576462516674,1.0
2020-02-27,29757.263876135523,16733.70395796255,1.0
2020-02-28,29632.221986951583,16663.38788439281,1.0
2020-03-02,30915.50264460987,17385.028110107745,1.0
2020-03-03,30030.316313378957,16887.25230396811,1.0
2020-03-04,31292.57873467071,17597.073131685298,1.0
2020-03-05,30252.362348553528,17012.117702652515,1.0
2020-03-06,29752.25521798844,16730.88738843489,1.0
2020-03-09,27428.768245241416,15424.29739703073,1.0
2020-03-10,28848.0581420612,16222.421077445993,1.0
2020-03-11,27441.759871936592,15431.60311021573,1.0
2020-03-12,24816.215900022024,13955.154343369724,1.0
2020-03-13,26937.65622158323,15148.125392497655,1.0
2020-03-16,23990.042438474433,13490.563842676891,1.0
2020-03-17,25285.319369516495,14218.950054455547,1.0
2020-03-18,24005.048270858788,13499.002224572745,1.0
2020-03-19,24056.05802993713,13527.68705967509,1.0
2020-03-20,23019.379931813935,12944.721352011044,1.0
2020-03-23,22430.81560139927,12613.748003575136,1.0
2020-03-24,24463.11892869081,13756.593742794874,1.0
2020-03-25,24829.33677158226,13962.532736130339,1.0
2020-03-26,26279.11670702192,14777.80218915614,1.0
2020-03-27,25496.377912656633,14337.636745322254,1.0
2020-03-30,26324.389336895594,14803.260806213739,1.0
2020-03-31,25932.01367612073,14582.612221886662,1.0
2020-04-01,24764.94932971832,13926.325093006746,1.0
2020-04-02,25336.406339812926,14247.678308525143,1.0
2020-04-03,24970.195210940437,14041.743090752047,1.0
2020-04-06,26647.3470770978,14984.872907311861,1.0
2020-04-07,26674.515354835276,15000.15072044008,1.0
2020-04-08,27569.933850967198,15503.680483630844,1.0
2020-04-09,27989.479467984278,15739.607824976727,1.0
2020-04-13,27733.925442665543,15595.899538396694,1.0
2020-04-14,28551.8725524776,16055.864031296285,1.0
2020-04-15,27945.208905440966,15714.712710602776,1.0
2020-04-16,28080.021370722145,15790.523171310742,1.0
2020-04-17,28838.61487438846,16217.110748973282,1.0
2020-04-20,28330.5382033132,15931.39884222305,1.0
2020-04-21,27470.326344123303,15447.667184207396,1.0
2020-04-22,28080.021370722145,15790.523171310742,1.0
2020-04-23,28078.012200547193,15789.393334271666,1.0
2020-04-24,28469.384115486948,16009.477472024499,1.0
2020-04-27,28879.859092883784,16240.304028609176,1.0
2020-04-28,28747.06251179652,16165.627180502655,1.0
2020-04-29,29499.620112414268,16588.820527595002,1.0
2020-04-30,29224.963024638466,16434.36982218313,1.0
2020-05-01,28451.26969232231,15999.291004751563,1.0
2020-05-04,28529.749859991505,16043.423553288756,1.0
2020-05-05,28793.345601524266,16191.654019696869,1.0
2020-05-06,28598.15564220535,16081.890870490499,1.0
2020-05-07,28943.239431903137,16275.94533737734,1.0
2020-05-08,29422.15040459915,16545.25620119442,1.0
2020-05-11,29428.193021666673,16548.65420732698,1.0
2020-05-12,28841.636182922222,16218.809752039559,1.0
2020-05-13,28331.548663167276,15931.96706435966,1.0
2020-05-14,28670.596549816506,16122.627300676313,1.0
2020-05-15,28802.396099087626,16196.74347777096,1.0
2020-05-18,29679.71024308335,16690.092437032345,1.0
2020-05-19,29374.866926045783,16518.666803207154,1.0
2020-05-20,29873.876314510275,16799.279812977362,1.0
2020-05-21,29667.64179399572,16683.30586367315,1.0
2020-05-22,29723.97241310296,16714.982831953334,1.0
2020-05-26,30090.188577489673,16920.920881398208,1.0
2020-05-27,30537.896147050888,17172.684819102993,1.0
2020-05-28,30481.565527943647,17141.007850822814,1.0
2020-05-29,30617.386774574155,17217.3855897768,1.0
2020-06-01,30741.13621510754,17286.974867590405,1.0
2020-06-02,30995.678102067464,17430.113988143235,1.0
2020-06-03,31408.160571134507,17662.069437876395,1.0
2020-06-04,31325.665420124893,17615.67910304224,1.0
2020-06-05,32128.5412358677,18067.168402312873,1.0
2020-06-08,32516.893520778427,18067.168402312873,0.0
2020-06-09,32274.423439915623,18067.168402312873,0.0
2020-06-10,32094.31988120862,18067.168402312873,0.0
2020-06-11,30244.12760429429,18067.168402312873,0.0
2020-06-12,30606.315357302654,18067.168402312873,0.0
2020-06-15,30892.04721935944,18067.168402312873,0.0
2020-06-16,31486.640738803697,18067.168402312873,0.0
2020-06-17,31355.865077424573,18067.168402312873,0.0
2020-06-18,31367.933526512206,18067.168402312873,0.0
2020-06-19,31188.66250615673,18067.168402312873,0.0
2020-06-22,31388.736914271893,18067.168402312873,0.0
2020-06-23,31533.252815460666,18067.168402312873,0.0
2020-06-24,30728.87641647942,18067.168402312873,0.0
2020-06-25,31058.306470962845,18067.168402312873,0.0
2020-06-26,30320.63385038809,18067.168402312873,0.0
2020-06-29,30766.26678808946,18067.168402312873,0.0
2020-06-30,31160.362916223825,18067.168402312873,0.0
2020-07-01,31378.635672740682,18067.168402312873,0.0
2020-07-02,31551.441092833913,18067.168402312873,0.0
2020-07-06,32038.506241561598,18067.168402312873,0.0
2020-07-07,31708.062370214626,18067.168402312873,0.0
2020-07-08,31950.592877248102,18067.168402312873,0.0
2020-07-09,31768.700032487217,18067.168402312873,0.0
2020-07-10,32093.074430690813,18067.168402312873,0.0
2020-07-13,31815.18454278388,18067.168402312873,0.0
2020-07-14,32227.47566231045,18067.168402312873,0.0
2020-07-15,32523.56389861908,18067.168402312873,0.0
2020-07-16,32416.44844006879,18067.168402312873,0.0
2020-07-17,32510.417849487738,18067.168402312873,0.0
2020-07-20,32773.160910612074,18067.168402312873,0.0
2020-07-21,32842.88264054285,18067.168402312873,0.0
2020-07-22,33029.82107055511,18067.168402312873,0.0
2020-07-23,32635.73165643971,18067.168402312873,0.0
2020-07-24,32425.539221745927,18067.168402312873,0.0
2020-07-27,32662.00361264551,18067.168402312873,0.0
2020-07-28,32454.842557513934,18067.168402312873,0.0
2020-07-29,32853.994341928126,18067.168402312873,0.0
2020-07-30,32736.78099885611,18067.168402312873,0.0
2020-07-31,32995.46879252624,18067.168402312873,0.0
2020-08-03,33224.85996444734,18067.168402312873,0.0
2020-08-04,33353.19507993309,18067.168402312873,0.0
2020-08-05,33560.35277805518,18067.168402312873,0.0
2020-08-06,33784.68493668697,18067.168402312873,0.0
2020-08-07,33808.94268720359,18067.168402312873,0.0
2020-08-10,33909.995386629475,18067.168402312873,0.0
2020-08-11,33630.084579014394,18067.168402312873,0.0
2020-08-12,34098.96145036884,18067.168402312873,0.0
2020-08-13,34037.31332824218,18067.168402312873,0.0
2020-08-14,34038.32378809625,18067.168402312873,0.0
2020-08-17,34146.45977752905,18067.168402312873,0.0
2020-08-18,34220.223346876104,18067.168402312873,0.0
2020-08-19,34077.73843642391,18067.168402312873,0.0
2020-08-20,34183.84343512013,18067.168402312873,0.0
2020-08-21,34305.112045646354,18067.168402312873,0.0
2020-08-24,34652.710235446124,18067.168402312873,0.0
2020-08-25,34773.9889170008,18067.168402312873,0.0
2020-08-26,35122.617708711536,18067.168402312873,0.0
2020-08-27,35199.4093006113,18067.168402312873,0.0
2020-08-28,35426.7728388053,18067.168402312873,0.0
2020-08-31,35298.437723319556,18067.168402312873,0.0
2020-09-01,35630.912585403115,18067.168402312873,0.0
2020-09-02,36146.27396705422,18067.168402312873,0.0
2020-09-03,34902.320675477065,18067.168402312873,0.0
2020-09-04,34617.357568591644,18067.168402312873,0.0
2020-09-08,33671.49664798383,18067.168402312873,0.0
2020-09-09,34336.42287308458,18067.168402312873,0.0
2020-09-10,33740.22470310795,18067.168402312873,0.0
2020-09-11,33757.402520627125,18067.168402312873,0.0
2020-09-14,34202.03171249339,18067.168402312873,0.0
2020-09-15,34374.82706155818,18067.168402312873,0.0
2020-09-16,34238.40826723989,18067.168402312873,0.0
2020-09-17,33937.277802689365,18067.168402312873,0.0
2020-09-18,33546.558826093846,18067.168402312873,0.0
2020-09-21,33173.20901655797,18067.168402312873,0.0
2020-09-22,33511.05173680318,18067.168402312873,0.0
2020-09-23,32733.90739873957,18067.168402312873,0.0
2020-09-24,32821.15607517564,18067.168402312873,0.0
2020-09-25,33351.77170791276,18067.168402312873,0.0
2020-09-28,33905.725270568444,18067.168402312873,0.0
2020-09-29,33721.069607003905,18067.168402312873,0.0
2020-09-30,33976.73944914977,18067.168402312873,0.0
2020-10-01,34194.86785425889,18067.168402312873,0.0
2020-10-02,33870.21146725882,18067.168402312873,0.0
2020-10-05,34470.83081872318,18067.168402312873,0.0
2020-10-06,33980.791359594485,18067.168402312873,0.0
2020-10-07,34572.29307330586,18067.168402312873,0.0
2020-10-08,34878.68397171461,18067.168402312873,0.0
2020-10-09,35190.167453507485,18067.168402312873,0.0
2020-10-12,35756.29017553526,18067.168402312873,0.0
2020-10-13,35522.93101840649,18067.168402312873,0.0
2020-10-14,35299.7335289796,18067.168402312873,0.0
2020-10-15,35256.10583375209,18067.168402312873,0.0
2020-10-16,35234.80225157959,18067.168402312873,0.0
2020-10-19,34699.110820505746,18067.168402312873,0.0
2020-10-20,34838.10779810619,18067.168402312873,0.0
2020-10-21,34772.16270384262,18067.168402312873,0.0
2020-10-22,34962.89119756001,18067.168402312873,0.0
2020-10-23,35081.60176686098,18067.168402312873,0.0
2020-10-26,34433.29609570541,18067.168402312873,0.0
2020-10-27,34314.59895444237,18067.168402312873,0.0
2020-10-28,33141.75719472151,18067.168402312873,0.0
2020-10-29,33478.59281212213,18067.168402312873,0.0
2020-10-30,33129.57796432097,18067.168402312873,0.0
2020-11-02,33500.91356816766,18067.168402312873,0.0
2020-11-03,34092.40856786007,18067.168402312873,0.0
2020-11-04,34854.349009979895,18067.168402312873,0.0
2020-11-05,35534.10314596244,18067.168402312873,0.0
2020-11-06,35525.98254002559,18067.168402312873,0.0
2020-11-09,35972.39430392677,18067.168402312873,0.0
2020-11-10,35919.62882888936,18067.168402312873,0.0
2020-11-11,36186.4674415817,18067.168402312873,0.0
2020-11-12,35835.42160304396,18067.168402312873,0.0
2020-11-13,36331.55067737292,18067.168402312873,0.0
2020-11-16,36785.05915931896,18067.168402312873,0.0
2020-11-17,36587.217162509296,18067.168402312873,0.0
2020-11-18,36146.89165679889,18067.168402312873,0.0
2020-11-19,36299.07161063499,18067.168402312873,0.0
2020-11-20,36050.51191457191,18067.168402312873,0.0
2020-11-23,36266.60932894446,18067.168402312873,0.0
2020-11-24,36850.99753956357,18067.168402312873,0.0
2020-11-25,36794.18686810041,18067.168402312873,0.0
2020-11-27,36896.652868518184,18067.168402312873,0.0
2020-11-30,36733.31757217355,18067.168402312873,0.0
2020-12-01,37135.07775295523,18067.168402312873,0.0
2020-12-02,37213.19872060985,18067.168402312873,0.0
2020-12-03,37203.05719496486,18067.168402312873,0.0
2020-12-04,37523.66167152021,18067.168402312873,0.0
2020-12-07,37446.54780671017,18067.168402312873,0.0
2020-12-08,37556.127310220225,18067.168402312873,0.0
2020-12-09,37219.28497880064,18067.168402312873,0.0
2020-12-10,37207.115819428545,18067.168402312873,0.0
2020-12-11,37163.48812420103,18067.168402312873,0.0
2020-12-14,36997.104663246784,18067.168402312873,0.0
2020-12-15,37497.28229101099,18067.168402312873,0.0
2020-12-16,37556.12731022022,18067.168402312873,0.0
2020-12-17,37766.12839537353,18067.168402312873,0.0
2020-12-18,37615.341600472464,18067.168402312873,0.0
2020-12-21,37480.84972959681,18067.168402312873,0.0
2020-12-22,37417.68423918431,18067.168402312873,0.0
2020-12-23,37451.304689146105,18067.168402312873,0.0
2020-12-24,37597.005614682006,18067.168402312873,0.0
2020-12-28,37919.99692497904,18067.168402312873,0.0
2020-12-29,37847.65337064285,18067.168402312873,0.0
2020-12-30,37901.64079713169,18067.168402312873,0.0
2020-12-31,38094.22236008312,18067.168402312873,0.0
2021-01-04,37575.604679234515,18067.168402312873,0.0
2021-01-05,37834.389826179635,18067.168402312873,0.0
2021-01-06,38060.588482083396,18067.168402312873,0.0
2021-01-07,38626.086800347526,18067.168402312873,0.0
2021-01-08,38846.15891394671,18067.168402312873,0.0
2021-01-11,38584.30546033508,18067.168402312873,0.0
2021-01-12,38592.45963636676,18067.168402312873,0.0
2021-01-13,38696.38593590919,18067.168402312873,0.0
2021-01-14,38560.870177141536,18067.168402312873,0.0
2021-01-15,38279.653492837984,18067.168402312873,0.0
2021-01-19,38580.21997979554,18067.168402312873,0.0
2021-01-20,39114.13555285342,18067.168402312873,0.0
2021-01-21,39149.78699355181,18067.168402312873,0.0
2021-01-22,39011.21971316507,18067.168402312873,0.0
2021-01-25,39165.078171742134,18067.168402312873,0.0
2021-01-26,39103.93360103777,18067.168402312873,0.0
2021-01-27,38148.22657161938,18067.168402312873,0.0
2021-01-28,38476.310465300536,18067.168402312873,0.0
2021-01-29,37706.021140599085,18067.168402312873,0.0
2021-02-01,38333.661061383726,18067.168402312873,0.0
2021-02-02,38875.707311406906,18067.168402312873,0.0
2021-02-03,38906.27623974961,18067.168402312873,0.0
2021-02-04,39348.47159974145,18067.168402312873,0.0
2021-02-05,39503.33380415361,18067.168402312873,0.0
2021-02-08,39788.632611987225,18067.168402312873,0.0
2021-02-09,39762.135736146134,18067.168402312873,0.0
2021-02-10,39744.81692422872,18067.168402312873,0.0
2021-02-11,39809.00630253323,18067.168402312873,0.0
2021-02-12,40005.6565609768,18067.168402312873,0.0
2021-02-16,39971.012223123005,18067.168402312873,0.0
2021-02-17,39980.18693003719,18067.168402312873,0.0
2021-02-18,39810.02347640627,18067.168402312873,0.0
2021-02-19,39739.72769785408,18067.168402312873,0.0
2021-02-22,39434.055199474475,18067.168402312873,0.0
2021-02-23,39481.95301076304,18067.168402312873,0.0
2021-02-24,39917.01136859626,18067.168402312873,0.0
2021-02-25,38955.18115388277,18067.168402312873,0.0
2021-02-26,38754.45884293758,18067.168402312873,0.0
2021-03-01,39693.87430534003,18067.168402312873,0.0
2021-03-02,39384.136468477765,18067.168402312873,0.0
2021-03-03,38862.460551991106,18067.168402312873,0.0
2021-03-04,38381.54880164385,18067.168402312873,0.0
2021-03-05,39087.63867701235,18067.168402312873,0.0
2021-03-08,38893.02612332433,18067.168402312873,0.0
2021-03-09,39448.33256080124,18067.168402312873,0.0
2021-03-10,39693.87430534003,18067.168402312873,0.0
2021-03-11,40096.33945811292,18067.168402312873,0.0
2021-03-12,40150.34366964916,18067.168402312873,0.0
2021-03-15,40389.78237094976,18067.168402312873,0.0
2021-03-16,40338.83975206105,18067.168402312873,0.0
2021-03-17,40476.37978754632,18067.168402312873,0.0
2021-03-18,39887.45961412657,18067.168402312873,0.0
2021-03-19,39813.672545713154,18067.168402312873,0.0
2021-03-22,40131.574629635536,18067.168402312873,0.0
2021-03-23,39815.71025046871,18067.168402312873,0.0
2021-03-24,39613.30607777306,18067.168402312873,0.0
2021-03-25,39836.15108120434,18067.168402312873,0.0
2021-03-26,40478.10529042004,18067.168402312873,0.0
2021-03-29,40457.66110267492,18067.168402312873,0.0
2021-03-30,40350.327438508306,18067.168402312873,0.0
2021-03-31,40513.88429747875,18067.168402312873,0.0
2021-04-01,40951.389915224296,18067.168402312873,0.0
2021-04-05,41539.17206242967,18067.168402312873,0.0
2021-04-06,41514.645751154494,18067.168402312873,0.0
2021-04-07,41562.684556841305,18067.168402312873,0.0
2021-04-08,41759.979361105405,18067.168402312873,0.0
2021-04-09,42063.57722762518,18067.168402312873,0.0
2021-04-12,42078.90533291979,18067.168402312873,0.0
2021-04-13,42203.62830620295,18067.168402312873,0.0
2021-04-14,42059.49510409513,18067.168402312873,0.0
2021-04-15,42511.31501027173,18067.168402312873,0.0
2021-04-16,42653.40379360505,18067.168402312873,0.0
2021-04-19,42443.84247669388,18067.168402312873,0.0
2021-04-20,42133.09417997755,18067.168402312873,0.0
2021-04-21,42531.76255502634,18067.168402312873,0.0
2021-04-22,42143.30955983114,18067.168402312873,0.0
2021-04-23,42600.255619486714,18067.168402312873,0.0
2021-04-26,42689.17608664479,18067.168402312873,0.0
2021-04-27,42679.98123767371,18067.168402312873,0.0
2021-04-28,42667.718082036125,18067.168402312873,0.0
2021-04-29,42939.62242203674,18067.168402312873,0.0
2021-04-30,42657.49598816357,18067.168402312873,0.0
2021-05-03,42749.49819002609,18067.168402312873,0.0
2021-05-04,42485.75809708561,18067.168402312873,0.0
2021-05-05,42499.045140615184,18067.168402312873,0.0
2021-05-06,42838.43208522209,18067.168402312873,0.0
2021-05-07,43150.20426983042,18067.168402312873,0.0
2021-05-10,42722.91738894795,18067.168402312873,0.0
2021-05-11,42341.63160899674,18067.168402312873,0.0
2021-05-12,41442.06720615459,18067.168402312873,0.0
2021-05-13,41939.89157027195,18067.168402312873,0.0
2021-05-14,42583.89355527165,18067.168402312873,0.0
2021-05-17,42475.53264620356,18067.168402312873,0.0
2021-05-18,42109.58168556592,18067.168402312873,0.0
2021-05-19,41999.17300071384,18067.168402312873,0.0
2021-05-20,42450.996263899935,18067.168402312873,0.0
2021-05-21,42416.244501742716,18067.168402312873,0.0
2021-05-24,42848.64410806621,18067.168402312873,0.0
2021-05-25,42753.587027575115,18067.168402312873,0.0
2021-05-26,42838.43208522209,18067.168402312873,0.0
2021-05-27,42860.91397772276,18067.168402312873,0.0
2021-05-28,42937.584717281185,18067.168402312873,0.0
2021-06-01,42899.761291447976,18067.168402312873,0.0
2021-06-02,42967.22711100687,18067.168402312873,0.0
2021-06-03,42807.75573257597,18067.168402312873,0.0
2021-06-04,43199.27703443767,18067.168402312873,0.0
2021-06-07,43157.35805703648,18067.168402312873,0.0
2021-06-08,43166.55962002651,18067.168402312873,0.0
2021-06-09,43102.162107134136,18067.168402312873,0.0
2021-06-10,43302.515147036305,18067.168402312873,0.0
2021-06-11,43374.06980414422,18067.168402312873,0.0
2021-06-14,43471.188088457246,18067.168402312873,0.0
2021-06-15,43391.4523992418,18067.168402312873,0.0
2021-06-16,43149.18373894792,18067.168402312873,0.0
2021-06-17,43134.88287855479,18067.168402312873,0.0
2021-06-18,42552.975497942854,18067.168402312873,0.0
2021-06-21,43162.15186657673,18067.168402312873,0.0
2021-06-22,43392.9059843475,18067.168402312873,0.0
2021-06-23,43340.60713362809,18067.168402312873,0.0
2021-06-24,43596.988661784126,18067.168402312873,0.0
2021-06-25,43751.85422320578,18067.168402312873,0.0
2021-06-28,43840.05293332525,18067.168402312873,0.0
2021-06-29,43863.64263895496,18067.168402312873,0.0
2021-06-30,43900.56974325649,18067.168402312873,0.0
2021-07-01,44143.6340147976,18067.168402312873,0.0
2021-07-02,44481.04032381015,18067.168402312873,0.0
2021-07-06,44400.02225697259,18067.168402312873,0.0
2021-07-07,44556.92888015928,18067.168402312873,0.0
2021-07-08,44193.88508973301,18067.168402312873,0.0
2021-07-09,44665.63891821349,18067.168402312873,0.0
2021-07-12,44825.630633114095,18067.168402312873,0.0
2021-07-13,44672.81284747644,18067.168402312873,0.0
2021-07-14,44739.48641279759,18067.168402312873,0.0
2021-07-15,44586.66527015046,18067.168402312873,0.0
2021-07-16,44236.94880736757,18067.168402312873,0.0
2021-07-19,43583.664691150254,18067.168402312873,0.0
2021-07-20,44208.232948258905,18067.168402312873,0.0
2021-07-21,44566.16065623465,18067.168402312873,0.0
2021-07-22,44659.48887684255,18067.168402312873,0.0
2021-07-23,45118.94262258114,18067.168402312873,0.0
2021-07-26,45229.70715043831,18067.168402312873,0.0
2021-07-27,45023.55991217029,18067.168402312873,0.0
2021-07-28,45005.09971702901,18067.168402312873,0.0
2021-07-29,45191.76287226375,18067.168402312873,0.0
2021-07-30,44972.27823532391,18067.168402312873,0.0
2021-08-02,44877.932840842994,18067.168402312873,0.0
2021-08-03,45243.03447808169,18067.168402312873,0.0
2021-08-04,45020.491605503776,18067.168402312873,0.0
2021-08-05,45305.602420806405,18067.168402312873,0.0
2021-08-06,45380.46037524457,18067.168402312873,0.0
2021-08-09,45343.54334197148,18067.168402312873,0.0
2021-08-10,45399.95452930629,18067.168402312873,0.0
2021-08-11,45512.7601189285,18067.168402312873,0.0
2021-08-12,45649.16548520887,18067.168402312873,0.0
2021-08-13,45732.23804184938,18067.168402312873,0.0
2021-08-16,45839.92083500212,18067.168402312873,0.0
2021-08-17,45539.42820225317,18067.168402312873,0.0
2021-08-18,45041.002933438554,18067.168402312873,0.0
2021-08-19,45110.73809140725,18067.168402312873,0.0
2021-08-20,45469.67961624657,18067.168402312873,0.0
2021-08-23,45869.657224993316,18067.168402312873,0.0
2021-08-24,45942.47411766645,18067.168402312873,0.0
2021-08-25,46038.890786997734,18067.168402312873,0.0
2021-08-26,45767.10729933848,18067.168402312873,0.0
2021-08-27,46176.30661313217,18067.168402312873,0.0
2021-08-30,46379.36875968627,18067.168402312873,0.0
2021-08-31,46310.65748960958,18067.168402312873,0.0
2021-09-01,46335.26436911232,18067.168402312873,0.0
2021-09-02,46477.833204801565,18067.168402312873,0.0
2021-09-03,46466.536867894785,18067.168402312873,0.0
2021-09-07,46300.39846863272,18067.168402312873,0.0
2021-09-08,46243.99399531688,18067.168402312873,0.0
2021-09-09,46046.05464523223,18067.168402312873,0.0
2021-09-10,45683.01085480598,18067.168402312873,0.0
2021-09-13,45799.90863898668,18067.168402312873,0.0
2021-09-14,45552.76224391551,18067.168402312873,0.0
2021-09-15,45933.245698600535,18067.168402312873,0.0
2021-09-16,45860.43216293688,18067.168402312873,0.0
2021-09-17,45413.70484014439,18067.168402312873,0.0
2021-09-20,44656.46085428983,18067.168402312873,0.0
2021-09-21,44614.276673139546,18067.168402312873,0.0
2021-09-22,45049.489453408925,18067.168402312873,0.0
2021-09-23,45596.83642140411,18067.168402312873,0.0
2021-09-24,45671.94279454394,18067.168402312873,0.0
2021-09-27,45541.27791447772,18067.168402312873,0.0
2021-09-28,44623.53866230028,18067.168402312873,0.0
2021-09-29,44698.6450354401,18067.168402312873,0.0
2021-09-30,44152.32531234639,18067.168402312873,0.0
2021-10-01,44677.03596540475,18067.168402312873,0.0
2021-10-04,44100.8791420354,18067.168402312873,0.0
2021-10-05,44559.75548214308,18067.168402312873,0.0
2021-10-06,44744.94491021525,18067.168402312873,0.0
2021-10-07,45131.796611887556,18067.168402312873,0.0
2021-10-08,45049.48945340893,18067.168402312873,0.0
2021-10-11,44723.332483170416,18067.168402312873,0.0
2021-10-12,44613.24607122859,18067.168402312873,0.0
2021-10-13,44773.74469456096,18067.168402312873,0.0
2021-10-14,45526.87634380013,18067.168402312873,0.0
2021-10-15,45873.59164010615,18067.168402312873,0.0
2021-10-18,46009.40952972717,18067.168402312873,0.0
2021-10-19,46364.359570292436,18067.168402312873,0.0
2021-10-20,46546.47397767913,18067.168402312873,0.0
2021-10-21,46667.87686858464,18067.168402312873,0.0
2021-10-22,46619.515789987556,18067.168402312873,0.0
2021-10-25,46869.529071156314,18067.168402312873,0.0
2021-10-26,46911.71325230659,18067.168402312873,0.0
2021-10-27,46703.88750929759,18067.168402312873,0.0
2021-10-28,47154.51903411759,18067.168402312873,0.0
2021-10-29,47250.21058940079,18067.168402312873,0.0
2021-11-01,47331.487145968444,18067.168402312873,0.0
2021-11-02,47522.860185506375,18067.168402312873,0.0
2021-11-03,47812.993086994,18067.168402312873,0.0
2021-11-04,48038.31220641347,18067.168402312873,0.0
2021-11-05,48204.987727192645,18067.168402312873,0.0
2021-11-08,48246.14466344144,18067.168402312873,0.0
2021-11-09,48086.669928001065,18067.168402312873,0.0
2021-11-10,47699.82494034774,18067.168402312873,0.0
2021-11-11,47715.25375592681,18067.168402312873,0.0
2021-11-12,48075.34337800894,18067.168402312873,0.0
2021-11-15,48091.81958054639,18067.168402312873,0.0
2021-11-16,48282.16201817337,18067.168402312873,0.0
2021-11-17,48164.86810687378,18067.168402312873,0.0
2021-11-18,48328.445107901105,18067.168402312873,0.0
2021-11-19,48242.03232682605,18067.168402312873,0.0
2021-11-22,48106.22115122398,18067.168402312873,0.0
2021-11-23,48170.00768839065,18067.168402312873,0.0
2021-11-24,48298.60800762547,18067.168402312873,0.0
2021-11-26,47221.4007340266,18067.168402312873,0.0
2021-11-29,47800.639292100386,18067.168402312873,0.0
2021-11-30,46870.563030076744,18067.168402312873,0.0
2021-12-01,46349.95799961482,18067.168402312873,0.0
2021-12-02,47059.87150878326,18067.168402312873,0.0
2021-12-03,46650.38349217412,18067.168402312873,0.0
2021-12-06,47202.88346972412,18067.168402312873,0.0
2021-12-07,48179.26632054189,18067.168402312873,0.0
2021-12-08,48306.84610889419,18067.168402312873,0.0
2021-12-09,47980.695852674646,18067.168402312873,0.0
2021-12-10,48432.36469342458,18067.168402312873,0.0
2021-12-13,48003.33552462097,18067.168402312873,0.0
2021-12-14,47673.069574776535,18067.168402312873,0.0
2021-12-15,48417.96983676594,18067.168402312873,0.0
2021-12-16,47990.98172972736,18067.168402312873,0.0
2021-12-17,47480.22280807602,18067.168402312873,0.0
2021-12-20,46975.34201002758,18067.168402312873,0.0
2021-12-21,47809.57900835084,18067.168402312873,0.0
2021-12-22,48287.61380157206,18067.168402312873,0.0
2021-12-23,48588.06950721671,18067.168402312873,0.0
2021-12-27,49275.68911641548,18067.168402312873,0.0
2021-12-28,49235.42178767941,18067.168402312873,0.0
2021-12-29,49298.40599957989,18067.168402312873,0.0
2021-12-30,49162.11477162191,18067.168402312873,0.0
2021-12-31,49038.21090865235,18067.168402312873,0.0
2022-01-03,49322.143413626814,18067.168402312873,0.0
2022-01-04,49305.63364099455,18067.168402312873,0.0
2022-01-05,48358.85961380765,18067.168402312873,0.0
2022-01-06,48313.42920448832,18067.168402312873,0.0
2022-01-07,48122.41200795548,18067.168402312873,0.0
2022-01-10,48062.53638683529,18067.168402312873,0.0
2022-01-11,48500.30720832993,18067.168402312873,0.0
2022-01-12,48631.4252846762,18067.168402312873,0.0
2022-01-13,47961.3561210491,18067.168402312873,0.0
2022-01-14,47980.97448446166,18067.168402312873,0.0
2022-01-18,47131.24488737917,18067.168402312873,0.0
2022-01-19,46641.85333108049,18067.168402312873,0.0
2022-01-20,46125.619126964084,18067.168402312873,0.0
2022-01-21,45220.14974444319,18067.168402312873,0.0
2022-01-24,45412.184114849064,18143.893431503682,1.0
2022-01-25,44857.74378581849,17922.373448703096,1.0
2022-01-26,44745.206756954845,17877.4106287331,1.0
2022-01-27,44524.25846388088,17789.133388570674,1.0
2022-01-28,45630.037245180676,18230.93403651972,1.0
2022-01-31,46451.88016449654,18559.2915167015,1.0
2022-02-01,46765.76390806901,18684.700001324425,1.0
2022-02-02,47220.04114518643,18866.20102223483,1.0
2022-02-03,46110.139956242776,18422.753315761092,1.0
2022-02-04,46326.949056625504,18509.376791134477,1.0
2022-02-07,46178.27382068858,18449.97538401605,1.0
2022-02-08,46558.22015385649,18601.778383872977,1.0
2022-02-09,47239.66286560846,18874.040645261543,1.0
2022-02-10,46390.96051342745,18534.951800864746,1.0
2022-02-11,45476.19221464153,18169.467099981077,1.0
2022-02-14,45327.51697870461,18110.065692862652,1.0
2022-02-15,46058.509150410275,18402.12484661637,1.0
2022-02-16,46110.13995624277,18422.753315761092,1.0
2022-02-17,45125.15980414172,18029.21631109577,1.0
2022-02-18,44832.96905584164,17912.475002520518,1.0
2022-02-22,44351.83909987805,17720.245299900842,1.0
2022-02-23,43565.09707170553,17405.91195973058,1.0
2022-02-24,44220.71095250334,17667.854621535305,1.0
2022-02-25,45196.395545348845,18057.677697002855,1.0
2022-02-28,45080.75663972386,18011.475559380735,1.0
2022-03-01,44394.170989445534,17737.15849859492,1.0
2022-03-02,45210.85754219712,18063.45581436797,1.0
2022-03-03,44985.77677045085,17973.527491922243,1.0
2022-03-04,44620.279006093275,17827.497244418948,1.0
2022-03-07,43304.90533778747,17301.955473514725,1.0
2022-03-08,42976.58981045205,17170.780942802514,1.0
2022-03-09,44128.82960298215,17631.14453047607,1.0
2022-03-10,43929.56423415214,17551.530442602707,1.0
2022-03-11,43370.9880694398,17328.35803626595,1.0
2022-03-14,43054.02259116288,17201.718281508118,1.0
2022-03-15,44000.799975359274,17579.991828509792,1.0
2022-03-16,44976.481211195314,17969.813562724474,1.0
2022-03-17,45539.17642654201,18194.63168633305,1.0
2022-03-18,46037.960895371216,18393.915037797466,1.0
2022-03-21,46024.50600136753,18388.53929629343,1.0
2022-03-22,46563.04753349155,18603.707105500427,1.0
2022-03-23,45963.38828673903,18364.120446537334,1.0
2022-03-24,46656.268329796025,18640.952356454898,1.0
2022-03-25,46884.10856333646,18731.983188759987,1.0
2022-03-28,47217.59724228356,18865.224590145273,1.0
2022-03-29,47801.71689214411,19098.6025895719,1.0
2022-03-30,47506.55183344303,18980.67293095359,1.0
2022-03-31,46775.36495518742,18688.535984533395,1.0
2022-04-01,46907.93997364887,18741.504742886016,1.0
2022-04-04,47309.76729462018,18902.05002895135,1.0
2022-04-05,46712.19275075595,18663.29628802069,1.0
2022-04-06,46245.10516545539,18476.677046157343,1.0
2022-04-07,46478.11855060751,18569.77474913551,1.0
2022-04-08,46353.83870257597,18520.12022662532,1.0
2022-04-11,45561.55089473927,18203.571136713377,1.0
2022-04-12,45392.73024490112,18136.120871120474,1.0
2022-04-13,45912.64037440027,18343.84472689748,1.0
2022-04-14,45340.955087660885,18115.43472810233,1.0
2022-04-18,45359.58649028575,18122.87868153232,1.0
2022-04-19,46091.81068447128,18415.430075089425,1.0
2022-04-20,46057.632970935476,18401.774779617226,1.0
2022-04-21,45368.915619636115,18126.60602325879,1.0
2022-04-22,44124.03243643245,17629.22788012445,1.0
2022-04-25,44379.849986995505,17731.43671385035,1.0
2022-04-26,43094.57190869545,17217.91927492808,1.0
2022-04-27,43215.72973790877,17266.32643226892,1.0
2022-04-28,44307.34193919472,17702.466993105438,1.0
2022-04-29,42669.94042231321,17048.262858115017,1.0
2022-05-02,42926.79193179672,17150.884797724957,1.0
2022-05-03,43123.56639959112,17229.503675968586,1.0
2022-05-04,44436.8050098664,17754.192410047322,1.0
2022-05-05,42857.39247477622,17123.157077137912,1.0
2022-05-06,42601.584995241596,17020.95226717062,1.0
2022-05-09,41237.59511561809,16475.986472199173,1.0
2022-05-10,41332.873758735,16514.05391116312,1.0
2022-05-11,40676.25277509262,16251.708873497315,1.0
2022-05-12,40633.79331916482,16234.744707194166,1.0
2022-05-13,41605.261508101,16622.883169056662,1.0
2022-05-16,41436.444215272335,16555.434244716627,1.0
2022-05-17,42288.80570778868,16895.985054742014,1.0
2022-05-18,40584.072651727554,16214.87941093263,1.0
2022-05-19,40335.516312673964,16115.57170716512,1.0
2022-05-20,40353.127184416306,16122.607919722544,1.0
2022-05-23,41108.13540195589,16424.262396510163,1.0
2022-05-24,40794.32215558254,16298.882078197514,1.0
2022-05-25,41154.73405057494,16442.880327602354,1.0
2022-05-26,41977.07716430361,16771.437654461806,1.0
2022-05-27,43007.568293951575,17183.158024289354,1.0
2022-05-31,42766.25302435056,17086.74340296301,1.0
2022-06-01,42420.33333929177,16948.53534219912,1.0
2022-06-02,43228.17417205838,17271.29845665901,1.0
2022-06-03,42518.72728720793,16987.84746382667,1.0
2022-06-06,42648.180286851166,17039.56885700995,1.0
2022-06-07,43057.275533350905,17203.01795553941,1.0
2022-06-08,42589.1539891299,17015.985607792023,1.0
2022-06-09,41576.26030318637,16611.29608551042,1.0
2022-06-10,40370.73134213969,16129.641449774235,1.0
2022-06-13,38837.93088370648,15517.229412968489,1.0
2022-06-14,38720.89881914649,15470.470655405208,1.0
2022-06-15,39272.91538733108,15691.022253633462,1.0
2022-06-16,37973.13502806897,15171.71060231163,1.0
2022-06-17,38054.9957042865,15204.417053553114,1.0
2022-06-21,39012.97878613365,15587.167702635741,1.0
2022-06-22,38942.249953358296,15558.908845912065,1.0
2022-06-23,39323.98221557061,15711.425392295976,1.0
2022-06-24,40574.24668497386,16210.953563781359,1.0
2022-06-27,40419.25355719189,16149.027918761085,1.0
2022-06-28,39593.38222649768,15819.060935134983,1.0
2022-06-29,39561.138150423474,15806.17820131606,1.0
2022-06-30,39239.727991592445,15677.762627757991,1.0
2022-07-01,39654.745002818374,15843.577696350612,1.0
2022-07-05,39729.643241370315,15873.502389139161,1.0
2022-07-06,39863.81955335467,15927.110925110901,1.0
2022-07-07,40460.87376074919,16165.65677184667,1.0
2022-07-08,40427.58901173559,16152.358249637964,1.0
2022-07-11,39965.75514627429,15967.838068516588,1.0
2022-07-12,39612.10091136907,15826.539761139598,1.0
2022-07-13,39404.07039078166,15743.423662021962,1.0
2022-07-14,39308.385549517436,15705.193931460715,1.0
2022-07-15,40059.37542670711,16005.24292856262,1.0
2022-07-18,39728.60592544039,15873.087942002247,1.0
2022-07-19,40802.04327739102,16301.96695979913,1.0
2022-07-20,41062.077231863426,16405.860407130087,1.0
2022-07-21,41480.21626190756,16572.92284089205,1.0
2022-07-22,41095.35862386754,16419.15758808592,1.0
2022-07-25,41145.29078290217,16439.107383278286,1.0
2022-07-26,40658.500908952,16244.616328319336,1.0
2022-07-27,41714.2501779422,16666.42828474278,1.0
2022-07-28,42237.45353374316,16875.46790958552,1.0
2022-07-29,42853.216354980636,17121.488558567296,1.0
2022-08-01,42726.31468254369,17070.786517565426,1.0
2022-08-02,42444.44338139115,16958.168220313375,1.0
2022-08-03,43109.104402742814,17223.72555860347,1.0
2022-08-04,43079.96891744892,17212.084824942416,1.0
2022-08-05,43007.15538178526,17182.993050186305,1.0
2022-08-08,42957.22657976012,17163.04459624681,1.0
2022-08-09,42786.65021396291,17094.892855402755,1.0
2022-08-10,43685.33508032077,17453.95161378497,1.0
2022-08-11,43685.33508032077,17453.95161378497,1.0
2022-08-12,44424.88762620542,17749.43096235787,1.0
2022-08-15,44607.95542428499,17749.43096235787,0.0
2022-08-16,44695.32831007189,17749.43096235787,0.0
2022-08-17,44378.07412897953,17749.43096235787,0.0
2022-08-18,44507.053790285805,17749.43096235787,0.0
2022-08-19,43908.97569499928,17749.43096235787,0.0
2022-08-22,42994.68073455031,17749.43096235787,0.0
2022-08-23,42890.657081732905,17749.43096235787,0.0
2022-08-24,43027.962126554434,17749.43096235787,0.0
2022-08-25,43635.406278295624,17749.43096235787,0.0
2022-08-26,42158.39931745254,17749.43096235787,0.0
2022-08-29,41879.64332109926,17749.43096235787,0.0
2022-08-30,41419.88073048833,17749.43096235787,0.0
2022-08-31,41104.72132331271,17749.43096235787,0.0
2022-09-01,41233.69762760951,17749.43096235787,0.0
2022-09-02,40798.914544553816,17749.43096235787,0.0
2022-09-06,40644.97551774918,17749.43096235787,0.0
2022-09-07,41375.16200717918,17749.43096235787,0.0
2022-09-08,41645.599334036175,17749.43096235787,0.0
2022-09-09,42292.57898644637,17749.43096235787,0.0
2022-09-12,42747.12142731286,17749.43096235787,0.0
2022-09-13,40888.375490238504,17749.43096235787,0.0
2022-09-14,41044.39250591247,17749.43096235787,0.0
2022-09-15,40578.402662712506,17749.43096235787,0.0
2022-09-16,40268.83939034332,17749.43096235787,0.0
2022-09-19,40581.11512637393,17749.43096235787,0.0
2022-09-20,40115.30320467653,17749.43096235787,0.0
2022-09-21,39415.541292181515,17749.43096235787,0.0
2022-09-22,39084.45623202349,17749.43096235787,0.0
2022-09-23,38429.607749387585,17749.43096235787,0.0
2022-09-26,38049.43985359386,17573.84333043355,1.0
2022-09-27,37952.29807021446,17528.976586310186,1.0
2022-09-28,38699.064829475836,17873.884739547964,1.0
2022-09-29,37890.6868751921,17500.52030698282,1.0
2022-09-30,37304.75779722077,17229.898036099617,1.0
2022-10-03,38289.640596046855,17684.784522523772,1.0
2022-10-04,39476.121885292916,18232.78303109397,1.0
2022-10-05,39384.21032268641,18190.33196196609,1.0
2022-10-06,38977.9349641515,18002.68611153095,1.0
2022-10-07,37890.68687519211,17500.52030698282,1.0
2022-10-10,37601.37644102755,17366.89688799345,1.0
2022-10-11,37363.24361641543,17256.91080231993,1.0
2022-10-12,37240.00779833279,17199.992041675476,1.0
2022-10-13,38222.81260828954,17653.91877019064,1.0
2022-10-14,37351.74921594922,17251.601899120622,1.0
2022-10-17,38311.5887240399,17694.921674719182,1.0
2022-10-18,38761.72341145658,17902.824774073408,1.0
2022-10-19,38487.0428246144,17775.958422882693,1.0
2022-10-20,38164.3234320854,17626.904453472904,1.0
2022-10-21,39091.76444166572,18055.26037837738,1.0
2022-10-24,39570.118150787726,18276.196959125704,1.0
2022-10-25,40201.99126052912,18568.039337831844,1.0
2022-10-26,39899.11850805746,18428.151909226468,1.0
2022-10-27,39686.04240221867,18329.73873636826,1.0
2022-10-28,40630.201319019136,18765.81613847267,1.0
2022-10-31,40336.71812206851,18630.26545117818,1.0
2022-11-01,40160.219991545135,18548.746498314034,1.0
2022-11-02,39152.3483917866,18083.24220549126,1.0
2022-11-03,38749.19505206992,17897.038317665752,1.0
2022-11-04,39306.92525039281,18154.63641013944,1.0
2022-11-07,39682.91702639098,18328.295223261208,1.0
2022-11-08,39897.02037713124,18427.182848332908,1.0
2022-11-09,39075.0599624835,18047.545103167176,1.0
2022-11-10,41222.39121967431,19039.33008706228,1.0
2022-11-11,41621.36508258595,19223.603605587807,1.0
2022-11-14,41267.3046495334,19060.074192174292,1.0
2022-11-15,41619.27702268817,19222.639196186527,1.0
2022-11-16,41301.77442289414,19075.9946997825,1.0
2022-11-17,41175.39644393638,19017.62467354384,1.0
2022-11-18,41362.35165899606,19103.97342590152,1.0
2022-11-21,41211.95763420438,19034.511141050756,1.0
2022-11-22,41766.53224361423,19290.651765940518,1.0
2022-11-23,42029.73857204709,19412.21851691651,1.0
2022-11-25,42020.335588488124,19407.875573615904,1.0
2022-11-28,41349.82329960941,19098.186969493865,1.0
2022-11-29,41278.79569299015,19065.38154487617,1.0
2022-11-30,42579.099745731444,19665.951219297935,1.0
2022-12-01,42547.77213324582,19651.481977283933,1.0
2022-12-02,42498.675869572195,19628.805952374503,1.0
2022-12-05,41734.16731519868,19275.703420220736,1.0
2022-12-06,41132.5643599561,18997.841876838243,1.0
2022-12-07,41062.60428235211,18965.529510403197,1.0
2022-12-08,41384.27964493222,19114.101275112353,1.0
2022-12-09,41075.12928472929,18971.314416313424,1.0
2022-12-12,41667.32589940343,19244.831465897885,1.0
2022-12-13,41982.7370822902,19390.510002403207,1.0
2022-12-14,41714.31731813186,19266.53532891889,1.0
2022-12-15,40693.91400197719,18795.243029191035,1.0
2022-12-16,40213.48901800482,18573.349791528584,1.0
2022-12-19,39872.48735183708,18415.851813116624,1.0
2022-12-20,39927.04211292837,18441.048946846753,1.0
2022-12-21,40524.052679199645,18716.789409745415,1.0
2022-12-22,39945.93200528335,18449.773595883704,1.0
2022-12-23,40175.709233294874,18555.90049345469,1.0
2022-12-27,40017.281884812866,18482.727868254642,1.0
2022-12-28,39519.95435809883,18253.02787603363,1.0
2022-12-29,40231.31138134452,18581.581382382883,1.0
2022-12-30,40125.340663027586,18532.6368300194,1.0
2023-01-03,39956.415945895504,18454.615799356667,1.0
2023-01-04,40264.88819018306,18597.08945767479,1.0
2023-01-05,39805.33037715053,18384.834112035383,1.0
2023-01-06,40718.14825342743,18806.436070136067,1.0
2023-01-09,40695.072170248466,18795.77795080428,1.0
2023-01-10,40980.45826032862,18927.588838298325,1.0
2023-01-11,41498.77381032384,19166.982540449848,1.0
2023-01-12,41649.85602205932,19236.762677273706,1.0
2023-01-13,41811.44231646384,19311.394320555104,1.0
2023-01-17,41734.85214513299,19276.019721696393,1.0
2023-01-18,41075.93160999547,18971.68498519912,1.0
2023-01-19,40776.91270440909,18833.577527643047,1.0
2023-01-20,41536.5502380243,19184.430288026317,1.0
2023-01-23,42034.92850870618,19414.615585942825,1.0
2023-01-24,41989.82037229712,19393.781551979886,1.0
2023-01-25,42005.55467573906,19401.048733432912,1.0
2023-01-26,42467.21061969781,19614.27313996588,1.0
2023-01-27,42564.78545730038,19659.339898257673,1.0
2023-01-30,42030.72217582529,19412.672812663404,1.0
2023-01-31,42648.72076537776,19698.106985492574,1.0
2023-02-01,43101.980828622145,19907.45359795386,1.0
2023-02-02,43729.415971828384,20197.246219057928,1.0
2023-02-03,43264.61115297556,19982.567445935892,1.0
2023-02-06,43000.213086176605,19860.450268372362,1.0
2023-02-07,43562.589385622516,20120.194249288757,1.0
2023-02-08,43086.239811161235,19900.18331550597,1.0
2023-02-09,42712.72550816075,19727.66876948732,1.0
2023-02-10,42812.40183369903,19773.70613917011,1.0
2023-02-13,43314.97972324284,20005.831109371185,1.0
2023-02-14,43295.042443929495,19996.622705136167,1.0
2023-02-15,43435.63400103385,20061.557537492197,1.0
2023-02-16,42837.582761823185,19785.33642039033,1.0
2023-02-17,42730.5612995384,19735.90656233135,1.0
2023-02-21,41873.34557131115,19339.985493158856,1.0
2023-02-22,41815.638578316306,19313.33244234224,1.0
2023-02-23,42038.07402659078,19416.06840203446,1.0
2023-02-24,41589.00686818937,19208.65836086288,1.0
2023-02-27,41730.65588328056,19274.081599909267,1.0
2023-02-28,41576.42143964151,19202.845545998916,1.0
2023-03-01,41416.936633172685,19129.184514108514,1.0
2023-03-02,41739.04840698544,19277.957843483524,1.0
2023-03-03,42408.45288273511,19587.13478345376,1.0
2023-03-06,42437.830072711724,19600.70318646111,1.0
2023-03-07,41787.30877529806,19300.247794532956,1.0
2023-03-08,41855.50642292402,19331.746149817405,1.0
2023-03-09,41083.28010375149,18975.079024072744,1.0
2023-03-10,40490.47587036111,18701.281334453506,1.0
2023-03-13,40432.7621633473,18674.625182642027,1.0
2023-03-14,41101.122609148086,18983.319917911627,1.0
2023-03-15,40844.06296507669,18864.59212772943,1.0
2023-03-16,41560.673708161645,19195.572162556175,1.0
2023-03-17,41074.71972957249,18971.125255627,1.0
2023-03-20,41469.681966153206,19153.545929724034,1.0
2023-03-21,42014.20233216459,19405.042814811834,1.0
2023-03-22,41298.004501245916,19074.253491168944,1.0
2023-03-23,41409.648565587355,19125.818384188624,1.0
2023-03-24,41681.38169810438,19251.32339863606,1.0
2023-03-27,41759.314673228015,19287.31819646665,1.0
2023-03-28,41665.5802544728,19244.025207234437,1.0
2023-03-29,42271.184765017875,19523.734943553143,1.0
2023-03-30,42518.69371711309,19638.051568547828,1.0
2023-03-31,43117.98369282261,19914.844819201255,1.0
2023-04-03,43282.28580789803,19990.730814903287,1.0
2023-04-04,43042.15220563467,19879.82063276166,1.0
2023-04-05,42929.4506833064,19827.76733305162,1.0
2023-04-06,43096.91845832332,19905.11544782986,1.0
2023-04-10,43141.15377226707,19925.546352461075,1.0
2023-04-11,43152.73881198931,19930.897119090987,1.0
2023-04-12,42976.85165719164,19849.660356759043,1.0
2023-04-13,43547.69433455105,20113.31469219315,1.0
2023-04-14,43441.320775096276,20064.184080138104,1.0
2023-04-17,43597.19343936251,20136.17677679415,1.0
2023-04-18,43625.63402369366,20149.31259101861,1.0
2023-04-19,43618.26203087128,20145.90769866298,1.0
2023-04-20,43380.236630562584,20035.971228907205,1.0
2023-04-21,43413.937648751955,20051.53667260401,1.0
2023-04-24,43459.223706663564,20072.452882930724,1.0
2023-04-25,42769.358258121356,19753.825661126437,1.0
2023-04-26,42588.20731245598,19670.157718824717,1.0
2023-04-27,43436.05362721909,20061.751349670903,1.0
2023-04-28,43806.78832636851,20232.982083817755,1.0
2023-05-01,43762.54965541527,20212.549628689107,1.0
2023-05-02,43270.69741116631,19985.378497775942,1.0
2023-05-03,42973.69271126911,19848.201338677693,1.0
2023-05-04,42669.30930453057,19707.61618622895,1.0
2023-05-05,43459.22370666354,20072.452882930724,1.0
2023-05-08,43470.81210339526,20077.805200058065,1.0
2023-05-09,43280.1708919244,19989.75400152257,1.0
2023-05-10,43482.397143117494,20083.155966687977,1.0
2023-05-11,43406.56565592957,20048.13178024838,1.0
2023-05-12,43349.691201286245,20021.863252794323,1.0
2023-05-15,43499.24597370744,20090.93791328766,1.0
2023-05-16,43208.5558086458,19956.677239854682,1.0
2023-05-17,43733.065041135225,20198.93160976401,1.0
2023-05-18,44154.349589063975,20393.509734207357,1.0
2023-05-19,44090.106498607754,20363.837864895097,1.0
2023-05-22,44108.01278718451,20372.10821818514,1.0
2023-05-23,43612.99488299407,20143.474968195766,1.0
2023-05-24,43297.02307952382,19997.537498619688,1.0
2023-05-25,43671.97753959205,20170.717208035672,1.0
2023-05-26,44237.55642608376,20431.940363500005,1.0
2023-05-30,44254.405256673694,20439.72231009969,1.0
2023-05-31,44009.00114952366,20326.37784699343,1.0
2023-06-01,44427.13682255832,20519.50160484771,1.0
2023-06-02,45069.60465422477,20816.237353442,1.0
2023-06-05,44983.242228291936,20776.34925656542,1.0
2023-06-06,45081.18633693752,20821.586569574476,1.0
2023-06-07,44925.3103156618,20749.592322421006,1.0
2023-06-08,45197.04680518831,20875.098887365868,1.0
2023-06-09,45278.13536922498,20912.55115278038,1.0
2023-06-12,45688.902406446745,21102.27156877646,1.0
2023-06-13,45990.12351025329,21102.27156877646,0.0
2023-06-14,46044.88976294194,21102.27156877646,0.0
2023-06-15,46615.73915432031,21102.27156877646,0.0
2023-06-16,46456.9593198427,21102.27156877646,0.0
2023-06-20,46215.929396047664,21102.27156877646,0.0
2023-06-21,45979.125947190405,21102.27156877646,0.0
2023-06-22,46145.09985298784,21102.27156877646,0.0
2023-06-23,45796.242784632326,21102.27156877646,0.0
2023-06-26,45609.136504145965,21102.27156877646,0.0
2023-06-27,46109.16306648349,21102.27156877646,0.0
2023-06-28,46132.417071165,21102.27156877646,0.0
2023-06-29,46314.239418726764,21102.27156877646,0.0
2023-06-30,46860.78406145577,21102.27156877646,0.0
2023-07-03,46914.704347754974,21102.27156877646,0.0
2023-07-05,46844.92890567249,21102.27156877646,0.0
2023-07-06,46478.10176556006,21102.27156877646,0.0
2023-07-07,46360.75078509929,21102.27156877646,0.0
2023-07-10,46478.10176556006,21102.27156877646,0.0
2023-07-11,46774.09936261267,21102.27156877646,0.0
2023-07-12,47150.43691058749,21102.27156877646,0.0
2023-07-13,47524.666256607634,21102.27156877646,0.0
2023-07-14,47495.067504005216,21102.27156877646,0.0
2023-07-17,47659.977237796884,21102.27156877646,0.0
2023-07-18,48014.118239077005,21102.27156877646,0.0
2023-07-19,48120.88792565064,21102.27156877646,0.0
2023-07-20,47801.62960989755,21102.27156877646,0.0
2023-07-21,47801.62960989755,21102.27156877646,0.0
2023-07-24,48015.172340054334,21102.27156877646,0.0
2023-07-25,48146.26020331527,21102.27156877646,0.0
2023-07-26,48153.66240922299,21102.27156877646,0.0
2023-07-27,47834.407450479375,21102.27156877646,0.0
2023-07-28,48302.72034424085,21102.27156877646,0.0
2023-07-31,48394.68897600854,21102.27156877646,0.0
2023-08-01,48256.20562085884,21102.27156877646,0.0
2023-08-02,47584.92457680876,21102.27156877646,0.0
2023-08-03,47448.55278062321,21102.27156877646,0.0
2023-08-04,47233.949235470136,21102.27156877646,0.0
2023-08-07,47646.236997987224,21102.27156877646,0.0
2023-08-08,47439.03901575134,21102.27156877646,0.0
2023-08-09,47121.89561597189,21102.27156877646,0.0
2023-08-10,47138.80822974199,21102.27156877646,0.0
2023-08-11,47111.32103610372,21102.27156877646,0.0
2023-08-14,47371.38184665197,21102.27156877646,0.0
2023-08-15,46819.553270998375,21102.27156877646,0.0
2023-08-16,46475.98684958643,21102.27156877646,0.0
2023-08-17,46121.8492053158,21102.27156877646,0.0
2023-08-18,46144.0457520105,21102.27156877646,0.0
2023-08-21,46444.2698240009,21102.27156877646,0.0
2023-08-22,46318.47932170248,21102.27156877646,0.0
2023-08-23,46834.36103982328,21102.27156877646,0.0
2023-08-24,46185.276542467895,21102.27156877646,0.0
2023-08-25,46510.86617810396,21102.27156877646,0.0
2023-08-28,46805.813031188714,21102.27156877646,0.0
2023-08-29,47482.378008163396,21102.27156877646,0.0
2023-08-30,47677.95402357275,21102.27156877646,0.0
2023-08-31,47608.1752244808,21102.27156877646,0.0
2023-09-01,47696.97819630701,21102.27156877646,0.0
2023-09-05,47490.84102906744,21102.27156877646,0.0
2023-09-06,47171.57935630485,21102.27156877646,0.0
2023-09-07,47026.75796725322,21102.27156877646,0.0
2023-09-08,47097.57743928459,21102.27156877646,0.0
2023-09-11,47407.32534717529,21102.27156877646,0.0
2023-09-12,47147.26789363651,21102.27156877646,0.0
2023-09-13,47202.24563792252,21102.27156877646,0.0
2023-09-14,47609.2326824676,21102.27156877646,0.0
2023-09-15,47035.62047228558,21102.27156877646,0.0
2023-09-18,47063.208376208306,21102.27156877646,0.0
2023-09-19,46965.61003953936,21102.27156877646,0.0
2023-09-20,46533.84155099847,21102.27156877646,0.0
2023-09-21,45764.707037558816,21102.27156877646,0.0
2023-09-22,45661.80798291787,21102.27156877646,0.0
2023-09-25,45853.82556827632,21102.27156877646,0.0
2023-09-26,45180.16776151301,21102.27156877646,0.0
2023-09-27,45198.204973459564,21102.27156877646,0.0
2023-09-28,45460.239705583204,21102.27156877646,0.0
2023-09-29,45349.90823194921,21102.27156877646,0.0
2023-10-02,45331.87102000265,21102.27156877646,0.0
2023-10-03,44725.06134305355,21102.27156877646,0.0
2023-10-04,45050.75504598357,21255.94104984777,1.0
2023-10-05,45033.77529202383,21247.92962697948,1.0
2023-10-06,45568.446192215146,21500.199164392012,1.0
2023-10-09,45860.187101244635,21637.848967549144,1.0
2023-10-10,46098.88054644023,21750.469805865483,1.0
2023-10-11,46287.71568680981,21839.566394984544,1.0
2023-10-12,46005.52882676596,21706.424403113127,1.0
2023-10-13,45776.37264550861,21598.303456526486,1.0
2023-10-16,46258.01286691346,21825.55194865425,1.0
2023-10-17,46255.887879911366,21824.549332862305,1.0
2023-10-18,45639.52415397663,21533.735316307844,1.0
2023-10-19,45238.522657337875,21344.533955204046,1.0
2023-10-20,44682.62538619214,21082.249347250545,1.0
2023-10-23,44605.175820433906,21045.706931870092,1.0
2023-10-24,44941.47767332689,21204.381572345075,1.0
2023-10-25,44296.46187146363,20900.04887366708,1.0
2023-10-26,43766.03087424803,20649.779816104812,1.0
2023-10-27,43567.65846994021,20556.183335256053,1.0
2023-10-30,44088.53541817017,20801.944581532603,1.0
2023-10-31,44365.42827426096,20932.588745435794,1.0
2023-11-01,44838.56854765748,21155.8267743958,1.0
2023-11-02,45697.87233578251,21561.265276939273,1.0
2023-11-03,46114.7927713847,21757.977544970996,1.0
2023-11-06,46220.884342043006,21808.033890741382,1.0
2023-11-07,46352.42204457452,21870.09628343577,1.0
2023-11-08,46386.371481465576,21886.114377438742,1.0
2023-11-09,46024.623496699336,21715.433690039747,1.0
2023-11-10,46742.82210526926,22054.295652958303,1.0
2023-11-13,46698.274589443696,22033.27715128527,1.0
2023-11-14,47604.250880396365,22460.736771293716,1.0
2023-11-15,47705.038376073164,22508.290537362256,1.0
2023-11-16,47763.38320086959,22535.818914082483,1.0
2023-11-17,47822.79219767178,22563.849390654275,1.0
2023-11-20,48190.91514344423,22737.53792542908,1.0
2023-11-21,48085.88103077276,22737.53792542908,0.0
2023-11-22,48271.53708316292,22737.53792542908,0.0
2023-11-24,48301.23654604979,22737.53792542908,0.0
2023-11-27,48214.24635934383,22737.53792542908,0.0
2023-11-28,48261.98303417726,22737.53792542908,0.0
2023-11-29,48228.03359728622,22737.53792542908,0.0
2023-11-30,48417.93626667106,22737.53792542908,0.0
2023-12-01,48704.36974370957,22737.53792542908,0.0
2023-12-04,48448.69990156371,22737.53792542908,0.0
2023-12-05,48439.14585257806,22737.53792542908,0.0
2023-12-06,48243.95253624967,22737.53792542908,0.0
2023-12-07,48612.07548202213,22737.53792542908,0.0
2023-12-08,48821.06275031189,22737.53792542908,0.0
2023-12-11,49010.9519916588,22737.53792542908,0.0
2023-12-12,49234.80074092519,22737.53792542908,0.0
2023-12-13,49913.74919463206,22737.53792542908,0.0
2023-12-14,50073.949044120534,22737.53792542908,0.0
2023-12-15,49991.497534234186,22737.53792542908,0.0
2023-12-18,50272.707504518774,22737.53792542908,0.0
2023-12-19,50578.40350196477,22737.53792542908,0.0
2023-12-20,49877.530419331226,22737.53792542908,0.0
2023-12-21,50350.45920113039,22737.53792542908,0.0
2023-12-22,50451.66296598296,22737.53792542908,0.0
2023-12-26,50664.68535967004,22737.53792542908,0.0
2023-12-27,50756.29479142317,22737.53792542908,0.0
2023-12-28,50775.46331556515,22737.53792542908,0.0
2023-12-29,50628.473298388184,22737.53792542908,0.0
2024-01-02,50345.13498409203,22737.53792542908,0.0
2024-01-03,49933.98524778932,22737.53792542908,0.0
2024-01-04,49773.13749547084,22737.53792542908,0.0
2024-01-05,49841.31164403043,22737.53792542908,0.0
2024-01-08,50552.84994578814,22737.53792542908,0.0
2024-01-09,50476.15570716335,22737.53792542908,0.0
2024-01-10,50761.625722480545,22737.53792542908,0.0
2024-01-11,50739.24454026434,22737.53792542908,0.0
2024-01-12,50774.402500568875,22737.53792542908,0.0
2024-01-16,50587.99112104528,22737.53792542908,0.0
2024-01-17,50306.79457879861,22737.53792542908,0.0
2024-01-18,50754.15973339268,22737.53792542908,0.0
2024-01-19,51386.868738495075,22737.53792542908,0.0
2024-01-22,51495.52506439758,22737.53792542908,0.0
2024-01-23,51645.700883572936,22737.53792542908,0.0
2024-01-24,51702.16914006894,22737.53792542908,0.0
2024-01-25,51983.362325306116,22737.53792542908,0.0
2024-01-26,51917.32659178655,22737.53792542908,0.0
2024-01-29,52328.47632808924,22737.53792542908,0.0
2024-01-30,52288.00086476528,22737.53792542908,0.0
2024-01-31,51434.80011987845,22737.53792542908,0.0
2024-02-01,52107.9845883048,22737.53792542908,0.0
2024-02-02,52656.54679373245,22737.53792542908,0.0
2024-02-05,52464.81791118943,22737.53792542908,0.0
2024-02-06,52617.14221643324,22737.53792542908,0.0
2024-02-07,53055.99063797157,22737.53792542908,0.0
2024-02-08,53079.42592116511,22737.53792542908,0.0
2024-02-09,53386.192804635844,22737.53792542908,0.0
2024-02-12,53362.75752144229,22737.53792542908,0.0
2024-02-13,52627.787293500514,22737.53792542908,0.0
2024-02-14,53106.053720375996,22737.53792542908,0.0
2024-02-15,53472.47130533162,22737.53792542908,0.0
2024-02-16,53206.18324219433,22737.53792542908,0.0
2024-02-20,52913.25395180823,22737.53792542908,0.0
2024-02-21,52961.18869020109,22737.53792542908,0.0
2024-02-22,54057.24892905063,22737.53792542908,0.0
2024-02-23,54094.52851934777,22737.53792542908,0.0
2024-02-26,53896.404533741625,22737.53792542908,0.0
2024-02-27,53996.52734154099,22737.53792542908,0.0
2024-02-28,53925.17074799251,22737.53792542908,0.0
2024-02-29,54119.02461753761,22737.53792542908,0.0
2024-03-01,54627.10800263183,22737.53792542908,0.0
2024-03-04,54568.52818717168,22737.53792542908,0.0
2024-03-05,54023.16185477084,22737.53792542908,0.0
2024-03-06,54296.90919297704,22737.53792542908,0.0
2024-03-07,54835.883779324235,22737.53792542908,0.0
2024-03-08,54506.745784665734,22737.53792542908,0.0
2024-03-11,54459.87521827865,22737.53792542908,0.0
2024-03-12,55045.72708503189,22737.53792542908,0.0
2024-03-13,54959.44187031714,22737.53792542908,0.0
2024-03-14,54850.79561544308,22737.53792542908,0.0
2024-03-15,54474.16265063385,22737.53792542908,0.0
2024-03-18,54797.90928806433,22737.53792542908,0.0
2024-03-19,55102.42026116318,22737.53792542908,0.0
2024-03-20,55612.088154732875,22737.53792542908,0.0
2024-03-21,55795.87099583211,22737.53792542908,0.0
2024-03-22,55690.08827004616,22737.53792542908,0.0
2024-03-25,55536.22645445961,22737.53792542908,0.0
2024-03-26,55433.649672728934,22737.53792542908,0.0
2024-03-27,55899.50523554962,22737.53792542908,0.0
2024-03-28,55888.826588387514,22737.53792542908,0.0
2024-04-01,55791.5941657521,22737.53792542908,0.0
2024-04-02,55436.86568781266,22737.53792542908,0.0
2024-04-03,55497.758482805875,22737.53792542908,0.0
2024-04-04,54820.34753944173,22737.53792542908,0.0
2024-04-05,55393.039929025705,22737.53792542908,0.0
2024-04-08,55424.02512654416,22737.53792542908,0.0
2024-04-09,55488.13729363058,22737.53792542908,0.0
2024-04-10,54932.535439319254,22737.53792542908,0.0
2024-04-11,55347.102611274604,22737.53792542908,0.0
2024-04-12,54583.147963465606,22737.53792542908,0.0
2024-04-15,53899.32177498145,22737.53792542908,0.0
2024-04-16,53801.01510931182,22737.53792542908,0.0
2024-04-17,53482.61283097661,22737.53792542908,0.0
2024-04-18,53372.55998912961,22737.53792542908,0.0
2024-04-19,52906.70442630894,22737.53792542908,0.0
2024-04-22,53393.927354482286,22737.53792542908,0.0
2024-04-23,54027.539395135325,22737.53792542908,0.0
2024-04-24,54001.89184269317,22737.53792542908,0.0
2024-04-25,53796.73827923181,22737.53792542908,0.0
2024-04-26,54306.406172801515,22737.53792542908,0.0
2024-04-29,54498.73260303233,22737.53792542908,0.0
2024-04-30,53635.400403528954,22737.53792542908,0.0
2024-05-01,53461.238751605015,22737.53792542908,0.0
2024-05-02,53961.292170018394,22737.53792542908,0.0
2024-05-03,54630.156167241475,22737.53792542908,0.0
2024-05-06,55194.31503872232,22737.53792542908,0.0
2024-05-07,55255.22461876295,22737.53792542908,0.0
2024-05-08,55260.555549820296,22737.53792542908,0.0
2024-05-09,55578.96789918393,22737.53792542908,0.0
2024-05-10,55650.55612638667,22737.53792542908,0.0
2024-05-13,55658.028829493516,22737.53792542908,0.0
2024-05-14,55913.396540786,22737.53792542908,0.0
2024-05-15,56605.78646045863,22737.53792542908,0.0
2024-05-16,56489.30494545368,22737.53792542908,0.0
2024-05-17,56570.51100482223,22737.53792542908,0.0
2024-05-20,56635.67727288598,22737.53792542908,0.0
2024-05-21,56774.583611230395,22737.53792542908,0.0
2024-05-22,56611.09724945908,22737.53792542908,0.0
2024-05-23,56197.61774857589,22737.53792542908,0.0
2024-05-24,56569.44347580695,22737.53792542908,0.0
2024-05-28,56608.962191428545,22737.53792542908,0.0
2024-05-29,56212.566511799036,22737.53792542908,0.0
2024-05-30,55839.67325555271,22737.53792542908,0.0
2024-05-31,56348.27026309767,22737.53792542908,0.0
2024-06-03,56394.21429486774,22737.53792542908,0.0
2024-06-04,56457.25221891993,22737.53792542908,0.0
2024-06-05,57128.251274173526,22737.53792542908,0.0
2024-06-06,57127.190459177225,22737.53792542908,0.0
2024-06-07,57057.74064701449,22737.53792542908,0.0
2024-06-10,57234.037356968955,22737.53792542908,0.0
2024-06-11,57371.86945227915,22737.53792542908,0.0
2024-06-12,57843.06601718562,22737.53792542908,0.0
2024-06-13,57959.54081817161,22737.53792542908,0.0
2024-06-14,57994.80284577008,22737.53792542908,0.0
2024-06-17,58456.371507482305,22737.53792542908,0.0
2024-06-18,58604.8856069641,22737.53792542908,0.0
2024-06-20,58445.67607527279,22737.53792542908,0.0
2024-06-21,58367.32347396392,22737.53792542908,0.0
2024-06-24,58177.59872608163,22737.53792542908,0.0
2024-06-25,58401.6388248885,22737.53792542908,0.0
2024-06-26,58474.52621476076,22737.53792542908,0.0
2024-06-27,58566.7096951353,22737.53792542908,0.0
2024-06-28,58336.24428017998,22737.53792542908,0.0
2024-07-01,58456.30436729269,22737.53792542908,0.0
2024-07-02,58849.705594464285,22737.53792542908,0.0
2024-07-03,59112.3244462378,22737.53792542908,0.0
2024-07-05,59453.18847501676,22737.53792542908,0.0
2024-07-08,59521.79232079004,22737.53792542908,0.0
2024-07-09,59579.67387827795,22737.53792542908,0.0
2024-07-10,60169.23859751824,22737.53792542908,0.0
2024-07-11,59650.42621011969,22737.53792542908,0.0
2024-07-12,60026.67983285745,22737.53792542908,0.0
2024-07-15,60191.74398908528,22737.53792542908,0.0
2024-07-16,60548.68809328283,22737.53792542908,0.0
2024-07-17,59699.73396539067,22737.53792542908,0.0
2024-07-18,59240.944907529505,22737.53792542908,0.0
2024-07-19,58847.55039437687,22737.53792542908,0.0
2024-07-22,59454.26943206995,22737.53792542908,0.0
2024-07-23,59361.011708661186,22737.53792542908,0.0
2024-07-24,58015.74387091856,22737.53792542908,0.0
2024-07-25,57713.451881087276,22737.53792542908,0.0
2024-07-26,58359.823914781235,22737.53792542908,0.0
2024-07-29,58394.13255168684,22737.53792542908,0.0
2024-07-30,58098.27259202299,22737.53792542908,0.0
2024-07-31,59042.64635743029,22737.53792542908,0.0
2024-08-01,58206.54957585404,22737.53792542908,0.0
2024-08-02,57122.833060869656,22737.53792542908,0.0
2024-08-05,55459.20322890562,22737.53792542908,0.0
2024-08-06,55970.509343102516,22737.53792542908,0.0
2024-08-07,55596.4075634427,22737.53792542908,0.0
2024-08-08,56881.65207164793,22737.53792542908,0.0
2024-08-09,57132.46767808287,22737.53792542908,0.0
2024-08-12,57162.49277088948,22737.53792542908,0.0
2024-08-13,58102.562850140916,22737.53792542908,0.0
2024-08-14,58285.8689958937,22737.53792542908,0.0
2024-08-15,59284.90158968624,22737.53792542908,0.0
2024-08-16,59417.80559507692,22737.53792542908,0.0
2024-08-19,59985.932451765424,22737.53792542908,0.0
2024-08-20,59888.384470238714,22737.53792542908,0.0
2024-08-21,60094.20272157751,22737.53792542908,0.0
2024-08-22,59622.54960338149,22737.53792542908,0.0
2024-08-23,60256.05757674059,22737.53792542908,0.0
2024-08-26,60112.4178550266,22737.53792542908,0.0
2024-08-27,60194.96000416897,22737.53792542908,0.0
2024-08-28,59845.50874513516,22737.53792542908,0.0
2024-08-29,59850.87324628733,22737.53792542908,0.0
2024-08-30,60422.20940404059,22737.53792542908,0.0
2024-09-03,59178.78651996158,22737.53792542908,0.0
2024-09-04,59057.64547579567,22737.53792542908,0.0
2024-09-05,58914.00575408169,22737.53792542908,0.0
2024-09-06,57922.47943349082,22737.53792542908,0.0
2024-09-09,58570.993239234274,22737.53792542908,0.0
2024-09-10,58826.11253182509,22737.53792542908,0.0
2024-09-11,59429.59541237757,22737.53792542908,0.0
2024-09-12,59930.20609436495,22737.53792542908,0.0
2024-09-13,60243.193516405736,22737.53792542908,0.0
2024-09-16,60332.167695715536,22737.53792542908,0.0
2024-09-17,60356.81485933206,22737.53792542908,0.0
2024-09-18,60177.8191137541,22737.53792542908,0.0
2024-09-19,61204.714886246875,22737.53792542908,0.0
2024-09-20,61098.91537541351,22737.53792542908,0.0
2024-09-23,61251.59888067189,22737.53792542908,0.0
2024-09-24,61426.848203667985,22737.53792542908,0.0
2024-09-25,61291.36601499516,22737.53792542908,0.0
2024-09-26,61534.37321737507,22737.53792542908,0.0
2024-09-27,61445.12376328776,22737.53792542908,0.0
2024-09-30,61691.36040878931,22737.53792542908,0.0
2024-10-01,61138.695937774704,22737.53792542908,0.0
2024-10-02,61164.49791265302,22737.53792542908,0.0
2024-10-03,61052.68935484696,22737.53792542908,0.0
2024-10-04,61607.4687418352,22737.53792542908,0.0
2024-10-07,61050.53415475954,22737.53792542908,0.0
2024-10-08,61627.912929580314,22737.53792542908,0.0
2024-10-09,62054.7701132491,22737.53792542908,0.0
2024-10-10,61946.17757052675,22737.53792542908,0.0
2024-10-11,62317.12711828301,22737.53792542908,0.0
2024-10-14,62826.77486979582,22737.53792542908,0.0
2024-10-15,62338.63212102443,22737.53792542908,0.0
2024-10-16,62609.58978435112,22737.53792542908,0.0
2024-10-17,62614.960999522256,22737.53792542908,0.0
2024-10-18,62855.81300181476,22737.53792542908,0.0
2024-10-21,62752.59167426354,22737.53792542908,0.0
2024-10-22,62719.256570107704,22737.53792542908,0.0
2024-10-23,62146.1613393859,22737.53792542908,0.0
2024-10-24,62280.57599904347,22737.53792542908,0.0
2024-10-25,62259.057568264114,22737.53792542908,0.0
2024-10-28,62451.535063921605,22737.53792542908,0.0
2024-10-29,62552.607905404366,22737.53792542908,0.0
2024-10-30,62363.366566887475,22737.53792542908,0.0
2024-10-31,61140.85785188106,22737.53792542908,0.0
2024-11-01,61398.88431468325,22737.53792542908,0.0
2024-11-04,61266.638283151035,22737.53792542908,0.0
2024-11-05,62007.46313562935,22737.53792542908,0.0
2024-11-06,63549.324162654346,22737.53792542908,0.0
2024-11-07,64040.68964052843,22737.53792542908,0.0
2024-11-08,64318.099476079435,22737.53792542908,0.0
2024-11-11,64379.39175520102,22737.53792542908,0.0
2024-11-12,64179.39455830394,22737.53792542908,0.0
2024-11-13,64210.57446237236,22737.53792542908,0.0
2024-11-14,63797.68915216748,22737.53792542908,0.0
2024-11-15,62980.53933210739,22737.53792542908,0.0
2024-11-18,63238.57922294751,22737.53792542908,0.0
2024-11-19,63469.75632391302,22737.53792542908,0.0
2024-11-20,63491.26132665443,22737.53792542908,0.0
2024-11-21,63832.105213376504,22737.53792542908,0.0
2024-11-22,64029.94721018616,22737.53792542908,0.0
2024-11-25,64247.125581611894,22737.53792542908,0.0
2024-11-26,64582.59153914387,22737.53792542908,0.0
2024-11-27,64386.91145644059,22737.53792542908,0.0
2024-11-29,64786.87899415889,22737.53792542908,0.0
2024-12-02,64903.01138017771,22737.53792542908,0.0
2024-12-03,64933.11032719294,22737.53792542908,0.0
2024-12-04,65336.32073607081,22737.53792542908,0.0
2024-12-05,65228.802436382684,22737.53792542908,0.0
2024-12-06,65352.45452364109,22737.53792542908,0.0
2024-12-09,65015.90760905592,22737.53792542908,0.0
2024-12-10,64813.768640109345,22737.53792542908,0.0
2024-12-11,65314.80901931042,22737.53792542908,0.0
2024-12-12,64978.275532763175,22737.53792542908,0.0
2024-12-13,64965.37118831453,22737.53792542908,0.0
2024-12-16,65242.78102386555,22737.53792542908,0.0
2024-12-17,64973.965132588346,22737.53792542908,0.0
2024-12-18,63037.521211054096,22737.53792542908,0.0
2024-12-19,63018.157980362164,22737.53792542908,0.0
2024-12-20,63775.08305031594,22737.53792542908,0.0
2024-12-23,64156.98316300234,22737.53792542908,0.0
2024-12-24,64870.08583117866,22737.53792542908,0.0
2024-12-26,64874.39623135349,22737.53792542908,0.0
2024-12-27,64191.50664851479,22737.53792542908,0.0
2024-12-30,63458.97360945691,22737.53792542908,0.0
2024-12-31,63228.11206738272,22737.53792542908,0.0
2025-01-02,63072.75638257671,22737.53792542908,0.0
2025-01-03,63861.37162204016,22737.53792542908,0.0
2025-01-06,64229.25957714889,22737.53792542908,0.0
2025-01-07,63503.21228041015,22737.53792542908,0.0
2025-01-08,63595.99330847249,22737.53792542908,0.0
2025-01-10,62625.04545600602,22737.53792542908,0.0
2025-01-13,62722.13017022421,22737.53792542908,0.0
2025-01-14,62808.44559802429,22737.53792542908,0.0
2025-01-15,63950.92320698085,22737.53792542908,0.0
2025-01-16,63827.93580759987,22737.53792542908,0.0
2025-01-17,64468.75534761068,22737.53792542908,0.0
2025-01-21,65058.87733042496,22737.53792542908,0.0
2025-01-22,65424.616799465235,22737.53792542908,0.0
2025-01-23,65781.6884700231,22737.53792542908,0.0
2025-01-24,65589.66752765514,22737.53792542908,0.0
2025-01-27,64661.86396105078,22737.53792542908,0.0
2025-01-28,65217.46917237159,22737.53792542908,0.0
2025-01-29,64925.100502568974,22737.53792542908,0.0
2025-01-30,65273.5648008151,22737.53792542908,0.0
2025-01-31,64926.18145962217,22737.53792542908,0.0
2025-02-03,64489.253247507506,22737.53792542908,0.0
2025-02-04,64921.8777734663,22737.53792542908,0.0
2025-02-05,65185.10088694657,22737.53792542908,0.0
2025-02-06,65411.65202884593,22737.53792542908,0.0
2025-02-07,64812.915959700935,22737.53792542908,0.0
2025-02-10,65253.06690091827,22737.53792542908,0.0
2025-02-11,65302.69692909952,22737.53792542908,0.0
2025-02-12,65092.31985888423,22737.53792542908,0.0
2025-02-13,65779.53326993568,22737.53792542908,0.0
2025-02-14,65776.30382681404,22737.53792542908,0.0
2025-02-18,65969.41244025415,22737.53792542908,0.0
2025-02-19,66124.76141104118,22737.53792542908,0.0
2025-02-20,65849.66791203272,22737.53792542908,0.0
2025-02-21,64723.36437476024,22737.53792542908,0.0
2025-02-24,64428.84050487021,22737.53792542908,0.0
2025-02-25,64108.42737785532,22737.53792542908,0.0
2025-02-26,64140.795663280354,22737.53792542908,0.0
2025-02-27,63116.98833951097,22737.53792542908,0.0
2025-02-28,64101.96177759306,22737.53792542908,0.0
2025-03-03,62978.88768344221,22737.53792542908,0.0
2025-03-04,62233.43015787881,22737.53792542908,0.0
2025-03-05,62902.29415510188,22737.53792542908,0.0
2025-03-06,61785.71251728914,22737.53792542908,0.0
2025-03-07,62132.014901428876,22737.53792542908,0.0
2025-03-10,60477.08308103259,22737.53792542908,0.0
2025-03-11,59974.35076905262,22737.53792542908,0.0
2025-03-12,60292.60869598009,22858.196200021288,1.0
2025-03-13,59488.8734858099,22553.483275430906,1.0
2025-03-14,60717.66652256654,23019.34456308947,1.0
2025-03-17,61185.88206305303,23196.854923311337,1.0
2025-03-18,60524.551195107466,22946.130480306136,1.0
2025-03-19,61183.72686296561,23196.03784162398,1.0
2025-03-20,61006.79232120958,23128.958235060363,1.0
2025-03-21,61026.91423604443,23136.586876234847,1.0
2025-03-24,62119.822242990405,23550.931290776836,1.0
2025-03-25,62269.14873876683,23607.544106379668,1.0
2025-03-26,61525.7591310443,23325.709469035286,1.0
2025-03-27,61362.36005151952,23263.761440919374,1.0
2025-03-28,60126.631433173156,22795.270728391522,1.0
2025-03-31,60530.25139720783,22948.291546825032,1.0
2025-04-01,60701.21046208598,23013.105724411238,1.0
2025-04-02,61085.353057106346,23158.742262548727,1.0
2025-04-03,58075.02194435088,22017.462415969774,1.0
2025-04-04,54675.13673729015,20728.49441804459,1.0
2025-04-07,54577.74653520908,20691.57174385157,1.0
2025-04-08,53722.90756969506,20367.484310652722,1.0
2025-04-09,59364.858841527435,22506.46671515934,1.0
2025-04-10,56763.54576405363,21520.254209371018,1.0
2025-04-11,57776.36223877908,21904.234239338304,1.0
2025-04-14,58336.86868394355,22116.734022844932,1.0
2025-04-15,58173.47631843773,22054.788540154834,1.0
2025-04-16,56880.39655010161,21564.55480029551,1.0
2025-04-17,56961.555611337404,21595.323907575174,1.0
2025-04-21,55605.723264755055,21081.29934531435,1.0
2025-04-22,57052.45671408984,21629.786427715757,1.0
2025-04-23,57936.511733125335,21964.950281358633,1.0
2025-04-24,59156.012567635924,22427.288699686043,1.0
2025-04-25,59583.44044291664,22589.33559806774,1.0
2025-04-28,59606.15396907156,22597.946773607706,1.0
2025-04-29,59981.64219364742,22740.302257866675,1.0
2025-04-30,60005.44339087449,22749.32579238904,1.0
2025-05-01,60430.689209991935,22910.545427380108,1.0
2025-05-02,61327.7358557226,23250.63467997949,1.0
2025-05-05,60976.06225641173,23117.30782109452,1.0
2025-05-06,60466.40779087996,22924.08709272821,1.0
2025-05-07,60720.701259138215,23020.495095558887,1.0
2025-05-08,61143.77845013031,23180.892558010964,1.0
2025-05-09,61065.87568809202,23151.357982252695,1.0
2025-05-12,63083.941938170574,23916.449347291153,1.0
2025-05-13,63500.54681488147,24074.393019255345,1.0
2025-05-14,63581.70587611727,24105.162126535008,1.0
2025-05-15,63892.25610927416,24222.898252288942,1.0
2025-05-16,64296.96374438099,24376.331429704856,1.0
2025-05-19,64367.286379009034,24402.99221971538,1.0
2025-05-20,64150.866691726216,24320.942963920155,1.0
2025-05-21,63069.87606844119,23911.116680203893,1.0
2025-05-22,63094.77165075939,23920.555119134486,1.0
2025-05-23,62664.094190300144,23757.276234657213,1.0
2025-05-27,63966.92942819084,24251.208478229088,1.0
2025-05-28,63596.845988880916,24110.902061753055,1.0
2025-05-29,63847.8965859796,24206.08062391397,1.0
2025-05-30,63776.47956626044,24179.004929495226,1.0
2025-06-02,64135.733292981575,24315.20557412794,1.0
2025-06-03,64501.47276202185,24453.865100100178,1.0
2025-06-04,64484.16402113288,24447.30299234315,1.0
2025-06-05,64172.5126888659,24329.149416755172,1.0
2025-06-06,64831.50707821201,24578.988051575947,1.0
2025-06-09,64889.91904319807,24601.133256186557,1.0
2025-06-10,65257.84056840161,24740.620045549418,1.0
2025-06-11,65071.72124870293,24670.05829646772,1.0
2025-06-12,65330.33854517396,24768.10555352475,1.0
2025-06-13,64599.940564146615,24491.196315136865,1.0
2025-06-16,65214.56200216023,24724.212230731027,1.0
2025-06-17,64657.278286098444,24512.934251616705,1.0
2025-06-18,64647.54967261973,24509.24592960742,1.0
2025-06-20,64495.71213375081,24451.681124748913,1.0
2025-06-23,65132.76510912287,24693.201307998715,1.0
2025-06-24,65852.31323550454,24965.997138265826,1.0
2025-06-25,65889.20676971125,24979.98425313195,1.0
2025-06-26,66404.70914576059,25175.42204738514,1.0
2025-06-27,66734.63603764735,25300.504272047834,1.0
2025-06-30,67053.70636086946,25300.504272047834,0.0
2025-07-01,67032.00665157809,25300.504272047834,0.0
2025-07-02,67335.88314988484,25300.504272047834,0.0
2025-07-03,67866.5860648685,25300.504272047834,0.0
2025-07-07,67360.83915837372,25300.504272047834,0.0
2025-07-08,67323.94562416701,25300.504272047834,0.0
2025-07-09,67727.66629848615,25300.504272047834,0.0
2025-07-10,67918.6801380095,25300.504272047834,0.0
2025-07-11,67679.91619561477,25300.504272047834,0.0
2025-07-14,67809.0536363667,25300.504272047834,0.0
2025-07-15,67519.29000592207,25300.504272047834,0.0
2025-07-16,67745.0287515268,25300.504272047834,0.0
2025-07-17,68159.59928049162,25300.504272047834,0.0
2025-07-18,68109.68726351389,25300.504272047834,0.0
2025-07-21,68238.82470426582,25300.504272047834,0.0
2025-07-22,68248.58688783935,25300.504272047834,0.0
2025-07-23,68829.2286758766,25300.504272047834,0.0
2025-07-24,68852.00934222116,25300.504272047834,0.0
2025-07-25,69142.86064373792,25300.504272047834,0.0
2025-07-28,69125.49819069724,25300.504272047834,0.0
2025-07-29,68943.17900573215,25300.504272047834,0.0
2025-07-30,68856.35331249081,25300.504272047834,0.0
2025-07-31,68598.05828893006,25300.504272047834,0.0
2025-08-01,67473.70853117607,25300.504272047834,0.0
2025-08-04,68499.29506997089,25300.504272047834,0.0
2025-08-05,68151.99901102448,25300.504272047834,0.0
2025-08-06,68674.02741350676,25300.504272047834,0.0
2025-08-07,68616.50169902394,25300.504272047834,0.0
2025-08-08,69151.54858427723,25300.504272047834,0.0
2025-08-11,69014.79073200126,25300.504272047834,0.0
2025-08-12,69749.53268329827,25300.504272047834,0.0
2025-08-13,69988.296625693,25300.504272047834,0.0
2025-08-14,69994.80922408799,25300.504272047834,0.0
2025-08-15,69830.92002117884,25300.504272047834,0.0
2025-08-18,69815.73291028247,25300.504272047834,0.0
2025-08-19,69436.9682444522,25300.504272047834,0.0
2025-08-20,69252.48043136176,25300.504272047834,0.0
2025-08-21,68974.64761261603,25300.504272047834,0.0
2025-08-22,70033.86467240108,25300.504272047834,0.0
2025-08-25,69725.65763186259,25300.504272047834,0.0
2025-08-26,70017.59660445152,25300.504272047834,0.0
2025-08-27,70177.12840905308,25300.504272047834,0.0
2025-08-28,70425.65453502134,25300.504272047834,0.0
2025-08-29,70005.65907873369,25300.504272047834,0.0
2025-09-02,69486.89368946788,25300.504272047834,0.0
2025-09-03,69863.48301315383,25300.504272047834,0.0
2025-09-04,70447.36095833169,25300.504272047834,0.0
2025-09-05,70243.32863603729,25300.504272047834,0.0
2025-09-08,70415.89235144781,25300.504272047834,0.0
2025-09-09,70578.68045524688,25300.504272047834,0.0
2025-09-10,70782.71277754128,25300.504272047834,0.0
2025-09-11,71370.93469298878,25300.504272047834,0.0
2025-09-12,71347.05292753414,25300.504272047834,0.0
2025-09-15,71726.8985504176,25300.504272047834,0.0
2025-09-16,71628.14204547738,25300.504272047834,0.0
2025-09-17,71539.14772411069,25300.504272047834,0.0
2025-09-18,71873.41187224814,25300.504272047834,0.0
2025-09-19,72229.39587173384,25300.504272047834,0.0
2025-09-22,72571.11929494019,25300.504272047834,0.0
2025-09-23,72176.07313312242,25300.504272047834,0.0
2025-09-24,71946.43354249967,25300.504272047834,0.0
2025-09-25,71614.51258698064,25300.504272047834,0.0
2025-09-26,72024.79957184648,25300.504272047834,0.0
2025-09-29,72227.22052958953,25300.504272047834,0.0
2025-09-30,72499.28600604527,25300.504272047834,0.0
2025-10-01,72746.32833382249,25300.504272047834,0.0
2025-10-02,72830.11257647318,25300.504272047834,0.0
2025-10-03,72829.04504745793,25300.504272047834,0.0
2025-10-06,73090.22709917316,25300.504272047834,0.0
2025-10-07,72819.24257977061,25300.504272047834,0.0
2025-10-08,73253.4650422428,25300.504272047834,0.0
2025-10-09,73041.2483308314,25300.504272047834,0.0
2025-10-10,71067.10519281476,25300.504272047834,0.0
2025-10-13,72157.56258283892,25300.504272047834,0.0
2025-10-14,72069.40751384273,25300.504272047834,0.0
2025-10-15,72389.36408756807,25300.504272047834,0.0
2025-10-16,71896.37381710473,25300.504272047834,0.0
2025-10-17,72304.48545982626,25300.504272047834,0.0
2025-10-20,73056.48915387949,25300.504272047834,0.0
2025-10-21,73055.40148280734,25300.504272047834,0.0
2025-10-22,72675.5894300187,25300.504272047834,0.0
2025-10-23,73106.54887927444,25300.504272047834,0.0
2025-10-24,73704.01599883525,25300.504272047834,0.0
2025-10-27,74573.55530887077,25300.504272047834,0.0
2025-10-28,74771.61886830624,25300.504272047834,0.0
2025-10-29,74807.54558378214,25300.504272047834,0.0
2025-10-30,73984.79627190615,25300.504272047834,0.0
2025-10-31,74227.47448735683,25300.504272047834,0.0
2025-11-03,74366.78366683908,25300.504272047834,0.0
2025-11-04,73485.2732609909,25300.504272047834,0.0
2025-11-05,73739.92928627321,25300.504272047834,0.0
2025-11-06,72948.74929156555,25300.504272047834,0.0
2025-11-07,73020.56915242253,25300.504272047834,0.0
2025-11-10,74160.00531078843,25300.504272047834,0.0
2025-11-11,74329.77599430997,25300.504272047834,0.0
2025-11-12,74371.14106514663,25300.504272047834,0.0
2025-11-13,73137.02381135161,25300.504272047834,0.0
2025-11-14,73125.04600152,25300.504272047834,0.0
2025-11-17,72443.78121127056,25300.504272047834,0.0
2025-11-18,71835.43066696925,25300.504272047834,0.0
2025-11-19,72112.94792682369,25300.504272047834,0.0
2025-11-20,71013.78245420333,25300.504272047834,0.0
2025-11-21,71721.16477822239,25300.504272047834,0.0
2025-11-24,72776.79655188072,25300.504272047834,0.0
2025-11-25,73461.33106936558,25300.504272047834,0.0
2025-11-26,73968.47449180485,25300.504272047834,0.0
2025-11-28,74372.22202219984,25300.504272047834,0.0
2025-12-01,74032.67394113781,25300.504272047834,0.0
2025-12-02,74169.8010644568,25300.504272047834,0.0
2025-12-03,74426.63914590237,25300.504272047834,0.0
2025-12-04,74481.04955558594,25300.504272047834,0.0
2025-12-05,74622.5340772125,25300.504272047834,0.0
2025-12-08,74398.34626998845,25300.504272047834,0.0
2025-12-09,74334.12667859861,25300.504272047834,0.0
2025-12-10,74827.13037709988,25300.504272047834,0.0
2025-12-11,75001.24503089106,25300.504272047834,0.0
2025-12-12,74194.83764117323,25300.504272047834,0.0
2025-12-15,74082.74038055172,25300.504272047834,0.0
2025-12-16,73880.31942280868,25300.504272047834,0.0
2025-12-17,73067.36586460103,25300.504272047834,0.0
2025-12-18,73619.13065707448,25300.504272047834,0.0
2025-12-19,74286.3698617083,25300.504272047834,0.0
2025-12-22,74749.16718889092,25300.504272047834,0.0
2025-12-23,75090.80332985074,25300.504272047834,0.0
2025-12-24,75354.94626392904,25300.504272047834,0.0
2025-12-26,75347.29899632915,25300.504272047834,0.0
2025-12-29,75078.79194992429,25300.504272047834,0.0
2025-12-30,74987.11202097202,25300.504272047834,0.0
2025-12-31,74431.53366572708,25300.504272047834,0.0
2026-01-02,74567.97595911176,25300.504272047834,0.0
2026-01-05,75064.60522785354,25300.504272047834,0.0
2026-01-06,75511.02706278316,25300.504272047834,0.0
2026-01-07,75267.62373328439,25300.504272047834,0.0
2026-01-08,75259.98317970344,25300.504272047834,0.0
2026-01-09,75757.70683353634,25300.504272047834,0.0
2026-01-12,75876.67253555794,25300.504272047834,0.0
2026-01-13,75724.9692770683,25300.504272047834,0.0
2026-01-14,75352.75749374682,25300.504272047834,0.0
2026-01-15,75557.9647693599,25300.504272047834,0.0
2026-01-16,75494.65157053019,25300.504272047834,0.0
2026-01-20,73957.82605772812,25300.504272047834,0.0
2026-01-21,74811.37257459159,25300.504272047834,0.0
2026-01-22,75202.13519231036,25300.504272047834,0.0
2026-01-23,75229.41425136075,25300.504272047834,0.0
2026-01-26,75611.44193040747,25300.504272047834,0.0
2026-01-27,75912.6999613183,25300.504272047834,0.0
2026-01-28,75905.0526937184,25300.504272047834,0.0
2026-01-29,75754.43039228194,25300.504272047834,0.0
2026-01-30,75528.49022610829,25300.504272047834,0.0
2026-02-02,75903.96502264624,25300.504272047834,0.0
2026-02-03,75262.1652358667,25300.504272047834,0.0
2026-02-04,74897.60743416408,25300.504272047834,0.0
2026-02-05,73962.19017005464,25300.504272047834,0.0
2026-02-06,75381.13765190727,25300.504272047834,0.0
2026-02-09,75744.60778253773,25300.504272047834,0.0
2026-02-10,75544.86571836128,25300.504272047834,0.0
2026-02-11,75527.40255503614,25300.504272047834,0.0
2026-02-12,74360.59334135435,25300.504272047834,0.0
2026-02-13,74412.9761173108,25300.504272047834,0.0
2026-02-17,74533.04291844249,25300.504272047834,0.0
2026-02-18,74908.51771498044,25300.504272047834,0.0
2026-02-19,74710.95770696725,25300.504272047834,0.0
2026-02-20,75251.24824103135,25300.504272047834,0.0
2026-02-23,74482.83548463033,25300.504272047834,0.0
2026-02-24,75024.21368976659,25300.504272047834,0.0
2026-02-25,75657.29867993097,25300.504272047834,0.0
2026-02-26,75237.0615189606,25300.504272047834,0.0
2026-02-27,74875.77344449342,25300.504272047834,0.0
2026-03-02,74918.3470387436,25300.504272047834,0.0
2026-03-03,74257.9897035478,25300.504272047834,0.0
2026-03-04,74781.89803133997,25300.504272047834,0.0
2026-03-05,74364.95073966193,25300.504272047834,0.0
2026-03-06,73390.2363225567,25300.504272047834,0.0
2026-03-09,74033.14392246529,25300.504272047834,0.0
2026-03-10,73914.1580783868,25300.504272047834,0.0
2026-03-11,73821.39047836239,25300.504272047834,0.0
2026-03-12,72700.41115812829,25300.504272047834,0.0
2026-03-13,72288.92236386791,25300.504272047834,0.0
2026-03-16,73024.5975638009,25300.504272047834,0.0
2026-03-17,73216.69236037746,25300.504272047834,0.0
2026-03-18,72195.05366473342,25300.504272047834,0.0
2026-03-19,72017.13887620866,25300.504272047834,0.0
2026-03-20,70984.71075208961,25300.504272047834,0.0
2026-03-23,71730.05413933063,25300.504272047834,0.0
2026-03-24,71489.26927722777,25300.504272047834,0.0
2026-03-25,71887.66573450851,25300.504272047834,0.0
2026-03-26,70603.84459832363,25300.504272047834,0.0
2026-03-27,69399.91357379036,25300.504272047834,0.0
2026-03-30,69167.87707839748,25215.912807294542,1.0
2026-03-31,71178.44376929334,25948.88707963512,1.0
2026-04-01,71714.73274805496,26144.3971444104,1.0
2026-04-02,71779.31489646886,26167.941279232793,1.0
2026-04-06,72118.59441677234,26291.629372067797,1.0
2026-04-07,72150.33158441477,26303.199506728935,1.0
2026-04-08,73987.97200287605,26973.13159833497,1.0
2026-04-09,74414.81575850691,27128.742199367676,1.0
2026-04-10,74365.5684294066,27110.78854213488,1.0
2026-04-13,75092.29384206068,27375.72431021636,1.0
2026-04-14,76007.28706048189,27709.295184291674,1.0
2026-04-15,76607.06380256629,27927.95041372862,1.0
2026-04-16,76795.31146627651,27996.578176713363,1.0
2026-04-17,77723.43730579114,27996.578176713363,0.0
2026-04-20,77568.00776677653,27996.578176713363,0.0
2026-04-21,77060.17951440295,27996.578176713363,0.0
2026-04-22,77840.54322455975,27996.578176713363,0.0
2026-04-23,77538.46608333533,27996.578176713363,0.0
2026-04-24,78139.33049649186,27996.578176713363,0.0
2026-04-27,78273.96000475627,27996.578176713363,0.0
2026-04-28,77893.08042295236,27996.578176713363,0.0
2026-04-29,77881.0354729311,27996.578176713363,0.0
2026-04-30,78655.92725763231,27996.578176713363,0.0
2026-05-01,78873.73003282171,27996.578176713363,0.0
2026-05-04,78584.78551269068,27996.578176713363,0.0
2026-05-05,79215.21175134534,27996.578176713363,0.0
2026-05-06,80316.2571492756,27996.578176713363,0.0
2026-05-07,80070.00036171715,27996.578176713363,0.0
2026-05-08,80731.06266890415,27996.578176713363,0.0
2026-05-11,80914.93279224989,27996.578176713363,0.0
2026-05-12,80792.3549480257,27996.578176713363,0.0
2026-05-13,81244.37627477125,27996.578176713363,0.0
2026-05-14,81885.73965031814,27996.578176713363,0.0
2026-05-15,80900.71250008434,27996.578176713363,0.0
2026-05-18,80843.79776132722,27996.578176713363,0.0
2026-05-19,80305.30658434542,27996.578176713363,0.0
2026-05-20,81128.35802707479,27996.578176713363,0.0
2026-05-21,81289.24606350707,27996.578176713363,0.0
2026-05-22,81608.84008020836,27996.578176713363,0.0
2026-05-26,82150.60769844454,27996.578176713363,0.0
2026-05-27,82136.37397824104,27996.578176713363,0.0
2026-05-28,82589.4896900777,27996.578176713363,0.0
2026-05-29,82795.25422926478,27996.578176713363,0.0
2026-06-01,83020.71098607303,27996.578176713363,0.0
2026-06-02,83133.45279251509,27996.578176713363,0.0
2026-06-03,82550.09182679746,27996.578176713363,0.0
2026-06-04,82862.01843384196,27996.578176713363,0.0
2026-06-05,80723.40197326631,27996.578176713363,0.0
2026-06-08,80906.17771152097,27996.578176713363,0.0
2026-06-09,80668.68271871042,27996.578176713363,0.0
2026-06-10,79396.89310450888,27996.578176713363,0.0
2026-06-11,80746.39077419878,27996.578176713363,0.0
2026-06-12,81183.08399564971,27996.578176713363,0.0
2026-06-15,82614.66726119242,27996.578176713363,0.0
2026-06-16,82122.15368607551,27996.578176713363,0.0
2026-06-17,81096.62085943243,27996.578176713363,0.0
2026-06-18,81939.78078895873,27996.578176713363,0.0
2026-06-22,81681.92217663061,27996.578176713363,0.0
2026-06-23,80495.73630421898,27996.578176713363,0.0
2026-06-24,80458.42650083652,27996.578176713363,0.0
2026-06-25,80574.74016536737,27996.578176713363,0.0
2026-06-26,79992.07745762198,27996.578176713363,0.0
2026-06-29,81309.93195593495,27996.578176713363,0.0
2026-06-30,81943.07737227,27996.578176713363,0.0
2026-07-01,81832.24906123267,27996.578176713363,0.0
2026-07-02,81724.71733350662,27996.578176713363,0.0
2026-07-06,82437.96099608115,27996.578176713363,0.0
2026-07-07,82046.22484561261,27996.578176713363,0.0
2026-07-08,81792.75048766796,27996.578176713363,0.0
2026-07-09,82485.14712135955,27996.578176713363,0.0
2026-07-10,82840.66785353677,27996.578176713363,0.0
2026-07-13,82206.42805211058,27996.578176713363,0.0
2026-07-14,82498.31331254779,27996.578176713363,0.0
2026-07-15,82825.30617814731,27996.578176713363,0.0
2026-07-16,82376.50758050445,27996.578176713363,0.0
2026-07-17,81561.2108296784,27996.578176713363,0.0
2026-07-20,81429.54220377706,27996.578176713363,0.0
2026-07-21,82108.77264628043,27996.578176713363,0.0
2026-07-22,82013.29929661355,27996.578176713363,0.0
2026-07-23,81000.49624992604,27996.578176713363,0.0
2026-07-24,81082.78998036674,27996.578176713363,0.0
2026-07-27,81100.35385397635,27996.578176713363,0.0
2026-07-28,81294.57028054551,27996.578176713363,0.0
2026-07-29,80043.65455130277,27996.578176713363,0.0
2026-07-30,81385.64594779101,27996.578176713363,0.0
2026-07-31,81971.61195286663,27996.578176713363,0.0
2026-08-03,83139.1328525586,27996.578176713363,0.0
2026-08-04,84638.04430027143,27996.578176713363,0.0
2026-08-05,84469.05915696867,27996.578176713363,0.0
2026-08-06,84334.09394775608,27996.578176713363,0.0
2026-08-07,84849.82460045017,27996.578176713363,0.0
2026-08-10,84824.58660316482,27996.578176713363,0.0
2026-08-11,84553.55508562953,27996.578176713363,0.0
2026-08-12,84765.3286717893,27996.578176713363,0.0
2026-08-13,85356.78003035847,27996.578176713363,0.0
2026-08-14,85187.7948870557,27996.578176713363,0.0
2026-08-17,84785.08131558115,27996.578176713363,0.0
2026-08-18,84212.29492973168,27996.578176713363,0.0
2026-08-19,84388.9541967102,27996.578176713363,0.0
2026-08-20,83680.10150253806,27996.578176713363,0.0
2026-08-21,84022.456043527,27996.578176713363,0.0
2026-08-24,83775.56142416697,27996.578176713363,0.0
2026-08-25,84043.30307240995,27996.578176713363,0.0
2026-08-26,84061.96133111067,27996.578176713363,0.0
2026-08-27,84612.80630298605,27996.578176713363,0.0
2026-08-28,84420.77864659912,27996.578176713363,0.0
2026-08-31,84168.39867374559,27996.578176713363,0.0
2026-09-01,83590.12693440262,27996.578176713363,0.0
2026-09-02,83961.00934196924,27996.578176713363,0.0
2026-09-03,84839.94827855425,27996.578176713363,0.0
2026-09-04,84512.95541295472,27996.578176713363,0.0
2026-09-08,84048.79513992244,27996.578176713363,0.0
2026-09-09,83658.16008856396,27996.578176713363,0.0
2026-09-10,83156.69001214919,27996.578176713363,0.0
2026-09-11,83865.54270632136,27996.578176713363,0.0
2026-09-14,83491.36371544345,27996.578176713363,0.0
2026-09-15,83108.40950177971,27996.578176713363,0.0
2026-09-16,82741.9113485965,27996.578176713363,0.0
2026-09-17,83680.10150253803,27996.578176713363,0.0
2026-09-18,83787.79436671922,27996.578176713363,0.0
2026-09-21,85086.92346614183,27996.578176713363,0.0
2026-09-22,85073.72370485877,27996.578176713363,0.0
2026-09-23,84461.0090482309,27996.578176713363,0.0
2026-09-24,84391.70694448538,27996.578176713363,0.0
2026-09-25,84850.41543411897,27996.578176713363,0.0
2026-09-28,84219.0022346766,27996.578176713363,0.0
2026-09-29,83960.49907652797,27996.578176713363,0.0
