fecha,valor_buy_and_hold,valor_momentum,posicion_momentum
2000-01-03,10000.0,10000.0,0.0
2000-01-04,9608.941126194435,9608.941126194435,1.0
2000-01-05,9626.126496984945,9626.126496984945,1.0
2000-01-06,9471.419554261318,9471.419554261318,1.0
2000-01-07,10021.484860684526,10021.484860684526,1.0
2000-01-10,10055.863155536881,10055.863155536881,1.0
2000-01-11,9935.537864675087,9935.537864675087,1.0
2000-01-12,9836.692398983598,9836.692398983598,1.0
2000-01-13,9969.9144810227,9969.9144810227,1.0
2000-01-14,10105.285888382625,10105.285888382625,1.0
2000-01-18,10025.78015431669,10025.78015431669,1.0
2000-01-19,10107.428499684482,10107.428499684482,1.0
2000-01-20,9952.725753222707,9952.725753222707,1.0
2000-01-21,9931.23921403344,9931.23921403344,1.0
2000-01-24,9649.764039999774,9649.764039999774,1.0
2000-01-25,9759.344382762192,9759.344382762192,1.0
2000-01-26,9681.994688036046,9681.994688036046,1.0
2000-01-27,9643.313546280193,9643.313546280193,1.0
2000-01-28,9342.497801368601,9342.497801368601,1.0
2000-01-31,9596.045174269495,9596.045174269495,1.0
2000-02-01,9690.583596795632,9690.583596795632,1.0
2000-02-02,9699.175023312331,9699.175023312331,1.0
2000-02-03,9845.28970026689,9845.28970026689,1.0
2000-02-04,9804.465107956808,9804.465107956808,1.0
2000-02-07,9789.428223234752,9789.428223234752,1.0
2000-02-08,9922.64191275015,9922.64191275015,1.0
2000-02-09,9714.216104296242,9714.216104296242,1.0
2000-02-10,9733.557514426537,9733.557514426537,1.0
2000-02-11,9535.880850333857,9535.880850333857,1.0
2000-02-14,9591.742327365997,9591.742327365997,1.0
2000-02-15,9700.254301860781,9700.254301860781,1.0
2000-02-16,9557.367389523124,9557.367389523124,1.0
2000-02-17,9507.947174434492,9507.947174434492,1.0
2000-02-18,9303.822534379344,9303.822534379344,1.0
2000-02-22,9280.18163435503,9280.18163435503,1.0
2000-02-23,9389.771208893522,9389.771208893522,1.0
2000-02-24,9200.68345356043,9200.68345356043,1.0
2000-02-25,9167.381080247045,9167.381080247045,1.0
2000-02-28,9359.688207673335,9359.688207673335,1.0
2000-02-29,9449.933854324421,9449.933854324421,1.0
2000-03-01,9518.692122533868,9518.692122533868,1.0
2000-03-02,9525.135902234486,9525.135902234486,1.0
2000-03-03,9703.478709468203,9703.478709468203,1.0
2000-03-06,9608.941126194435,9608.941126194435,1.0
2000-03-07,9423.07274295454,9423.07274295454,1.0
2000-03-08,9411.255230325682,9411.255230325682,1.0
2000-03-09,9686.291660172954,9686.291660172954,1.0
2000-03-10,9634.717923501645,9634.717923501645,1.0
2000-03-13,9529.432035119022,9529.432035119022,1.0
2000-03-14,9394.06734177806,9394.06734177806,1.0
2000-03-15,9613.23558057423,9613.23558057423,1.0
2000-03-16,10062.30777448987,10062.30777448987,1.0
2000-03-17,10128.810971579813,10128.810971579813,1.0
2000-03-20,10077.11050780056,10077.11050780056,1.0
2000-03-21,10283.9115236652,10283.9115236652,1.0
2000-03-22,10346.37875610546,10346.37875610546,1.0
2000-03-23,10523.020398784196,10523.020398784196,1.0
2000-03-24,10585.493505991048,10585.493505991048,1.0
2000-03-27,10473.47513509236,10473.47513509236,1.0
2000-03-28,10413.162263487147,10413.162263487147,1.0
2000-03-29,10423.929032148153,10423.929032148153,1.0
2000-03-30,10249.443428809203,10249.443428809203,1.0
2000-03-31,10365.768003620875,10365.768003620875,1.0
2000-04-03,10426.083392983199,10426.083392983199,1.0
2000-04-04,10348.535634697617,10348.535634697617,1.0
2000-04-05,10283.9115236652,10283.9115236652,1.0
2000-04-06,10373.306168412608,10373.306168412608,1.0
2000-04-07,10439.010397245847,10439.010397245847,1.0
2000-04-10,10398.082576894192,10398.082576894192,1.0
2000-04-11,10367.921525203552,10367.921525203552,1.0
2000-04-12,10083.570233296217,10083.570233296217,1.0
2000-04-13,9943.556081822746,9943.556081822746,1.0
2000-04-14,9374.861890531785,9374.861890531785,1.0
2000-04-17,9702.287810354483,9702.287810354483,1.0
2000-04-18,9958.631572153847,9958.631572153847,1.0
2000-04-19,9866.007484284795,9866.007484284795,1.0
2000-04-20,9913.398387141584,9913.398387141584,1.0
2000-04-24,9805.688737912988,9805.688737912988,1.0
2000-04-25,10212.828526389498,10212.828526389498,1.0
2000-04-26,10097.577355359685,10097.577355359685,1.0
2000-04-27,10064.186860547396,10064.186860547396,1.0
2000-04-28,10001.720467359508,10001.720467359508,1.0
2000-05-01,10137.43093267711,10137.43093267711,1.0
2000-05-02,9934.936959977822,9934.936959977822,1.0
2000-05-03,9702.287810354483,9702.287810354483,1.0
2000-05-04,9775.527686222342,9775.527686222342,1.0
2000-05-05,9894.006621869057,9894.006621869057,1.0
2000-05-08,9819.694181471714,9819.694181471714,1.0
2000-05-09,9741.067144637682,9741.067144637682,1.0
2000-05-10,9521.340803015137,9521.340803015137,1.0
2000-05-11,9738.904391278931,9738.904391278931,1.0
2000-05-12,9844.459679672482,9844.459679672482,1.0
2000-05-15,10014.639079098451,10014.639079098451,1.0
2000-05-16,10111.576084899445,10111.576084899445,1.0
2000-05-17,10006.028349777229,10006.028349777229,1.0
2000-05-18,9883.244049469904,9883.244049469904,1.0
2000-05-19,9728.141818879776,9728.141818879776,1.0
2000-05-22,9654.898586002433,9654.898586002433,1.0
2000-05-23,9512.723359674952,9512.723359674952,1.0
2000-05-24,9667.822233255598,9667.822233255598,1.0
2000-05-25,9501.955751761576,9501.955751761576,1.0
2000-05-26,9512.723359674952,9512.723359674952,1.0
2000-05-30,9822.922785340987,9822.922785340987,1.0
2000-05-31,9844.459679672482,9844.459679672482,1.0
2000-06-01,10016.802671709573,10016.802671709573,1.0
2000-06-02,10191.281561029557,10191.281561029557,1.0
2000-06-05,10141.737975842465,10141.737975842465,1.0
2000-06-06,10096.502273073094,10096.502273073094,1.0
2000-06-07,10166.508509557454,10166.508509557454,1.0
2000-06-08,10126.658289249513,10126.658289249513,1.0
2000-06-09,10105.114680899052,10105.114680899052,1.0
2000-06-12,9986.637423757076,9986.637423757076,1.0
2000-06-13,10174.053388368156,10174.053388368156,1.0
2000-06-14,10191.281561029557,10191.281561029557,1.0
2000-06-15,10212.8285263895,10212.8285263895,1.0
2000-06-16,10128.909164107163,10128.909164107163,1.0
2000-06-19,10258.466231044336,10258.466231044336,1.0
2000-06-20,10221.753136097284,10221.753136097284,1.0
2000-06-21,10217.430986389261,10217.430986389261,1.0
2000-06-22,10061.97794830827,10061.97794830827,1.0
2000-06-23,9975.605451346994,9975.605451346994,1.0
2000-06-26,10104.076525716755,10104.076525716755,1.0
2000-06-27,10029.584485312122,10029.584485312122,1.0
2000-06-28,10057.654959347878,10057.654959347878,1.0
2000-06-29,9962.649912503746,9962.649912503746,1.0
2000-06-30,10038.217874447346,10038.217874447346,1.0
2000-07-03,10176.410848276857,10176.410848276857,1.0
2000-07-05,9992.878943636404,9992.878943636404,1.0
2000-07-06,10070.609658938753,10070.609658938753,1.0
2000-07-07,10232.552635600738,10232.552635600738,1.0
2000-07-10,10215.27746480659,10215.27746480659,1.0
2000-07-11,10236.872267551647,10236.872267551647,1.0
2000-07-12,10303.80516185528,10303.80516185528,1.0
2000-07-13,10349.153324442299,10349.153324442299,1.0
2000-07-14,10450.629007062902,10450.629007062902,1.0
2000-07-17,10433.35635402586,10433.35635402586,1.0
2000-07-18,10348.066492622516,10348.066492622516,1.0
2000-07-19,10264.941063082662,10264.941063082662,1.0
2000-07-20,10407.446115591743,10407.446115591743,1.0
2000-07-21,10204.479643807872,10204.479643807872,1.0
2000-07-24,10146.18433490131,10146.18433490131,1.0
2000-07-25,10178.571083878496,10178.571083878496,1.0
2000-07-26,10079.25227985005,10079.25227985005,1.0
2000-07-27,10044.701099009375,10044.701099009375,1.0
2000-07-28,9817.982106635915,9817.982106635915,1.0
2000-07-31,9880.59620824101,9880.59620824101,1.0
2000-08-01,9941.055109758689,9941.055109758689,1.0
2000-08-02,9990.720386539504,9990.720386539504,1.0
2000-08-03,10059.811837940037,10059.811837940037,1.0
2000-08-04,10113.796746671762,10113.796746671762,1.0
2000-08-07,10234.706996435785,10234.706996435785,1.0
2000-08-08,10273.576130722628,10273.576130722628,1.0
2000-08-09,10187.206990770834,10187.206990770834,1.0
2000-08-10,10137.545070999498,10137.545070999498,1.0
2000-08-11,10185.050112178675,10185.050112178675,1.0
2000-08-14,10314.595429582663,10314.595429582663,1.0
2000-08-15,10305.959522690328,10305.959522690328,1.0
2000-08-16,10269.256498771718,10269.256498771718,1.0
2000-08-17,10377.215405954348,10377.215405954348,1.0
2000-08-18,10342.67009988027,10342.67009988027,1.0
2000-08-21,10398.81020869941,10398.81020869941,1.0
2000-08-22,10381.53755566237,10381.53755566237,1.0
2000-08-23,10422.563568541367,10422.563568541367,1.0
2000-08-24,10454.948639013808,10454.948639013808,1.0
2000-08-25,10450.629007062902,10450.629007062902,1.0
2000-08-28,10486.261984209137,10486.261984209137,1.0
2000-08-29,10488.420541306035,10488.420541306035,1.0
2000-08-30,10388.015744710181,10388.015744710181,1.0
2000-08-31,10526.206200782577,10526.206200782577,1.0
2000-09-01,10536.997307762327,10536.997307762327,1.0
2000-09-05,10452.800152945358,10452.800152945358,1.0
2000-09-06,10334.033353735565,10334.033353735565,1.0
2000-09-07,10422.563568541369,10422.563568541369,1.0
2000-09-08,10351.31356004394,10351.31356004394,1.0
2000-09-11,10336.187714570611,10336.187714570611,1.0
2000-09-12,10260.618913374641,10260.618913374641,1.0
2000-09-13,10287.61094811432,10287.61094811432,1.0
2000-09-14,10339.433103487294,10339.433103487294,1.0
2000-09-15,10113.227733564572,10113.227733564572,1.0
2000-09-18,10020.139539134638,10020.139539134638,1.0
2000-09-19,10111.060783943965,10111.060783943965,1.0
2000-09-20,10036.379911755976,10036.379911755976,1.0
2000-09-21,9883.775296220423,9883.775296220423,1.0
2000-09-22,10063.438247432921,10063.438247432921,1.0
2000-09-25,9992.010317432947,9992.010317432947,1.0
2000-09-26,9864.295409448996,9864.295409448996,1.0
2000-09-27,9916.243452677545,9916.243452677545,1.0
2000-09-28,10043.956682156757,10043.956682156757,1.0
2000-09-29,9948.715805396516,9948.715805396516,1.0
2000-10-02,9963.86682844096,9963.86682844096,1.0
2000-10-03,9870.788705039473,9870.788705039473,1.0
2000-10-04,9953.041312114017,9953.041312114017,1.0
2000-10-05,9987.675578939374,9987.675578939374,1.0
2000-10-06,9771.208893523806,9771.208893523806,1.0
2000-10-09,9697.609817641376,9697.609817641376,1.0
2000-10-10,9537.435145724012,9537.435145724012,1.0
2000-10-11,9457.336060232143,9457.336060232143,1.0
2000-10-12,9221.396202064116,9221.396202064116,1.0
2000-10-13,9528.771543503452,9528.771543503452,1.0
2000-10-16,9572.062698530402,9572.062698530402,1.0
2000-10-17,9333.95589074177,9333.95589074177,1.0
2000-10-18,9299.3249809259,9299.3249809259,1.0
2000-10-19,9649.993155896927,9649.993155896927,1.0
2000-10-20,9691.120718312757,9691.120718312757,1.0
2000-10-23,9734.411873339706,9734.411873339706,1.0
2000-10-24,9669.474721173097,9669.474721173097,1.0
2000-10-25,9442.18335868296,9442.18335868296,1.0
2000-10-26,9468.165772820937,9468.165772820937,1.0
2000-10-27,9647.825367023952,9647.825367023952,1.0
2000-10-30,9734.411873339704,9734.411873339704,1.0
2000-10-31,9902.170868929183,9902.170868929183,1.0
2000-11-01,9868.61755915702,9868.61755915702,1.0
2000-11-02,9884.856253273618,9884.856253273618,1.0
2000-11-03,9890.271109568017,9890.271109568017,1.0
2000-11-06,9959.53796471398,9959.53796471398,1.0
2000-11-07,9957.369336588636,9957.369336588636,1.0
2000-11-08,9736.571269688977,9736.571269688977,1.0
2000-11-09,9699.779285019096,9699.779285019096,1.0
2000-11-10,9463.834391336844,9463.834391336844,1.0
2000-11-13,9390.231958444934,9463.834391336844,0.0
2000-11-14,9637.007403968348,9463.834391336844,0.0
2000-11-15,9667.309450057235,9463.834391336844,0.0
2000-11-16,9515.784113070133,9463.834391336844,0.0
2000-11-17,9464.917026894776,9463.834391336844,0.0
2000-11-20,9329.627027014789,9463.834391336844,0.0
2000-11-21,9377.247045768721,9463.834391336844,0.0
2000-11-22,9153.20526845712,9463.834391336844,0.0
2000-11-24,9340.443311565654,9463.834391336844,0.0
2000-11-27,9422.703471911535,9463.834391336844,0.0
2000-11-28,9260.356814859342,9463.834391336844,0.0
2000-11-29,9243.039681446668,9463.834391336844,0.0
2000-11-30,9162.949827730872,9463.834391336844,0.0
2000-12-01,9158.619285499148,9463.834391336844,0.0
2000-12-04,9236.547225108561,9463.834391336844,0.0
2000-12-05,9539.597899082766,9463.834391336844,0.0
2000-12-06,9386.98740878062,9463.834391336844,0.0
2000-12-07,9258.189025986367,9463.834391336844,0.0
2000-12-08,9279.84089789262,9463.834391336844,0.0
2000-12-11,9602.36894088114,9463.834391336844,0.0
2000-12-12,9561.23802145583,9463.834391336844,0.0
2000-12-13,9430.278563807567,9463.834391336844,0.0
2000-12-14,9310.144622486248,9463.834391336844,0.0
2000-12-15,9099.854834517486,9463.834391336844,0.0
2000-12-18,9221.451592720568,9463.834391336844,0.0
2000-12-19,9033.634465476396,9463.834391336844,0.0
2000-12-20,8771.993342714504,9463.834391336844,0.0
2000-12-21,8832.792141442229,9463.834391336844,0.0
2000-12-22,9097.68788489688,9463.834391336844,0.0
2000-12-26,9195.395324373985,9463.834391336844,0.0
2000-12-27,9262.70504299197,9463.834391336844,0.0
2000-12-28,9290.930778716267,9463.834391336844,0.0
2000-12-29,9115.057891208899,9463.834391336844,0.0
2001-01-02,8950.03905460907,9463.834391336844,0.0
2001-01-03,9379.95447391592,9463.834391336844,0.0
2001-01-04,9278.989056736575,9463.834391336844,0.0
2001-01-05,8976.096162208021,9463.834391336844,0.0
2001-01-08,9045.577865960831,9463.834391336844,0.0
2001-01-09,9021.692743496706,9463.834391336844,0.0
2001-01-10,9180.197303196797,9463.834391336844,0.0
2001-01-11,9188.883565231361,9463.834391336844,0.0
2001-01-12,9171.511880414602,9463.834391336844,0.0
2001-01-16,9230.13533699802,9463.834391336844,0.0
2001-01-17,9272.473940584465,9463.834391336844,0.0
2001-01-18,9364.753095729246,9463.834391336844,0.0
2001-01-19,9311.55624497341,9463.834391336844,0.0
2001-01-22,9373.44187552092,9463.834391336844,0.0
2001-01-23,9447.265871038642,9463.834391336844,0.0
2001-01-24,9475.492446015309,9463.834391336844,0.0
2001-01-25,9451.60312728933,9463.834391336844,0.0
2001-01-26,9440.751594138905,9463.834391336844,0.0
2001-01-29,9491.124360668044,9463.834391336844,0.0
2001-01-30,9574.504922928527,9546.975208241516,1.0
2001-01-31,9520.306844094697,9546.975208241516,0.0
2001-02-01,9583.536117687361,9546.975208241516,0.0
2001-02-02,9366.06316867958,9546.975208241516,0.0
2001-02-05,9434.845775207774,9546.975208241516,0.0
2001-02-06,9407.050575949537,9546.975208241516,0.0
2001-02-07,9358.415901079681,9546.975208241516,0.0
2001-02-08,9249.329038711112,9546.975208241516,0.0
2001-02-09,9160.39430426273,9546.975208241516,0.0
2001-02-12,9265.310921602339,9546.975208241516,0.0
2001-02-13,9189.576787689384,9546.975208241516,0.0
2001-02-14,9175.677929181711,9546.975208241516,0.0
2001-02-15,9264.614342134832,9546.975208241516,0.0
2001-02-16,9060.341154410107,9546.975208241516,0.0
2001-02-20,8920.684524446464,9546.975208241516,0.0
2001-02-21,8728.222135331634,9546.975208241516,0.0
2001-02-22,8741.423575119432,9546.975208241516,0.0
2001-02-23,8682.36706431284,9546.975208241516,0.0
2001-02-26,8867.187221341996,9546.975208241516,0.0
2001-02-27,8785.193103997563,9546.975208241516,0.0
2001-02-28,8612.185424083043,9546.975208241516,0.0
2001-03-01,8657.347272643816,9546.975208241516,0.0
2001-03-02,8588.562987610883,9546.975208241516,0.0
2001-03-05,8667.074207617785,9546.975208241516,0.0
2001-03-06,8760.181704852239,9546.975208241516,0.0
2001-03-07,8822.717755986878,9546.975208241516,0.0
2001-03-08,8832.441333951367,9546.975208241516,0.0
2001-03-09,8571.190463541752,9546.975208241516,0.0
2001-03-12,8204.332271091616,9546.975208241516,0.0
2001-03-13,8339.123755063532,9546.975208241516,0.0
2001-03-14,8174.458243711679,9546.975208241516,0.0
2001-03-15,8176.539589590492,9546.975208241516,0.0
2001-03-16,8012.538766116067,9546.975208241516,0.0
2001-03-19,8175.564378335983,9546.975208241516,0.0
2001-03-20,7956.1107937338475,9546.975208241516,0.0
2001-03-21,7820.955913485509,9546.975208241516,0.0
2001-03-22,7741.531586899513,9546.975208241516,0.0
2001-03-23,7975.619215085871,9546.975208241516,0.0
2001-03-26,8077.336602389173,9546.975208241516,0.0
2001-03-27,8242.450274506868,9546.975208241516,0.0
2001-03-28,8014.632700780437,9546.975208241516,0.0
2001-03-29,8045.288072117298,9546.975208241516,0.0
2001-03-30,8129.581740956874,9546.975208241516,0.0
2001-04-02,7956.1107937338475,9546.975208241516,0.0
2001-04-03,7690.673732500231,9546.975208241516,0.0
2001-04-04,7722.722262772107,9546.975208241516,0.0
2001-04-05,8015.329280247944,9546.975208241516,0.0
2001-04-06,7893.409409882222,9546.975208241516,0.0
2001-04-09,7981.19269007829,9546.975208241516,0.0
2001-04-10,8126.796262339221,9546.975208241516,0.0
2001-04-11,8132.372255088752,9546.975208241516,0.0
2001-04-12,8280.068922761682,9546.975208241516,0.0
2001-04-16,8192.98390053786,9546.975208241516,0.0
2001-04-17,8308.634555696026,9546.975208241516,0.0
2001-04-18,8638.860221426676,9546.975208241516,0.0
2001-04-19,8753.810940107853,9546.975208241516,0.0
2001-04-20,8673.694230316203,9546.975208241516,0.0
2001-04-23,8516.242932341076,9546.975208241516,0.0
2001-04-24,8470.262812719078,9546.975208241516,0.0
2001-04-25,8581.035733099961,9546.975208241516,0.0
2001-04-26,8619.35096082228,9546.975208241516,0.0
2001-04-27,8762.868151690172,9546.975208241516,0.0
2001-04-30,8824.173858849674,9546.975208241516,0.0
2001-05-01,8851.346332849005,9546.975208241516,0.0
2001-05-02,8835.325844348736,9546.975208241516,0.0
2001-05-03,8723.156408023358,9546.975208241516,0.0
2001-05-04,8871.550494416166,9546.975208241516,0.0
2001-05-07,8794.915003457305,9546.975208241516,0.0
2001-05-08,8790.733848147527,9546.975208241516,0.0
2001-05-09,8753.810940107851,9546.975208241516,0.0
2001-05-10,8779.5894159198,9546.975208241516,0.0
2001-05-11,8718.977770470692,9546.975208241516,0.0
2001-05-14,8736.398131924938,9546.975208241516,0.0
2001-05-15,8776.804776554516,9546.975208241516,0.0
2001-05-16,8983.715734479689,9546.975208241516,0.0
2001-05-17,8997.650680839293,9546.975208241516,0.0
2001-05-18,9038.753065684006,9546.975208241516,0.0
2001-05-21,9171.819886034567,9546.975208241516,0.0
2001-05-22,9159.97467807748,9546.975208241516,0.0
2001-05-23,9004.615636261984,9546.975208241516,0.0
2001-05-24,9031.095727055663,9546.975208241516,0.0
2001-05-25,8924.497247965593,9546.975208241516,0.0
2001-05-29,8853.436910503893,9546.975208241516,0.0
2001-05-30,8729.428980240395,9546.975208241516,0.0
2001-05-31,8774.715877404367,9546.975208241516,0.0
2001-06-01,8829.05411138407,9546.975208241516,0.0
2001-06-04,8871.550494416166,9546.975208241516,0.0
2001-06-05,8973.268720971839,9546.975208241516,0.0
2001-06-06,8898.722968415497,9546.975208241516,0.0
2001-06-07,8930.770659435002,9546.975208241516,0.0
2001-06-08,8847.864274763844,9546.975208241516,0.0
2001-06-11,8785.16456941696,9546.975208241516,0.0
2001-06-12,8769.834785617602,9546.975208241516,0.0
2001-06-13,8694.596649855606,9546.975208241516,0.0
2001-06-14,8499.523346616184,9546.975208241516,0.0
2001-06-15,8513.216588293088,9546.975208241516,0.0
2001-06-18,8471.995029611764,9546.975208241516,0.0
2001-06-19,8509.022004945382,9546.975208241516,0.0
2001-06-20,8553.741567506904,9546.975208241516,0.0
2001-06-21,8650.853137800961,9546.975208241516,0.0
2001-06-22,8583.08183037921,9546.975208241516,0.0
2001-06-25,8504.128324373058,9546.975208241516,0.0
2001-06-26,8492.257099592487,9546.975208241516,0.0
2001-06-27,8487.366776029647,9546.975208241516,0.0
2001-06-28,8534.172719984204,9546.975208241516,0.0
2001-06-29,8565.616988549327,9546.975208241516,0.0
2001-07-02,8672.513402230921,9546.975208241516,0.0
2001-07-03,8670.41694980944,9546.975208241516,0.0
2001-07-05,8501.336131736442,9546.975208241516,0.0
2001-07-06,8317.591896246257,9546.975208241516,0.0
2001-07-09,8363.004681265802,9546.975208241516,0.0
2001-07-10,8262.395946343915,9546.975208241516,0.0
2001-07-11,8270.780916777472,9546.975208241516,0.0
2001-07-12,8467.107223806033,9546.975208241516,0.0
2001-07-13,8540.462077248652,9546.975208241516,0.0
2001-07-16,8433.568181324172,9546.975208241516,0.0
2001-07-17,8512.513294806618,9546.975208241516,0.0
2001-07-18,8454.529348529513,9546.975208241516,0.0
2001-07-19,8528.581620692006,9546.975208241516,0.0
2001-07-20,8477.581932642111,9546.975208241516,0.0
2001-07-23,8310.60344175719,9546.975208241516,0.0
2001-07-24,8230.257616068397,9546.975208241516,0.0
2001-07-25,8321.08234685512,9546.975208241516,0.0
2001-07-26,8408.416627032979,9546.975208241516,0.0
2001-07-27,8440.556635813236,9546.975208241516,0.0
2001-07-30,8443.348828449854,9546.975208241516,0.0
2001-07-31,8478.28019061436,9546.975208241516,0.0
2001-08-01,8531.38136659996,9546.975208241516,0.0
2001-08-02,8566.314407269207,9546.975208241516,0.0
2001-08-03,8519.503427800424,9546.975208241516,0.0
2001-08-06,8404.927854928856,9546.975208241516,0.0
2001-08-07,8437.759407662395,9546.975208241516,0.0
2001-08-08,8281.260661127773,9546.975208241516,0.0
2001-08-09,8305.711439689609,9546.975208241516,0.0
2001-08-10,8334.35680159915,9546.975208241516,0.0
2001-08-13,8336.456611030113,9546.975208241516,0.0
2001-08-14,8332.962803411767,9546.975208241516,0.0
2001-08-15,8260.995234137568,9546.975208241516,0.0
2001-08-16,8289.64563156133,9546.975208241516,0.0
2001-08-17,8156.896048606815,9546.975208241516,0.0
2001-08-20,8232.35406848988,9546.975208241516,0.0
2001-08-21,8091.9219693359055,9546.975208241516,0.0
2001-08-22,8175.765798904899,9546.975208241516,0.0
2001-08-23,8146.423018275482,9546.975208241516,0.0
2001-08-24,8315.497961581887,9546.975208241516,0.0
2001-08-27,8265.887236205152,9546.975208241516,0.0
2001-08-28,8145.018949059652,9546.975208241516,0.0
2001-08-29,8072.359835832171,9546.975208241516,0.0
2001-08-30,7917.255926737301,9546.975208241516,0.0
2001-08-31,7975.244069276259,9546.975208241516,0.0
2001-09-04,7924.245220478736,9546.975208241516,0.0
2001-09-05,7943.8065147301,9546.975208241516,0.0
2001-09-06,7739.099433529833,9546.975208241516,0.0
2001-09-07,7595.874302486869,9546.975208241516,0.0
2001-09-10,7688.791289433222,9546.975208241516,0.0
2001-09-17,7287.0613217368855,9546.975208241516,0.0
2001-09-18,7269.592283645151,9546.975208241516,0.0
2001-09-19,7122.880059002805,9546.975208241516,0.0
2001-09-20,6896.508517110726,9546.975208241516,0.0
2001-09-21,6822.103758952626,9546.975208241516,0.0
2001-09-24,7061.943622886319,9546.975208241516,0.0
2001-09-25,7135.578786620679,9546.975208241516,0.0
2001-09-26,7110.330718306879,9546.975208241516,0.0
2001-09-27,7172.043462866068,9546.975208241516,0.0
2001-09-28,7324.222577449782,9546.975208241516,0.0
2001-10-01,7312.301836779351,9546.975208241516,0.0
2001-10-02,7404.1689190102215,9546.975208241516,0.0
2001-10-03,7528.295183857959,9546.975208241516,0.0
2001-10-04,7534.608040188779,9546.975208241516,0.0
2001-10-05,7519.8816788438035,9546.975208241516,0.0
2001-10-08,7470.793807693884,9546.975208241516,0.0
2001-10-09,7430.8176995303675,9546.975208241516,0.0
2001-10-10,7596.323302505081,9546.975208241516,0.0
2001-10-11,7714.1358717696285,9546.975208241516,0.0
2001-10-12,7679.072746982957,9546.975208241516,0.0
2001-10-15,7665.046322114969,9546.975208241516,0.0
2001-10-16,7713.437613797382,9546.975208241516,0.0
2001-10-17,7549.337758543239,9546.975208241516,0.0
2001-10-18,7533.203970972952,9546.975208241516,0.0
2001-10-19,7528.295183857961,9546.975208241516,0.0
2001-10-22,7676.96790203777,9546.975208241516,0.0
2001-10-23,7637.698444370206,9546.975208241516,0.0
2001-10-24,7617.358323919027,9546.975208241516,0.0
2001-10-25,7754.109462176037,9546.975208241516,0.0
2001-10-26,7736.578319408885,9546.975208241516,0.0
2001-10-29,7535.308815918142,9546.975208241516,0.0
2001-10-30,7444.8449636507285,9546.975208241516,0.0
2001-10-31,7419.596056084558,9546.975208241516,0.0
2001-11-01,7609.644755381859,9546.975208241516,0.0
2001-11-02,7661.539086458695,9546.975208241516,0.0
2001-11-05,7761.826387722685,9546.975208241516,0.0
2001-11-06,7882.443738409407,9546.975208241516,0.0
2001-11-07,7871.925388450065,9546.975208241516,0.0
2001-11-08,7896.470163277395,9546.975208241516,0.0
2001-11-09,7904.887025301032,9546.975208241516,0.0
2001-11-12,7856.499929880471,9546.975208241516,0.0
2001-11-13,8033.224658543886,9546.975208241516,0.0
2001-11-14,8040.934870071571,9546.975208241516,0.0
2001-11-15,8055.662909921287,9546.975208241516,0.0
2001-11-16,8019.897330900515,9546.975208241516,0.0
2001-11-19,8118.780562948676,9546.975208241516,0.0
2001-11-20,8050.753283553924,9546.975208241516,0.0
2001-11-21,7997.45488326126,9546.975208241516,0.0
2001-11-23,8112.466028113115,9546.975208241516,0.0
2001-11-26,8130.000527889747,9546.975208241516,0.0
2001-11-27,8094.938242355445,9546.975208241516,0.0
2001-11-28,7948.368690616082,9546.975208241516,0.0
2001-11-29,8055.662909921287,9546.975208241516,0.0
2001-11-30,7998.1606945048425,9546.975208241516,0.0
2001-12-03,7950.469339299418,9546.975208241516,0.0
2001-12-04,8085.117311115981,9546.975208241516,0.0
2001-12-05,8233.088414314061,9546.975208241516,0.0
2001-12-06,8228.880402928427,9546.975208241516,0.0
2001-12-07,8174.177094167564,9546.975208241516,0.0
2001-12-10,8021.298043106863,9546.975208241516,0.0
2001-12-11,8005.171808807911,9546.975208241516,0.0
2001-12-12,8014.286928803795,9546.975208241516,0.0
2001-12-13,7858.601417816177,9546.975208241516,0.0
2001-12-14,7933.636454504514,9546.975208241516,0.0
2001-12-17,8015.690158767255,9546.975208241516,0.0
2001-12-18,8063.376478458456,9546.975208241516,0.0
2001-12-19,8120.181275155025,9546.975208241516,0.0
2001-12-20,8040.235772846955,9546.975208241516,0.0
2001-12-21,8089.001371086607,9546.975208241516,0.0
2001-12-24,8073.5188433558205,9546.975208241516,0.0
2001-12-26,8117.850671322177,9546.975208241516,0.0
2001-12-27,8167.111428460416,9546.975208241516,0.0
2001-12-28,8162.890828289225,9546.975208241516,0.0
2001-12-31,8043.2595991378275,9546.975208241516,0.0
2002-01-02,8129.81253535876,9546.975208241516,0.0
2002-01-03,8222.00105124753,9546.975208241516,0.0
2002-01-04,8276.885638520416,9546.975208241516,0.0
2002-01-07,8218.480387553325,9546.975208241516,0.0
2002-01-08,8199.48307089493,9546.975208241516,0.0
2002-01-09,8132.631584071234,9546.975208241516,0.0
2002-01-10,8168.517176180986,9546.975208241516,0.0
2002-01-11,8088.298077600137,9546.975208241516,0.0
2002-01-14,8037.633251246068,9546.975208241516,0.0
2002-01-15,8103.0747940873425,9546.975208241516,0.0
2002-01-16,7939.1134154743295,9546.975208241516,0.0
2002-01-17,7998.925253414362,9546.975208241516,0.0
2002-01-18,7962.332171556287,9546.975208241516,0.0
2002-01-22,7907.45010204051,9546.975208241516,0.0
2002-01-23,7967.96523346701,9546.975208241516,0.0
2002-01-24,7992.59393353139,9546.975208241516,0.0
2002-01-25,7990.48405307198,9546.975208241516,0.0
2002-01-28,8012.299579190479,9546.975208241516,0.0
2002-01-29,7760.372802616999,9546.975208241516,0.0
2002-01-30,7872.260250145892,9546.975208241516,0.0
2002-01-31,7964.442052015698,9546.975208241516,0.0
2002-02-01,7927.149033680635,9546.975208241516,0.0
2002-02-04,7730.113558399009,9546.975208241516,0.0
2002-02-05,7682.26190599082,9546.975208241516,0.0
2002-02-06,7649.189487826949,9546.975208241516,0.0
2002-02-07,7601.339513923501,9546.975208241516,0.0
2002-02-08,7747.004351607476,9546.975208241516,0.0
2002-02-11,7842.005202189754,9546.975208241516,0.0
2002-02-12,7817.366431096928,9546.975208241516,0.0
2002-02-13,7900.411292409215,9546.975208241516,0.0
2002-02-14,7885.632897417268,9546.975208241516,0.0
2002-02-15,7803.298043610415,9546.975208241516,0.0
2002-02-19,7653.4142842599895,9546.975208241516,0.0
2002-02-20,7782.190846492608,9546.975208241516,0.0
2002-02-21,7621.044320330216,9546.975208241516,0.0
2002-02-22,7715.3401989212825,9546.975208241516,0.0
2002-02-25,7842.705977919109,9546.975208241516,0.0
2002-02-26,7826.524352963704,9546.975208241516,0.0
2002-02-27,7856.780240172213,9546.975208241516,0.0
2002-02-28,7821.597102296561,9546.975208241516,0.0
2002-03-01,8003.85334333387,9546.975208241516,0.0
2002-03-04,8145.295902341914,9546.975208241516,0.0
2002-03-05,8119.262293809336,9546.975208241516,0.0
2002-03-06,8215.668052859814,9546.975208241516,0.0
2002-03-07,8198.073126912506,9546.975208241516,0.0
2002-03-08,8232.55381055406,9546.975208241516,0.0
2002-03-11,8250.151254258479,9546.975208241516,0.0
2002-03-12,8245.224003591336,9546.975208241516,0.0
2002-03-13,8165.703162982733,9546.975208241516,0.0
2002-03-14,8154.442913927878,9546.975208241516,0.0
2002-03-15,8232.14173764015,9546.975208241516,0.0
2002-03-18,8233.555038632054,9546.975208241516,0.0
2002-03-19,8288.598244602963,9610.79892962563,1.0
2002-03-20,8132.639137342567,9610.79892962563,0.0
2002-03-21,8136.167354308103,9610.79892962563,0.0
2002-03-22,8118.525430228048,9610.79892962563,0.0
2002-03-25,8017.60701118145,9491.330604732384,1.0
2002-03-26,8064.185517743606,9491.330604732384,0.0
2002-03-27,8085.3548195368285,9516.246306578372,1.0
2002-03-28,8081.829120328403,9512.096652936802,1.0
2002-04-01,8085.3548195368285,9516.246306578372,1.0
2002-04-02,8040.8954252101585,9463.9187889249,1.0
2002-04-03,7984.437239742602,9463.9187889249,0.0
2002-04-04,7951.2649505466425,9463.9187889249,0.0
2002-04-05,7952.678251538547,9463.9187889249,0.0
2002-04-08,7969.616882132131,9463.9187889249,0.0
2002-04-09,7913.867025665268,9463.9187889249,0.0
2002-04-10,8003.491625562191,9463.9187889249,0.0
2002-04-11,7804.482228705175,9228.595400308819,1.0
2002-04-12,7863.059526408217,9297.86151743271,1.0
2002-04-15,7803.069766965641,9297.86151743271,0.0
2002-04-16,7988.668750194609,9297.86151743271,0.0
2002-04-17,7971.733476610505,9278.150870581694,1.0
2002-04-18,7937.155439693975,9278.150870581694,0.0
2002-04-19,7966.089504418965,9278.150870581694,0.0
2002-04-22,7833.417132682534,9278.150870581694,0.0
2002-04-23,7799.539032242992,9278.150870581694,0.0
2002-04-24,7721.208251495744,9278.150870581694,0.0
2002-04-25,7725.443118957233,9278.150870581694,0.0
2002-04-26,7578.652843844431,9278.150870581694,0.0
2002-04-29,7541.247365691722,9278.150870581694,0.0
2002-04-30,7611.825133040391,9278.150870581694,0.0
2002-05-01,7704.974592893369,9278.150870581694,0.0
2002-05-02,7675.33723468191,9278.150870581694,0.0
2002-05-03,7592.061578967739,9278.150870581694,0.0
2002-05-06,7443.158066386044,9278.150870581694,0.0
2002-05-07,7417.043050373529,9278.150870581694,0.0
2002-05-08,7692.976641004852,9278.150870581694,0.0
2002-05-09,7604.058691603882,9278.150870581694,0.0
2002-05-10,7460.800829718471,9278.150870581694,0.0
2002-05-13,7612.527587274491,9278.150870581694,0.0
2002-05-14,7778.369730449771,9278.150870581694,0.0
2002-05-15,7748.024882489989,9278.150870581694,0.0
2002-05-16,7788.251087859912,9278.150870581694,0.0
2002-05-17,7826.358180994351,9278.150870581694,0.0
2002-05-20,7741.673420550128,9278.150870581694,0.0
2002-05-21,7671.100688715683,9278.150870581694,0.0
2002-05-22,7688.035962299787,9278.150870581694,0.0
2002-05-23,7769.9016740315365,9278.150870581694,0.0
2002-05-24,7670.396555976843,9278.150870581694,0.0
2002-05-28,7628.76292438161,9278.150870581694,0.0
2002-05-29,7572.300542652201,9278.150870581694,0.0
2002-05-30,7551.129562354238,9278.150870581694,0.0
2002-05-31,7566.6574097130315,9278.150870581694,0.0
2002-06-03,7365.5272221157875,9278.150870581694,0.0
2002-06-04,7383.878314448906,9278.150870581694,0.0
2002-06-05,7453.037745291447,9278.150870581694,0.0
2002-06-06,7301.305952221204,9278.150870581694,0.0
2002-06-07,7292.8387350553385,9278.150870581694,0.0
2002-06-10,7321.066988536745,9278.150870581694,0.0
2002-06-11,7195.4535684885,9278.150870581694,0.0
2002-06-12,7239.204633814479,9278.150870581694,0.0
2002-06-13,7166.519503763512,9278.150870581694,0.0
2002-06-14,7155.930656605048,9278.150870581694,0.0
2002-06-17,7347.884458783361,9278.150870581694,0.0
2002-06-18,7407.870861216455,9278.150870581694,0.0
2002-06-19,7234.973123362472,9278.150870581694,0.0
2002-06-20,7142.519403724628,9278.150870581694,0.0
2002-06-21,7030.8434477931,9278.150870581694,0.0
2002-06-24,7067.6681633054295,9278.150870581694,0.0
2002-06-25,6909.036876497393,9278.150870581694,0.0
2002-06-26,6920.368881629925,9278.150870581694,0.0
2002-06-27,7041.4641865416415,9278.150870581694,0.0
2002-06-28,7008.181535658963,9278.150870581694,0.0
2002-07-01,6871.501733853445,9278.150870581694,0.0
2002-07-02,6725.616592422217,9278.150870581694,0.0
2002-07-03,6763.857546309746,9278.150870581694,0.0
2002-07-05,7032.9663366642535,9278.150870581694,0.0
2002-07-08,6945.149066747179,9278.150870581694,0.0
2002-07-09,6770.228730680316,9278.150870581694,0.0
2002-07-10,6523.781432833763,9278.150870581694,0.0
2002-07-11,6576.896036857289,9278.150870581694,0.0
2002-07-12,6504.660746076905,9278.150870581694,0.0
2002-07-15,6539.362153091895,9278.150870581694,0.0
2002-07-16,6413.306866670588,9278.150870581694,0.0
2002-07-17,6426.053431673579,9278.150870581694,0.0
2002-07-18,6217.849185845482,9278.150870581694,0.0
2002-07-19,5999.018746128434,9278.150870581694,0.0
2002-07-22,5821.264254806429,9278.150870581694,0.0
2002-07-23,5661.9242193715145,9278.150870581694,0.0
2002-07-24,5999.730012512423,9278.150870581694,0.0
2002-07-25,5948.738716986234,9278.150870581694,0.0
2002-07-26,6062.04659915218,9278.150870581694,0.0
2002-07-29,6357.361884027586,9278.150870581694,0.0
2002-07-30,6440.217074304141,9278.150870581694,0.0
2002-07-31,6455.796955309905,9278.150870581694,0.0
2002-08-01,6287.251580249279,9278.150870581694,0.0
2002-08-02,6146.322224065789,9278.150870581694,0.0
2002-08-05,5932.451346232147,9278.150870581694,0.0
2002-08-06,6132.154385173374,9278.150870581694,0.0
2002-08-07,6239.092341847306,9278.150870581694,0.0
2002-08-08,6440.925822931018,9278.150870581694,0.0
2002-08-09,6465.007330449838,9278.150870581694,0.0
2002-08-12,6417.554322917631,9278.150870581694,0.0
2002-08-13,6300.70143873874,9278.150870581694,0.0
2002-08-14,6530.864722840689,9278.150870581694,0.0
2002-08-15,6621.512371377238,9278.150870581694,0.0
2002-08-16,6601.683775245872,9278.150870581694,0.0
2002-08-19,6756.067605806862,9278.150870581694,0.0
2002-08-20,6684.539385148616,9278.150870581694,0.0
2002-08-21,6780.85450494308,9278.150870581694,0.0
2002-08-22,6846.716932848153,9278.150870581694,0.0
2002-08-23,6699.413454910798,9278.150870581694,0.0
2002-08-26,6746.154356806644,9278.150870581694,0.0
2002-08-27,6668.252434020715,9278.150870581694,0.0
2002-08-28,6522.363935580003,9278.150870581694,0.0
2002-08-29,6525.197671208961,9278.150870581694,0.0
2002-08-30,6499.7028626982365,9278.150870581694,0.0
2002-09-03,6251.841004981222,9278.150870581694,0.0
2002-09-04,6341.06989738546,9278.150870581694,0.0
2002-09-05,6287.251580249277,9278.150870581694,0.0
2002-09-06,6373.647995903113,9278.150870581694,0.0
2002-09-09,6420.390576303699,9278.150870581694,0.0
2002-09-10,6494.0408465807295,9278.150870581694,0.0
2002-09-11,6453.673227186379,9278.150870581694,0.0
2002-09-12,6334.695356005407,9278.150870581694,0.0
2002-09-13,6350.280272525394,9278.150870581694,0.0
2002-09-16,6365.856796521675,9278.150870581694,0.0
2002-09-17,6219.9724943428155,9278.150870581694,0.0
2002-09-18,6157.653389945947,9278.150870581694,0.0
2002-09-19,5998.310836753922,9278.150870581694,0.0
2002-09-20,6000.30448076002,9278.150870581694,0.0
2002-09-23,5951.219966619583,9278.150870581694,0.0
2002-09-24,5855.184737490677,9278.150870581694,0.0
2002-09-25,6000.30448076002,9278.150870581694,0.0
2002-09-26,6098.470152031412,9278.150870581694,0.0
2002-09-27,5886.483815395704,9278.150870581694,0.0
2002-09-30,5818.192591130434,9278.150870581694,0.0
2002-10-01,6097.759305273609,9278.150870581694,0.0
2002-10-02,5914.942024026627,9278.150870581694,0.0
2002-10-03,5855.184737490677,9278.150870581694,0.0
2002-10-04,5747.771763975048,9278.150870581694,0.0
2002-10-07,5628.973912427547,9278.150870581694,0.0
2002-10-08,5717.185211332566,9278.150870581694,0.0
2002-10-09,5555.704662726719,9278.150870581694,0.0
2002-10-10,5735.680235447225,9278.150870581694,0.0
2002-10-11,5986.788321333292,9278.150870581694,0.0
2002-10-14,6020.219100259363,9278.150870581694,0.0
2002-10-15,6309.741026021281,9278.150870581694,0.0
2002-10-16,6156.800289911348,9278.150870581694,0.0
2002-10-17,6279.154473378798,9278.150870581694,0.0
2002-10-18,6305.475525848268,9278.150870581694,0.0
2002-10-21,6414.311871384249,9278.150870581694,0.0
2002-10-22,6368.075779789252,9278.150870581694,0.0
2002-10-23,6416.447349040958,9278.150870581694,0.0
2002-10-24,6285.558388591817,9278.150870581694,0.0
2002-10-25,6416.447349040958,9278.150870581694,0.0
2002-10-28,6374.477177245158,9278.150870581694,0.0
2002-10-29,6300.497080786527,9278.150870581694,0.0
2002-10-30,6361.672703828603,9278.150870581694,0.0
2002-10-31,6296.943266623689,9278.150870581694,0.0
2002-11-01,6421.426213728886,9278.150870581694,0.0
2002-11-04,6482.602256397147,9278.150870581694,0.0
2002-11-05,6533.820150063369,9278.150870581694,0.0
2002-11-06,6618.473438543699,9278.150870581694,0.0
2002-11-07,6456.284141310973,9278.150870581694,0.0
2002-11-08,6377.322662407302,9278.150870581694,0.0
2002-11-11,6278.441948116252,9278.150870581694,0.0
2002-11-12,6328.241085650161,9278.150870581694,0.0
2002-11-13,6334.637027965659,9278.150870581694,0.0
2002-11-14,6454.150761785189,9278.150870581694,0.0
2002-11-15,6501.808127269609,9278.150870581694,0.0
2002-11-18,6436.364486297409,9278.150870581694,0.0
2002-11-19,6427.828030810977,9278.150870581694,0.0
2002-11-20,6570.811876797426,9278.150870581694,0.0
2002-11-21,6693.16480138632,9278.150870581694,0.0
2002-11-22,6645.507016275714,9278.150870581694,0.0
2002-11-25,6649.775034205836,9278.150870581694,0.0
2002-11-26,6523.151993555891,9278.150870581694,0.0
2002-11-27,6706.678443055936,9278.150870581694,0.0
2002-11-29,6685.3391926576915,9278.150870581694,0.0
2002-12-02,6696.011125800833,9278.150870581694,0.0
2002-12-03,6606.377713754019,9278.150870581694,0.0
2002-12-04,6576.5003293646005,9278.150870581694,0.0
2002-12-05,6503.944444178689,9278.150870581694,0.0
2002-12-06,6546.625462732293,9278.150870581694,0.0
2002-12-09,6366.653247021271,9278.150870581694,0.0
2002-12-10,6452.014025249923,9278.150870581694,0.0
2002-12-11,6457.704575948027,9278.150870581694,0.0
2002-12-12,6456.99750582589,9278.150870581694,0.0
2002-12-13,6355.267949363214,9278.150870581694,0.0
2002-12-16,6519.5923046264625,9278.150870581694,0.0
2002-12-17,6462.68553876688,9278.150870581694,0.0
2002-12-18,6387.994595550444,9278.150870581694,0.0
2002-12-19,6342.465574077585,9278.150870581694,0.0
2002-12-20,6432.964674944558,9278.150870581694,0.0
2002-12-23,6435.112741386826,9278.150870581694,0.0
2002-12-24,6387.211992714964,9278.150870581694,0.0
2002-12-26,6390.073423672146,9278.150870581694,0.0
2002-12-27,6246.3896412087115,9278.150870581694,0.0
2002-12-30,6298.573094727181,9278.150870581694,0.0
2002-12-31,6307.151512832136,9278.150870581694,0.0
2003-01-02,6510.170437889165,9278.150870581694,0.0
2003-01-03,6530.186187299152,9278.150870581694,0.0
2003-01-06,6645.280418135685,9278.150870581694,0.0
2003-01-07,6628.8365268145035,9278.150870581694,0.0
2003-01-08,6533.04552012541,9278.150870581694,0.0
2003-01-09,6634.550156952794,9278.150870581694,0.0
2003-01-10,6652.424553939474,9278.150870581694,0.0
2003-01-13,6650.281103385245,9278.150870581694,0.0
2003-01-14,6671.7281977131,9278.150870581694,0.0
2003-01-15,6605.24766043716,9278.150870581694,0.0
2003-01-16,6578.0827397091625,9278.150870581694,0.0
2003-01-17,6480.860807728384,9278.150870581694,0.0
2003-01-21,6380.067856911176,9278.150870581694,0.0
2003-01-22,6302.860835088012,9278.150870581694,0.0
2003-01-23,6341.464345999592,9278.150870581694,0.0
2003-01-24,6174.904642047545,9278.150870581694,0.0
2003-01-27,6090.554323672962,9278.150870581694,0.0
2003-01-28,6135.588605873419,9278.150870581694,0.0
2003-01-29,6182.05381336556,9278.150870581694,0.0
2003-01-30,6035.5106980758665,9278.150870581694,0.0
2003-01-31,6152.032497194602,9278.150870581694,0.0
2003-02-03,6164.180675257435,9278.150870581694,0.0
2003-02-04,6103.421321391121,9278.150870581694,0.0
2003-02-05,6065.529916115899,9278.150870581694,0.0
2003-02-06,6036.9407841151815,9278.150870581694,0.0
2003-02-07,5963.306040007004,9278.150870581694,0.0
2003-02-10,6005.483926764501,9278.150870581694,0.0
2003-02-11,5964.023181157589,9278.150870581694,0.0
2003-02-12,5868.948056740523,9278.150870581694,0.0
2003-02-13,5886.81825746535,9278.150870581694,0.0
2003-02-14,6015.490752404029,9278.150870581694,0.0
2003-02-18,6121.291102489763,9278.150870581694,0.0
2003-02-19,6089.124657259834,9278.150870581694,0.0
2003-02-20,6028.357330496,9278.150870581694,0.0
2003-02-21,6089.124657259834,9278.150870581694,0.0
2003-02-24,5990.472639239742,9278.150870581694,0.0
2003-02-25,6038.367932771197,9278.150870581694,0.0
2003-02-26,5950.442818924515,9278.150870581694,0.0
2003-02-27,6029.074891272769,9278.150870581694,0.0
2003-02-28,6069.104711587996,9278.150870581694,0.0
2003-03-03,6011.203012043198,9278.150870581694,0.0
2003-03-04,5915.411166101734,9278.150870581694,0.0
2003-03-05,5965.45494570164,9278.150870581694,0.0
2003-03-06,5915.411166101734,9278.150870581694,0.0
2003-03-07,5956.157288315176,9278.150870581694,0.0
2003-03-10,5813.186870366654,9278.150870581694,0.0
2003-03-11,5756.002311972439,9278.150870581694,0.0
2003-03-12,5794.601626622169,9278.150870581694,0.0
2003-03-13,5994.75870109583,9278.150870581694,0.0
2003-03-14,6014.062344869453,9278.150870581694,0.0
2003-03-17,6203.498809562484,9278.150870581694,0.0
2003-03-18,6239.954254031799,9278.150870581694,0.0
2003-03-19,6287.85248494655,9278.150870581694,0.0
2003-03-20,6301.432847179623,9278.150870581694,0.0
2003-03-21,6435.9343694575355,9278.150870581694,0.0
2003-03-24,6222.051322464521,9278.150870581694,0.0
2003-03-25,6281.623973478963,9278.150870581694,0.0
2003-03-26,6250.043326403636,9278.150870581694,0.0
2003-03-27,6255.066251841015,9278.150870581694,0.0
2003-03-28,6223.484345887131,9278.150870581694,0.0
2003-03-31,6082.095918656984,9278.150870581694,0.0
2003-04-01,6175.3972831890205,9278.150870581694,0.0
2003-04-02,6324.683494851658,9278.150870581694,0.0
2003-04-03,6294.545522601203,9278.150870581694,0.0
2003-04-04,6331.864557759751,9278.150870581694,0.0
2003-04-07,6319.662247919021,9278.150870581694,0.0
2003-04-08,6329.715652065114,9278.150870581694,0.0
2003-04-09,6246.45426364124,9278.150870581694,0.0
2003-04-10,6280.907671580753,9278.150870581694,0.0
2003-04-11,6255.066251841017,9278.150870581694,0.0
2003-04-14,6384.259922501769,9278.150870581694,0.0
2003-04-15,6443.832993142398,9278.150870581694,0.0
2003-04-16,6334.016400837687,9278.150870581694,0.0
2003-04-17,6428.042040165455,9278.150870581694,0.0
2003-04-21,6434.500506782556,9278.150870581694,0.0
2003-04-22,6555.798910767931,9278.150870581694,0.0
2003-04-23,6616.091640316254,9278.150870581694,0.0
2003-04-24,6557.236130452395,9278.150870581694,0.0
2003-04-25,6476.131200994494,9278.150870581694,0.0
2003-04-28,6588.098797124769,9278.150870581694,0.0
2003-04-29,6611.063679364653,9278.150870581694,0.0
2003-04-30,6596.712463829286,9278.150870581694,0.0
2003-05-01,6595.991546043037,9278.150870581694,0.0
2003-05-02,6690.018024623176,9278.150870581694,0.0
2003-05-05,6677.096055874752,9278.150870581694,0.0
2003-05-06,6740.261546287259,9278.150870581694,0.0
2003-05-07,6702.934118605007,9278.150870581694,0.0
2003-05-08,6635.466620541372,9278.150870581694,0.0
2003-05-09,6727.3383186602805,9278.150870581694,0.0
2003-05-12,6809.877110793163,9278.150870581694,0.0
2003-05-13,6797.676899083361,9278.150870581694,0.0
2003-05-14,6783.32148728614,9278.150870581694,0.0
2003-05-15,6826.385624546873,9278.150870581694,0.0
2003-05-16,6809.155773380728,9278.150870581694,0.0
2003-05-19,6649.824969721889,9278.150870581694,0.0
2003-05-20,6636.184181318141,9278.150870581694,0.0
2003-05-21,6649.824969721888,9278.150870581694,0.0
2003-05-22,6715.851471465392,9278.150870581694,0.0
2003-05-23,6729.488902859658,9278.150870581694,0.0
2003-05-27,6847.2007618397465,9278.150870581694,0.0
2003-05-28,6866.579938326716,9278.150870581694,0.0
2003-05-29,6848.635883393284,9278.150870581694,0.0
2003-05-30,6958.449957940883,9278.150870581694,0.0
2003-06-02,6987.1570048996555,9278.150870581694,0.0
2003-06-03,7015.864891110797,9278.150870581694,0.0
2003-06-04,7117.070754094288,9278.150870581694,0.0
2003-06-05,7152.2362676701605,9278.150870581694,0.0
2003-06-06,7124.245522609602,9278.150870581694,0.0
2003-06-09,7051.756777613328,9278.150870581694,0.0
2003-06-10,7123.526283328092,9278.150870581694,0.0
2003-06-11,7198.890306945661,9278.150870581694,0.0
2003-06-12,7221.140565792073,9306.827687380435,1.0
2003-06-13,7145.779059931616,9306.827687380435,0.0
2003-06-16,7296.504589409644,9306.827687380435,0.0
2003-06-17,7296.504589409644,9306.827687380435,1.0
2003-06-18,7290.044863913988,9306.827687380435,0.0
2003-06-19,7178.794408934297,9306.827687380435,0.0
2003-06-20,7162.943449412865,9306.827687380435,0.0
2003-06-23,7089.4711006383795,9211.364908055086,1.0
2003-06-24,7096.674403734289,9220.72417511716,1.0
2003-06-25,7025.3664868232945,9128.073646724248,1.0
2003-06-26,7116.84667371137,9246.934048483592,1.0
2003-06-27,7034.725829258991,9140.234260294827,1.0
2003-06-30,7032.568111414464,9140.234260294827,0.0
2003-07-01,7097.397000025278,9224.492417393318,1.0
2003-07-02,7186.716112059344,9340.580536979078,1.0
2003-07-03,7112.522845498608,9244.15149055421,1.0
2003-07-07,7253.70271851469,9427.643081643275,1.0
2003-07-08,7286.123876839061,9469.780886408207,1.0
2003-07-09,7245.06177610813,9416.412442056939,1.0
2003-07-10,7152.859832181435,9296.57750361152,1.0
2003-07-11,7220.574070441994,9384.585751900557,1.0
2003-07-14,7255.865471873441,9430.45401387074,1.0
2003-07-15,7240.021226370973,9409.861235631575,1.0
2003-07-16,7197.5206470770245,9354.62319956984,1.0
2003-07-17,7095.2359251712705,9221.683666719775,1.0
2003-07-18,7167.989873916618,9316.242030657215,1.0
2003-07-21,7079.387483406951,9201.085434595809,1.0
2003-07-22,7143.49797198863,9284.40988661603,1.0
2003-07-23,7148.539360978159,9290.962183818352,1.0
2003-07-24,7094.515007385022,9220.74668931062,1.0
2003-07-25,7219.850634898635,9383.64550216052,1.0
2003-07-28,7193.202693630859,9349.011152107554,1.0
2003-07-29,7160.06817079157,9305.94618692611,1.0
2003-07-30,7142.77873270712,9283.475090760794,1.0
2003-07-31,7159.344735248209,9305.005937186073,1.0
2003-08-01,7095.95348594804,9222.616281021086,1.0
2003-08-04,7095.95348594804,9222.616281021086,1.0
2003-08-05,6945.405458346372,9026.948892109327,1.0
2003-08-06,6985.74412353394,9079.377086720557,1.0
2003-08-07,7059.218570439353,9174.871882678672,1.0
2003-08-08,7079.387483406953,9201.085434595807,1.0
2003-08-11,7106.038781684212,9235.724147756617,1.0
2003-08-12,7170.86934879977,9319.984486409034,1.0
2003-08-13,7134.134433291083,9272.240088066617,1.0
2003-08-14,7153.57991071532,9297.513390243716,1.0
2003-08-15,7175.914094798782,9326.541146719199,1.0
2003-08-18,7237.8601515169685,9407.052484958034,1.0
2003-08-19,7265.236563842329,9442.6336294128,1.0
2003-08-20,7235.699076662958,9404.243734284488,1.0
2003-08-21,7258.747464513705,9434.19974195344,1.0
2003-08-22,7186.716112059349,9340.580536979078,1.0
2003-08-25,7198.241564863278,9355.560176978994,1.0
2003-08-26,7211.21137099682,9372.417044128104,1.0
2003-08-27,7213.3724458508295,9375.225794801649,1.0
2003-08-28,7258.028225232195,9433.264946098205,1.0
2003-08-29,7307.013707592915,9496.931415734496,1.0
2003-09-02,7404.977119043021,9624.254538014435,1.0
2003-09-03,7445.31662348296,9676.683823402625,1.0
2003-09-04,7448.9178554047285,9681.36434734056,1.0
2003-09-05,7407.138193897029,9627.063288687978,1.0
2003-09-08,7468.366689838447,9706.642012625498,1.0
2003-09-09,7419.38540373958,9642.98099687401,1.0
2003-09-10,7344.470380140223,9545.613882263027,1.0
2003-09-11,7366.080289427953,9573.700298221513,1.0
2003-09-12,7379.763460076411,9591.484325787133,1.0
2003-09-15,7353.834758090145,9557.784771589402,1.0
2003-09-16,7461.1617082378,9697.277692418751,1.0
2003-09-17,7446.75426279361,9678.552324336133,1.0
2003-09-18,7534.638253274138,9792.775215319267,1.0
2003-09-19,7496.312115271004,9742.962703859555,1.0
2003-09-22,7415.326779275897,9637.705999492553,1.0
2003-09-23,7443.524819671968,9674.355014591747,1.0
2003-09-24,7311.20241617403,9502.375483544853,1.0
2003-09-25,7251.182443646117,9424.367478430595,1.0
2003-09-26,7227.318302491253,9393.35123555594,1.0
2003-09-29,7298.183933403,9485.455351332028,1.0
2003-09-30,7227.318302491253,9393.35123555594,1.0
2003-10-01,7381.3404152805615,9593.533895696102,1.0
2003-10-02,7408.092423842279,9628.303502092182,1.0
2003-10-03,7476.065991085319,9716.648800462044,1.0
2003-10-06,7510.050676575912,9760.818722704573,1.0
2003-10-07,7538.9771880295675,9798.414532205568,1.0
2003-10-08,7520.170381659273,9773.971311295487,1.0
2003-10-09,7540.416505844957,9800.285214692998,1.0
2003-10-10,7561.391940340596,9827.54700326927,1.0
2003-10-13,7585.25692074783,9858.564336920888,1.0
2003-10-14,7612.007250804805,9893.331761763046,1.0
2003-10-15,7591.759448114381,9867.015676811614,1.0
2003-10-16,7622.130312897648,9906.4887134618,1.0
2003-10-17,7538.9771880295675,9798.41453220557,1.0
2003-10-20,7595.37662583119,9871.716925511799,1.0
2003-10-21,7582.360660817271,9854.800065629855,1.0
2003-10-22,7486.9133279738935,9730.747092677797,1.0
2003-10-23,7473.1781236784645,9712.89543694062,1.0
2003-10-24,7489.805391642599,9734.505910084024,1.0
2003-10-27,7493.4217301070385,9739.20606800725,1.0
2003-10-28,7595.376625831191,9871.716925511799,1.0
2003-10-29,7605.497170166922,9884.870604879672,1.0
2003-10-30,7621.405198849547,9905.546282167841,1.0
2003-10-31,7614.176718182523,9896.151420206195,1.0
2003-11-03,7664.070271608112,9960.998110513856,1.0
2003-11-04,7647.437968129754,9939.381092708689,1.0
2003-11-05,7653.224613224277,9946.901999852023,1.0
2003-11-06,7693.718540100387,9999.531988200966,1.0
2003-11-07,7636.593988250663,9925.287163600779,1.0
2003-11-10,7605.497170166923,9884.870604879672,1.0
2003-11-11,7603.33022054632,9882.054218767404,1.0
2003-11-12,7688.656169801598,9992.95242157463,1.0
2003-11-13,7690.823119422202,9995.768807686898,1.0
2003-11-14,7625.743294352609,9911.184508277185,1.0
2003-11-17,7587.423870368439,9861.380723033157,1.0
2003-11-18,7508.602966236824,9758.937132447543,1.0
2003-11-19,7572.235080967323,9841.639841600221,1.0
2003-11-20,7504.261513724282,9753.294543230359,1.0
2003-11-21,7535.359171060391,9793.712192728424,1.0
2003-11-24,7635.14627791157,9923.405573343744,1.0
2003-11-25,7664.070271608113,9960.998110513856,1.0
2003-11-26,7691.547394217933,9996.710148203896,1.0
2003-11-28,7697.334039312456,10004.23105534723,1.0
2003-12-01,7780.488003432908,10112.306327380422,1.0
2003-12-02,7760.9686718000685,10086.937036830792,1.0
2003-12-03,7748.676142329511,10070.960426688885,1.0
2003-12-04,7780.488003432908,10112.306327380422,1.0
2003-12-05,7726.253836747149,10041.818138632541,1.0
2003-12-08,7778.320214559934,10109.488850491192,1.0
2003-12-09,7718.303599041503,10031.485208484779,1.0
2003-12-10,7717.579324245771,10030.54386796778,1.0
2003-12-11,7804.351305335402,10143.32147947812,1.0
2003-12-12,7819.533380717553,10163.053634695372,1.0
2003-12-15,7780.488003432908,10112.306327380426,1.0
2003-12-16,7820.981930309018,10164.936315729366,1.0
2003-12-17,7845.568667754873,10196.8917175671,1.0
2003-12-18,7933.782484417004,10311.543283895748,1.0
2003-12-19,7911.700076044689,10282.842760508443,1.0
2003-12-22,7966.912810994439,10354.602795192384,1.0
2003-12-23,7972.000358864345,10361.21508512754,1.0
2003-12-24,7964.005640783064,10350.824343800867,1.0
2003-12-26,7969.820820458184,10358.382337360863,1.0
2003-12-29,8075.888892050105,10496.23909274931,1.0
2003-12-30,8077.339959398681,10498.125046114188,1.0
2003-12-31,8084.606206422377,10507.568993039062,1.0
2004-01-02,8080.973922162899,10502.848110353587,1.0
2004-01-05,8168.884768719282,10617.105906199458,1.0
2004-01-06,8176.873612033969,10627.489012087408,1.0
2004-01-07,8204.479140256475,10663.36793865242,1.0
2004-01-08,8237.173055601255,10705.860245929545,1.0
2004-01-09,8165.248288197951,10612.37956962918,1.0
2004-01-12,8225.55024952235,10690.7540758022,1.0
2004-01-13,8177.598726082073,10628.431443381367,1.0
2004-01-14,8245.892887730639,10717.19341855018,1.0
2004-01-15,8266.235525938928,10743.632761298159,1.0
2004-01-16,8298.926084274228,10786.120705467443,1.0
2004-01-20,8296.748224372808,10783.290139254686,1.0
2004-01-21,8362.13521581,10868.27366303198,1.0
2004-01-22,8340.338992496021,10839.945094588242,1.0
2004-01-23,8313.458578321619,10805.008599317189,1.0
2004-01-26,8418.078939574447,10940.983764448603,1.0
2004-01-27,8331.620838871379,10828.61410352153,1.0
2004-01-28,8236.447941553151,10704.917814635588,1.0
2004-01-29,8244.43762412021,10715.3020113005,1.0
2004-01-30,8244.43762412021,10715.3020113005,1.0
2004-02-02,8280.042066685848,10761.577133076988,1.0
2004-02-03,8266.235525938928,10743.632761298159,1.0
2004-02-04,8198.668996095575,10655.816489754186,1.0
2004-02-05,8222.645597068085,10686.978896741564,1.0
2004-02-06,8314.907967165456,10806.892371128146,1.0
2004-02-09,8317.088344823987,10809.726209671784,1.0
2004-02-10,8343.97043750313,10844.664886496757,1.0
2004-02-11,8432.604719602876,10959.862932082668,1.0
2004-02-12,8402.091181916625,10920.204463349177,1.0
2004-02-13,8364.312236459049,10871.103138467775,1.0
2004-02-17,8439.870966626571,10969.30687900754,1.0
2004-02-18,8402.816295964727,10921.146894643134,1.0
2004-02-19,8371.580161987486,10880.54926694657,1.0
2004-02-20,8346.15081516166,10847.498725040394,1.0
2004-02-23,8325.080545148156,10820.113678667576,1.0
2004-02-24,8310.551408110245,10801.230147925671,1.0
2004-02-25,8345.425701113556,10846.556293746436,1.0
2004-02-26,8350.50821346924,10853.162039019828,1.0
2004-02-27,8356.320875387248,10860.71676024894,1.0
2004-03-01,8439.143334821356,10968.361175382697,1.0
2004-03-02,8389.744101041984,10904.156952704829,1.0
2004-03-03,8404.996673623256,10923.980733186769,1.0
2004-03-04,8426.792896937233,10952.309301630507,1.0
2004-03-05,8455.126896217324,10989.135022597318,1.0
2004-03-08,8351.963477079666,10855.053446269505,1.0
2004-03-09,8318.54276918204,10811.616526144498,1.0
2004-03-10,8179.053150440125,10630.321759854081,1.0
2004-03-11,8072.985918100576,10492.466095242595,1.0
2004-03-12,8179.053150440125,10630.321759854081,1.0
2004-03-15,8078.796062261473,10500.017544140825,1.0
2004-03-16,8121.660877084215,10555.728977403462,1.0
2004-03-17,8212.474697590122,10673.759770756049,1.0
2004-03-18,8214.650878986798,10676.588155414884,1.0
2004-03-19,8096.909646173744,10523.559783281451,1.0
2004-03-22,7994.11298032199,10389.954876485419,1.0
2004-03-23,7980.2619591994335,10371.952693527679,1.0
2004-03-24,7986.824912736661,10380.48256935957,1.0
2004-03-25,8092.536302071123,10517.875744539764,1.0
2004-03-26,8094.7225544962475,10520.717218522126,1.0
2004-03-29,8208.452160978364,10668.53167678389,1.0
2004-03-30,8236.159238737699,10704.542587361135,1.0
2004-03-31,8245.636076505263,10716.859640800229,1.0
2004-04-01,8295.214071039549,10781.296198970704,1.0
2004-04-02,8357.914615638803,10862.788145697117,1.0
2004-04-05,8403.844380118573,10922.483096419865,1.0
2004-04-06,8376.869969678677,10887.424434129225,1.0
2004-04-07,8357.183626824108,10861.838078964434,1.0
2004-04-08,8338.230790541349,10837.20506286321,1.0
2004-04-12,8371.035487199033,10879.841352699133,1.0
2004-04-13,8253.65932916714,10727.287468543562,1.0
2004-04-14,8266.780200727371,10744.34067554558,1.0
2004-04-15,8235.428249923003,10703.592520628454,1.0
2004-04-16,8298.859783336955,10786.03453408755,1.0
2004-04-19,8298.859783336955,10786.03453408755,1.0
2004-04-20,8159.6059945111465,10605.046276123063,1.0
2004-04-21,8214.289161215118,10676.118030544865,1.0
2004-04-22,8329.481584578996,10825.833713048956,1.0
2004-04-23,8337.49728396954,10836.251723799644,1.0
2004-04-26,8325.834193776851,10821.09319637819,1.0
2004-04-27,8333.12393986692,10830.567685057958,1.0
2004-04-28,8225.222941097853,10690.328672787558,1.0
2004-04-29,8153.044719478661,10596.518581845092,1.0
2004-04-30,8089.624096345526,10514.090748486484,1.0
2004-05-03,8176.376774630635,10626.843272126729,1.0
2004-05-04,8169.8171781028905,10618.31775940268,1.0
2004-05-05,8222.309896119887,10686.542585957319,1.0
2004-05-06,8151.587777363493,10594.624993041492,1.0
2004-05-07,8016.713207406898,10419.328409257416,1.0
2004-05-10,7934.330516214927,10312.255561251015,1.0
2004-05-11,8001.40104790732,10399.427183611275,1.0
2004-05-12,8052.441020070997,10465.763875247114,1.0
2004-05-13,8018.898620579651,10422.16879246282,1.0
2004-05-14,8022.546011381798,10426.909309133587,1.0
2004-05-17,7954.013502060012,10337.837553307967,1.0
2004-05-18,7994.11298032199,10389.954876485426,1.0
2004-05-19,7966.412616581621,10353.952692123867,1.0
2004-05-20,7991.9250493921245,10387.111220949142,1.0
2004-05-21,8005.779427524162,10405.117767014724,1.0
2004-05-24,8039.316791501285,10448.706305137253,1.0
2004-05-25,8154.503340098571,10598.41435220262,1.0
2004-05-26,8182.939728167859,10635.373147958624,1.0
2004-05-27,8228.867814142888,10695.065917127451,1.0
2004-05-28,8228.140182337673,10694.12021350261,1.0
2004-06-01,8217.207241707309,10679.910662036878,1.0
2004-06-02,8247.82568593987,10719.70547789044,1.0
2004-06-03,8172.001752023273,10621.157051831127,1.0
2004-06-04,8236.889388300024,10705.491563316862,1.0
2004-06-07,8362.284602731943,10868.467821330965,1.0
2004-06-08,8373.951889186485,10883.631802637223,1.0
2004-06-09,8295.945059854246,10782.24626570339,1.0
2004-06-10,8336.77216992144,10835.30929250569,1.0
2004-06-14,8254.386121719986,10728.232081391447,1.0
2004-06-15,8312.712482964253,10804.038898599212,1.0
2004-06-16,8311.2521838396,10802.140946687769,1.0
2004-06-17,8298.859783336955,10786.034534087552,1.0
2004-06-18,8314.516875560803,10806.384069064501,1.0
2004-06-21,8283.05414344353,10765.491931588573,1.0
2004-06-22,8324.760789994996,10819.698092645582,1.0
2004-06-23,8396.469030286715,10912.897348490114,1.0
2004-06-24,8370.129933891278,10878.66440435865,1.0
2004-06-25,8329.883586464462,10826.356195213082,1.0
2004-06-28,8301.349005867827,10789.269778552689,1.0
2004-06-29,8335.73149698203,10833.956729074542,1.0
2004-06-30,8380.37384832547,10891.978427939728,1.0
2004-07-01,8264.029131456908,10740.765108668733,1.0
2004-07-02,8259.637323802135,10735.057072833913,1.0
2004-07-06,8187.198933948092,10640.90884103366,1.0
2004-07-07,8211.346742404181,10672.293766521,1.0
2004-07-08,8154.275063453796,10598.117660869328,1.0
2004-07-09,8175.4905241273955,10625.691411656333,1.0
2004-07-12,8179.14966446273,10630.44719920455,1.0
2004-07-13,8185.004288999263,10638.056459281694,1.0
2004-07-14,8160.125491728477,10605.72146706167,1.0
2004-07-15,8107.438067161529,10537.243580252174,1.0
2004-07-16,8100.85329306267,10528.685344219306,1.0
2004-07-19,8066.458213162906,10483.982032043043,1.0
2004-07-20,8168.906589280906,10617.134266400426,1.0
2004-07-21,8018.172667279174,10421.225270391891,1.0
2004-07-22,8040.123313029322,10449.754541796381,1.0
2004-07-23,7972.805201887635,10362.261140232747,1.0
2004-07-26,7957.439330236347,10342.290104861126,1.0
2004-07-27,8032.07236503922,10439.290718413347,1.0
2004-07-28,8056.217655738197,10470.672371569804,1.0
2004-07-29,8090.609378628478,10515.371320638225,1.0
2004-07-30,8110.368736439278,10541.052573398589,1.0
2004-08-02,8127.19742497233,10562.924833012537,1.0
2004-08-03,8064.273639242524,10481.142739614605,1.0
2004-08-04,8063.535936408864,10480.183946666237,1.0
2004-08-05,7931.827865646125,10309.002864354501,1.0
2004-08-06,7818.414657307681,10161.599629006883,1.0
2004-08-09,7829.38788205183,10175.861537766728,1.0
2004-08-10,7930.363370259621,10307.099458558258,1.0
2004-08-11,7914.264831288895,10286.17617490003,1.0
2004-08-12,7827.924225917697,10173.959222747442,1.0
2004-08-13,7843.294293830838,10193.935712003868,1.0
2004-08-16,7924.513781237311,10299.496743142878,1.0
2004-08-17,7969.146900804674,10357.5064434615,1.0
2004-08-18,8051.101573287697,10464.022995217994,1.0
2004-08-19,8027.679718132082,10433.581591801574,1.0
2004-08-20,8084.027122286733,10506.816356936248,1.0
2004-08-23,8063.535936408866,10480.183946666242,1.0
2004-08-24,8074.51839292909,10494.457853972652,1.0
2004-08-25,8129.392909173532,10565.778305541471,1.0
2004-08-26,8129.392909173532,10565.778305541471,1.0
2004-08-27,8155.001856006642,10599.062273717214,1.0
2004-08-30,8087.6845841173235,10511.56996293054,1.0
2004-08-31,8130.125576492967,10566.730553828074,1.0
2004-09-01,8145.488091134774,10586.697226091854,1.0
2004-09-02,8237.686678051987,10706.52780142943,1.0
2004-09-03,8204.030140238256,10662.784372978496,1.0
2004-09-07,8258.174506920373,10733.155848591594,1.0
2004-09-08,8237.686678051987,10706.52780142943,1.0
2004-09-09,8230.372593643173,10697.021680217804,1.0
2004-09-10,8272.811907514077,10752.180089561416,1.0
2004-09-13,8299.88367122895,10787.365281979486,1.0
2004-09-14,8316.714038266744,10809.239723147357,1.0
2004-09-15,8253.784377770344,10727.4499943107,1.0
2004-09-16,8278.66233578876,10759.783895753762,1.0
2004-09-17,8313.860580207082,10805.53108148132,1.0
2004-09-20,8263.89569033,10740.59167513201,1.0
2004-09-21,8299.89542076214,10787.380552856937,1.0
2004-09-22,8196.298947401308,10652.736135617455,1.0
2004-09-23,8152.214698884247,10595.439803431069,1.0
2004-09-24,8189.683960217112,10644.138631614009,1.0
2004-09-27,8137.5143543627555,10576.3337541892,1.0
2004-09-28,8176.454825101089,10626.944714384072,1.0
2004-09-29,8217.60336882618,10680.42550876228,1.0
2004-09-30,8211.723566718532,10672.783525376319,1.0
2004-10-01,8350.595495715766,10853.275479823735,1.0
2004-10-04,8364.559815908338,10871.424917671155,1.0
2004-10-05,8368.965890853406,10877.151496714303,1.0
2004-10-06,8426.28095299123,10951.643927684547,1.0
2004-10-07,8335.902704465607,10834.179247574511,1.0
2004-10-08,8266.83475213145,10744.411576048027,1.0
2004-10-11,8300.634802100538,10788.341527359227,1.0
2004-10-12,8268.302604527436,10746.319344952117,1.0
2004-10-13,8195.559566062906,10651.775161115167,1.0
2004-10-14,8129.437389549164,10565.836116720386,1.0
2004-10-15,8174.989490462212,10625.040217810863,1.0
2004-10-18,8205.847960872734,10665.14699587516,1.0
2004-10-19,8136.780847790947,10575.380415125637,1.0
2004-10-20,8120.6176863876935,10554.373141641445,1.0
2004-10-21,8173.518281056745,10623.128085798935,1.0
2004-10-22,8081.673858639877,10503.75781833873,1.0
2004-10-25,8072.1214881589685,10491.342594973183,1.0
2004-10-26,8195.559566062906,10651.775161115167,1.0
2004-10-27,8294.0181364116,10779.741841801857,1.0
2004-10-28,8319.001840228695,10812.213181141955,1.0
2004-10-29,8317.53230932797,10810.303230683945,1.0
2004-11-01,8340.311297167791,10839.909098948547,1.0
2004-11-02,8343.249519716874,10843.727909087605,1.0
2004-11-03,8448.322237997394,10980.291003000784,1.0
2004-11-04,8563.67831557352,11130.219387012192,1.0
2004-11-05,8617.315773823862,11199.932033341089,1.0
2004-11-08,8604.82853780335,11183.702362944323,1.0
2004-11-09,8587.926834314067,11161.735205734802,1.0
2004-11-10,8594.53930374115,11170.329437407367,1.0
2004-11-11,8659.933848449677,11255.322778177306,1.0
2004-11-12,8728.266615707287,11344.134929086305,1.0
2004-11-15,8749.71119227803,11372.00646198355,1.0
2004-11-16,8687.069395344708,11290.590869644378,1.0
2004-11-17,8738.657399306314,11357.639838635489,1.0
2004-11-18,8750.451412868802,11372.9685272628,1.0
2004-11-19,8653.169474343535,11246.53111587487,1.0
2004-11-22,8694.439709662345,11300.170072912368,1.0
2004-11-23,8707.70409337793,11317.40980277465,1.0
2004-11-24,8728.33963066352,11344.22982668188,1.0
2004-11-26,8721.706179927174,11335.608325585297,1.0
2004-11-29,8681.916385789906,11283.8934991063,1.0
2004-11-30,8687.808776683112,11291.551844146672,1.0
2004-12-01,8786.556889099626,11419.89484288477,1.0
2004-12-02,8793.928042669633,11429.47513692972,1.0
2004-12-03,8788.031455514576,11421.811338004543,1.0
2004-12-06,8785.084840441787,11417.981620095878,1.0
2004-12-07,8703.286268899677,11311.667952854054,1.0
2004-12-08,8754.132373765771,11377.752675011996,1.0
2004-12-09,8785.084840441787,11417.981620095878,1.0
2004-12-10,8793.928042669631,11429.47513692972,1.0
2004-12-13,8870.568569142715,11529.084888971696,1.0
2004-12-14,8901.520196566362,11569.312743278617,1.0
2004-12-15,8908.152808050338,11577.933153598236,1.0
2004-12-16,8902.99476298131,11571.229238398391,1.0
2004-12-17,8843.61346150734,11494.051314551149,1.0
2004-12-20,8845.835801784397,11496.939691942816,1.0
2004-12-21,8913.952881182791,11585.471513172943,1.0
2004-12-22,8935.42515308176,11613.37904170989,1.0
2004-12-23,8942.091334660558,11622.043083107936,1.0
2004-12-27,8923.581623629416,11597.985997241907,1.0
2004-12-28,8972.446253648786,11661.49539499587,1.0
2004-12-29,8985.775259796896,11678.819114684118,1.0
2004-12-30,8968.742632937816,11656.681796268744,1.0
2004-12-31,8949.491862063533,11631.661554346507,1.0
2005-01-03,8907.294252875332,11576.817288767546,1.0
2005-01-04,8798.44489892761,11435.34569853167,1.0
2005-01-05,8737.730025436931,11356.434530094035,1.0
2005-01-06,8782.158367425895,11414.178080834268,1.0
2005-01-07,8769.572938878036,11397.820789533112,1.0
2005-01-10,8811.032845232578,11451.706262163705,1.0
2005-01-11,8750.317132489528,11372.79400294911,1.0
2005-01-12,8779.197485062807,11410.329819717268,1.0
2005-01-13,8708.858065387358,11318.909621095474,1.0
2005-01-14,8754.760134538901,11378.568576178523,1.0
2005-01-18,8845.8358017844,11496.939691942818,1.0
2005-01-19,8753.28305036684,11376.648808727867,1.0
2005-01-20,8699.972900540988,11307.361565413605,1.0
2005-01-21,8646.661911462765,11238.073231322382,1.0
2005-01-24,8629.633480865537,11215.94136679181,1.0
2005-01-25,8654.063278118108,11247.692793337912,1.0
2005-01-26,8679.9827483283,11281.380348989076,1.0
2005-01-27,8694.788838648474,11300.62383612798,1.0
2005-01-28,8694.788838648474,11300.62383612798,1.0
2005-01-31,8748.838369812725,11370.87205394453,1.0
2005-02-01,8804.371699168005,11443.048765427422,1.0
2005-02-02,8831.027193707116,11477.692932473034,1.0
2005-02-03,8808.072802121862,11447.859091823666,1.0
2005-02-04,8902.105155468595,11570.073014820153,1.0
2005-02-07,8890.255751249657,11554.672334913443,1.0
2005-02-08,8900.627232044162,11568.152156592534,1.0
2005-02-09,8833.9880760702,11481.541193590027,1.0
2005-02-10,8865.825114744714,11522.91981759038,1.0
2005-02-11,8942.091334660558,11622.043083107928,1.0
2005-02-14,8935.425153081762,11613.379041709886,1.0
2005-02-15,8968.742632937818,11656.68179626874,1.0
2005-02-16,8974.666915421101,11664.381590833615,1.0
2005-02-17,8902.105155468596,11570.073014820153,1.0
2005-02-18,8913.952881182793,11585.47151317294,1.0
2005-02-22,8781.418146835123,11413.216015555014,1.0
2005-02-23,8844.354521350488,11495.014470607357,1.0
2005-02-24,8902.848733068851,11571.039443207244,1.0
2005-02-25,8990.95512542756,11685.551390084936,1.0
2005-02-28,8931.721532370795,11608.565442982761,1.0
2005-03-01,8976.146517350277,11666.304630615154,1.0
2005-03-02,8971.706872310388,11660.534420493581,1.0
2005-03-03,8975.411332273728,11665.349109997669,1.0
2005-03-04,9087.21149755609,11810.655872027017,1.0
2005-03-07,9091.654499605464,11816.430445256432,1.0
2005-03-08,9057.597638411007,11772.16671619529,1.0
2005-03-09,8956.896585728366,11641.285479469876,1.0
2005-03-10,8976.887577193422,11667.267786671364,1.0
2005-03-11,8913.952881182799,11585.471513172944,1.0
2005-03-14,8969.484532033335,11657.646043101915,1.0
2005-03-15,8895.442330899286,11561.413336529955,1.0
2005-03-16,8819.918849331325,11463.255408622537,1.0
2005-03-17,8837.689179024066,11486.351519986278,1.0
2005-03-18,8811.451632165457,11452.250559867045,1.0
2005-03-21,8778.74512803512,11409.74189093551,1.0
2005-03-22,8689.542672080552,11293.805389347273,1.0
2005-03-23,8696.976769578347,11303.467491664267,1.0
2005-03-24,8707.385177477154,11316.995307529627,1.0
2005-03-28,8720.025157429092,11333.423499333221,1.0
2005-03-29,8662.040371899617,11258.06062834842,1.0
2005-03-30,8784.693748837148,11417.473318032244,1.0
2005-03-31,8768.335041631568,11396.21189351623,1.0
2005-04-01,8728.93969610843,11345.009732208713,1.0
2005-04-04,8743.807051851647,11364.33284606574,1.0
2005-04-05,8785.436487185028,11418.43865564237,1.0
2005-04-06,8815.907223000384,11458.04149475087,1.0
2005-04-07,8863.483600631054,11519.876549870316,1.0
2005-04-08,8771.313548294436,11400.0830609494,1.0
2005-04-11,8777.999871930124,11408.7732809945,1.0
2005-04-12,8823.34048124581,11467.702506290905,1.0
2005-04-13,8719.276544314618,11332.450526284369,1.0
2005-04-14,8605.546937832501,11184.636068022603,1.0
2005-04-15,8485.125972200474,11028.124845053975,1.0
2005-04-18,8511.14279568564,11061.938930832568,1.0
2005-04-19,8578.784018989967,11149.852281526033,1.0
2005-04-20,8459.110827220045,10994.3129408293,1.0
2005-04-21,8623.389443229105,11207.825986204956,1.0
2005-04-22,8590.679582089284,11165.312954165576,1.0
2005-04-25,8647.1730161564,11238.737514491393,1.0
2005-04-26,8563.176442655977,11129.567102389758,1.0
2005-04-27,8596.62736363894,11173.043290485344,1.0
2005-04-28,8488.84637795885,11032.96025932031,1.0
2005-04-29,8604.061461136733,11182.705392802336,1.0
2005-05-02,8652.378059358172,11245.502513201029,1.0
2005-05-03,8667.242897344278,11264.822354727174,1.0
2005-05-04,8734.143900057834,11351.77364014139,1.0
2005-05-05,8731.17042890919,11347.909017369984,1.0
2005-05-06,8703.666450223514,11312.162074817204,1.0
2005-05-09,8757.928312237502,11382.68625920479,1.0
2005-05-10,8667.24289734428,11264.822354727174,1.0
2005-05-11,8714.815078713094,11326.651955961814,1.0
2005-05-12,8618.92629912284,11202.02523432848,1.0
2005-05-13,8601.830728335974,11179.806107641061,1.0
2005-05-16,8682.11444934935,11284.150922469,1.0
2005-05-17,8740.093360112232,11359.50615801508,1.0
2005-05-18,8830.03603665757,11476.404724882563,1.0
2005-05-19,8867.199810127577,11524.706510251843,1.0
2005-05-20,8854.56150868038,11508.28050000217,1.0
2005-05-23,8903.623363006813,11572.046230341877,1.0
2005-05-24,8882.809904218679,11544.994961719001,1.0
2005-05-25,8876.120223573509,11536.30037856606,1.0
2005-05-26,8923.691565689953,11598.12888902374,1.0
2005-05-27,8938.560599937911,11617.454184434686,1.0
2005-05-31,8881.32023126106,11543.058832613935,1.0
2005-06-01,8957.141647420543,11641.603986342367,1.0
2005-06-02,8976.466272503429,11666.720216637137,1.0
2005-06-03,8931.126502440115,11607.792082117692,1.0
2005-06-06,8922.949666594437,11597.164642190568,1.0
2005-06-07,8929.637668734867,11605.857043789589,1.0
2005-06-08,8913.284836295883,11584.603254712303,1.0
2005-06-09,8955.656170724777,11639.673311122106,1.0
2005-06-10,8934.843551189013,11612.623133276189,1.0
2005-06-13,8963.091946727312,11649.33759499302,1.0
2005-06-14,8983.899530748853,11676.38122817717,1.0
2005-06-15,9000.996780040461,11698.60253641851,1.0
2005-06-16,9024.040971629356,11728.55309020266,1.0
2005-06-17,9057.480143079132,11772.014007420801,1.0
2005-06-20,9060.46200675148,11775.889537961815,1.0
2005-06-21,9065.689709767259,11782.683987649389,1.0
2005-06-22,9073.152341845649,11792.383176383044,1.0
2005-06-23,8945.52891237008,11626.510905538547,1.0
2005-06-24,8879.853218117441,11541.152154486806,1.0
2005-06-27,8892.538517697385,11557.639248246272,1.0
2005-06-28,8967.173231005,11654.642043352414,1.0
2005-06-29,8943.292304802726,11623.603984938547,1.0
2005-06-30,8894.775964517108,11560.54725962323,1.0
2005-07-01,8920.901890810439,11594.503146406703,1.0
2005-07-05,8992.548026426743,11687.621684756152,1.0
2005-07-06,8917.169735518875,11589.652461262916,1.0
2005-07-07,8952.244609838734,11635.239302777265,1.0
2005-07-08,9054.496600902039,11768.136295325867,1.0
2005-07-11,9100.764584087116,11828.270829163735,1.0
2005-07-12,9124.651385055982,11859.316523016329,1.0
2005-07-13,9137.338363140669,11875.805798329715,1.0
2005-07-14,9173.158493565525,11922.361249785079,1.0
2005-07-15,9167.934986811599,11915.572253982305,1.0
2005-07-18,9131.36876102938,11868.04710180897,1.0
2005-07-19,9181.371417263132,11933.035593121505,1.0
2005-07-20,9212.714975543797,11973.772840269028,1.0
2005-07-21,9158.979324766107,11903.93257303574,1.0
2005-07-22,9220.176768369816,11983.470938225717,1.0
2005-07-25,9194.056716843077,11949.52268688097,1.0
2005-07-26,9205.251504213033,11964.07256075841,1.0
2005-07-27,9238.837544827646,12007.724363944653,1.0
2005-07-28,9297.049767749524,12083.382835485778,1.0
2005-07-29,9235.105389536078,12002.873678800865,1.0
2005-08-01,9228.388013562682,11994.143100008223,1.0
2005-08-02,9283.618372812212,12065.926041008337,1.0
2005-08-03,9308.24539437185,12097.933800140177,1.0
2005-08-04,9233.614877326088,12000.936458918835,1.0
2005-08-05,9170.921885998167,11919.454329185066,1.0
2005-08-08,9153.75497875981,11897.142486455998,1.0
2005-08-09,9208.98701651408,11968.927609010034,1.0
2005-08-10,9204.50960511752,11963.108313925235,1.0
2005-08-11,9241.074152394998,12010.631284544648,1.0
2005-08-12,9184.35579869259,11936.91439599339,1.0
2005-08-15,9241.074152394998,12010.631284544648,1.0
2005-08-16,9120.915872754933,11854.461474764688,1.0
2005-08-17,9120.169777397568,11853.491774046714,1.0
2005-08-18,9119.423682040204,11852.522073328742,1.0
2005-08-19,9140.321905317756,11879.683510424637,1.0
2005-08-22,9140.321905317756,11879.683510424637,1.0
2005-08-23,9123.158355088879,11857.37603080341,1.0
2005-08-24,9041.804587303128,11751.640475350705,1.0
2005-08-25,9074.644532560375,11794.322577818977,1.0
2005-08-26,9012.696797337449,11713.809058026221,1.0
2005-08-29,9082.106325386396,11804.02067577567,1.0
2005-08-30,9034.341955224738,11741.941286617053,1.0
2005-08-31,9148.528954248772,11890.350218322345,1.0
2005-09-01,9141.812417527744,11881.620730306664,1.0
2005-09-02,9125.393284151492,11860.280769849487,1.0
2005-09-06,9232.121008106617,11998.994875928967,1.0
2005-09-07,9247.794885377874,12019.366226445132,1.0
2005-09-08,9217.194904697464,11979.595407684703,1.0
2005-09-09,9299.291410831098,12086.29630074754,1.0
2005-09-12,9280.63231287801,12062.045056582521,1.0
2005-09-13,9229.136626677157,11995.116073057077,1.0
2005-09-14,9195.549746810175,11951.463179093871,1.0
2005-09-15,9191.071496161243,11945.64279323211,1.0
2005-09-16,9256.433310027322,12030.593593700585,1.0
2005-09-19,9225.695691958152,11990.643887518616,1.0
2005-09-20,9147.751806553697,11889.340158856827,1.0
2005-09-21,9062.30500495707,11778.284884167277,1.0
2005-09-22,9094.533135236228,11820.17181023127,1.0
2005-09-23,9102.03185516655,11829.917902374229,1.0
2005-09-26,9112.519992040556,11843.549342050848,1.0
2005-09-27,9110.27750970661,11840.634786012126,1.0
2005-09-28,9119.269259604032,11852.321370367994,1.0
2005-09-29,9193.468400931362,11948.758052231586,1.0
2005-09-30,9221.95346563814,11985.780113051303,1.0
2005-10-03,9188.975043739762,11942.918032384532,1.0
2005-10-04,9085.543063843548,11808.487407429328,1.0
2005-10-05,8966.368387981696,11653.595988247189,1.0
2005-10-06,8934.138579197797,11611.706880629275,1.0
2005-10-07,8964.868643995633,11651.6467698186,1.0
2005-10-10,8889.168919429867,11553.259778749456,1.0
2005-10-11,8876.426550688728,11536.698512156669,1.0
2005-10-12,8806.72328431011,11446.10512247101,1.0
2005-10-13,8801.478796246924,11439.288857244223,1.0
2005-10-14,8894.417603754908,11560.081497861047,1.0
2005-10-17,8927.394347148544,11602.941396973896,1.0
2005-10-18,8830.708277806323,11477.278437227993,1.0
2005-10-19,8977.613530493883,11668.21130874227,1.0
2005-10-20,8819.46565305125,11462.666389063796,1.0
2005-10-21,8853.94130117858,11507.474415828276,1.0
2005-10-24,8991.101994592387,11685.742276053026,1.0
2005-10-25,8973.113459283319,11662.36256267953,1.0
2005-10-26,8946.880947938935,11628.268147222061,1.0
2005-10-27,8851.694622582778,11504.554405904748,1.0
2005-10-28,8979.111595975206,11670.158345616937,1.0
2005-10-31,9003.845202585899,11702.304633422775,1.0
2005-11-01,9030.826327044759,11737.3720219291,1.0
2005-11-02,9125.26571779118,11860.114971751478,1.0
2005-11-03,9164.238080119592,11910.767381470854,1.0
2005-11-04,9152.24684225004,11895.182360257802,1.0
2005-11-07,9161.241949156944,11906.873307721513,1.0
2005-11-08,9161.241949156944,11906.873307721513,1.0
2005-11-09,9173.234865531236,11922.460510488487,1.0
2005-11-10,9244.43871514829,12015.004209379696,1.0
2005-11-11,9275.917393060603,12055.917071617874,1.0
2005-11-14,9270.672065745044,12049.099715614124,1.0
2005-11-15,9236.94419147982,12005.263571121539,1.0
2005-11-16,9255.679661398624,12029.61407598997,1.0
2005-11-17,9341.871719100247,12141.637960620532,1.0
2005-11-18,9378.59656358049,12189.369269639423,1.0
2005-11-21,9425.81877671081,12250.744016881494,1.0
2005-11-22,9466.291722277656,12303.346735806419,1.0
2005-11-23,9521.004262814595,12374.456667421842,1.0
2005-11-25,9528.501304240177,12384.200578010883,1.0
2005-11-28,9461.043037952617,12296.525016694828,1.0
2005-11-29,9450.5523833215,12282.890304687331,1.0
2005-11-30,9399.586265366424,12216.649601424024,1.0
2005-12-01,9495.52456084654,12341.340678898032,1.0
2005-12-02,9507.51328095898,12356.922427780199,1.0
2005-12-05,9487.27806705411,12330.622704483176,1.0
2005-12-06,9505.26660236318,12354.002417856673,1.0
2005-12-07,9449.800413197541,12281.91296853063,1.0
2005-12-08,9443.803955010395,12274.119367147145,1.0
2005-12-09,9468.537561621086,12306.265654952982,1.0
2005-12-12,9477.533507780361,12317.95769319365,1.0
2005-12-13,9541.991446843422,12401.733726875562,1.0
2005-12-14,9579.46826144762,12450.442372051144,1.0
2005-12-15,9551.735166864803,12414.397647388123,1.0
2005-12-16,9520.990834776667,12374.439214990469,1.0
2005-12-19,9472.015423444393,12310.785834677705,1.0
2005-12-20,9481.060885493527,12322.542228759048,1.0
2005-12-21,9496.127144048549,12342.123856755736,1.0
2005-12-22,9545.858721766635,12406.760027110002,1.0
2005-12-23,9551.13342291516,12413.615560307371,1.0
2005-12-27,9453.934570374571,12287.286135838542,1.0
2005-12-28,9475.034214221043,12314.709359404982,1.0
2005-12-29,9432.8349265281,12259.862912272101,1.0
2005-12-30,9381.597730057358,12193.26988805052,1.0
2006-01-03,9546.611531142964,12407.738454043658,1.0
2006-01-04,9591.822056341223,12466.498608911172,1.0
2006-01-05,9597.850406118447,12474.333659819158,1.0
2006-01-06,9677.716179451321,12578.135267720723,1.0
2006-01-09,9702.577352422324,12610.44735362457,1.0
2006-01-10,9712.373945343046,12623.179993085652,1.0
2006-01-11,9743.271021362609,12663.336946890133,1.0
2006-01-12,9704.840816065534,12613.389179087306,1.0
2006-01-13,9695.802068035366,12601.641511221645,1.0
2006-01-17,9669.425205283258,12567.359482126954,1.0
2006-01-18,9631.003392509885,12517.422622093733,1.0
2006-01-19,9667.92210428771,12565.405900590518,1.0
2006-01-20,9491.606930781094,12336.24893204594,1.0
2006-01-23,9525.511048044122,12380.314139700253,1.0
2006-01-24,9535.310158721955,12393.050051492215,1.0
2006-01-25,9543.597775880537,12403.82147397814,1.0
2006-01-26,9596.341430356306,12472.372442843995,1.0
2006-01-27,9685.248469476463,12587.9249909421,1.0
2006-01-30,9677.71617945132,12578.135267720716,1.0
2006-01-31,9606.889154148617,12486.081327684815,1.0
2006-02-01,9673.948775560193,12573.238769944584,1.0
2006-02-02,9561.680307455099,12427.323354371223,1.0
2006-02-03,9514.209675623111,12365.625737148815,1.0
2006-02-06,9539.0742056036,12397.942186160506,1.0
2006-02-07,9454.6873797509,12288.264562772194,1.0
2006-02-08,9540.582342113368,12399.902312358703,1.0
2006-02-09,9524.759077920164,12379.336803543554,1.0
2006-02-10,9542.091317875509,12401.863529333863,1.0
2006-02-13,9524.759077920164,12379.336803543554,1.0
2006-02-14,9625.72533435188,12510.562725788517,1.0
2006-02-15,9659.635326381502,12554.635568881553,1.0
2006-02-16,9731.966291932122,12648.64418123085,1.0
2006-02-17,9705.596982451349,12614.371969128804,1.0
2006-02-21,9681.486101099561,12583.035037827733,1.0
2006-02-22,9740.256426847815,12659.418876047657,1.0
2006-02-23,9725.941299164379,12640.813493430707,1.0
2006-02-24,9750.806668397236,12673.131033219359,1.0
2006-02-27,9754.574911540733,12678.028621772453,1.0
2006-02-28,9661.891236753376,12557.567577351649,1.0
2006-03-01,9747.787877620585,12669.207508492082,1.0
2006-03-02,9747.038425253739,12668.233444666266,1.0
2006-03-03,9701.82957856022,12609.475471352673,1.0
2006-03-06,9657.373541243032,12551.695924972739,1.0
2006-03-07,9642.304764930896,12532.11102464517,1.0
2006-03-08,9662.646563886814,12558.549276616186,1.0
2006-03-09,9597.850406118447,12474.333659819154,1.0
2006-03-10,9689.01671261996,12592.822579495192,1.0
2006-03-13,9707.101761951633,12616.327732219159,1.0
2006-03-14,9808.822506264418,12748.5342629517,1.0
2006-03-15,9852.52573420528,12805.335382397976,1.0
2006-03-16,9872.87172942305,12831.779088253796,1.0
2006-03-17,9881.114026953626,12842.491608783848,1.0
2006-03-20,9865.228658085005,12821.845382473613,1.0
2006-03-21,9803.19699762503,12741.222784984799,1.0
2006-03-22,9862.962676684683,12818.900284679992,1.0
2006-03-23,9842.536952491713,12792.352955012913,1.0
2006-03-24,9850.099455602194,12802.181946204879,1.0
2006-03-27,9835.728098009935,12783.503481531567,1.0
2006-03-28,9775.206252564469,12704.84319179487,1.0
2006-03-29,9836.480907386262,12784.481908465224,1.0
2006-03-30,9819.086562755501,12761.874465179832,1.0
2006-03-31,9821.35170490345,12764.81847219649,1.0
2006-04-03,9813.78584478349,12754.985117896682,1.0
2006-04-04,9876.577867891128,12836.595959311802,1.0
2006-04-05,9910.619622542916,12880.840054387652,1.0
2006-04-06,9900.025739870229,12867.071176814003,1.0
2006-04-07,9799.41364793886,12736.305562446412,1.0
2006-04-10,9814.5420111693,12755.967907938184,1.0
2006-04-11,9731.333495644767,12647.821735402551,1.0
2006-04-12,9749.485685166082,12671.414150283366,1.0
2006-04-13,9736.627499597815,12654.702356470016,1.0
2006-04-17,9732.844149911649,12649.78513393163,1.0
2006-04-18,9887.166715049594,12850.35829222369,1.0
2006-04-19,9906.077588713828,12874.936769476884,1.0
2006-04-20,9919.696136929757,12892.636807216535,1.0
2006-04-21,9921.207630449007,12894.601296522576,1.0
2006-04-24,9903.052923170584,12871.005609310881,1.0
2006-04-25,9862.203153289385,12817.913131530644,1.0
2006-04-26,9864.47165244682,12820.861501655147,1.0
2006-04-27,9912.130276809796,12882.803452916729,1.0
2006-04-28,9945.417543580512,12926.066939504999,1.0
2006-05-01,9864.47165244682,12820.861501655147,1.0
2006-05-02,9938.606171341624,12917.214193692776,1.0
2006-05-03,9901.53555488474,12869.03348456612,1.0
2006-05-04,9937.09467782237,12915.249704386733,1.0
2006-05-05,10024.842709418877,13029.295889502248,1.0
2006-05-08,10012.73901173168,13013.564704176479,1.0
2006-05-09,10032.408569538842,13039.12924380206,1.0
2006-05-10,10027.116244090535,13032.250804288515,1.0
2006-05-11,9906.077588713826,12874.936769476886,1.0
2006-05-12,9776.717746083716,12706.807681100909,1.0
2006-05-15,9796.387303890875,12732.37222072649,1.0
2006-05-16,9782.015107046245,12713.692665276218,1.0
2006-05-17,9595.920125666318,12471.824872809771,1.0
2006-05-18,9547.507013422273,12408.902313060611,1.0
2006-05-19,9614.829320825813,12496.401168509046,1.0
2006-05-22,9541.457682335786,12401.039992728607,1.0
2006-05-23,9468.833817707864,12306.650699220061,1.0
2006-05-24,9544.479830121918,12404.967880563729,1.0
2006-05-25,9662.49130219827,12558.347482878473,1.0
2006-05-26,9711.661420080498,12622.253923446096,1.0
2006-05-30,9539.18666542124,12398.088350273225,1.0
2006-05-31,9645.849766943838,12536.71846652674,1.0
2006-06-01,9738.140671621808,12656.669027329983,1.0
2006-06-02,9758.564717310035,12683.214175443138,1.0
2006-06-05,9616.350046121139,12498.377656361654,1.0
2006-06-06,9592.895460123074,12467.893712643769,1.0
2006-06-07,9521.031118890447,12374.491572284567,1.0
2006-06-08,9512.711610141787,12363.67870027414,1.0
2006-06-09,9482.447330409572,12324.344192297951,1.0
2006-06-12,9379.570096330252,12190.634570913704,1.0
2006-06-13,9270.638495650222,12049.056084535687,1.0
2006-06-14,9342.504515387593,12142.460406448812,1.0
2006-06-15,9540.697319688124,12400.051748802305,1.0
2006-06-16,9471.17533182153,12309.693966940136,1.0
2006-06-19,9396.709308240384,12212.910418003074,1.0
2006-06-20,9428.623558132982,12254.389393483805,1.0
2006-06-21,9498.52908433289,12345.245660416967,1.0
2006-06-22,9456.741869553858,12290.934784771744,1.0
2006-06-23,9455.218626501419,12288.955024588255,1.0
2006-06-26,9497.011716047045,12343.273535672204,1.0
2006-06-27,9414.950458512973,12236.618455241713,1.0
2006-06-28,9478.775601288684,12319.57204309533,1.0
2006-06-29,9670.250190363447,12568.431715879222,1.0
2006-06-30,9671.008874506371,12569.417778251605,1.0
2006-07-03,9710.517519099525,12620.767194448803,1.0
2006-07-05,9655.050490681517,12548.676654345798,1.0
2006-07-06,9683.164605840537,12585.216591748931,1.0
2006-07-07,9620.099825712488,12503.251247821618,1.0
2006-07-10,9638.333422713738,12526.949468067609,1.0
2006-07-11,9680.886035654657,12582.255132300903,1.0
2006-07-12,9577.55140903342,12447.951037473129,1.0
2006-07-13,9421.787847575346,12245.50501513972,1.0
2006-07-14,9385.310582544398,12198.09548532421,1.0
2006-07-17,9371.640000681498,12180.327819413,1.0
2006-07-18,9419.507598884726,12242.541374137772,1.0
2006-07-19,9550.197656522061,12412.399343996298,1.0
2006-07-20,9484.853466955763,12327.471449843997,1.0
2006-07-21,9417.9868735894,12240.564886285165,1.0
2006-07-24,9589.706301115217,12463.748760193499,1.0
2006-07-25,9623.900799698431,12508.191376676177,1.0
2006-07-26,9636.81353667078,12524.974070991966,1.0
2006-07-27,9627.698416674895,12513.12714242289,1.0
2006-07-28,9724.199850495608,12638.55013123746,1.0
2006-07-31,9714.319332337836,12625.708414080318,1.0
2006-08-01,9666.450894882239,12563.493768578586,1.0
2006-08-02,9731.791727439053,12648.417299623046,1.0
2006-08-03,9757.629790169307,12681.999049909035,1.0
2006-08-04,9740.913561453901,12660.272954407807,1.0
2006-08-07,9718.1169493143,12630.644179827033,1.0
2006-08-08,9680.886035654654,12582.255132300903,1.0
2006-08-09,9648.211423114393,12539.78791289387,1.0
2006-08-10,9677.853816840076,12578.314155142256,1.0
2006-08-11,9650.492511057384,12542.75264467278,1.0
2006-08-14,9658.089423515054,12552.626357720132,1.0
2006-08-15,9773.58229922757,12702.732538376116,1.0
2006-08-16,9854.88571187109,12808.402647211184,1.0
2006-08-17,9879.959215691826,12840.990699686063,1.0
2006-08-18,9930.108741090417,12906.170076966708,1.0
2006-08-21,9887.557806654238,12850.866594287336,1.0
2006-08-22,9886.799122511316,12849.880531914954,1.0
2006-08-23,9859.443691495217,12814.326656884203,1.0
2006-08-24,9851.085577137514,12803.463609133589,1.0
2006-08-25,9863.24214772405,12819.263513407877,1.0
2006-08-28,9910.349383279614,12880.488824206344,1.0
2006-08-29,9921.74726972323,12895.302666108253,1.0
2006-08-30,9927.826813895053,12903.204254410835,1.0
2006-08-31,9926.308606356839,12901.231038889115,1.0
2006-09-01,9985.572412498943,12978.25625396187,1.0
2006-09-05,10004.568889904967,13002.945990465048,1.0
2006-09-06,9916.431445208551,12888.393684839813,1.0
2006-09-07,9870.84073868646,12829.139408009149,1.0
2006-09-08,9898.955693097852,12865.680436189241,1.0
2006-09-11,9908.832014993772,12878.516699461585,1.0
2006-09-12,10006.085418938439,13004.917024432849,1.0
2006-09-13,10046.361979450596,13057.264501549002,1.0
2006-09-14,10047.121502845886,13058.25165469834,1.0
2006-09-15,10070.703655204266,13088.901396514239,1.0
2006-09-18,10084.437180994957,13106.750870697497,1.0
2006-09-19,10059.252895861315,13074.01883566382,1.0
2006-09-20,10112.673827000068,13143.450061536876,1.0
2006-09-21,10063.833535299445,13079.972296314772,1.0
2006-09-22,10033.308248080006,13040.298556703834,1.0
2006-09-25,10110.386864290489,13140.477694319246,1.0
2006-09-26,10194.335600405791,13249.585932134125,1.0
2006-09-27,10206.54672239641,13265.456736910852,1.0
2006-09-28,10202.729802615428,13260.495883294047,1.0
2006-09-29,10194.335600405791,13249.585932134125,1.0
2006-10-02,10156.176473624386,13199.990485289574,1.0
2006-10-03,10177.54383897704,13227.761666706443,1.0
2006-10-04,10296.596823245172,13382.494923229295,1.0
2006-10-05,10316.440945545392,13408.286344462678,1.0
2006-10-06,10303.467782402367,13391.425114205726,1.0
2006-10-09,10309.571664892936,13399.358335040168,1.0
2006-10-10,10323.311065450216,13417.215444662148,1.0
2006-10-11,10311.101621964335,13401.34682143934,1.0
2006-10-12,10400.388842408323,13517.393491500598,1.0
2006-10-13,10427.099727603889,13552.10964982561,1.0
2006-10-16,10443.121055356529,13572.932582003461,1.0
2006-10-17,10410.310483932248,13530.28865672881,1.0
2006-10-18,10424.046527480044,13548.141403242946,1.0
2006-10-19,10440.835771151686,13569.96239633975,1.0
2006-10-20,10443.121055356525,13572.932582003461,1.0
2006-10-23,10491.206019923711,13635.42864796103,1.0
2006-10-24,10522.492509043183,13676.09172227523,1.0
2006-10-25,10558.365512367376,13722.715892679107,1.0
2006-10-26,10591.176923044028,13765.36090873072,1.0
2006-10-27,10524.783668014617,13679.069543377664,1.0
2006-10-30,10517.149828452648,13669.147836144051,1.0
2006-10-31,10515.62742465258,13667.169166737523,1.0
2006-11-01,10444.65269093267,13574.923249956555,1.0
2006-11-02,10438.54629068499,13566.986756791228,1.0
2006-11-03,10420.228768446688,13543.179458849178,1.0
2006-11-06,10537.758509662382,13695.932955188538,1.0
2006-11-07,10578.204599153376,13748.50076925073,1.0
2006-11-08,10601.09940382032,13778.257164735887,1.0
2006-11-09,10545.38647445776,13705.847026983432,1.0
2006-11-10,10549.96795314826,13711.801578411347,1.0
2006-11-13,10575.917636443788,13745.528402033091,1.0
2006-11-14,10655.284054616222,13848.6809976431,1.0
2006-11-15,10685.81269884514,13888.359100361875,1.0
2006-11-16,10713.288142950221,13924.068956497995,1.0
2006-11-17,10716.334629055098,13928.028476864973,1.0
2006-11-20,10722.443547059887,13935.96824236118,1.0
2006-11-21,10733.128068988586,13949.854923846575,1.0
2006-11-22,10754.495434341243,13977.626105263444,1.0
2006-11-24,10710.9936269693,13921.086772287714,1.0
2006-11-27,10563.706514453168,13729.657597256364,1.0
2006-11-28,10609.494445282324,13789.168206672768,1.0
2006-11-29,10720.152388088447,13932.990421258735,1.0
2006-11-30,10724.732188274209,13938.94279113273,1.0
2006-12-01,10701.076181707227,13908.197060944301,1.0
2006-12-04,10782.732919598724,14014.326386879779,1.0
2006-12-05,10829.283730832653,14074.82851255337,1.0
2006-12-06,10820.128326722986,14062.929226690188,1.0
2006-12-07,10772.81043882243,14001.43013087461,1.0
2006-12-08,10792.65707887976,14027.224824438876,1.0
2006-12-11,10823.94356799923,14067.887898753077,1.0
2006-12-12,10815.547687284854,14056.975766039235,1.0
2006-12-13,10826.99425036596,14071.852873004858,1.0
2006-12-14,10922.390388814738,14195.83930856232,1.0
2006-12-15,10923.389099135618,14197.137333145432,1.0
2006-12-18,10893.457163342116,14158.234772845639,1.0
2006-12-19,10914.17914362187,14185.16714677981,1.0
2006-12-20,10908.040012531741,14177.188113313021,1.0
2006-12-21,10868.133562314975,14125.3216688365,1.0
2006-12-22,10801.37439325203,14038.554724728623,1.0
2006-12-26,10865.066094900834,14121.334879045506,1.0
2006-12-27,10936.432759477762,14214.090188667074,1.0
2006-12-28,10913.40954919813,14184.166904306938,1.0
2006-12-29,10868.133562314972,14125.3216688365,1.0
2007-01-03,10848.948253125585,14100.386507517183,1.0
2007-01-04,10871.971463405222,14130.309791877322,1.0
2007-01-05,10785.25151596256,14017.599808538538,1.0
2007-01-08,10835.134998359703,14082.433409522675,1.0
2007-01-09,10825.927560603066,14070.466495487934,1.0
2007-01-10,10861.995270477213,14117.343726146673,1.0
2007-01-11,10909.57248736025,14179.179872043078,1.0
2007-01-12,10992.454533712664,14286.901732341035,1.0
2007-01-16,10970.975547794731,14258.985477588403,1.0
2007-01-17,10975.573811532642,14264.961844555533,1.0
2007-01-18,10938.740703496607,14217.089825308727,1.0
2007-01-19,10960.227242685874,14245.015897054003,1.0
2007-01-22,10926.454888045011,14201.121941382504,1.0
2007-01-23,10958.689732343139,14243.017593662189,1.0
2007-01-24,11046.943833119049,14357.721517284943,1.0
2007-01-25,10917.247450288374,14189.155027347766,1.0
2007-01-26,10907.27629287459,14176.195506278878,1.0
2007-01-29,10901.133804774978,14168.212109704247,1.0
2007-01-30,10957.926012685988,14242.024986628037,1.0
2007-01-31,11031.596425019909,14337.774479006448,1.0
2007-02-01,11097.593552930448,14423.550997634098,1.0
2007-02-02,11112.940121777216,14443.496945135628,1.0
2007-02-05,11116.013463957948,14447.491370365344,1.0
2007-02-06,11119.080931372086,14451.478160156335,1.0
2007-02-07,11143.639973489711,14483.397566354366,1.0
2007-02-08,11129.057963552463,14464.445316663945,1.0
2007-02-09,11046.1717209382,14356.718002481186,1.0
2007-02-12,11008.569018478425,14307.845740761506,1.0
2007-02-13,11101.426418506475,14428.532576013156,1.0
2007-02-14,11174.337307445103,14523.294915242226,1.0
2007-02-15,11188.920995887098,14542.249346486571,1.0
2007-02-16,11183.539709687519,14535.255284615203,1.0
2007-02-20,11207.330835886147,14566.176629894282,1.0
2007-02-21,11202.730054391126,14560.196990596278,1.0
2007-02-22,11194.289693301114,14549.227046703523,1.0
2007-02-23,11150.5453419941,14492.37247918618,1.0
2007-02-26,11140.567470561353,14479.40423190161,1.0
2007-02-27,10705.442811790877,13913.872373470298,1.0
2007-02-28,10815.182612503686,14056.50127806137,1.0
2007-03-01,10782.94860745793,14014.60671655865,1.0
2007-03-02,10641.745235375478,13831.08458371469,1.0
2007-03-05,10540.446635005044,13699.426713793328,1.0
2007-03-06,10720.786023628158,13933.81395786398,1.0
2007-03-07,10710.051146557229,13919.861829760948,1.0
2007-03-08,10800.606477333024,14037.55666380967,1.0
2007-03-09,10803.67310549479,14041.5423628237,1.0
2007-03-12,10819.785072503446,14062.483098913297,1.0
2007-03-13,10609.517944348683,13789.198748427654,1.0
2007-03-14,10688.561250358476,13891.931394907828,1.0
2007-03-15,10703.142421043356,13910.88255382129,1.0
2007-03-16,10673.172718893185,13871.93090855827,1.0
2007-03-19,10801.833464298677,14039.151379726067,1.0
2007-03-20,10861.16524988279,14116.264947732632,1.0
2007-03-21,11039.905862740121,14348.574261693346,1.0
2007-03-22,11031.43193155529,14337.560686722169,1.0
2007-03-23,11047.609360248842,14358.586503414692,1.0
2007-03-26,11032.973638159881,14339.564443998794,1.0
2007-03-27,11006.77973242454,14305.520204281513,1.0
2007-03-28,10926.655469361554,14201.382637076083,1.0
2007-03-29,10938.20693898897,14216.39609116178,1.0
2007-03-30,10940.51740076493,14219.399000134312,1.0
2007-04-02,10952.844339582674,14235.420332131602,1.0
2007-04-03,11070.729084551083,14388.635227125294,1.0
2007-04-04,11083.050987854607,14404.650014460825,1.0
2007-04-05,11113.101258232346,14443.70637431206,1.0
2007-04-09,11128.508253249787,14463.730857754748,1.0
2007-04-10,11141.608143500756,14480.756795332753,1.0
2007-04-11,11096.150878105575,14421.675952038826,1.0
2007-04-12,11145.45779412419,14485.760189251025,1.0
2007-04-13,11196.3148092711,14551.859091509454,1.0
2007-04-16,11302.633817321794,14690.041989209121,1.0
2007-04-17,11332.685766204275,14729.100530614282,1.0
2007-04-18,11346.55273312187,14747.12343833427,1.0
2007-04-19,11343.464284398467,14743.109379119263,1.0
2007-04-20,11450.5587616395,14882.30015473053,1.0
2007-04-23,11407.416154282124,14826.227674293932,1.0
2007-04-24,11412.042952600632,14832.241127677718,1.0
2007-04-25,11516.821932551482,14968.422449654689,1.0
2007-04-26,11529.919305045338,14985.44511490181,1.0
2007-04-27,11520.678297193877,14973.434569788642,1.0
2007-04-30,11425.136128832635,14849.258339040036,1.0
2007-05-01,11454.415965534266,14887.313365641443,1.0
2007-05-02,11521.448730869988,14974.435903038473,1.0
2007-05-03,11583.853858634831,15055.543896274754,1.0
2007-05-04,11627.766060415945,15112.61661918422,1.0
2007-05-07,11630.079879201383,15115.623891264593,1.0
2007-05-08,11614.67372343631,15095.600498598862,1.0
2007-05-09,11646.258147147306,15136.650798734077,1.0
2007-05-10,11524.526269312577,14978.435782152994,1.0
2007-05-11,11623.144297611661,15106.609710462195,1.0
2007-05-14,11597.723343309539,15073.570076325626,1.0
2007-05-15,11600.803399509234,15077.573227771029,1.0
2007-05-16,11680.16142515796,15180.714915611425,1.0
2007-05-17,11657.048414874684,15150.674918116505,1.0
2007-05-18,11758.749017130578,15282.855270201992,1.0
2007-05-21,11752.583869216964,15274.842422649424,1.0
2007-05-22,11743.340343608395,15262.828605205375,1.0
2007-05-23,11744.879532455872,15264.829090151117,1.0
2007-05-24,11638.555488890952,15126.639647789683,1.0
2007-05-25,11687.0936497382,15189.724733305973,1.0
2007-05-29,11729.467501924206,15244.79806204666,1.0
2007-05-30,11825.007152528342,15368.971020464389,1.0
2007-05-31,11812.683570720075,15352.954051574938,1.0
2007-06-01,11871.23401234726,15429.052106231185,1.0
2007-06-04,11872.774879699478,15431.054772730848,1.0
2007-06-05,11825.777586204447,15369.972353714216,1.0
2007-06-06,11698.653511889319,15204.749095161276,1.0
2007-06-07,11487.544613606959,14930.370695384154,1.0
2007-06-08,11637.012943033991,15124.6347997361,1.0
2007-06-11,11657.048414874684,15150.674918116505,1.0
2007-06-12,11529.919305045336,14985.445114901802,1.0
2007-06-13,11702.503162512754,15209.75248907955,1.0
2007-06-14,11777.232711338234,15306.878541982245,1.0
2007-06-15,11844.248691626546,15393.979263840063,1.0
2007-06-18,11830.321298538278,15375.877820178912,1.0
2007-06-19,11859.721987581257,15414.089918662643,1.0
2007-06-20,11694.906250055086,15199.878776032205,1.0
2007-06-21,11759.902989139999,15284.355088522818,1.0
2007-06-22,11649.255956614688,15140.547054037337,1.0
2007-06-25,11593.544705756867,15068.139097838797,1.0
2007-06-26,11474.377583166352,14913.257495649308,1.0
2007-06-27,11637.641543059488,15125.451791679594,1.0
2007-06-28,11636.097318697786,15123.444762072091,1.0
2007-06-29,11639.972146892336,15128.480879299183,1.0
2007-07-02,11745.202644618512,15265.249039280954,1.0
2007-07-03,11787.763650083134,15320.565611283853,1.0
2007-07-05,11775.380481356564,15304.471197230203,1.0
2007-07-06,11837.284575456222,15384.927996621005,1.0
2007-07-09,11846.570902935688,15396.997443690043,1.0
2007-07-10,11677.882015719708,15177.75236538644,1.0
2007-07-11,11760.683493844555,15285.369511096183,1.0
2007-07-12,11946.386544367462,15526.727910722024,1.0
2007-07-13,11981.981755157025,15572.991033951945,1.0
2007-07-16,11980.42829901925,15570.972005797874,1.0
2007-07-17,11974.241330544002,15562.930798044332,1.0
2007-07-18,11952.576869852192,15534.773481583408,1.0
2007-07-19,11999.00431098766,15595.11526304379,1.0
2007-07-20,11877.51749484511,15437.2187533352,1.0
2007-07-23,11913.883978563152,15484.484300591912,1.0
2007-07-24,11707.295293548246,15215.980825524577,1.0
2007-07-25,11731.274412277868,15247.146504842836,1.0
2007-07-26,11453.488591664873,14886.108057099978,1.0
2007-07-27,11228.318859167337,14593.454780124968,1.0
2007-07-30,11403.970184048892,14821.748944093706,1.0
2007-07-31,11275.518412483652,14654.800076389096,1.0
2007-08-01,11330.461747422476,14726.209971668686,1.0
2007-08-02,11420.991900627158,14843.87208240859,1.0
2007-08-03,11126.953118607265,14461.709648046754,1.0
2007-08-06,11313.43583458236,14704.081379468997,1.0
2007-08-07,11434.145503029838,14860.967829712074,1.0
2007-08-08,11593.54470575687,15068.139097838797,1.0
2007-08-09,11249.987516121,14621.617550470692,1.0
2007-08-10,11197.369749500804,14553.230198148924,1.0
2007-08-13,11237.60350814206,14605.522045640078,1.0
2007-08-14,11065.82533295031,14382.261817344506,1.0
2007-08-15,10913.390246393597,14184.141816436837,1.0
2007-08-16,10995.412059066257,14290.745630350179,1.0
2007-08-17,11197.369749500804,14553.230198148924,1.0
2007-08-20,11191.951536196924,14546.188142091292,1.0
2007-08-21,11214.39314458381,14575.355518017732,1.0
2007-08-22,11347.480946243631,14748.329837652691,1.0
2007-08-23,11337.421667330944,14735.25578500294,1.0
2007-08-24,11477.479459927685,14917.289007295687,1.0
2007-08-27,11370.697184568477,14778.504000713765,1.0
2007-08-28,11120.76531087965,14453.667349516252,1.0
2007-08-29,11338.970087954498,14737.268268495247,1.0
2007-08-30,11308.790572711705,14698.04392899208,1.0
2007-08-31,11420.215592184455,14842.863113720035,1.0
2007-09-04,11535.507886580424,14992.708598682439,1.0
2007-09-05,11435.690566643909,14862.975950096536,1.0
2007-09-06,11462.00616397297,14897.178352473104,1.0
2007-09-07,11302.603604236456,14690.002721238536,1.0
2007-09-10,11280.93326877805,14661.837769338887,1.0
2007-09-11,11412.476006823805,14832.803968589384,1.0
2007-09-12,11441.88340988575,14871.024793288801,1.0
2007-09-13,11522.35764118723,14975.617214486798,1.0
2007-09-14,11521.581332744527,14974.608245798245,1.0
2007-09-17,11459.683113411458,14894.159081846163,1.0
2007-09-18,11797.049977562601,15332.635058352887,1.0
2007-09-19,11866.687782256322,15423.14336743562,1.0
2007-09-20,11783.121745221959,15314.532523914768,1.0
2007-09-21,11814.915982025577,15355.855518290136,1.0
2007-09-24,11793.148293292195,15327.564036263057,1.0
2007-09-25,11769.82379141156,15297.24916297407,1.0
2007-09-26,11832.022463093264,15378.088825078046,1.0
2007-09-27,11901.995129482808,15469.032354168055,1.0
2007-09-28,11862.34716899615,15417.501868995396,1.0
2007-10-01,11996.066088438583,15591.296452904731,1.0
2007-10-02,11979.734237308863,15570.069933251458,1.0
2007-10-03,11955.637623247374,15538.751545158715,1.0
2007-10-04,11974.297560452833,15563.003880100692,1.0
2007-10-05,12116.570979307662,15747.916753569418,1.0
2007-10-08,12052.035829026518,15664.040368407133,1.0
2007-10-09,12165.55142615416,15811.576678543945,1.0
2007-10-10,12145.3329972967,15785.298770786132,1.0
2007-10-11,12087.025938856958,15709.51704144846,1.0
2007-10-12,12153.8874967091,15796.41706034553,1.0
2007-10-15,12051.26707385515,15663.041216711224,1.0
2007-10-16,11955.637623247374,15538.751545158715,1.0
2007-10-17,11992.177832206107,15586.24288324627,1.0
2007-10-18,11948.637419225126,15529.653374530355,1.0
2007-10-19,11636.10151495965,15123.450215956896,1.0
2007-10-22,11703.741899011602,15211.362475873399,1.0
2007-10-23,11798.593362671932,15334.640997183431,1.0
2007-10-24,11776.826513190921,15306.350605933314,1.0
2007-10-25,11804.813901241998,15342.725836015396,1.0
2007-10-26,11943.19990311672,15522.586230602625,1.0
2007-10-29,11982.843667341524,15574.111261890477,1.0
2007-10-30,11899.663686397587,15466.00217577151,1.0
2007-10-31,12023.274650289844,15626.659441967373,1.0
2007-11-01,11741.83388560337,15260.870660561104,1.0
2007-11-02,11755.051271186201,15278.049306913583,1.0
2007-11-05,11665.64823391509,15161.852109631769,1.0
2007-11-06,11822.697530004752,15365.969202268816,1.0
2007-11-07,11499.268129970324,14945.60775874677,1.0
2007-11-08,11440.961910782951,14869.82712018606,1.0
2007-11-09,11283.922685721735,14665.723116872543,1.0
2007-11-12,11171.963901741348,14520.210197997641,1.0
2007-11-13,11512.490551067382,14962.792949761022,1.0
2007-11-14,11480.612389026717,14921.360877689598,1.0
2007-11-15,11315.01362903888,14706.13204015492,1.0
2007-11-16,11334.450713939412,14731.394434562413,1.0
2007-11-19,11176.630144921266,14526.274917898572,1.0
2007-11-20,11245.045998163556,14615.19505572667,1.0
2007-11-21,11014.915444904054,14316.094196137552,1.0
2007-11-23,11205.394680667418,14563.660207446172,1.0
2007-11-26,10958.1643603592,14242.334767284834,1.0
2007-11-27,11084.114320608009,14406.032028869893,1.0
2007-11-28,11438.63298545484,14866.80021412039,1.0
2007-11-29,11442.521241687318,14871.85378377885,1.0
2007-11-30,11557.580223924293,15021.39603274621,1.0
2007-12-03,11481.388697469421,14922.369846378155,1.0
2007-12-04,11378.764917605988,14788.989639636005,1.0
2007-12-05,11569.240796359869,15036.551287836783,1.0
2007-12-06,11734.837877842965,15251.777943817537,1.0
2007-12-07,11732.512309524342,15248.755400859716,1.0
2007-12-10,11823.474677699824,15366.979261734328,1.0
2007-12-11,11499.268129970324,14945.60775874677,1.0
2007-12-12,11612.780370088485,15093.13970577574,1.0
2007-12-13,11588.67704200803,15061.812591467311,1.0
2007-12-14,11441.742415487504,14870.841542759412,1.0
2007-12-17,11278.475937837258,14658.643974398245,1.0
2007-12-18,11341.450078709291,14740.491514413812,1.0
2007-12-19,11341.450078709291,14740.491514413812,1.0
2007-12-20,11412.973683479502,14833.450799327013,1.0
2007-12-21,11577.498200433116,15047.283442352124,1.0
2007-12-24,11663.46785625656,15159.018271088129,1.0
2007-12-26,11688.483451663733,15191.531059952727,1.0
2007-12-27,11541.547146638466,15000.55782969091,1.0
2007-12-28,11512.628188456145,14962.97183718256,1.0
2007-12-31,11427.436519580146,14852.248158689032,1.0
2008-01-02,11327.392601503596,14722.221000323767,1.0
2008-01-03,11321.924033057488,14715.1134976485,1.0
2008-01-04,11044.463003111872,14354.497180589391,1.0
2008-01-07,11035.084357871654,14342.307748054687,1.0
2008-01-08,10856.879188026696,14110.694349794841,1.0
2008-01-09,10970.994011346866,14259.009474681521,1.0
2008-01-10,11042.90031519802,14352.466153888754,1.0
2008-01-11,10953.79521251843,14236.656182427949,1.0
2008-01-14,11042.116453483983,14351.447368207557,1.0
2008-01-15,10799.047985681018,14035.53109099383,1.0
2008-01-16,10706.04035947865,14035.53109099383,0.0
2008-01-17,10428.575972523551,14035.53109099383,0.0
2008-01-18,10321.500798087041,14035.53109099383,0.0
2008-01-22,10216.768816268941,14035.53109099383,0.0
2008-01-23,10462.189708466387,14035.53109099383,0.0
2008-01-24,10550.504235412976,14035.53109099383,0.0
2008-01-25,10398.095165679748,14035.53109099383,0.0
2008-01-28,10570.044548355077,14035.53109099383,0.0
2008-01-29,10622.412217768868,14035.53109099383,0.0
2008-01-30,10544.250966000456,14035.53109099383,0.0
2008-01-31,10736.521166322447,14035.53109099383,0.0
2008-02-01,10909.24937519759,14035.53109099383,0.0
2008-02-04,10771.691715412544,14035.53109099383,0.0
2008-02-05,10483.287673808118,14035.53109099383,0.0
2008-02-06,10398.878188141416,14035.53109099383,0.0
2008-02-07,10467.6524021459,14035.53109099383,0.0
2008-02-08,10400.440876055265,14035.53109099383,0.0
2008-02-11,10453.586532416504,14035.53109099383,0.0
2008-02-12,10550.504235412978,14035.53109099383,0.0
2008-02-13,10658.362432311149,14035.53109099383,0.0
2008-02-14,10564.57597990897,14035.53109099383,0.0
2008-02-15,10562.227751776341,14035.53109099383,0.0
2008-02-19,10591.924696906106,14035.53109099383,0.0
2008-02-20,10623.190204716313,14035.53109099383,0.0
2008-02-21,10534.871481507873,14035.53109099383,0.0
2008-02-22,10599.744850494324,14035.53109099383,0.0
2008-02-25,10733.393272737634,14035.53109099383,0.0
2008-02-26,10813.900234881561,14035.53109099383,0.0
2008-02-27,10802.953866213269,14035.53109099383,0.0
2008-02-28,10697.436344176389,13898.439469615616,1.0
2008-02-29,10459.061814881572,13898.439469615616,0.0
2008-03-03,10434.05125498862,13898.439469615616,0.0
2008-03-04,10394.190963652232,13898.439469615616,0.0
2008-03-05,10459.841480333758,13898.439469615616,0.0
2008-03-06,10243.344581832856,13898.439469615616,0.0
2008-03-07,10137.83461306731,13898.439469615616,0.0
2008-03-10,10004.181994562148,13898.439469615616,0.0
2008-03-11,10363.709317556062,13898.439469615616,0.0
2008-03-12,10266.793293064327,13898.439469615616,0.0
2008-03-13,10289.461499591242,13898.439469615616,0.0
2008-03-14,10130.014459479093,13898.439469615616,0.0
2008-03-17,10027.62818803651,13898.439469615616,0.0
2008-03-18,10444.214601195248,13898.439469615616,0.0
2008-03-19,10185.508343972957,13898.439469615616,0.0
2008-03-20,10374.171437606581,13898.439469615616,0.0
2008-03-24,10581.534752559452,13898.439469615616,0.0
2008-03-25,10591.74090063697,13898.439469615616,0.0
2008-03-26,10462.142710333641,13898.439469615616,0.0
2008-03-27,10429.15673516393,13898.439469615616,0.0
2008-03-28,10329.4023591552,13898.439469615616,0.0
2008-03-31,10365.536369966618,13898.439469615616,0.0
2008-04-01,10729.980033346856,13898.439469615616,0.0
2008-04-02,10737.050734568227,13898.439469615616,0.0
2008-04-03,10763.75322724009,13898.439469615616,0.0
2008-04-04,10751.970963210786,13898.439469615616,0.0
2008-04-07,10757.469744742231,13898.439469615616,0.0
2008-04-08,10746.477217193562,13898.439469615616,0.0
2008-04-09,10668.712931796395,13898.439469615616,0.0
2008-04-10,10683.637356700805,13898.439469615616,0.0
2008-04-11,10476.282434271645,13898.439469615616,0.0
2008-04-14,10440.933124426634,13898.439469615616,0.0
2008-04-15,10465.28487120875,13898.439469615616,0.0
2008-04-16,10748.827963083302,13898.439469615616,0.0
2008-04-17,10764.546320730196,13898.439469615616,0.0
2008-04-18,10876.855912201447,13898.439469615616,0.0
2008-04-21,10882.358050742376,13898.439469615616,0.0
2008-04-22,10834.44261515403,13898.439469615616,0.0
2008-04-23,10817.166605107508,13898.439469615616,0.0
2008-04-24,10864.290625710484,13898.439469615616,0.0
2008-04-25,10964.83138119036,13898.439469615616,0.0
2008-04-28,10967.184644837213,13898.439469615616,0.0
2008-04-29,10923.984968318648,13898.439469615616,0.0
2008-04-30,10859.577384397813,13898.439469615616,0.0
2008-05-01,11084.220066406688,13898.439469615616,0.0
2008-05-02,11114.847742415324,13898.439469615616,0.0
2008-05-05,11061.434364547902,13898.439469615616,0.0
2008-05-06,11157.259360957998,13898.439469615616,0.0
2008-05-07,10958.545380935393,13898.439469615616,0.0
2008-05-08,10930.268450816497,13898.439469615616,0.0
2008-05-09,10909.849440642492,13898.439469615616,0.0
2008-05-12,11032.37441196734,13898.439469615616,0.0
2008-05-13,11033.947170909638,13898.439469615616,0.0
2008-05-14,11056.725319497085,13898.439469615616,0.0
2008-05-15,11194.96025594512,13898.439469615616,0.0
2008-05-16,11205.176475051085,13898.439469615616,0.0
2008-05-19,11235.804151059718,13898.439469615616,0.0
2008-05-20,11144.699949233624,13898.439469615616,0.0
2008-05-21,10956.190438783797,13898.439469615616,0.0
2008-05-22,10957.759840716615,13898.439469615616,0.0
2008-05-23,10810.8789263478,13898.439469615616,0.0
2008-05-27,10890.99563613945,13898.439469615616,0.0
2008-05-28,10941.266853131761,13898.439469615616,0.0
2008-05-29,10996.247115174887,13898.439469615616,0.0
2008-05-30,11023.735987317894,13898.439469615616,0.0
2008-06-02,10909.849440642496,13898.439469615616,0.0
2008-06-03,10846.226557688073,13898.439469615616,0.0
2008-06-04,10840.729454661367,13898.439469615616,0.0
2008-06-05,11057.510859715867,13898.439469615616,0.0
2008-06-06,10704.845264103073,13898.439469615616,0.0
2008-06-09,10730.766412818004,13898.439469615616,0.0
2008-06-10,10677.353874202954,13898.439469615616,0.0
2008-06-11,10520.26597250425,13898.439469615616,0.0
2008-06-12,10560.323488147706,13898.439469615616,0.0
2008-06-13,10693.846861787815,13898.439469615616,0.0
2008-06-16,10700.134540547519,13898.439469615616,0.0
2008-06-17,10648.291403865282,13898.439469615616,0.0
2008-06-18,10544.615201529257,13898.439469615616,0.0
2008-06-19,10557.966028239003,13898.439469615616,0.0
2008-06-20,10386.594051194566,13898.439469615616,0.0
2008-06-23,10376.329994703483,13898.439469615616,0.0
2008-06-24,10355.80943499265,13898.439469615616,0.0
2008-06-25,10404.74875847299,13898.439469615616,0.0
2008-06-26,10122.155700281837,13898.439469615616,0.0
2008-06-27,10066.898484956448,13898.439469615616,0.0
2008-06-30,10102.417323780297,13898.439469615616,0.0
2008-07-01,10133.993354967588,13898.439469615616,0.0
2008-07-02,9960.331058204087,13898.439469615616,0.0
2008-07-03,9970.590079180947,13898.439469615616,0.0
2008-07-07,9868.76442832185,13898.439469615616,0.0
2008-07-08,10044.007037298981,13898.439469615616,0.0
2008-07-09,9850.605524781573,13898.439469615616,0.0
2008-07-10,9890.864460993946,13898.439469615616,0.0
2008-07-11,9775.617486225983,13898.439469615616,0.0
2008-07-14,9687.2089630139,13898.439469615616,0.0
2008-07-15,9550.644138783138,13898.439469615616,0.0
2008-07-16,9785.090966984068,13898.439469615616,0.0
2008-07-17,9882.976327963715,13898.439469615616,0.0
2008-07-18,9944.545560367553,13898.439469615616,0.0
2008-07-21,9950.072037227223,13898.439469615616,0.0
2008-07-22,10062.949802553296,13898.439469615616,0.0
2008-07-23,10117.415602893308,13898.439469615616,0.0
2008-07-24,9907.445570077703,13898.439469615616,0.0
2008-07-25,9905.077199888183,13898.439469615616,0.0
2008-07-28,9759.82863137997,13898.439469615616,0.0
2008-07-29,9968.224226748538,13898.439469615616,0.0
2008-07-30,10145.832688158082,13898.439469615616,0.0
2008-07-31,10011.643787388175,13898.439469615616,0.0
2008-08-01,9958.754102999941,13898.439469615616,0.0
2008-08-04,9866.395218879963,13898.439469615616,0.0
2008-08-05,10132.416399763437,13898.439469615616,0.0
2008-08-06,10177.406201588257,13898.439469615616,0.0
2008-08-07,10025.85233002056,13898.439469615616,0.0
2008-08-08,10212.1403394457,13898.439469615616,0.0
2008-08-11,10317.91802971743,13898.439469615616,0.0
2008-08-12,10210.565901998663,13898.439469615616,0.0
2008-08-13,10148.992473332972,13898.439469615616,0.0
2008-08-14,10225.559984849824,13898.439469615616,0.0
2008-08-15,10275.29240182028,13898.439469615616,0.0
2008-08-18,10134.782252195848,13898.439469615616,0.0
2008-08-19,10024.274535564042,13898.439469615616,0.0
2008-08-20,10070.845488854864,13898.439469615616,0.0
2008-08-21,10088.210459652655,13898.439469615616,0.0
2008-08-22,10234.243729127274,13898.439469615616,0.0
2008-08-25,10026.64038799645,13898.439469615616,0.0
2008-08-26,10055.846370489471,13898.439469615616,0.0
2008-08-27,10153.72837445964,13898.439469615616,0.0
2008-08-28,10276.871874781535,13898.439469615616,0.0
2008-08-29,10166.359961887876,13898.439469615616,0.0
2008-09-02,10103.209578018037,13898.439469615616,0.0
2008-09-03,10094.525833740585,13898.439469615616,0.0
2008-09-04,9790.615765338998,13898.439469615616,0.0
2008-09-05,9821.402899298027,13898.439469615616,0.0
2008-09-08,10024.274535564036,13898.439469615616,0.0
2008-09-09,9726.676484240901,13898.439469615616,0.0
2008-09-10,9766.147362477383,13898.439469615616,0.0
2008-09-11,9907.445570077703,13898.439469615616,0.0
2008-09-12,9953.225108383154,13898.439469615616,0.0
2008-09-15,9479.603104125961,13898.439469615616,0.0
2008-09-16,9638.265443271704,13898.439469615616,0.0
2008-09-17,9204.899018217404,13898.439469615616,0.0
2008-09-18,9478.02279191233,13898.439469615616,0.0
2008-09-19,9854.434194095747,13898.439469615616,0.0
2008-09-22,9631.331540186722,13898.439469615616,0.0
2008-09-23,9412.204424756706,13898.439469615616,0.0
2008-09-24,9442.372190466316,13898.439469615616,0.0
2008-09-25,9590.050394587095,13898.439469615616,0.0
2008-09-26,9594.81063403251,13898.439469615616,0.0
2008-09-29,8842.947934377518,13898.439469615616,0.0
2008-09-30,9208.955964176348,13898.439469615616,0.0
2008-10-01,9214.51349337373,13898.439469615616,0.0
2008-10-02,8880.260255517103,13898.439469615616,0.0
2008-10-03,8760.378929159298,13898.439469615616,0.0
2008-10-06,8314.176978350733,13898.439469615616,0.0
2008-10-07,7941.820004369151,13898.439469615616,0.0
2008-10-08,7741.747274758724,13898.439469615616,0.0
2008-10-09,7201.07320236129,13898.439469615616,0.0
2008-10-10,7026.40506163176,13898.439469615616,0.0
2008-10-13,8046.624161891115,13898.439469615616,0.0
2008-10-14,7927.52921500446,13898.439469615616,0.0
2008-10-15,7147.082418862972,13898.439469615616,0.0
2008-10-16,7444.811393555906,13898.439469615616,0.0
2008-10-17,7400.349481472123,13898.439469615616,0.0
2008-10-20,7844.961888290984,13898.439469615616,0.0
2008-10-21,7610.7466937443105,13898.439469615616,0.0
2008-10-22,7196.309605906395,13898.439469615616,0.0
2008-10-23,7279.670865362356,13898.439469615616,0.0
2008-10-24,6910.486265341224,13898.439469615616,0.0
2008-10-27,6665.158530156903,13898.439469615616,0.0
2008-10-28,7444.015782308682,13898.439469615616,0.0
2008-10-29,7390.030034324587,13898.439469615616,0.0
2008-10-30,7645.678895161185,13898.439469615616,0.0
2008-10-31,7687.756491260407,13898.439469615616,0.0
2008-11-03,7709.989125807039,13898.439469615616,0.0
2008-11-04,7971.992805592982,13898.439469615616,0.0
2008-11-05,7636.948152750984,13898.439469615616,0.0
2008-11-06,7213.774447736274,13898.439469615616,0.0
2008-11-07,7451.958466742992,13898.439469615616,0.0
2008-11-10,7354.303900165227,13898.439469615616,0.0
2008-11-11,7127.238296562752,13898.439469615616,0.0
2008-11-12,6813.630247393977,13898.439469615616,0.0
2008-11-13,7238.389719762726,13898.439469615616,0.0
2008-11-14,6877.14109015694,13898.439469615616,0.0
2008-11-17,6785.837146266667,13898.439469615616,0.0
2008-11-18,6913.660737432598,13898.439469615616,0.0
2008-11-19,6470.641231612928,13898.439469615616,0.0
2008-11-20,5990.3060476441915,13898.439469615616,0.0
2008-11-21,6313.442548601317,13898.439469615616,0.0
2008-11-24,6750.904944849792,13898.439469615616,0.0
2008-11-25,6800.926064635694,13898.439469615616,0.0
2008-11-26,7063.7178023975275,13898.439469615616,0.0
2008-11-28,7152.637430303239,13898.439469615616,0.0
2008-12-01,6519.073227035308,13898.439469615616,0.0
2008-12-02,6769.962268052676,13898.439469615616,0.0
2008-12-03,6932.718899887853,13898.439469615616,0.0
2008-12-04,6772.341548523013,13898.439469615616,0.0
2008-12-05,6981.14753830075,13898.439469615616,0.0
2008-12-08,7224.88530986918,13898.439469615616,0.0
2008-12-09,7105.796237749119,13898.439469615616,0.0
2008-12-10,7154.227813545316,13898.439469615616,0.0
2008-12-11,6981.942310295606,13898.439469615616,0.0
2008-12-12,7065.306507134863,13898.439469615616,0.0
2008-12-15,6966.856329309874,13898.439469615616,0.0
2008-12-16,7294.756426721896,13898.439469615616,0.0
2008-12-17,7224.0938948838075,13898.439469615616,0.0
2008-12-18,7089.124489409348,13898.439469615616,0.0
2008-12-19,7058.631933032359,13898.439469615616,0.0
2008-12-22,6968.185705064727,13898.439469615616,0.0
2008-12-23,6896.153093731815,13898.439469615616,0.0
2008-12-24,6936.172003766226,13898.439469615616,0.0
2008-12-26,6976.190494174453,13898.439469615616,0.0
2008-12-29,6956.181458783432,13898.439469615616,0.0
2008-12-30,7121.062238368317,13898.439469615616,0.0
2008-12-31,7222.711646229609,13898.439469615616,0.0
2009-01-02,7440.419585901127,13898.439469615616,0.0
2009-01-05,7431.614150029953,13898.439469615616,0.0
2009-01-06,7481.239142696985,13898.439469615616,0.0
2009-01-07,7257.128546691004,13898.439469615616,0.0
2009-01-08,7286.74408434083,13898.439469615616,0.0
2009-01-09,7130.664963991453,13898.439469615616,0.0
2009-01-12,6959.384045829218,13898.439469615616,0.0
2009-01-13,6972.1893584981435,13898.439469615616,0.0
2009-01-14,6752.880964556101,13898.439469615616,0.0
2009-01-15,6755.283324466626,13898.439469615616,0.0
2009-01-16,6808.107547169963,13898.439469615616,0.0
2009-01-20,6448.734226986037,13898.439469615616,0.0
2009-01-21,6727.271598096804,13898.439469615616,0.0
2009-01-22,6623.218991072615,13898.439469615616,0.0
2009-01-23,6652.034301587179,13898.439469615616,0.0
2009-01-26,6697.6556408207925,13898.439469615616,0.0
2009-01-27,6765.687955729767,13898.439469615616,0.0
2009-01-28,6994.5990752949465,13898.439469615616,0.0
2009-01-29,6767.287151121734,13898.439469615616,0.0
2009-01-30,6629.626263295113,13898.439469615616,0.0
2009-02-02,6609.613451268427,13898.439469615616,0.0
2009-02-03,6702.455325127621,13898.439469615616,0.0
2009-02-04,6669.640557441489,13898.439469615616,0.0
2009-02-05,6768.890962401739,13898.439469615616,0.0
2009-02-06,6961.786405739742,13898.439469615616,0.0
2009-02-09,6971.385354727213,13898.439469615616,0.0
2009-02-10,6652.0343015871795,13898.439469615616,0.0
2009-02-11,6691.2517256077745,13898.439469615616,0.0
2009-02-12,6696.053088419344,13898.439469615616,0.0
2009-02-13,6624.01712007695,13898.439469615616,0.0
2009-02-17,6340.681743164095,13898.439469615616,0.0
2009-02-18,6325.472811706088,13898.439469615616,0.0
2009-02-19,6257.439657544744,13898.439469615616,0.0
2009-02-20,6196.61148498405,13898.439469615616,0.0
2009-02-23,5974.904507767149,13898.439469615616,0.0
2009-02-24,6201.4162048051,13898.439469615616,0.0
2009-02-25,6152.590600020959,13898.439469615616,0.0
2009-02-26,6052.542485682558,13898.439469615616,0.0
2009-02-27,5917.275984868945,13898.439469615616,0.0
2009-03-02,5650.7478955536935,13898.439469615616,0.0
2009-03-03,5608.325786356386,13898.439469615616,0.0
2009-03-04,5741.190766511844,13898.439469615616,0.0
2009-03-05,5506.676378495094,13898.439469615616,0.0
2009-03-06,5516.281621875344,13898.439469615616,0.0
2009-03-09,5451.450215507415,13898.439469615616,0.0
2009-03-10,5776.407894108503,13898.439469615616,0.0
2009-03-11,5814.024024606205,13898.439469615616,0.0
2009-03-12,6042.934724545199,13898.439469615616,0.0
2009-03-13,6090.159455432633,13898.439469615616,0.0
2009-03-16,6071.750454685949,13898.439469615616,0.0
2009-03-17,6257.4396575447445,13898.439469615616,0.0
2009-03-18,6397.511297805594,13898.439469615616,0.0
2009-03-19,6318.272445993476,13898.439469615616,0.0
2009-03-20,6183.732318106522,13898.439469615616,0.0
2009-03-23,6627.900340795207,13898.439469615616,0.0
2009-03-24,6497.308895311405,13898.439469615616,0.0
2009-03-25,6565.828396221448,13898.439469615616,0.0
2009-03-26,6699.645927817412,13898.439469615616,0.0
2009-03-27,6578.725607024942,13898.439469615616,0.0
2009-03-30,6351.400254813801,13898.439469615616,0.0
2009-03-31,6410.248211406326,13898.439469615616,0.0
2009-04-01,6534.387484665806,13898.439469615616,0.0
2009-04-02,6725.4403494244,13898.439469615616,0.0
2009-04-03,6792.34890540929,13898.439469615616,0.0
2009-04-06,6739.145340634489,13898.439469615616,0.0
2009-04-07,6581.953371641844,13898.439469615616,0.0
2009-04-08,6652.891597883637,13898.439469615616,0.0
2009-04-09,6917.29637870155,13898.439469615616,0.0
2009-04-13,6918.907743252889,13898.439469615616,0.0
2009-04-14,6799.601304768871,13898.439469615616,0.0
2009-04-15,6872.157189954782,13898.439469615616,0.0
2009-04-16,6972.917409929542,13898.439469615616,0.0
2009-04-17,7019.673418368057,13898.439469615616,0.0
2009-04-20,6725.440349424399,13898.439469615616,0.0
2009-04-21,6856.83747718387,13898.439469615616,0.0
2009-04-22,6814.921856792153,13898.439469615616,0.0
2009-04-23,6881.829153898487,13898.439469615616,0.0
2009-04-24,6985.818397368704,13898.439469615616,0.0
2009-04-27,6919.7138451547435,13898.439469615616,0.0
2009-04-28,6897.951191935586,13898.439469615616,0.0
2009-04-29,7044.662577325562,13898.439469615616,0.0
2009-04-30,7047.082141909683,13898.439469615616,0.0
2009-05-01,7084.968511670681,13898.439469615616,0.0
2009-05-04,7325.999274718098,13898.439469615616,0.0
2009-05-05,7301.011374639149,13898.439469615616,0.0
2009-05-06,7427.5689536041955,13898.439469615616,0.0
2009-05-07,7324.3870709143885,13898.439469615616,0.0
2009-05-08,7495.2815133600125,13898.439469615616,0.0
2009-05-11,7355.019782437248,13898.439469615616,0.0
2009-05-12,7333.253772208608,13898.439469615616,0.0
2009-05-13,7148.652660048151,13898.439469615616,0.0
2009-05-14,7209.916404589129,13898.439469615616,0.0
2009-05-15,7151.06802837042,13898.439469615616,0.0
2009-05-18,7354.214100161578,13898.439469615616,0.0
2009-05-19,7345.344041857877,13898.439469615616,0.0
2009-05-20,7296.173084723278,13898.439469615616,0.0
2009-05-21,7191.375641220279,13898.439469615616,0.0
2009-05-22,7176.064320973072,13898.439469615616,0.0
2009-05-26,7359.858911605488,13898.439469615616,0.0
2009-05-27,7228.457167957978,13898.439469615616,0.0
2009-05-28,7329.222003820775,13898.439469615616,0.0
2009-05-29,7459.006508150352,13898.439469615616,0.0
2009-06-01,7639.57920893246,13898.439469615616,0.0
2009-06-02,7646.024667137817,13898.439469615616,0.0
2009-06-03,7549.29243891522,13898.439469615616,0.0
2009-06-04,7620.2310847832,13898.439469615616,0.0
2009-06-05,7621.84412783928,13898.439469615616,0.0
2009-06-08,7590.407412545493,13898.439469615616,0.0
2009-06-09,7629.100303834531,13898.439469615616,0.0
2009-06-10,7609.7513404329,13898.439469615616,0.0
2009-06-11,7643.610138067921,13898.439469615616,0.0
2009-06-12,7664.56878751615,13898.439469615616,0.0
2009-06-15,7488.832698145173,13898.439469615616,0.0
2009-06-16,7387.263019259075,13898.439469615616,0.0
2009-06-17,7380.007682516194,13898.439469615616,0.0
2009-06-18,7434.021125828515,13898.439469615616,0.0
2009-06-19,7461.419358715509,13898.439469615616,0.0
2009-06-22,7237.676355247801,13898.439469615616,0.0
2009-06-23,7243.351379777051,13898.439469615616,0.0
2009-06-24,7305.769935579821,13898.439469615616,0.0
2009-06-25,7464.662229875079,13898.439469615616,0.0
2009-06-26,7445.203324412913,13898.439469615616,0.0
2009-06-29,7514.92001882946,13898.439469615616,0.0
2009-06-30,7454.122059354102,13898.439469615616,0.0
2009-07-01,7484.930174622394,13898.439469615616,0.0
2009-07-02,7280.637684093147,13898.439469615616,0.0
2009-07-06,7279.831162565107,13898.439469615616,0.0
2009-07-07,7138.771302638006,13898.439469615616,0.0
2009-07-08,7133.906156646279,13898.439469615616,0.0
2009-07-09,7147.689198326825,13898.439469615616,0.0
2009-07-10,7130.665803243821,13898.439469615616,0.0
2009-07-13,7304.146821495293,13898.439469615616,0.0
2009-07-14,7345.490071770337,13898.439469615616,0.0
2009-07-15,7560.323572072928,13898.439469615616,0.0
2009-07-16,7548.161126719797,13898.439469615616,0.0
2009-07-17,7630.851823531737,13898.439469615616,0.0
2009-07-20,7711.916049249669,13898.439469615616,0.0
2009-07-21,7747.586792752575,13898.439469615616,0.0
2009-07-22,7745.96619642516,13898.439469615616,0.0
2009-07-23,7917.017579064067,13898.439469615616,0.0
2009-07-24,7949.442094397921,13898.439469615616,0.0
2009-07-27,7972.951231800068,13898.439469615616,0.0
2009-07-28,7935.662409726858,13898.439469615616,0.0
2009-07-29,7916.2077005265455,13898.439469615616,0.0
2009-07-30,7998.895040329004,13898.439469615616,0.0
2009-07-31,8010.242571630391,13898.439469615616,0.0
2009-08-03,8142.381178859189,13898.439469615616,0.0
2009-08-04,8163.459841396399,13898.439469615616,0.0
2009-08-05,8139.949025489511,13898.439469615616,0.0
2009-08-06,8097.796735929316,13898.439469615616,0.0
2009-08-07,8203.994891638662,13898.439469615616,0.0
2009-08-10,8186.968978798545,13898.439469615616,0.0
2009-08-11,8084.8277690481455,13898.439469615616,0.0
2009-08-12,8171.567858547697,13898.439469615616,0.0
2009-08-13,8233.98893210758,13898.439469615616,0.0
2009-08-14,8170.756301505434,13898.439469615616,0.0
2009-08-17,7969.71003914524,13898.439469615616,0.0
2009-08-18,8032.942669747386,13898.439469615616,0.0
2009-08-19,8103.471760458567,13898.439469615616,0.0
2009-08-20,8186.968978798548,13898.439469615616,0.0
2009-08-21,8347.482708673591,13898.439469615616,0.0
2009-08-24,8346.672830136069,13898.439469615616,0.0
2009-08-25,8362.888025186294,13898.439469615616,0.0
2009-08-26,8363.692868209593,13898.439469615616,0.0
2009-08-27,8382.341895134236,13898.439469615616,0.0
2009-08-28,8380.72045955445,13898.439469615616,0.0
2009-08-31,8306.136940641436,13898.439469615616,0.0
2009-09-01,8122.92646965888,13898.439469615616,0.0
2009-09-02,8092.122550652441,13898.439469615616,0.0
2009-09-03,8159.404573942197,13898.439469615616,0.0
2009-09-04,8273.713264559952,13898.439469615616,0.0
2009-09-08,8345.050555303913,13898.439469615616,0.0
2009-09-09,8409.096421453063,13898.439469615616,0.0
2009-09-10,8495.028310919834,13898.439469615616,0.0
2009-09-11,8493.401839825825,13898.439469615616,0.0
2009-09-14,8534.74676860561,13898.439469615616,0.0
2009-09-15,8570.416672856147,13898.439469615616,0.0
2009-09-16,8700.123965967638,13898.439469615616,0.0
2009-09-17,8687.156677591209,13898.439469615616,0.0
2009-09-18,8692.694903984067,13898.439469615616,0.0
2009-09-21,8670.700617110653,13898.439469615616,0.0
2009-09-22,8721.201789252476,13898.439469615616,0.0
2009-09-23,8648.708008741982,13898.439469615616,0.0
2009-09-24,8553.40922356818,13898.439469615616,0.0
2009-09-25,8507.795857232086,13898.439469615616,0.0
2009-09-28,8660.112609204562,13898.439469615616,0.0
2009-09-29,8634.046269829534,13898.439469615616,0.0
2009-09-30,8600.649900250653,13898.439469615616,0.0
2009-10-01,8387.242289725522,13898.439469615616,0.0
2009-10-02,8348.146557298647,13898.439469615616,0.0
2009-10-05,8472.772177306828,13898.439469615616,0.0
2009-10-06,8594.133944846173,13898.439469615616,0.0
2009-10-07,8617.754702813594,13936.638976039822,1.0
2009-10-08,8683.731688667242,14043.337004038849,1.0
2009-10-09,8736.675924459558,14128.958459457968,1.0
2009-10-12,8770.886368837815,14184.283614205524,1.0
2009-10-13,8752.969169980239,14155.307907591545,1.0
2009-10-14,8903.659450858704,14399.004335979736,1.0
2009-10-15,8936.239227881098,14451.692374330696,1.0
2009-10-16,8869.446488723337,14343.675109513608,1.0
2009-10-19,8942.756022537948,14462.231339240412,1.0
2009-10-20,8895.50947108888,14385.82418295485,1.0
2009-10-21,8815.689017384015,14256.738488995003,1.0
2009-10-22,8905.286761205081,14401.636023418236,1.0
2009-10-23,8803.472859879172,14236.98251047268,1.0
2009-10-26,8708.167360686408,14082.854390041593,1.0
2009-10-27,8668.256714207788,14018.310864441908,1.0
2009-10-28,8504.538718782218,13753.546006910958,1.0
2009-10-29,8686.993023378962,14048.611236832046,1.0
2009-10-30,8435.302076721591,13641.576460597786,1.0
2009-11-02,8497.204492316512,13741.685090704132,1.0
2009-11-03,8524.084906490913,13785.156115442485,1.0
2009-11-04,8546.077514859586,13820.722577188671,1.0
2009-11-05,8703.283751142531,14074.956613247054,1.0
2009-11-06,8726.088755805838,14111.836882853198,1.0
2009-11-09,8924.833788166152,14433.24748918929,1.0
2009-11-10,8926.4619377649,14435.880533867314,1.0
2009-11-11,8972.077821858105,14509.650573756278,1.0
2009-11-12,8880.85276769066,14362.121351894548,1.0
2009-11-13,8928.906679920137,14439.834172602925,1.0
2009-11-16,9058.416748724563,14649.277947104893,1.0
2009-11-17,9069.008952892507,14666.407667146814,1.0
2009-11-18,9063.306233035033,14657.185224576111,1.0
2009-11-19,8945.197407683703,14466.179549017927,1.0
2009-11-20,8913.433383965425,14414.81074748503,1.0
2009-11-23,9026.651885753914,14597.907788332472,1.0
2009-11-24,9040.497032109877,14620.298168772344,1.0
2009-11-25,9072.262734332897,14671.66968478429,1.0
2009-11-27,8924.833788166154,14433.247489189294,1.0
2009-11-30,8954.973019295167,14481.988675002269,1.0
2009-12-01,9065.749296685532,14661.136148832677,1.0
2009-12-02,9061.676404931546,14654.549465419044,1.0
2009-12-03,8990.813291776913,14539.9495889069,1.0
2009-12-04,9042.13021722285,14622.939356887518,1.0
2009-12-07,9028.282553109777,14600.544904729073,1.0
2009-12-08,8928.092605120763,14438.517650263919,1.0
2009-12-09,8961.488974699643,14492.526282672463,1.0
2009-12-10,9011.990986093837,14574.198171074546,1.0
2009-12-11,9050.273482973706,14636.10865199621,1.0
2009-12-14,9112.177577073368,14736.219996581603,1.0
2009-12-15,9069.820509934772,14667.72011776726,1.0
2009-12-16,9083.666495543104,14690.111855446652,1.0
2009-12-17,8974.523403265712,14513.605569731419,1.0
2009-12-18,9025.296493175572,14595.715846499997,1.0
2009-12-21,9117.012509979757,14744.039053483712,1.0
2009-12-22,9149.769369252323,14797.013469374391,1.0
2009-12-23,9167.788956899098,14826.154759210389,1.0
2009-12-24,9211.185018472359,14896.334900556378,1.0
2009-12-28,9230.842826746328,14928.125521944696,1.0
2009-12-29,9217.738740233508,14906.933584005184,1.0
2009-12-30,9214.46481673623,14901.638992619119,1.0
2009-12-31,9126.020205672216,14758.606305302897,1.0
2010-01-04,9280.795127837851,15008.908418458064,1.0
2010-01-05,9305.360883974445,15048.636176587144,1.0
2010-01-06,9311.913766483225,15059.233502796427,1.0
2010-01-07,9351.223508264573,15122.805244896388,1.0
2010-01-08,9382.343825414688,15173.1330437138,1.0
2010-01-11,9395.446233422765,15194.32226717426,1.0
2010-01-12,9307.820732672348,15052.614245634199,1.0
2010-01-13,9386.437698477932,15179.753658115547,1.0
2010-01-14,9411.824243432864,15220.808796499838,1.0
2010-01-15,9306.185029802264,15049.968985800453,1.0
2010-01-19,9422.47015975252,15238.025379871342,1.0
2010-01-20,9326.65691287561,15083.076129527779,1.0
2010-01-21,9147.313716816268,14793.042186524954,1.0
2010-01-22,8943.401407610852,14463.27505643495,1.0
2010-01-25,8989.263192648612,14537.442767504666,1.0
2010-01-26,8951.592510746828,14476.521714196548,1.0
2010-01-27,8994.177015277826,14545.389404922102,1.0
2010-01-28,8890.99513258802,14378.523591551198,1.0
2010-01-29,8794.3602576404,14222.2456037129,1.0
2010-02-01,8931.119788421112,14443.413213229696,1.0
2010-02-02,9039.215493740134,14618.225664018037,1.0
2010-02-03,8994.177015277826,14545.389404922102,1.0
2010-02-04,8716.564919905522,14096.434928726285,1.0
2010-02-05,8734.576954280965,14125.564003406562,1.0
2010-02-08,8671.523084433733,14023.593240672251,1.0
2010-02-09,8780.436221561611,14199.727642757705,1.0
2010-02-10,8763.239101237916,14171.916447655965,1.0
2010-02-11,8854.95931430395,14320.246440837302,1.0
2010-02-12,8847.590678491055,14308.32987780996,1.0
2010-02-16,8986.801665445966,14533.461983978561,1.0
2010-02-17,9029.392883995928,14602.34053262031,1.0
2010-02-18,9082.621626341843,14688.422092238323,1.0
2010-02-19,9101.456967292732,14718.88261889238,1.0
2010-02-22,9103.094348667557,14721.530593205174,1.0
2010-02-23,8992.540473155372,14542.742787848829,1.0
2010-02-24,9075.248794267094,14676.498743013355,1.0
2010-02-25,9062.966335824982,14656.635542568576,1.0
2010-02-26,9068.694233253571,14665.898702325025,1.0
2010-03-01,9162.873455765139,14818.20540731389,1.0
2010-03-02,9188.254125953476,14859.251045021505,1.0
2010-03-03,9196.447746846563,14872.50177450168,1.0
2010-03-04,9224.289944237546,14917.528195735398,1.0
2010-03-05,9356.138170146156,15130.753239553334,1.0
2010-03-08,9357.77723002572,15133.403928345177,1.0
2010-03-09,9373.33529046985,15158.564434655069,1.0
2010-03-10,9415.099006182509,15226.104745125413,1.0
2010-03-11,9454.407908711486,15289.67512998585,1.0
2010-03-12,9455.224501267972,15290.995724043434,1.0
2010-03-15,9457.683510713507,15294.972435850965,1.0
2010-03-16,9533.026553021811,15416.817256946248,1.0
2010-03-17,9589.530897369745,15508.196122429372,1.0
2010-03-18,9584.613717731048,15500.244056053836,1.0
2010-03-19,9536.097377445432,15421.783396367318,1.0
2010-03-22,9587.080280447915,15504.232983017086,1.0
2010-03-23,9654.509172902508,15613.279035393936,1.0
2010-03-24,9607.638606515422,15537.479922415465,1.0
2010-03-25,9592.016762891133,15512.216265901689,1.0
2010-03-26,9586.255295367724,15502.89881656425,1.0
2010-03-29,9647.106966994794,15601.308182785602,1.0
2010-03-30,9653.687544831799,15611.9502978992,1.0
2010-03-31,9620.796405179954,15558.758723684557,1.0
2010-04-01,9686.579523736016,15665.143229353367,1.0
2010-04-05,9765.522119461351,15792.80925077032,1.0
2010-04-06,9788.543651236243,15830.039688173854,1.0
2010-04-07,9732.629301304763,15739.614962076628,1.0
2010-04-08,9766.337033513095,15794.127130348856,1.0
2010-04-09,9830.481931441964,15897.862304465345,1.0
2010-04-12,9846.10293581388,15923.124603739594,1.0
2010-04-13,9853.502623964485,15935.09138462935,1.0
2010-04-14,9965.334680836924,16115.946265781897,1.0
2010-04-15,9973.56019332009,16129.248570364012,1.0
2010-04-16,9814.855891555822,15872.591861753945,1.0
2010-04-19,9851.861046327807,15932.436624118933,1.0
2010-04-20,9939.841550830943,16074.718757977966,1.0
2010-04-21,9921.754822994526,16045.468888979985,1.0
2010-04-22,9951.356093354052,16093.34008425759,1.0
2010-04-23,10016.318423091776,16198.397209671188,1.0
2010-04-26,9978.493318753824,16137.226424290517,1.0
2010-04-27,9742.497230676976,15755.573384408686,1.0
2010-04-28,9816.504183211464,15875.257480180562,1.0
2010-04-29,9938.199133941891,16072.062640228016,1.0
2010-04-30,9769.628581310153,15799.45022376494,1.0
2010-05-03,9896.264210745656,16004.245452894625,1.0
2010-05-04,9663.5529564469,15627.90464851268,1.0
2010-05-05,9605.995350374002,15534.82244742599,1.0
2010-05-06,9286.947686965901,15018.858341414005,1.0
2010-05-07,9148.799193512028,14795.444500483742,1.0
2010-05-10,9551.726774341052,15447.059268036806,1.0
2010-05-11,9524.592066698391,15403.176999722455,1.0
2010-05-12,9657.797363690084,15618.596699851916,1.0
2010-05-13,9537.746508353443,15424.45037203345,1.0
2010-05-14,9365.065297611045,15145.190196378127,1.0
2010-05-17,9369.99758379241,15153.166693065106,1.0
2010-05-18,9242.543683295682,14947.048155398785,1.0
2010-05-19,9189.91752415178,14861.94109375955,1.0
2010-05-20,8842.908489516087,14300.757838501333,1.0
2010-05-21,8972.009842416086,14509.540637354745,1.0
2010-05-24,8856.886237746587,14323.362662786112,1.0
2010-05-25,8865.93337830046,14337.993704862962,1.0
2010-05-26,8812.483912581109,14251.555191249941,1.0
2010-05-27,9107.685898386497,14728.956050645082,1.0
2010-05-28,8993.388118049561,14544.113599768807,1.0
2010-06-01,8842.085182940638,14299.426386527544,1.0
2010-06-02,9072.330713774896,14671.77962118576,1.0
2010-06-03,9103.57524027584,14722.308291452835,1.0
2010-06-04,8783.700913282808,14205.00730450897,1.0
2010-06-07,8674.338776136718,14028.146779277775,1.0
2010-06-08,8767.25828084018,14178.416267739985,1.0
2010-06-09,8720.387714453094,14102.617154761514,1.0
2010-06-10,8975.301390213144,14514.863730770829,1.0
2010-06-11,9018.87789104606,14585.335678614641,1.0
2010-06-14,9004.901821320302,14562.73356880891,1.0
2010-06-15,9209.654222148576,14893.859295663193,1.0
2010-06-16,9206.360156594405,14888.53213052853,1.0
2010-06-17,9221.162889905096,14912.471121266146,1.0
2010-06-18,9231.160064142365,14928.638558485016,1.0
2010-06-21,9204.7194182101,14885.878727257636,1.0
2010-06-22,9052.700600829148,14640.033788701758,1.0
2010-06-23,9024.612502493614,14594.609696287283,1.0
2010-06-24,8875.065283343754,14352.761828131808,1.0
2010-06-25,8912.245002608803,14412.888896317943,1.0
2010-06-28,8884.154386516155,14367.460732184896,1.0
2010-06-29,8609.853980997803,13923.861923153758,1.0
2010-06-30,8528.06883749362,13791.59893146646,1.0
2010-07-01,8490.056579877048,13730.125481671768,1.0
2010-07-02,8443.788596691973,13655.300866672069,1.0
2010-07-06,8499.144843797076,13744.82302848533,1.0
2010-07-07,8766.837815402567,14177.73629073808,1.0
2010-07-08,8853.587136678192,14318.027354214295,1.0
2010-07-09,8919.682457116076,14424.91675298631,1.0
2010-07-12,8925.464066696375,14434.26677607234,1.0
2010-07-13,9060.135537579312,14652.057573651548,1.0
2010-07-14,9059.312231003862,14650.726121677762,1.0
2010-07-15,9061.787186244434,14654.728621036262,1.0
2010-07-16,8812.274938740853,14251.217238608264,1.0
2010-07-19,8864.326210010971,14335.394591173044,1.0
2010-07-20,8962.642946709051,14494.39248701895,1.0
2010-07-21,8846.149682170913,14305.999497545918,1.0
2010-07-22,9043.61401541386,14625.338956367235,1.0
2010-07-23,9122.100057849648,14752.266639482723,1.0
2010-07-26,9217.116014974592,14905.926512277767,1.0
2010-07-27,9216.286833632548,14904.58555962731,1.0
2010-07-28,9156.804821874119,14808.391208310357,1.0
2010-07-29,9112.189326606538,14736.238997934899,1.0
2010-07-30,9110.534320931933,14733.562521592083,1.0
2010-08-02,9316.259415257606,15066.261289055554,1.0
2010-08-03,9271.645598494764,14994.111793159145,1.0
2010-08-04,9333.61095801747,15094.322216229848,1.0
2010-08-05,9323.69519126014,15078.286431244876,1.0
2010-08-06,9285.691326167273,15016.826553845432,1.0
2010-08-09,9335.258410420742,15096.98647741694,1.0
2010-08-10,9284.86466258234,15015.489672913549,1.0
2010-08-11,9030.39411207391,14603.959719373304,1.0
2010-08-12,8975.039543473547,14514.440272039094,1.0
2010-08-13,8948.598058288911,14471.679083572186,1.0
2010-08-16,8944.466418868993,14464.99739339182,1.0
2010-08-17,9054.35476725138,14642.708907805038,1.0
2010-08-18,9070.879646426314,14669.432954047448,1.0
2010-08-19,8913.075023203211,14414.231206207916,1.0
2010-08-20,8884.15438651615,14367.460732184889,1.0
2010-08-23,8850.282160843202,14312.68254496581,1.0
2010-08-24,8718.914826542881,14100.235199395562,1.0
2010-08-25,8752.789569972942,14155.017458333217,1.0
2010-08-26,8694.129186285221,14060.151844510998,1.0
2010-08-27,8828.800657168156,14277.942642090204,1.0
2010-08-30,8700.737459450454,14070.838748528911,1.0
2010-08-31,8700.737459450454,14070.838748528911,1.0
2010-09-01,8960.992137296296,14491.72279687376,1.0
2010-09-02,9044.439839746417,14626.674480059593,1.0
2010-09-03,9161.757250112376,14816.400278745934,1.0
2010-09-07,9058.483049661816,14649.385169027308,1.0
2010-09-08,9122.100057849644,14752.266639482725,1.0
2010-09-09,9164.235562362432,14820.408207062537,1.0
2010-09-10,9210.506063304618,14895.23689378081,1.0
2010-09-13,9312.954439422618,15060.91647980708,1.0
2010-09-14,9307.174508347058,15051.569171200099,1.0
2010-09-15,9342.697543432758,15109.01704856437,1.0
2010-09-16,9340.218391930333,15105.007763008245,1.0
2010-09-17,9343.709681791568,15110.653879431224,1.0
2010-09-20,9486.57141655811,15341.689977532507,1.0
2010-09-21,9467.470871858144,15310.800563188626,1.0
2010-09-22,9420.957826980886,15235.5796342477,1.0
2010-09-23,9344.538023881243,15111.993474842157,1.0
2010-09-24,9537.243796183513,15423.637385558115,1.0
2010-09-27,9491.56245040541,15349.761480986219,1.0
2010-09-28,9524.78341623886,15403.48645033409,1.0
2010-09-29,9508.172094069765,15376.62260842063,1.0
2010-09-30,9479.929573298059,15330.9487839336,1.0
2010-10-01,9519.800774915266,15395.428519275622,1.0
2010-10-04,9448.366970148698,15279.905719886643,1.0
2010-10-05,9638.582680667727,15587.522700932657,1.0
2010-10-06,9637.74930306383,15586.174962084575,1.0
2010-10-07,9626.122300723073,15567.37176570863,1.0
2010-10-08,9680.111405716649,15654.682984336068,1.0
2010-10-11,9689.249185526538,15669.460608281592,1.0
2010-10-12,9719.15006898233,15717.816338069533,1.0
2010-10-13,9794.737333730447,15840.056115866517,1.0
2010-10-14,9756.532887321035,15778.271858220656,1.0
2010-10-15,9776.462613363045,15810.502225214996,1.0
2010-10-18,9824.640734943352,15888.415917373033,1.0
2010-10-19,9695.891868038958,15680.203159120016,1.0
2010-10-20,9790.583873748896,15833.339137458508,1.0
2010-10-21,9812.178676493955,15868.26226766996,1.0
2010-10-22,9830.45423611373,15897.817515561006,1.0
2010-10-25,9859.524259722739,15944.829578219442,1.0
2010-10-26,9861.18933642579,15947.522341436556,1.0
2010-10-27,9832.945976401712,15901.847159710002,1.0
2010-10-28,9834.608535347652,15904.535851208539,1.0
2010-10-29,9842.082916959229,15916.623426416,1.0
2010-11-01,9845.402999336886,15921.992665975926,1.0
2010-11-02,9923.48620063484,16048.268874119534,1.0
2010-11-03,9963.354045242562,16112.743180503452,1.0
2010-11-04,10155.228957698047,16423.04342408991,1.0
2010-11-05,10193.438439621686,16484.835825172922,1.0
2010-11-08,10174.33453791224,16453.940981870943,1.0
2010-11-09,10101.239013452103,16335.730848222951,1.0
2010-11-10,10141.940235663724,16401.552893454955,1.0
2010-11-11,10103.730753740085,16339.760492371945,1.0
2010-11-12,9984.121345150324,16146.328072543505,1.0
2010-11-15,9970.00176326921,16123.493874779038,1.0
2010-11-16,9814.67125603431,15872.293269058482,1.0
2010-11-17,9819.658093619757,15880.35798631457,1.0
2010-11-18,9964.184065836977,16114.085490393441,1.0
2010-11-19,9991.60076227612,16158.42379118811,1.0
2010-11-22,9983.288806798797,16144.98169093495,1.0
2010-11-23,9838.762834581574,15911.254186856077,1.0
2010-11-24,9984.121345150323,16146.328072543505,1.0
2010-11-26,9867.835375947694,15958.270321233087,1.0
2010-11-29,9897.735420151117,16006.624693781507,1.0
2010-11-30,9842.08291695923,15916.623426416005,1.0
2010-12-01,10051.403368440077,16255.136608003522,1.0
2010-12-02,10180.146360577877,16463.339865579866,1.0
2010-12-03,10207.556342998056,16507.667308458338,1.0
2010-12-06,10196.761039756455,16490.209136451427,1.0
2010-12-07,10202.577897936319,16499.616163597504,1.0
2010-12-08,10239.953163003687,16560.059468592906,1.0
2010-12-09,10279.822686116153,16624.53648945588,1.0
2010-12-10,10339.630327794333,16721.25744970844,1.0
2010-12-13,10346.273849559124,16732.001357786394,1.0
2010-12-14,10355.406593854792,16746.77083829477,1.0
2010-12-15,10308.063528383118,16670.20759946386,1.0
2010-12-16,10367.871170061298,16766.92855971642,1.0
2010-12-17,10378.973639670501,16784.88348138939,1.0
2010-12-20,10404.022805172497,16825.39300948473,1.0
2010-12-21,10469.988880745326,16932.07339336994,1.0
2010-12-22,10502.555229729793,16984.739715888503,1.0
2010-12-23,10487.526737531443,16960.43562771873,1.0
2010-12-27,10491.700339569885,16967.185179875334,1.0
2010-12-28,10506.72883176824,16991.48926804511,1.0
2010-12-29,10514.242658241228,17003.64063351023,1.0
2010-12-30,10497.547410835085,16976.641067644294,1.0
2010-12-31,10500.050061403883,16980.68835590711,1.0
2011-01-03,10608.60064150771,17156.236430517867,1.0
2011-01-04,10602.756927251996,17146.78597170701,1.0
2011-01-05,10657.864755655432,17235.906390620938,1.0
2011-01-06,10636.988352939507,17202.145057442674,1.0
2011-01-07,10616.112789475957,17168.385081503944,1.0
2011-01-10,10602.756927251992,17146.78597170701,1.0
2011-01-11,10640.327738121687,17207.54551351168,1.0
2011-01-12,10736.35247659596,17362.836788215474,1.0
2011-01-13,10718.817976819328,17334.47998282479,1.0
2011-01-14,10796.474837913074,17460.06671328982,1.0
2011-01-18,10814.846911555456,17489.778043726215,1.0
2011-01-19,10708.798142768057,17318.27590013875,1.0
2011-01-20,10694.603028173602,17295.319550817057,1.0
2011-01-21,10718.817976819328,17334.479982824792,1.0
2011-01-24,10779.772876487965,17433.056289507684,1.0
2011-01-25,10785.619108500798,17442.51082003713,1.0
2011-01-26,10827.366039166047,17510.023985716973,1.0
2011-01-27,10854.085316885315,17553.234420466575,1.0
2011-01-28,10664.541847515047,17246.704588279885,1.0
2011-01-31,10744.699680672851,17376.33589252868,1.0
2011-02-01,10916.712846528339,17654.515705522303,1.0
2011-02-02,10895.83728306479,17620.75572958357,1.0
2011-02-03,10920.051392458141,17659.914804351767,1.0
2011-02-04,10950.948468477705,17709.881577455595,1.0
2011-02-07,11019.417194619336,17820.609249603618,1.0
2011-02-08,11069.515525623323,17901.628305794296,1.0
2011-02-09,11044.465520868958,17861.117420459428,1.0
2011-02-10,11048.640801412143,17867.86968709508,1.0
2011-02-11,11114.606037732601,17974.54871374076,1.0
2011-02-14,11141.321958442388,18017.753719532262,1.0
2011-02-15,11106.255476646233,17961.044180469456,1.0
2011-02-16,11176.395993509876,18074.47547375079,1.0
2011-02-17,11209.793202341125,18128.485463398854,1.0
2011-02-18,11233.173094878215,18166.295442079456,1.0
2011-02-22,11007.726409098415,17801.702903023786,1.0
2011-02-23,10940.091899813051,17692.324326963368,1.0
2011-02-24,10932.573877078208,17680.16617530062,1.0
2011-02-25,11049.475857520774,17869.220140422203,1.0
2011-02-28,11117.948779924256,17979.95459876785,1.0
2011-03-01,10932.573877078208,17680.16617530062,1.0
2011-03-02,10955.956287372412,17717.980225699797,1.0
2011-03-03,11144.666379138782,18023.162319038398,1.0
2011-03-04,11061.16748229406,17888.127844241557,1.0
2011-03-07,10974.324164752938,17747.68476993856,1.0
2011-03-08,11070.350581731953,17902.978759121415,1.0
2011-03-09,11054.482837163114,17877.317431426887,1.0
2011-03-10,10849.910875594494,17546.483511070426,1.0
2011-03-11,10925.056693595738,17668.009380877396,1.0
2011-03-14,10859.096492789502,17561.338497668865,1.0
2011-03-15,10734.683203631059,17360.13723880073,1.0
2011-03-16,10535.954956318154,17038.75377725513,1.0
2011-03-17,10675.400094684435,17264.26455325114,1.0
2011-03-18,10714.22390934327,17327.050453666274,1.0
2011-03-21,10880.2750263588,17595.58843707604,1.0
2011-03-22,10842.534686510267,17534.55473288737,1.0
2011-03-23,10873.562685899627,17584.733235357056,1.0
2011-03-24,10977.551929369843,17752.904713150776,1.0
2011-03-25,11011.097685870674,17807.15493419473,1.0
2011-03-28,10984.259234314795,17763.751771432613,1.0
2011-03-29,11058.062248523254,17883.106057999972,1.0
2011-03-30,11134.375466571846,18006.519847985874,1.0
2011-03-31,11119.278155679116,17982.10446617507,1.0
2011-04-01,11166.243557584068,18058.05694721984,1.0
2011-04-04,11175.469458892858,18072.977081315465,1.0
2011-04-05,11173.795150413733,18070.26938846358,1.0
2011-04-06,11209.013536888942,18127.224587880362,1.0
2011-04-07,11180.499937601571,18081.11237502684,1.0
2011-04-08,11141.92286313966,18018.72550303199,1.0
2011-04-11,11108.3779458912,17964.47663922756,1.0
2011-04-12,11025.354905140548,17830.21171924125,1.0
2011-04-13,11024.519849031913,17828.86126591412,1.0
2011-04-14,11032.903140960729,17842.41873152689,1.0
2011-04-15,11073.15620240651,17907.516010852676,1.0
2011-04-18,10949.041687091956,17706.79792925535,1.0
2011-04-19,11011.937777493533,17808.513530959,1.0
2011-04-20,11162.050652741102,18051.276178554162,1.0
2011-04-21,11219.076172811108,18143.49788978216,1.0
2011-04-25,11207.333353643224,18124.5073943518,1.0
2011-04-26,11303.776879050369,18280.475931578447,1.0
2011-04-27,11377.576536249348,18399.82478918771,1.0
2011-04-28,11414.471748960797,18459.491753174956,1.0
2011-04-29,11441.311879021416,18502.89763041612,1.0
2011-05-02,11423.697650269587,18474.41188727058,1.0
2011-05-03,11382.606175705689,18407.958725659562,1.0
2011-05-04,11307.133049279955,18285.90353243794,1.0
2011-05-05,11204.820632045976,18120.44381921468,1.0
2011-05-06,11254.298755548169,18200.459875396562,1.0
2011-05-09,11297.903790961684,18270.977969384217,1.0
2011-05-10,11394.34983412594,18426.950578329444,1.0
2011-05-11,11274.424027392502,18233.00647920017,1.0
2011-05-12,11328.098412747146,18319.808733005826,1.0
2011-05-13,11240.878270891677,18178.75625815622,1.0
2011-05-16,11169.598888561279,18063.483190839794,1.0
2011-05-17,11167.9203838203,18060.768711790286,1.0
2011-05-18,11267.715883195182,18222.158063678802,1.0
2011-05-19,11294.550138489203,18265.55444024329,1.0
2011-05-20,11204.82063204597,18120.443819214674,1.0
2011-05-23,11074.833867895106,17910.229132662644,1.0
2011-05-24,11065.607966586318,17895.308998567016,1.0
2011-05-25,11102.509054064361,17954.985463230936,1.0
2011-05-26,11153.661486045685,18037.709212264705,1.0
2011-05-27,11196.433143855302,18106.879567404274,1.0
2011-05-31,11312.998584097302,18295.389279476436,1.0
2011-06-01,11058.900661641368,17884.461940285182,1.0
2011-06-02,11047.15784247348,17865.471444854822,1.0
2011-06-03,10937.301385681172,17687.81150554355,1.0
2011-06-06,10821.569323043068,17500.64953231947,1.0
2011-06-07,10814.86453585523,17489.806545756208,1.0
2011-06-08,10769.575120934145,17416.564472042373,1.0
2011-06-09,10851.758070061938,17549.470795264402,1.0
2011-06-10,10700.805103191511,17305.349550904964,1.0
2011-06-13,10709.197626896404,17318.921946152506,1.0
2011-06-14,10845.052443621733,17538.62645146162,1.0
2011-06-15,10652.163714302693,17226.686662529264,1.0
2011-06-16,10675.650191890838,17264.66901062951,1.0
2011-06-17,10707.509890379351,17316.19253746823,1.0
2011-06-20,10762.287892601187,17404.77956124893,1.0
2011-06-21,10909.772229424383,17643.291334652564,1.0
2011-06-22,10844.03778750581,17536.98554887619,1.0
2011-06-23,10812.855365680281,17486.55731433395,1.0
2011-06-24,10687.276354979225,17283.47084976593,1.0
2011-06-27,10782.51387472998,17437.48903379551,1.0
2011-06-28,10923.258175765774,17665.100816575836,1.0
2011-06-29,11016.808798251845,17816.39094916066,1.0
2011-06-30,11122.150916543293,17986.750297068287,1.0
2011-07-01,11286.494154984879,18252.52629804518,1.0
2011-07-05,11277.229648067048,18237.543730931422,1.0
2011-07-06,11290.710558894214,18259.345069417544,1.0
2011-07-07,11407.859279533704,18448.79806295941,1.0
2011-07-08,11326.950315504313,18317.952029335956,1.0
2011-07-11,11122.150916543293,17986.75029706829,1.0
2011-07-12,11074.113789361225,17909.064621150406,1.0
2011-07-13,11111.198673108405,17969.038321270244,1.0
2011-07-14,11034.502755978869,17845.005630061056,1.0
2011-07-15,11098.558693156463,17948.596936787922,1.0
2011-07-18,11007.538416567417,17801.39888137023,1.0
2011-07-19,11186.206853720883,18090.341603795147,1.0
2011-07-20,11179.464300176376,18079.437541453277,1.0
2011-07-21,11334.533799924053,18330.216045681635,1.0
2011-07-22,11342.118962848535,18342.482776506364,1.0
2011-07-25,11278.913188322244,18240.266353418076,1.0
2011-07-26,11236.770969790492,18172.113927922066,1.0
2011-07-27,11006.693289430335,17800.032141168806,1.0
2011-07-28,10974.667418972462,17748.23988090418,1.0
2011-07-29,10899.65839910761,17626.93524113975,1.0
2011-08-01,10853.309847694969,17551.980331145678,1.0
2011-08-02,10576.034292523233,17103.570107999287,1.0
2011-08-03,10633.342640642097,17196.24920894713,1.0
2011-08-04,10135.262304551736,16390.753338556486,1.0
2011-08-05,10120.0911394504,16366.218519667504,1.0
2011-08-08,9461.03884169071,15300.398679470904,1.0
2011-08-09,9900.964863272755,16011.847351472758,1.0
2011-08-10,9463.566669830625,15304.486684919462,1.0
2011-08-11,9888.327401077928,15991.410038709006,1.0
2011-08-12,9954.903613124101,16099.077135728705,1.0
2011-08-15,10165.601277744921,16439.817547376344,1.0
2011-08-16,10078.791530298624,16299.428762654348,1.0
2011-08-17,10085.536601600244,16310.336896714796,1.0
2011-08-18,9650.660361531434,15607.05473493339,1.0
2011-08-19,9493.064712148582,15352.190939735521,1.0
2011-08-22,9500.648196568323,15364.4549560812,1.0
2011-08-23,9813.317541960705,15870.104041705046,1.0
2011-08-24,9951.534854108957,16093.629176276338,1.0
2011-08-25,9799.833274124052,15848.297274260818,1.0
2011-08-26,9942.26279391979,16078.634394006855,1.0
2011-08-29,10227.96612139598,16540.674016460827,1.0
2011-08-30,10254.933817816913,16584.28619410975,1.0
2011-08-31,10300.444795363808,16657.886579058126,1.0
2011-09-01,10192.570652670594,16483.43243950432,1.0
2011-09-02,9932.149802855394,16062.279657733567,1.0
2011-09-06,9859.671128887569,15945.06709513627,1.0
2011-09-07,10137.788454186906,16394.838629525988,1.0
2011-09-08,10032.440461128866,16224.469780941696,1.0
2011-09-09,9769.493461678494,15799.231708201432,1.0
2011-09-12,9832.702593214266,15901.45356024782,1.0
2011-09-13,9922.87942117097,16047.287589943133,1.0
2011-09-14,10060.254963191624,16269.4514132711,1.0
2011-09-15,10233.86354780341,16550.211338601275,1.0
2011-09-16,10294.436587643477,16648.17010130041,1.0
2011-09-19,10191.931142364283,16482.398222986456,1.0
2011-09-20,10180.0716671169,16463.219071262156,1.0
2011-09-21,9880.181617569957,15978.236671881741,1.0
2011-09-22,9560.81252050396,15461.752743131778,1.0
2011-09-23,9618.417124709604,15554.910949631854,1.0
2011-09-26,9847.144448005645,15924.80893798979,1.0
2011-09-27,9957.274501070737,16102.911337386138,1.0
2011-09-28,9753.96225731022,15774.114633556334,1.0
2011-09-29,9831.049266044403,15898.779798384057,1.0
2011-09-30,9585.379115892923,15501.481858500385,1.0
2011-10-03,9312.601953427009,15060.346439206678,1.0
2011-10-04,9516.760163576975,15060.346439206678,0.0
2011-10-05,9692.963716518316,15060.346439206678,0.0
2011-10-06,9868.322981574944,15332.809161684105,1.0
2011-10-07,9802.24864244632,15230.146811228498,1.0
2011-10-10,10130.09250994952,15739.530975553118,1.0
2011-10-11,10140.252499146662,15755.316958210498,1.0
2011-10-12,10229.206536399564,15893.528413176722,1.0
2011-10-13,10208.873969219723,15861.936888161,1.0
2011-10-14,10383.387267886894,16133.085198733694,1.0
2011-10-17,10185.154179472582,15825.082499606107,1.0
2011-10-18,10384.234073528718,16134.400914618489,1.0
2011-10-19,10261.39773957442,15943.545176499798,1.0
2011-10-20,10306.297741395598,16013.308109935277,1.0
2011-10-21,10501.985377370216,16317.355837528103,1.0
2011-10-24,10630.749350817277,16517.421586840337,1.0
2011-10-25,10424.049045237096,16196.263032844887,1.0
2011-10-26,10529.939195326471,16360.788805506956,1.0
2011-10-27,10896.74871113912,16930.715460232994,1.0
2011-10-28,10894.21081197076,16926.772224518805,1.0
2011-10-31,10631.597834963839,16518.739910685257,1.0
2011-11-01,10335.097525741307,16058.055489818857,1.0
2011-11-02,10503.679827906231,16319.988573277747,1.0
2011-11-03,10695.13259641936,16617.45641746655,1.0
2011-11-04,10629.902545175451,16516.105870955544,1.0
2011-11-07,10695.981080565924,16618.774741311467,1.0
2011-11-08,10833.215628188334,16832.001561411824,1.0
2011-11-09,10433.365585801896,16210.738515537725,1.0
2011-11-10,10531.633645862488,16363.421541256605,1.0
2011-11-11,10729.86421651969,16671.420328444,1.0
2011-11-14,10628.208933891803,16513.474439185957,1.0
2011-11-15,10680.732704246506,16595.082727524758,1.0
2011-11-16,10511.306114196868,16331.837840121267,1.0
2011-11-17,10344.415744810847,16072.533580471827,1.0
2011-11-18,10333.404753710027,16055.425362029331,1.0
2011-11-21,10136.868633588843,15750.059310591581,1.0
2011-11-22,10097.05114412335,15688.193280424992,1.0
2011-11-23,9874.253978077184,15342.024388797903,1.0
2011-11-25,9855.615861433358,15342.024388797903,0.0
2011-11-28,10141.10266179796,15342.024388797903,0.0
2011-11-29,10169.904963900784,15385.598114067412,1.0
2011-11-30,10588.391444426308,16018.707747676672,1.0
2011-12-01,10586.701190152142,16016.150636959786,1.0
2011-12-02,10577.378774820745,16002.047168318693,1.0
2011-12-05,10692.589661736776,16176.34460873208,1.0
2011-12-06,10695.981080565924,16181.475335845751,1.0
2011-12-07,10735.79689152668,16241.71091014092,1.0
2011-12-08,10500.288409077084,15885.420573477484,1.0
2011-12-09,10678.188930311551,16154.558380931174,1.0
2011-12-12,10522.315426792946,15918.744271528809,1.0
2011-12-13,10424.049045237094,15770.081421668505,1.0
2011-12-14,10313.073865034921,15602.191994059544,1.0
2011-12-15,10350.344223555981,15658.576666267169,1.0
2011-12-16,10365.690792402751,15658.576666267169,0.0
2011-12-19,10254.864999122527,15658.576666267169,0.0
2011-12-20,10565.1827593728,15658.576666267169,0.0
2011-12-21,10585.640375155846,15688.896742355173,1.0
2011-12-22,10679.415078024838,15827.87951318589,1.0
2011-12-23,10774.896820215405,15969.392273956013,1.0
2011-12-27,10783.422785047207,15982.02854130825,1.0
2011-12-28,10641.90637183056,15772.288146242943,1.0
2011-12-29,10751.879484702367,15935.278456808424,1.0
2011-12-30,10699.025048913692,15856.943301250887,1.0
2012-01-03,10869.525881997557,16109.64128360596,1.0
2012-01-04,10886.574454651678,16134.90884291232,1.0
2012-01-05,10915.561392276008,16177.870161750674,1.0
2012-01-06,10887.430492069576,16136.177569430607,1.0
2012-01-09,10913.858549216284,16175.346391058905,1.0
2012-01-10,11008.482575484213,16315.587937611686,1.0
2012-01-11,11014.452177595504,16324.43543930245,1.0
2012-01-12,11040.87939548984,16363.603017081216,1.0
2012-01-13,10983.76155765908,16278.9491059228,1.0
2012-01-17,11026.388024808602,16342.125467285861,1.0
2012-01-18,11148.29866339825,16522.80829353381,1.0
2012-01-19,11207.120183541103,16609.987219233524,1.0
2012-01-20,11248.892291777465,16671.897341777352,1.0
2012-01-23,11219.907871910247,16628.939754487583,1.0
2012-01-24,11207.120183541103,16609.987219233524,1.0
2012-01-25,11300.900761176688,16748.97869701093,1.0
2012-01-26,11242.92940368514,16663.05979088281,1.0
2012-01-27,11237.810803477529,16655.473552613174,1.0
2012-01-30,11199.44773837009,16598.61594685099,1.0
2012-01-31,11195.188532589855,16592.30341049775,1.0
2012-02-01,11293.221601986712,16737.597473832182,1.0
2012-02-02,11311.126212058729,16764.133759656826,1.0
2012-02-03,11469.693715686606,16999.14544557707,1.0
2012-02-06,11462.022949020336,16987.7766608936,1.0
2012-02-07,11491.006529635184,17030.733004333837,1.0
2012-02-08,11525.105353448167,17081.27061064561,1.0
2012-02-09,11539.602598895997,17102.75686738766,1.0
2012-02-10,11454.351343101696,16976.4066323606,1.0
2012-02-13,11539.602598896,17102.75686738766,1.0
2012-02-14,11525.105353448169,17081.27061064561,1.0
2012-02-15,11471.398237251075,17001.6717039679,1.0
2012-02-16,11598.42327978648,17189.934549237845,1.0
2012-02-17,11629.113899722905,17235.420882617494,1.0
2012-02-21,11634.229142921038,17243.002145489027,1.0
2012-02-22,11596.72043672676,17187.410778546076,1.0
2012-02-23,11647.872029455713,17263.222163411847,1.0
2012-02-24,11673.444049184523,17301.122258521857,1.0
2012-02-27,11693.052341568633,17330.1835588878,1.0
2012-02-28,11727.153683138722,17380.724896748146,1.0
2012-02-29,11681.118172860277,17312.496018603444,1.0
2012-03-01,11741.64421456759,17402.201202693977,1.0
2012-03-02,11705.839190685405,17349.134850292325,1.0
2012-03-05,11658.099158842495,17278.379713756793,1.0
2012-03-06,11487.598325758629,17025.681731401717,1.0
2012-03-07,11567.73517760717,17144.451947406782,1.0
2012-03-08,11682.819337415258,17315.017301596155,1.0
2012-03-09,11728.0046850424,17381.98616016927,1.0
2012-03-12,11728.857365450818,17383.249911289444,1.0
2012-03-13,11940.28014411974,17696.597996616754,1.0
2012-03-14,11927.497491264818,17677.65292445986,1.0
2012-03-15,11996.546980046824,17779.990644354046,1.0
2012-03-16,12013.159141468288,17804.611401905982,1.0
2012-03-19,12060.254627490667,17874.411262004218,1.0
2012-03-20,12025.14786158073,17822.379792409643,1.0
2012-03-21,12005.450608445344,17793.18664399376,1.0
2012-03-22,11918.972365685388,17665.01790095715,1.0
2012-03-23,11957.503281266921,17722.124276624876,1.0
2012-03-26,12125.324381531815,17970.8506474379,1.0
2012-03-27,12087.65118187292,17915.01548598752,1.0
2012-03-28,12027.711777572575,17826.179752716864,1.0
2012-03-29,12007.163522533516,17795.72534087986,1.0
2012-03-30,12056.828799314331,17869.333868232017,1.0
2012-04-02,12145.025830929051,18000.050015101417,1.0
2012-04-03,12095.360554148236,17926.441487749264,1.0
2012-04-04,11975.483424052285,17748.772508907015,1.0
2012-04-05,11969.49032287462,17739.890179429476,1.0
2012-04-09,11835.058038917274,17540.64911822776,1.0
2012-04-10,11636.41035983194,17246.234910411593,1.0
2012-04-11,11730.596296362475,17385.827167510903,1.0
2012-04-12,11883.866439027826,17612.9876752121,1.0
2012-04-13,11742.584177222543,17403.594314165028,1.0
2012-04-16,11734.879840461454,17392.175775500447,1.0
2012-04-17,11908.694881156378,17649.785719640535,1.0
2012-04-18,11868.452729991417,17590.14313478576,1.0
2012-04-19,11792.246096993878,17477.197866119073,1.0
2012-04-20,11811.942510876894,17506.38977068543,1.0
2012-04-23,11712.614475072376,17359.17644752971,1.0
2012-04-24,11757.139331083943,17425.166396524495,1.0
2012-04-25,11918.113810510387,17663.745442890286,1.0
2012-04-26,12001.167903598749,17786.839279853746,1.0
2012-04-27,12020.86179972465,17816.027452871513,1.0
2012-04-30,11976.339461470192,17750.041235425302,1.0
2012-05-01,12050.834858884306,17860.45029490495,1.0
2012-05-02,12014.868698546985,17807.145123393973,1.0
2012-05-03,11923.255909784373,17671.366508946696,1.0
2012-05-04,11730.596296362479,17385.827167510903,1.0
2012-05-07,11739.161706055693,17398.52189579094,1.0
2012-05-08,11692.065380780945,17328.720791843174,1.0
2012-05-09,11622.70956488371,17225.929066871362,1.0
2012-05-10,11646.686165856217,17261.46460402915,1.0
2012-05-11,11611.571846674944,17209.421939788826,1.0
2012-05-14,11483.143574176078,17019.07937810851,1.0
2012-05-15,11417.207711688585,16921.356339962207,1.0
2012-05-16,11373.54560711388,16856.645068281927,1.0
2012-05-17,11204.860916159754,16606.638776304866,1.0
2012-05-18,11108.962065541053,16606.638776304866,0.0
2012-05-21,11299.904568612927,16606.638776304866,0.0
2012-05-22,11319.596786234088,16635.5789804237,1.0
2012-05-23,11325.592405168863,16644.39030066854,1.0
2012-05-24,11347.855252800833,16677.10837067623,1.0
2012-05-25,11311.032215793246,16622.992261064996,1.0
2012-05-29,11448.035969013772,16824.336602242078,1.0
2012-05-30,11281.922747322826,16580.2122158953,1.0
2012-05-31,11257.090108932418,16580.2122158953,0.0
2012-06-01,10973.67877968003,16162.784626889426,1.0
2012-06-04,10968.535001901302,16162.784626889426,0.0
2012-06-05,11051.590773494408,16285.172215391152,1.0
2012-06-06,11299.904568612928,16651.07726922838,1.0
2012-06-07,11306.75286795612,16661.168643083256,1.0
2012-06-08,11396.66197440664,16793.65502556769,1.0
2012-06-11,11251.953884425022,16580.41910192465,1.0
2012-06-12,11381.24658686549,16770.939540890435,1.0
2012-06-13,11308.471656810882,16663.701380050752,1.0
2012-06-14,11428.338715878386,16840.332576398385,1.0
2012-06-15,11545.223072021172,17012.568583692067,1.0
2012-06-18,11567.598379470784,17045.539921724525,1.0
2012-06-19,11679.488344756788,17210.416398894387,1.0
2012-06-20,11660.553132773808,17182.514244860842,1.0
2012-06-21,11398.911170759544,16796.96934933375,1.0
2012-06-22,11486.695290207985,16926.32443787204,1.0
2012-06-25,11302.512125728033,16654.91965875866,1.0
2012-06-26,11359.31608317223,16738.623647483353,1.0
2012-06-27,11461.738442466742,16889.54904763644,1.0
2012-06-28,11429.026063569814,16841.34542384779,1.0
2012-06-29,11713.91783400374,17261.150286274595,1.0
2012-07-02,11749.203360668593,17313.14559538666,1.0
2012-07-03,11826.667193717125,17427.293131928207,1.0
2012-07-05,11773.30081398245,17348.65461713851,1.0
2012-07-06,11661.4150449583,17183.784323408505,1.0
2012-07-09,11646.78435838356,17162.22514198546,1.0
2012-07-10,11545.223072021166,17012.568583692064,1.0
2012-07-11,11546.943539380669,17015.103794035505,1.0
2012-07-12,11490.997297859114,16932.663700418616,1.0
2012-07-13,11683.789513155545,17216.754424752995,1.0
2012-07-16,11656.248607365567,17176.17127225034,1.0
2012-07-17,11736.29062369624,17294.117914243132,1.0
2012-07-18,11823.223741241005,17422.219001177396,1.0
2012-07-19,11854.205581749988,17467.87257436694,1.0
2012-07-20,11745.760747444841,17308.07270132383,1.0
2012-07-23,11626.989751973193,17133.056619468156,1.0
2012-07-24,11527.143058203716,16985.926614702403,1.0
2012-07-25,11529.731312514303,16989.74056040932,1.0
2012-07-26,11719.939469761995,17270.02352247664,1.0
2012-07-27,11935.973100954388,17588.36184683101,1.0
2012-07-30,11935.973100954388,17588.36184683101,1.0
2012-07-31,11852.486792895224,17465.33983739944,1.0
2012-08-01,11842.160631728722,17450.123628586884,1.0
2012-08-02,11760.39059476721,17329.630646058897,1.0
2012-08-03,11993.638131330707,17673.334677415394,1.0
2012-08-06,12016.877029469555,17707.578567371467,1.0
2012-08-07,12077.1236001375,17796.355450158993,1.0
2012-08-08,12091.757643721723,17817.919578333935,1.0
2012-08-09,12102.083804888221,17833.135787146482,1.0
2012-08-10,12121.881768308065,17862.30925641567,1.0
2012-08-13,12115.857614792692,17853.432310149696,1.0
2012-08-14,12117.577242899826,17855.96628380517,1.0
2012-08-15,12131.351892056666,17876.264043496354,1.0
2012-08-16,12220.858996621719,18008.158052442006,1.0
2012-08-17,12237.212668313074,18032.256154272414,1.0
2012-08-20,12238.074580497567,18033.526232820077,1.0
2012-08-21,12201.06187245425,17978.98581986079,1.0
2012-08-22,12206.22998855172,17986.601344394898,1.0
2012-08-23,12106.390008801201,17839.48123313292,1.0
2012-08-24,12179.550155693863,17947.287033751938,1.0
2012-08-27,12182.127499723636,17951.084902515213,1.0
2012-08-28,12170.075835683409,17933.326063231387,1.0
2012-08-29,12179.550155693863,17947.287033751938,1.0
2012-08-30,12091.75764372172,17817.919578333927,1.0
2012-08-31,12149.424352602779,17902.89488229426,1.0
2012-09-04,12138.238797008895,17886.412304997957,1.0
2012-09-05,12127.90424331869,17871.183729305685,1.0
2012-09-06,12374.062838349795,18233.91296842976,1.0
2012-09-07,12422.259423482257,18304.933485309404,1.0
2012-09-10,12351.682495385958,18200.934210269465,1.0
2012-09-11,12386.10862762343,18251.66315089778,1.0
2012-09-12,12427.417468551283,18312.534169587845,1.0
2012-09-13,12616.77294539056,18591.560656675196,1.0
2012-09-14,12672.7225439216,18674.005697043976,1.0
2012-09-17,12629.688200120017,18610.592047882634,1.0
2012-09-18,12619.353646429814,18595.36347219036,1.0
2012-09-19,12626.243069139162,18605.515443755892,1.0
2012-09-20,12627.102463566542,18606.78181223964,1.0
2012-09-21,12621.826923165647,18599.00799164506,1.0
2012-09-24,12602.787643888725,18570.952488302933,1.0
2012-09-25,12468.67091882268,18373.32356687172,1.0
2012-09-26,12398.58327485838,18270.0452809197,1.0
2012-09-27,12515.39377679256,18442.172459671812,1.0
2012-09-28,12457.419901543903,18356.74452791358,1.0
2012-10-01,12490.303487924415,18405.200436048603,1.0
2012-10-02,12503.284204338772,18424.32828891789,1.0
2012-10-03,12554.335086783263,18499.5547815917,1.0
2012-10-04,12644.324761461348,18632.159886121488,1.0
2012-10-05,12645.188352150584,18633.432438045103,1.0
2012-10-08,12601.92405319949,18569.679936379318,1.0
2012-10-09,12477.322771510055,18386.072583179313,1.0
2012-10-10,12397.714648654923,18268.765308868256,1.0
2012-10-11,12404.638480711463,18278.967984640658,1.0
2012-10-12,12363.970828594662,18219.041795561516,1.0
2012-10-15,12466.939541182363,18370.772279584642,1.0
2012-10-16,12593.268843502636,18556.925973319845,1.0
2012-10-17,12650.37577105258,18641.076406402575,1.0
2012-10-18,12617.498059438662,18592.62915508336,1.0
2012-10-19,12407.236806050494,18282.79677060324,1.0
2012-10-22,12408.968183690813,18285.34805789032,1.0
2012-10-23,12236.777935585153,18031.615549902697,1.0
2012-10-24,12202.165489321435,17980.612064544508,1.0
2012-10-25,12237.639847769646,18032.885628450364,1.0
2012-10-26,12230.722729732073,18022.692846181748,1.0
2012-10-31,12230.722729732073,18022.692846181748,1.0
2012-11-01,12358.783409692667,18211.397827204037,1.0
2012-11-02,12248.891704300797,18049.465904096483,1.0
2012-11-05,12273.986189430796,18086.444111159555,1.0
2012-11-06,12370.025195195369,18227.963262594483,1.0
2012-11-07,12089.677137095272,17814.853828850315,1.0
2012-11-08,11944.31191250756,17600.649578524877,1.0
2012-11-09,11954.693464330512,17615.947408743607,1.0
2012-11-12,11964.213103968974,17629.97516041467,1.0
2012-11-13,11922.678504153459,17568.771472660028,1.0
2012-11-14,11761.737594821838,17331.615530254607,1.0
2012-11-15,11741.834724855684,17302.287474988872,1.0
2012-11-16,11799.806921599606,17387.712933371164,1.0
2012-11-19,12038.627093903151,17739.628572864473,1.0
2012-11-20,12043.822905328849,17747.28490810167,1.0
2012-11-21,12066.31319035322,17780.425672386347,1.0
2012-11-23,12230.722729732075,18022.692846181748,1.0
2012-11-26,12204.759618398617,17984.434667067228,1.0
2012-11-27,12142.462754189566,17892.6365555631,1.0
2012-11-28,12240.23649460394,18036.711941037,1.0
2012-11-29,12297.346779163367,18120.867320871625,1.0
2012-11-30,12299.94090824055,18124.689923394348,1.0
2012-12-03,12239.366189895743,18035.42949560961,1.0
2012-12-04,12222.062484520995,18009.931462994427,1.0
2012-12-05,12243.699249884581,18041.81451561117,1.0
2012-12-06,12285.22461792402,18103.00459979811,1.0
2012-12-07,12322.439585788623,18157.843054558743,1.0
2012-12-10,12327.631200952472,18165.49320635608,1.0
2012-12-11,12411.563152020364,18289.171897101,1.0
2012-12-12,12417.615000863963,18298.089654070063,1.0
2012-12-13,12341.477186560804,18185.896084524928,1.0
2012-12-14,12295.616240775413,18118.317270272502,1.0
2012-12-17,12440.11703542152,18331.247731986354,1.0
2012-12-18,12578.563463466917,18535.25672666723,1.0
2012-12-19,12485.111033508192,18397.549047563276,1.0
2012-12-20,12556.926698103332,18503.373674050494,1.0
2012-12-21,12442.9444766577,18335.414133765415,1.0
2012-12-24,12404.604071364265,18278.91728043377,1.0
2012-12-26,12352.321166439893,18201.875329816456,1.0
2012-12-27,12335.76523492725,18177.479186184693,1.0
2012-12-28,12202.434050079984,17981.007804695666,1.0
2012-12-31,12409.834292137153,18286.62431987784,1.0
2013-01-02,12727.8966732623,18755.308037726234,1.0
2013-01-03,12699.143047796966,18712.937871103448,1.0
2013-01-04,12754.91304632072,18795.11826024613,1.0
2013-01-07,12720.053020607704,18743.74995193608,1.0
2013-01-08,12683.45658174015,18689.82293621111,1.0
2013-01-09,12715.704014823832,18737.341434863047,1.0
2013-01-10,12816.785248830303,18886.29060763622,1.0
2013-01-11,12815.917461879219,18885.01187227275,1.0
2013-01-14,12807.201826011687,18872.168867679255,1.0
2013-01-15,12815.917461879219,18885.01187227275,1.0
2013-01-16,12814.17433470571,18882.443271354052,1.0
2013-01-17,12896.958188530778,19004.430172952718,1.0
2013-01-18,12925.712653248482,19046.801576263475,1.0
2013-01-22,12995.427669160288,19149.530772755752,1.0
2013-01-23,13016.346873747103,19180.356457156075,1.0
2013-01-24,13019.828092579895,19185.48623886564,1.0
2013-01-25,13093.03020209108,19293.353873883276,1.0
2013-01-28,13077.340379024785,19270.233992239046,1.0
2013-01-29,13128.750461483847,19345.98978736505,1.0
2013-01-30,13077.340379024785,19270.23399223905,1.0
2013-01-31,13045.093785193474,19222.716730275082,1.0
2013-02-01,13179.298631758416,19420.47550394339,1.0
2013-02-04,13031.154642572015,19202.176579741303,1.0
2013-02-05,13162.737664731552,19396.0719401838,1.0
2013-02-06,13172.324444559648,19410.198626892652,1.0
2013-02-07,13154.895690581698,19384.516327769586,1.0
2013-02-08,13228.090246821554,19492.372832595476,1.0
2013-02-11,13225.480171949332,19488.526733001276,1.0
2013-02-12,13247.26380647775,19520.626206013185,1.0
2013-02-13,13258.592034974614,19537.319020264797,1.0
2013-02-14,13270.789728927306,19555.29304325582,1.0
2013-02-15,13255.1057806276,19532.181818427398,1.0
2013-02-19,13354.447244470048,19678.56733703376,1.0
2013-02-20,13188.012589121205,19433.31603516094,1.0
2013-02-21,13107.833774654137,19315.16781302864,1.0
2013-02-22,13235.933899476142,19503.93091838563,1.0
2013-02-25,12984.094405149199,19132.830538376307,1.0
2013-02-26,13072.990533988534,19263.82423847804,1.0
2013-02-27,13237.68206216387,19506.50693943216,1.0
2013-02-28,13211.536833066015,19467.980399027627,1.0
2013-03-01,13255.105780627599,19532.181818427398,1.0
2013-03-04,13325.694458257085,19636.19840709895,1.0
2013-03-05,13445.073911697335,19812.11108773461,1.0
2013-03-06,13463.378005897704,19839.083252412904,1.0
2013-03-07,13487.771715298346,19875.028825019013,1.0
2013-03-08,13545.289876509833,19959.78523520823,1.0
2013-03-11,13596.703315978375,20035.545977086127,1.0
2013-03-12,13566.200688572942,19990.598552728836,1.0
2013-03-13,13585.37089121966,20018.846979394657,1.0
2013-03-14,13657.70353527502,20125.43340567288,1.0
2013-03-15,13639.67303734743,20098.864401273593,1.0
2013-03-18,13564.400492238245,19987.945857028015,1.0
2013-03-19,13532.883208716888,19941.503276912077,1.0
2013-03-20,13627.417434981173,20080.80504681247,1.0
2013-03-21,13510.999703156378,19909.25663803145,1.0
2013-03-22,13619.536015969908,20069.191310063557,1.0
2013-03-25,13562.6498117934,19985.366125917568,1.0
2013-03-26,13671.179410587965,20145.290904445897,1.0
2013-03-27,13671.179410587965,20145.290904445897,1.0
2013-03-28,13713.19238425466,20207.19950434481,1.0
2013-04-01,13658.928004483563,20127.237733424638,1.0
2013-04-02,13726.331719367043,20226.561091240885,1.0
2013-04-03,13587.155981011692,20021.477414711982,1.0
2013-04-04,13642.294861752842,20102.727814499412,1.0
2013-04-05,13581.026081697639,20012.44464576149,1.0
2013-04-08,13672.925055518586,20147.86321542851,1.0
2013-04-09,13720.198463043509,20217.523375538505,1.0
2013-04-10,13888.249518457913,20465.156538446194,1.0
2013-04-11,13933.76721002377,20532.229547317897,1.0
2013-04-12,13899.62978060175,20481.926027352092,1.0
2013-04-15,13577.520524546102,20007.279000100727,1.0
2013-04-16,13777.965042956657,20302.64584536755,1.0
2013-04-17,13576.649380585537,20005.995317985366,1.0
2013-04-18,13491.75061078684,19880.891962696227,1.0
2013-04-19,13609.037808067458,20053.721580216665,1.0
2013-04-22,13669.432087152609,20142.71612008733,1.0
2013-04-23,13810.348434924357,20350.364687471014,1.0
2013-04-24,13819.104354905672,20363.26705308718,1.0
2013-04-25,13875.12361138346,20445.814738557667,1.0
2013-04-26,13850.614924408063,20409.699739699336,1.0
2013-04-29,13943.394273965654,20546.415595049417,1.0
2013-04-30,13976.657202417626,20595.43048614797,1.0
2013-05-01,13854.121320811964,20414.866622048066,1.0
2013-05-02,13982.78710173168,20604.46325509846,1.0
2013-05-03,14124.575432716365,20813.39674128548,1.0
2013-05-06,14160.471935106933,20866.292359241463,1.0
2013-05-07,14232.241440821696,20972.048967890194,1.0
2013-05-08,14297.011581766577,21067.491598849014,1.0
2013-05-09,14256.749288544723,21008.16273006055,1.0
2013-05-10,14303.143159585372,21076.526841175455,1.0
2013-05-13,14314.516707710243,21093.286436577575,1.0
2013-05-14,14462.443330532686,21311.26505859481,1.0
2013-05-15,14540.346092570984,21426.05938294593,1.0
2013-05-16,14472.07626924116,21325.459763142146,1.0
2013-05-17,14612.125669314191,21531.83083185033,1.0
2013-05-20,14611.239418810954,21530.52488935146,1.0
2013-05-21,14632.255976672746,21561.49402955659,1.0
2013-05-22,14523.713789092624,21401.550700708678,1.0
2013-05-23,14481.700815425931,21339.642100809764,1.0
2013-05-24,14469.444373807306,21321.581509660668,1.0
2013-05-28,14556.10725208877,21449.284383067814,1.0
2013-05-29,14461.572186572113,21309.981376479445,1.0
2013-05-30,14514.96206537316,21388.65451853237,1.0
2013-05-31,14306.639484960826,21081.67888326852,1.0
2013-06-03,14385.421783483396,21197.769256614723,1.0
2013-06-04,14316.272423669301,21095.873587815855,1.0
2013-06-05,14115.827066006379,20800.50550586106,1.0
2013-06-06,14243.620024460784,20988.815983420147,1.0
2013-06-07,14424.807897230461,21255.807023159992,1.0
2013-06-10,14424.807897230461,21255.807023159992,1.0
2013-06-11,14276.011808952191,21036.54719240334,1.0
2013-06-12,14157.840039673076,20862.414105759977,1.0
2013-06-13,14373.165341864773,21179.70866546563,1.0
2013-06-14,14283.006138207847,21046.853749965416,1.0
2013-06-17,14393.300684737551,21209.379283299724,1.0
2013-06-18,14507.088199633234,21377.051911975213,1.0
2013-06-19,14306.639484960828,21081.678883268523,1.0
2013-06-20,13952.149354694595,20559.316723977612,1.0
2013-06-21,13996.934378941016,20625.3101042494,1.0
2013-06-24,13820.072012888842,20364.692954319366,1.0
2013-06-25,13952.939091175227,20560.480447359652,1.0
2013-06-26,14091.085906124357,20764.047944434373,1.0
2013-06-27,14173.799262750303,20885.930964243355,1.0
2013-06-28,14115.729712731407,20800.362050056265,1.0
2013-07-01,14198.44139085261,20922.242596489297,1.0
2013-07-02,14185.244986579035,20902.7969148111,1.0
2013-07-03,14191.400063464203,20911.86678440076,1.0
2013-07-05,14344.509908926788,21137.48319133561,1.0
2013-07-08,14426.337015049494,21258.06026864572,1.0
2013-07-09,14530.174353840652,21411.070724720295,1.0
2013-07-10,14535.44989424155,21418.844545314878,1.0
2013-07-11,14733.434563954199,21710.58665813456,1.0
2013-07-12,14739.596354858333,21719.66642122801,1.0
2013-07-15,14795.905153403943,21802.64076404898,1.0
2013-07-16,14740.470855828386,21720.955050095265,1.0
2013-07-17,14778.3026741853,21776.702470515622,1.0
2013-07-18,14859.267028871143,21896.0082325901,1.0
2013-07-19,14885.65648040881,21934.894649194604,1.0
2013-07-22,14914.701326446704,21977.693946543815,1.0
2013-07-23,14883.017870955993,21931.006502209344,1.0
2013-07-24,14828.464788369447,21850.61931062666,1.0
2013-07-25,14864.535855253076,21903.772159680902,1.0
2013-07-26,14880.380940007914,21927.12082860003,1.0
2013-07-29,14834.624900768838,21859.69660034416,1.0
2013-07-30,14834.624900768838,21859.69660034416,1.0
2013-07-31,14845.184374094333,21875.256608413038,1.0
2013-08-01,15016.766164231387,22128.092517620662,1.0
2013-08-02,15042.289507322708,22165.70267223764,1.0
2013-08-05,15020.28598867322,22133.279186976957,1.0
2013-08-06,14934.940736613422,22007.517913686497,1.0
2013-08-07,14886.539373902564,21936.195644941585,1.0
2013-08-08,14941.09581349859,22016.587783276158,1.0
2013-08-09,14897.983419226555,21953.059122133385,1.0
2013-08-12,14880.380940007914,21927.120828600026,1.0
2013-08-13,14924.379584783188,21991.95543224167,1.0
2013-08-14,14847.824662051893,21879.147228774244,1.0
2013-08-15,14640.158376993282,21573.13868350482,1.0
2013-08-16,14591.765406806127,21501.828781639633,1.0
2013-08-19,14498.494255359428,21364.38822713772,1.0
2013-08-20,14569.760209651899,21469.40282300301,1.0
2013-08-21,14480.015596665997,21337.15883136117,1.0
2013-08-22,14612.003138468106,21531.650275406366,1.0
2013-08-23,14661.277323644275,21604.258699642585,1.0
2013-08-26,14606.719205543506,21523.864087932063,1.0
2013-08-27,14371.788967977178,21177.680497190882,1.0
2013-08-28,14422.823904626632,21252.883492793222,1.0
2013-08-29,14445.696888731947,21286.58818679332,1.0
2013-08-30,14399.944206502352,21219.168905289338,1.0
2013-09-03,14465.058440919136,21315.11857831685,1.0
2013-09-04,14584.725757922462,21491.455442927047,1.0
2013-09-05,14603.206095120639,21518.687312079546,1.0
2013-09-06,14610.24406549956,21529.058177416184,1.0
2013-09-09,14750.15079266961,21735.21900916906,1.0
2013-09-10,14859.267028871149,21896.008232590102,1.0
2013-09-11,14905.895890575533,21964.71861633728,1.0
2013-09-12,14866.303320745332,21906.376624550798,1.0
2013-09-13,14899.744170699849,21955.653693499506,1.0
2013-09-16,14985.973994758142,22082.718435912888,1.0
2013-09-17,15052.843945133987,22181.25526017868,1.0
2013-09-18,15227.071058742826,22437.989209875348,1.0
2013-09-19,15201.547715651504,22400.37905525837,1.0
2013-09-20,15095.269830966961,22243.772310560023,1.0
2013-09-23,15025.420534675879,22140.845243992168,1.0
2013-09-24,14990.051082773978,22088.72626608286,1.0
2013-09-25,14946.720482885616,22024.87606606726,1.0
2013-09-26,15004.195842226205,22109.569405169877,1.0
2013-09-27,14935.231117933616,22007.945807724944,1.0
2013-09-30,14855.646494144856,21890.673160677114,1.0
2013-10-01,14973.24925031678,22063.96777287518,1.0
2013-10-02,14959.10113385507,22043.11968703627,1.0
2013-10-03,14821.164971250932,21839.862598642616,1.0
2013-10-04,14933.455259917659,22005.328975975317,1.0
2013-10-07,14804.35642477477,21815.094211931162,1.0
2013-10-08,14631.94041778145,21561.029034878957,1.0
2013-10-09,14642.553603258657,21576.66819097807,1.0
2013-10-10,14958.216561856574,22041.81621791334,1.0
2013-10-11,15054.596304083565,22183.837464665066,1.0
2013-10-14,15114.72034390542,22272.433791008618,1.0
2013-10-15,15005.083771234178,22110.87782104468,1.0
2013-10-16,15214.643409640614,22419.676334379863,1.0
2013-10-17,15316.325548344355,22569.510975741287,1.0
2013-10-18,15419.778509549831,22721.9550287245,1.0
2013-10-21,15420.661403043585,22723.256024471473,1.0
2013-10-22,15509.971283301576,22854.859411743608,1.0
2013-10-23,15435.69241299905,22745.40510605736,1.0
2013-10-24,15486.98080386439,22820.981581427368,1.0
2013-10-25,15557.714672153968,22925.212117118146,1.0
2013-10-28,15582.46590306444,22961.684518800506,1.0
2013-10-29,15665.590493351921,23084.173515715967,1.0
2013-10-30,15587.778370569637,22969.51275366587,1.0
2013-10-31,15543.56991270174,22904.368978031125,1.0
2013-11-01,15580.705151591152,22959.089947434386,1.0
2013-11-04,15635.523437926771,23039.867932416353,1.0
2013-11-05,15586.00586956316,22966.900868668134,1.0
2013-11-06,15665.59049335192,23084.173515715964,1.0
2013-11-07,15467.520219897482,22792.30526072309,1.0
2013-11-08,15676.195286305421,23099.80030493535,1.0
2013-11-11,15678.855716319873,23103.7206058079,1.0
2013-11-12,15647.01783839299,23056.8056108865,1.0
2013-11-13,15772.585099560862,23241.836391942754,1.0
2013-11-14,15851.268366303717,23357.780836108217,1.0
2013-11-15,15920.243161624752,23459.41927380882,1.0
2013-11-18,15864.535267776413,23377.330399576098,1.0
2013-11-19,15830.047030863529,23326.509944037825,1.0
2013-11-20,15780.5328195094,23253.547827041497,1.0
2013-11-21,15907.862510655297,23441.175652839815,1.0
2013-11-22,15987.443777434575,23558.443353135757,1.0
2013-11-25,15971.529873985357,23534.99327580289,1.0
2013-11-26,15975.949376968354,23541.505674665616,1.0
2013-11-27,16014.850402845275,23598.828635562833,1.0
2013-11-29,16004.235538863328,23583.187006087774,1.0
2013-12-02,15962.687511009883,23521.963531325575,1.0
2013-12-03,15893.71439419359,23420.327567000917,1.0
2013-12-04,15891.94692870134,23417.723102131014,1.0
2013-12-05,15822.08756138181,23314.78119530749,1.0
2013-12-06,15998.92978537709,23575.368664726186,1.0
2013-12-09,16039.608347774705,23635.31093074897,1.0
2013-12-10,15982.13802394834,23550.62501177418,1.0
2013-12-11,15802.643762462312,23286.129608362662,1.0
2013-12-12,15750.472478103215,23209.252137245676,1.0
2013-12-13,15748.703334106222,23206.645198999835,1.0
2013-12-16,15846.850541825463,23351.270910621457,1.0
2013-12-17,15796.450079968099,23277.00285112626,1.0
2013-12-18,16066.13711520587,23674.40263755689,1.0
2013-12-19,16047.564460246942,23647.034732727425,1.0
2013-12-20,16140.91785842595,23784.59648265064,1.0
2013-12-23,16227.151039493725,23911.66617181591,1.0
2013-12-24,16262.705126917133,23964.057221079143,1.0
2013-12-26,16345.386591952998,24085.89324674517,1.0
2013-12-27,16344.491948926054,24084.574937366582,1.0
2013-12-30,16341.831518911602,24080.65463649404,1.0
2013-12-31,16419.173660366414,24194.622853279587,1.0
2014-01-02,16261.817197909155,23962.74880520434,1.0
2014-01-03,16259.156767894703,23958.828504331792,1.0
2014-01-06,16212.032747291727,23889.38847468089,1.0
2014-01-07,16311.605005536061,24036.11408247967,1.0
2014-01-08,16315.161757082193,24041.355166106747,1.0
2014-01-09,16325.826976206372,24057.070996860155,1.0
2014-01-10,16370.278817261707,24122.5734120069,1.0
2014-01-13,16152.474363567584,23801.62567603074,1.0
2014-01-14,16328.492441735045,24060.998717860533,1.0
2014-01-15,16416.51155184722,24190.700079031092,1.0
2014-01-16,16395.172721075156,24159.25605064456,1.0
2014-01-17,16325.826976206368,24057.07099686015,1.0
2014-01-21,16373.830533293614,24127.807075506138,1.0
2014-01-22,16384.50750195098,24143.540219891158,1.0
2014-01-23,16250.257335758028,23945.714665072337,1.0
2014-01-24,15903.54539646149,23434.814129909737,1.0
2014-01-27,15825.31364749396,23319.53502387343,1.0
2014-01-28,15919.548260661983,23458.39529616768,1.0
2014-01-29,15766.639835768314,23233.07569434621,1.0
2014-01-30,15933.773588341775,23479.35715730005,1.0
2014-01-31,15840.423547172251,23341.80035412873,1.0
2014-02-03,15483.930960750029,22816.487457335643,1.0
2014-02-04,15592.395937112067,22976.317010890096,1.0
2014-02-05,15572.834642860702,22947.49228762913,1.0
2014-02-06,15778.194662405213,23250.10241435037,1.0
2014-02-07,15973.77571332878,23538.30265281707,1.0
2014-02-10,16003.115976201083,23581.53726433257,1.0
2014-02-11,16178.251160874788,23839.609310415388,1.0
2014-02-12,16186.260985498739,23851.412260424084,1.0
2014-02-13,16269.820308514136,23974.54186170925,1.0
2014-02-14,16359.615276642266,24106.860054629436,1.0
2014-02-18,16379.178249398372,24135.68725126635,1.0
2014-02-19,16270.70823752211,23975.850277584064,1.0
2014-02-20,16366.717030201346,24117.324908251983,1.0
2014-02-21,16348.052057481664,24089.820967745556,1.0
2014-02-24,16438.72991910355,24223.44015641272,1.0
2014-02-25,16432.514416047707,24214.28124528904,1.0
2014-02-26,16433.40234505568,24215.58966116385,1.0
2014-02-27,16519.638883132942,24342.66429708101,1.0
2014-02-28,16561.416866135896,24404.22662434765,1.0
2014-03-03,16444.95717169258,24232.61638116801,1.0
2014-03-04,16676.10070256326,24573.22003577767,1.0
2014-03-05,16691.21060224155,24595.485366032965,1.0
2014-03-06,16729.436869212594,24651.81402980036,1.0
2014-03-07,16736.5520508096,24662.29867043046,1.0
2014-03-10,16727.662689701378,24649.19967142668,1.0
2014-03-11,16644.986260179736,24527.371065888485,1.0
2014-03-12,16649.43261923859,24533.92303876632,1.0
2014-03-13,16462.735893909023,24258.814379175565,1.0
2014-03-14,16416.511551847212,24190.70007903109,1.0
2014-03-17,16564.98033170099,24409.4776014785,1.0
2014-03-18,16683.2091701413,24583.694782903985,1.0
2014-03-19,16594.308845040112,24452.69489936239,1.0
2014-03-20,16691.210602241546,24595.485366032954,1.0
2014-03-21,16626.472352886743,24500.089729217085,1.0
2014-03-24,16557.71912019152,24398.777777141193,1.0
2014-03-25,16636.29496263095,24514.563925246188,1.0
2014-03-26,16516.63939516081,24338.244374267604,1.0
2014-03-27,16481.812100290244,24286.92429678848,1.0
2014-03-28,16563.07019330576,24406.662899653296,1.0
2014-03-31,16698.79912217551,24606.667498679508,1.0
2014-04-01,16809.526722928385,24769.831163007577,1.0
2014-04-02,16865.775095303317,24852.71646429453,1.0
2014-04-03,16843.46273178149,24819.83787786,1.0
2014-04-04,16644.333321835493,24526.408922645944,1.0
2014-04-07,16460.385987271646,24255.35165285281,1.0
2014-04-08,16528.252969463636,24355.357662429837,1.0
2014-04-09,16705.94451685785,24617.196660076614,1.0
2014-04-10,16355.016173651973,24100.083004540615,1.0
2014-04-11,16207.6904555268,23882.989851111626,1.0
2014-04-14,16335.377668182522,24071.144505986187,1.0
2014-04-15,16447.88951947506,24236.937368943607,1.0
2014-04-16,16620.22160123133,24490.878877198567,1.0
2014-04-17,16643.43532179907,24525.085666515468,1.0
2014-04-21,16701.48305125633,24610.622426815273,1.0
2014-04-22,16777.38000012916,24722.46106691233,1.0
2014-04-23,16738.089561152334,24664.564282795916,1.0
2014-04-24,16772.020534491217,24714.56357752051,1.0
2014-04-25,16634.51406910077,24511.93967336873,1.0
2014-04-28,16687.19561890112,24589.56905077294,1.0
2014-04-29,16764.87513980887,24704.0344161234,1.0
2014-04-30,16814.881153052105,24777.721232271564,1.0
2014-05-01,16816.672117610728,24780.36032440469,1.0
2014-05-02,16792.55536149235,24744.822858829477,1.0
2014-05-05,16824.708798310534,24792.202848428504,1.0
2014-05-06,16678.264295174376,24576.40821737055,1.0
2014-05-07,16776.4887141117,24721.147704285635,1.0
2014-05-08,16758.62438815347,24694.82356410489,1.0
2014-05-09,16783.632430289308,24731.674392306802,1.0
2014-05-12,16947.034866823575,24972.457540535306,1.0
2014-05-13,16962.223656224694,24994.83911946001,1.0
2014-05-14,16881.850135207675,24876.403985718112,1.0
2014-05-15,16733.621381531855,24657.98015603081,1.0
2014-05-16,16791.67078949386,24743.519389706562,1.0
2014-05-19,16853.281984516223,24834.307127137236,1.0
2014-05-20,16747.02256338383,24677.727589574282,1.0
2014-05-21,16888.099208358344,24885.612364360695,1.0
2014-05-22,16929.177254884307,24946.143293858346,1.0
2014-05-23,16997.042558571557,25046.14683005942,1.0
2014-05-27,17101.514372154805,25200.092222241135,1.0
2014-05-28,17089.012868843998,25181.670518204097,1.0
2014-05-29,17177.4180350466,25311.940755841973,1.0
2014-05-30,17205.096578225337,25352.7267251721,1.0
2014-06-02,17224.74011920901,25381.67264385436,1.0
2014-06-03,17215.813830996485,25368.51923057979,1.0
2014-06-04,17250.63776885757,25419.83436130703,1.0
2014-06-05,17363.142906131143,25585.617330760666,1.0
2014-06-06,17446.186928191055,25707.987605630773,1.0
2014-06-09,17464.046218635067,25734.304325683686,1.0
2014-06-10,17465.83550468895,25736.94094444087,1.0
2014-06-11,17405.11559568405,25647.4665696369,1.0
2014-06-12,17281.886491620364,25465.881201271786,1.0
2014-06-13,17334.574755439684,25543.520472179778,1.0
2014-06-16,17348.85715228067,25564.566428094276,1.0
2014-06-17,17397.07387947002,25635.616625485254,1.0
2014-06-18,17524.767806144708,25823.781173863597,1.0
2014-06-19,17544.407990118896,25852.722145793967,1.0
2014-06-20,17580.029217731946,25905.212130095,1.0
2014-06-23,17574.65128854185,25897.287433567784,1.0
2014-06-24,17468.774566490403,25741.27182572025,1.0
2014-06-25,17547.731429506035,25857.619430164712,1.0
2014-06-26,17535.181249557736,25839.125998225274,1.0
2014-06-27,17569.27168084701,25889.36026366463,1.0
2014-06-30,17560.29839450174,25876.137595863605,1.0
2014-07-01,17677.832331979283,26049.330799647934,1.0
2014-07-02,17695.775547660345,26075.771188498085,1.0
2014-07-03,17782.804339975344,26204.013257861207,1.0
2014-07-07,17720.89604961383,26112.787732888308,1.0
2014-07-08,17606.949076767756,25944.880133498064,1.0
2014-07-09,17685.899225764424,26061.217844438746,1.0
2014-07-10,17615.917327598803,25958.09538117125,1.0
2014-07-11,17640.141508020606,25993.79114280693,1.0
2014-07-14,17728.969657417932,26124.684671182902,1.0
2014-07-15,17695.775547660338,26075.77118849808,1.0
2014-07-16,17761.274159662804,26172.287264616956,1.0
2014-07-17,17559.392001941604,25874.80197285339,1.0
2014-07-18,17738.84597931385,26139.238015242234,1.0
2014-07-21,17705.640120023072,26090.307218925802,1.0
2014-07-22,17782.80433997534,26204.013257861196,1.0
2014-07-23,17822.27437895945,26262.174693203706,1.0
2014-07-24,17823.175736005356,26263.502896086076,1.0
2014-07-25,17739.73726533131,26140.551377868935,1.0
2014-07-28,17746.91287309899,26151.12506003305,1.0
2014-07-29,17670.65336720211,26038.752170731914,1.0
2014-07-30,17673.338974787675,26042.709572243628,1.0
2014-07-31,17324.322448481773,25528.413091908787,1.0
2014-08-01,17271.392479979753,25450.417654864745,1.0
2014-08-04,17396.105382234466,25634.189487565083,1.0
2014-08-05,17227.422369785083,25385.625098614168,1.0
2014-08-06,17232.80869149888,25393.562162021106,1.0
2014-08-07,17139.49893444314,25256.06471987246,1.0
2014-08-08,17337.77734248546,25548.239673482494,1.0
2014-08-11,17388.02841742088,25622.287602518598,1.0
2014-08-12,17363.79920148485,25586.58442075508,1.0
2014-08-13,17481.33985298136,25759.787518043187,1.0
2014-08-14,17563.8769666095,25881.410833377966,1.0
2014-08-15,17560.298394501733,25876.1375958636,1.0
2014-08-18,17707.4394771054,26092.95867793866,1.0
2014-08-19,17799.852912629456,26229.135337332773,1.0
2014-08-20,17847.39991642716,26299.19865772177,1.0
2014-08-21,17899.44531293068,26375.890625642885,1.0
2014-08-22,17871.62913236318,26334.901839485286,1.0
2014-08-25,17962.23985379543,26468.422093114656,1.0
2014-08-26,17973.908818754717,26485.617002683062,1.0
2014-08-27,17966.72985397755,26475.038373767056,1.0
2014-08-28,17956.856889091116,26460.48997645961,1.0
2014-08-29,18008.004285558214,26535.85868825025,1.0
2014-09-02,17999.032677717685,26522.638493825172,1.0
2014-09-03,17989.161391335987,26508.09256989367,1.0
2014-09-04,17963.137853831857,26469.74534924514,1.0
2014-09-05,18043.892395425075,26588.741939326508,1.0
2014-09-08,17997.23499914009,26519.989508188268,1.0
2014-09-09,17883.2913833035,26352.08685554991,1.0
2014-09-10,17950.577602855108,26451.23707705002,1.0
2014-09-11,17971.218175654925,26481.652181043508,1.0
2014-09-12,17866.24113214464,26326.9623027024,1.0
2014-09-15,17852.7879166457,26307.138194504645,1.0
2014-09-16,17987.368748272624,26505.451004384595,1.0
2014-09-17,18011.592928694427,26541.146766020276,1.0
2014-09-18,18107.5950073547,26682.61150318442,1.0
2014-09-19,18091.278262767646,26658.567815624792,1.0
2014-09-22,17951.561206633327,26452.686475353687,1.0
2014-09-23,17848.798110876396,26301.258979883798,1.0
2014-09-24,17988.518524020197,26507.145266906795,1.0
2014-09-25,17698.26141318173,26079.43425827236,1.0
2014-09-26,17838.88821888566,26286.656168305562,1.0
2014-09-29,17806.43432971884,26238.833444412416,1.0
2014-09-30,17759.56040632227,26169.761947777293,1.0
2014-10-01,17518.88296852283,25815.109517801036,1.0
2014-10-02,17521.590396670028,25819.099073200035,1.0
2014-10-03,17714.489197017512,26103.346856906912,1.0
2014-10-06,17693.752949447462,26072.79077048457,1.0
2014-10-07,17420.630015004906,25670.327983494888,1.0
2014-10-08,17725.3105170826,26119.292711623184,1.0
2014-10-09,17373.75777011308,25601.25896023571,1.0
2014-10-10,17175.450827490164,25309.04195923462,1.0
2014-10-13,16893.30593006485,24893.284776541514,1.0
2014-10-14,16919.445284396108,24931.80266013024,1.0
2014-10-15,16804.967904051886,24763.113473941437,1.0
2014-10-16,16790.542834307915,24741.85728107163,1.0
2014-10-17,16988.86320496876,25034.094069080278,1.0
2014-10-20,17153.81657988369,25277.162616681795,1.0
2014-10-21,17493.644971237474,25777.919837094676,1.0
2014-10-22,17369.24930637881,25594.61547244791,1.0
2014-10-23,17571.16671269957,25892.152705106317,1.0
2014-10-24,17706.37362659488,26091.388084213682,1.0
2014-10-27,17682.03530785069,26055.52413301375,1.0
2014-10-28,17884.85742822684,26354.39451530642,1.0
2014-10-29,17857.81000283071,26314.538535331547,1.0
2014-10-30,17972.295775698636,26483.240088400074,1.0
2014-10-31,18177.81021767931,26786.077765708236,1.0
2014-11-03,18187.728502193753,26800.692944166192,1.0
2014-11-04,18124.635187485106,26707.721215776248,1.0
2014-11-05,18239.110889324587,26876.40792858911,1.0
2014-11-06,18312.122488547677,26983.994835437014,1.0
2014-11-07,18329.25162942936,27009.23563695393,1.0
2014-11-10,18386.940158872058,27094.243094801546,1.0
2014-11-11,18404.965621285424,27120.804679072997,1.0
2014-11-12,18385.140801789727,27091.591635788696,1.0
2014-11-13,18405.870335340813,27122.137828707262,1.0
2014-11-14,18410.385513094046,27128.791209998835,1.0
2014-11-17,18422.088048148147,27146.03558708614,1.0
2014-11-18,18528.463286107668,27302.785787589284,1.0
2014-11-19,18498.713468078564,27258.94767234324,1.0
2014-11-20,18531.16567874064,27306.767922860447,1.0
2014-11-21,18630.318310799725,27452.875186673016,1.0
2014-11-24,18682.600376471724,27529.915900602355,1.0
2014-11-25,18669.081699287883,27509.995330742753,1.0
2014-11-26,18716.8586582351,27580.397503636188,1.0
2014-11-28,18677.197269710516,27521.95410343597,1.0
2014-12-01,18547.390105566938,27330.675574743098,1.0
2014-12-02,18667.278985196073,27507.33892497802,1.0
2014-12-03,18739.390905877994,27613.600102319495,1.0
2014-12-04,18718.652979803202,27583.04154252121,1.0
2014-12-05,18749.30919039244,27628.215280777455,1.0
2014-12-08,18624.01552549735,27443.58766000021,1.0
2014-12-09,18611.38981283571,27424.98292614325,1.0
2014-12-10,18313.02720260306,26985.32798507127,1.0
2014-12-11,18405.87033534081,27122.13782870726,1.0
2014-12-12,18108.405725144585,26683.806143765752,1.0
2014-12-15,17984.008381781176,26500.499305743044,1.0
2014-12-16,17839.78454041733,26287.97695106009,1.0
2014-12-17,18189.53457329504,26803.354296682817,1.0
2014-12-18,18639.33355976352,27466.159688872656,1.0
2014-12-19,18718.647944288983,27583.034122393372,1.0
2014-12-22,18804.753558996443,27709.91583498684,1.0
2014-12-23,18830.12751516582,27747.30585914473,1.0
2014-12-24,18831.938621781333,27749.97463178919,1.0
2014-12-26,18892.666923309935,27839.46137347288,1.0
2014-12-29,18918.044236488793,27876.856344382657,1.0
2014-12-30,18816.53330526863,27727.273987367607,1.0
2014-12-31,18629.818116386912,27452.138120641463,1.0
2015-01-02,18619.844441216017,27437.44132077732,1.0
2015-01-05,18283.581193932067,26941.937550871244,1.0
2015-01-06,18111.369964517147,26688.174125684312,1.0
2015-01-07,18337.05667647491,27020.736835097356,1.0
2015-01-08,18662.443213037313,27500.213128880983,1.0
2015-01-09,18512.90019014931,27279.852645828883,1.0
2015-01-12,18367.872345014537,27066.145544068357,1.0
2015-01-13,18316.20629058247,26990.012559110768,1.0
2015-01-14,18205.629755256286,26827.07149861773,1.0
2015-01-15,18038.855202697392,26581.319338116075,1.0
2015-01-16,18275.41526836721,26929.90457689968,1.0
2015-01-20,18314.396862471698,26987.34625984225,1.0
2015-01-21,18406.848903604798,27123.57980688309,1.0
2015-01-22,18680.576099754104,27526.93300921291,1.0
2015-01-23,18578.15374045959,27376.00760905982,1.0
2015-01-26,18621.658904841013,27440.115040173678,1.0
2015-01-27,18376.03155656043,27078.16862453614,1.0
2015-01-28,18140.367812422297,26730.90416850707,1.0
2015-01-29,18308.048757541317,26977.99195201893,1.0
2015-01-30,18077.83511829714,26638.758547682693,1.0
2015-02-02,18301.707366629897,26968.64753769938,1.0
2015-02-03,18566.3739941874,27358.649456679042,1.0
2015-02-04,18495.673695992642,27254.46838850716,1.0
2015-02-05,18682.38888487436,27529.604255233306,1.0
2015-02-06,18630.72786595652,27453.47869040355,1.0
2015-02-09,18547.339750424704,27330.60137346475,1.0
2015-02-10,18744.92997152322,27621.762242937402,1.0
2015-02-11,18755.80668224476,27637.789719059852,1.0
2015-02-12,18936.170409186616,27903.566331210794,1.0
2015-02-13,19014.123526367144,28018.434856840257,1.0
2015-02-17,19044.031123841898,28062.50546942511,1.0
2015-02-18,19045.847265971635,28065.181662197403,1.0
2015-02-19,19032.25305607445,28045.149790420284,1.0
2015-02-20,19146.461875660116,28213.44323645792,1.0
2015-02-23,19143.739340970245,28209.431420675413,1.0
2015-02-24,19198.119537568473,28289.563854535787,1.0
2015-02-25,19181.811185505125,28265.53253385589,1.0
2015-02-26,19159.151371501914,28232.14195860078,1.0
2015-02-27,19093.887750163183,28135.972155114177,1.0
2015-03-02,19214.44131766975,28313.614962223244,1.0
2015-03-03,19135.580129424354,28197.408340207636,1.0
2015-03-04,19054.909513068178,28078.535418923504,1.0
2015-03-05,19075.763255970098,28109.264641661983,1.0
2015-03-06,18807.47105817208,27713.920230641503,1.0
2015-03-09,18885.420818343126,27828.783809519075,1.0
2015-03-10,18579.063490029195,27377.348178821907,1.0
2015-03-11,18535.55329013355,27313.23332758021,1.0
2015-03-12,18771.218712776423,27660.50025698522,1.0
2015-03-13,18656.10182212589,27490.868714561435,1.0
2015-03-16,18905.35809765647,27858.162568991684,1.0
2015-03-17,18849.166794442728,27775.36136248685,1.0
2015-03-18,19075.763255970098,28109.264641661986,1.0
2015-03-19,18988.751248702505,27981.047306058314,1.0
2015-03-20,19156.35833961292,28228.026261028597,1.0
2015-03-23,19119.028394173558,28173.018380015736,1.0
2015-03-24,19011.597376731967,28014.712426043297,1.0
2015-03-25,18733.009230852786,27604.19632697727,1.0
2015-03-26,18688.392896332833,27538.451520987936,1.0
2015-03-27,18731.18469619934,27601.50776732525,1.0
2015-03-30,18959.69968864565,27938.238115205317,1.0
2015-03-31,18794.00609313995,27694.078808812134,1.0
2015-04-01,18727.540662406678,27596.13806814904,1.0
2015-04-02,18794.915842709557,27695.419378574228,1.0
2015-04-06,18921.465029150895,27881.897084558197,1.0
2015-04-07,18871.398589736986,27808.121226876025,1.0
2015-04-08,18935.119665218757,27902.017997869334,1.0
2015-04-09,19018.882087307815,28025.44687764383,1.0
2015-04-10,19122.675784975705,28178.393025943835,1.0
2015-04-13,19036.179078663597,28050.935016755222,1.0
2015-04-14,19072.595917523868,28104.597381254094,1.0
2015-04-15,19158.177838752144,28230.70740055278,1.0
2015-04-16,19152.714305820256,28222.65656185238,1.0
2015-04-17,18932.390416509927,27897.996288583046,1.0
2015-04-20,19105.375436610437,28152.89994008054,1.0
2015-04-21,19082.613233818025,28119.358488892798,1.0
2015-04-22,19176.387936687017,28257.541056178157,1.0
2015-04-23,19224.63991247593,28328.64319446398,1.0
2015-04-24,19269.25121148166,28394.380580325484,1.0
2015-04-27,19189.129466175786,28276.316452975312,1.0
2015-04-28,19250.12968547243,28366.203881562065,1.0
2015-04-29,19170.924403755136,28249.490217477767,1.0
2015-04-30,18978.82960717858,27966.427180848463,1.0
2015-05-01,19184.582396832477,28269.616077540784,1.0
2015-05-04,19239.204298113404,28350.104677537212,1.0
2015-05-05,19018.88208730781,28025.44687764382,1.0
2015-05-06,18940.581519645904,27910.06636319378,1.0
2015-05-07,19016.15116009424,28021.422694981593,1.0
2015-05-08,19266.518605763347,28390.353924287312,1.0
2015-05-11,19174.57347306202,28254.867336781812,1.0
2015-05-12,19117.21225204382,28170.342187243437,1.0
2015-05-13,19120.852928827004,28175.706939667754,1.0
2015-05-14,19320.23747149363,28469.511848025424,1.0
2015-05-15,19341.170104118373,28500.357319433308,1.0
2015-05-18,19401.265609359634,28588.911598385803,1.0
2015-05-19,19394.888969848653,28579.51524317142,1.0
2015-05-20,19381.229298266568,28559.386909732453,1.0
2015-05-21,19437.6824482199,28642.573962884675,1.0
2015-05-22,19391.244936055988,28574.145543995208,1.0
2015-05-26,19182.757862179034,28266.927517888766,1.0
2015-05-27,19364.847091994616,28535.246760510978,1.0
2015-05-28,19342.997995781298,28503.05082583722,1.0
2015-05-29,19222.81369931775,28325.952161436016,1.0
2015-06-01,19261.968179410556,28383.648602100897,1.0
2015-06-02,19242.853367420288,28355.481796841257,1.0
2015-06-03,19293.834591918032,28430.60564441336,1.0
2015-06-04,19130.86688811168,28190.46310055457,1.0
2015-06-05,19098.087369025106,28142.160541728124,1.0
2015-06-08,18980.64742781306,27969.10584699671,1.0
2015-06-09,18977.909786580523,27965.071770830706,1.0
2015-06-10,19205.520064971446,28300.46896907652,1.0
2015-06-11,19267.43171234244,28391.69944080131,1.0
2015-06-12,19119.94150075265,28174.36389652973,1.0
2015-06-15,19037.99522079334,28053.61120952753,1.0
2015-06-16,19141.792275470714,28206.56230457943,1.0
2015-06-17,19172.743902894355,28252.17135700196,1.0
2015-06-18,19372.1334810752,28545.98368548746,1.0
2015-06-19,19286.133612166424,28419.25779557852,1.0
2015-06-22,19384.938793744128,28564.853070570516,1.0
2015-06-23,19398.65889149689,28585.0704455435,1.0
2015-06-24,19257.77359606285,28377.467635614794,1.0
2015-06-25,19199.218958173813,28291.18391577965,1.0
2015-06-26,19195.559817838475,28285.791956219935,1.0
2015-06-29,18793.02248936173,27692.62941050847,1.0
2015-06-30,18832.36664049027,27750.60534265511,1.0
2015-07-01,18983.319607360696,27973.043461500863,1.0
2015-07-02,18965.93029824416,27947.419286712502,1.0
2015-07-06,18911.95462128851,27867.882936454836,1.0
2015-07-07,19030.88507471055,28043.13398902526,1.0
2015-07-08,18711.60158138634,27572.650890177007,1.0
2015-07-09,18745.451986497654,27622.531462856245,1.0
2015-07-10,18981.48668018355,27970.34253496912,1.0
2015-07-13,19190.98757092405,28279.054480146235,1.0
2015-07-14,19274.23972757185,28401.731453633503,1.0
2015-07-15,19267.8395889945,28392.300471155893,1.0
2015-07-16,19422.45001769552,28620.128076185418,1.0
2015-07-17,19438.912792195035,28644.38694745224,1.0
2015-07-20,19448.975428117203,28659.21483624145,1.0
2015-07-21,19372.123410046755,28545.96884523179,1.0
2015-07-22,19337.366612375314,28494.752649542344,1.0
2015-07-23,19228.49375936122,28334.322065633303,1.0
2015-07-24,19029.058861552363,28040.44295599729,1.0
2015-07-27,18918.363152389567,27877.32628581217,1.0
2015-07-28,19150.733670225898,28219.737978237496,1.0
2015-07-29,19282.472793326346,28413.863362642856,1.0
2015-07-30,19287.04336173603,28420.598365340607,1.0
2015-07-31,19257.77359606284,28377.467635614787,1.0
2015-08-03,19192.817141091713,28281.750459926086,1.0
2015-08-04,19155.30256013084,28226.470507559297,1.0
2015-08-05,19218.436158953267,28319.501596971913,1.0
2015-08-06,19061.081375000747,28087.63002227261,1.0
2015-08-07,19024.48157912371,28033.698059795748,1.0
2015-08-10,19264.180448659157,28386.90851159617,1.0
2015-08-11,19090.351140673934,28130.76075199843,1.0
2015-08-12,19113.22244627451,28164.462972622587,1.0
2015-08-13,19089.439712599582,28129.417708860394,1.0
2015-08-14,19158.965057475656,28231.867413870896,1.0
2015-08-17,19266.003304807862,28389.59459787225,1.0
2015-08-18,19210.20141469403,28307.367214586615,1.0
2015-08-19,19058.33534124451,28083.58357922688,1.0
2015-08-20,18660.37025968219,27497.158509589113,1.0
2015-08-21,18098.641863066296,26669.41851589471,1.0
2015-08-24,17336.5755330909,25546.468736305975,1.0
2015-08-25,17132.549924815474,25546.468736305975,0.0
2015-08-26,17790.335790748093,25546.468736305975,0.0
2015-08-27,18230.38770018571,25546.468736305975,0.0
2015-08-28,18231.304163774286,25547.752988116663,1.0
2015-08-31,18084.00865873445,25341.34596724676,1.0
2015-09-01,17544.243496654257,24584.966340833867,1.0
2015-09-02,17877.248766235964,24584.966340833867,0.0
2015-09-03,17890.05911441911,24584.966340833867,0.0
2015-09-04,17619.25587352859,24584.966340833867,0.0
2015-09-08,18062.050459712962,24584.966340833867,0.0
2015-09-09,17820.528734028812,24256.221633262096,1.0
2015-09-10,17917.50098842937,24256.221633262096,0.0
2015-09-11,17998.925253414236,24256.221633262096,0.0
2015-09-14,17932.142585284924,24166.222081811215,1.0
2015-09-15,18156.281715871497,24468.282807751693,1.0
2015-09-16,18313.631464309794,24680.334934104812,1.0
2015-09-17,18272.469492546777,24624.86307143032,1.0
2015-09-18,17973.87357015513,24222.46077405169,1.0
2015-09-21,18066.7502729877,24222.46077405169,0.0
2015-09-22,17832.251411139805,24222.46077405169,0.0
2015-09-23,17803.742008114285,24222.46077405169,0.0
2015-09-24,17739.36463727879,24222.46077405169,0.0
2015-09-25,17734.767212793253,24222.46077405169,0.0
2015-09-28,17289.67811062796,23614.550154825774,1.0
2015-09-29,17299.78774468287,23614.550154825774,0.0
2015-09-30,17622.58602693469,23614.550154825774,0.0
2015-10-01,17668.56027179009,23614.550154825774,0.0
2015-10-02,17932.486678756824,23967.295555618264,1.0
2015-10-05,18251.59225057849,24393.789532181734,1.0
2015-10-06,18189.05787794859,24310.210505019735,1.0
2015-10-07,18338.03692324363,24509.32537816278,1.0
2015-10-08,18503.5693822942,24730.564375362937,1.0
2015-10-09,18514.602193956653,24745.310052449466,1.0
2015-10-12,18532.080463824466,24768.670273885957,1.0
2015-10-13,18415.285068432953,24612.56979484867,1.0
2015-10-14,18327.0007545717,24494.575214334407,1.0
2015-10-15,18608.405431406245,24870.68083656339,1.0
2015-10-16,18693.00710586579,24983.75346126937,1.0
2015-10-19,18702.206990351093,24996.049377306383,1.0
2015-10-20,18678.29669031585,24964.092558487326,1.0
2015-10-21,18562.422794027134,24809.223690087572,1.0
2015-10-22,18876.00944226046,25228.341463051387,1.0
2015-10-23,19082.925435699854,25504.890770394308,1.0
2015-10-26,19036.02465622743,25442.20650002281,1.0
2015-10-27,18999.236867819403,25393.038539471236,1.0
2015-10-28,19215.3527457441,25681.88376285117,1.0
2015-10-29,19204.314898567427,25667.131355651865,1.0
2015-10-30,19121.54447278029,25556.50624862448,1.0
2015-11-02,19347.771663264644,25858.86553845341,1.0
2015-11-03,19403.875684231854,25933.850211603767,1.0
2015-11-04,19345.008844460994,25855.172949911735,1.0
2015-11-05,19325.704361435,25829.371940909426,1.0
2015-11-06,19315.58801336112,25815.851144347656,1.0
2015-11-09,19135.340103246395,25574.944514252693,1.0
2015-11-10,19179.486456438874,25633.947412937137,1.0
2015-11-11,19104.07795244567,25533.161730784468,1.0
2015-11-12,18837.38872667529,25176.723741450303,1.0
2015-11-13,18625.873630245613,24894.02759777434,1.0
2015-11-16,18909.116269771526,25272.589711165612,1.0
2015-11-17,18895.322317810165,25254.15368890833,1.0
2015-11-18,19195.11669258687,25654.837682985784,1.0
2015-11-19,19178.568314345564,25632.720289041452,1.0
2015-11-20,19248.452859236208,25726.123037481695,1.0
2015-11-23,19226.385557406564,25696.629439937708,1.0
2015-11-24,19252.13382013317,25731.042749919052,1.0
2015-11-25,19249.37267983426,25727.3524047483,1.0
2015-11-27,19271.445017178132,25756.85273240506,1.0
2015-11-30,19191.439088699386,25649.92245729027,1.0
2015-12-01,19374.44142509406,25894.51045907229,1.0
2015-12-02,19176.721959130486,25630.25258102453,1.0
2015-12-03,18908.198127678213,25271.362587269923,1.0
2015-12-04,19276.96394076647,25764.22893600471,1.0
2015-12-07,19160.173580889175,25608.135187080195,1.0
2015-12-08,19031.423874732413,25436.057420318848,1.0
2015-12-09,18883.368007044915,25238.17640118426,1.0
2015-12-10,18932.111784722932,25303.323892830824,1.0
2015-12-11,18565.183934326047,24812.914035258324,1.0
2015-12-14,18658.98717177564,24938.284819372242,1.0
2015-12-15,18854.863639533618,25200.079476144932,1.0
2015-12-16,19130.74267876086,25568.79992129056,1.0
2015-12-17,18839.2283678714,25179.182475983507,1.0
2015-12-18,18503.60966640799,24730.61821626512,1.0
2015-12-21,18656.237781009917,24730.61821626512,0.0
2015-12-22,18825.535126194496,24730.61821626512,0.0
2015-12-23,19058.655935650047,25036.862989561898,1.0
2015-12-24,19027.207470823072,24995.549955328865,1.0
2015-12-28,18983.730841022247,24938.435832105984,1.0
2015-12-29,19186.319649239398,25204.571505664357,1.0
2015-12-30,19050.332230639535,25025.928353739862,1.0
2015-12-31,18859.766551882014,24775.58715414665,1.0
2016-01-04,18596.11374118806,24429.233281111465,1.0
2016-01-05,18627.568920034002,24429.233281111465,0.0
2016-01-06,18392.593362839667,24121.073224009982,1.0
2016-01-07,17951.332929988544,23542.379670486163,1.0
2016-01-08,17754.284865921363,23542.379670486163,0.0
2016-01-11,17771.857132054665,23542.379670486163,0.0
2016-01-12,17915.248435066987,23542.379670486163,0.0
2016-01-13,17468.433830027967,23542.379670486163,0.0
2016-01-14,17755.209722033644,23542.379670486163,0.0
2016-01-15,17374.07165049963,23542.379670486163,0.0
2016-01-19,17397.199767325576,23542.379670486163,0.0
2016-01-20,17174.255732114576,23542.379670486163,0.0
2016-01-21,17270.467623867473,23542.379670486163,0.0
2016-01-22,17624.773118612196,23542.379670486163,0.0
2016-01-25,17358.347418086145,23542.379670486163,0.0
2016-01-26,17595.167651990814,23542.379670486163,0.0
2016-01-27,17403.67543861627,23542.379670486163,0.0
2016-01-28,17494.32980117178,23542.379670486163,0.0
2016-01-29,17920.802607254882,23542.379670486163,0.0
2016-02-01,17914.323578954703,23542.379670486163,0.0
2016-02-02,17591.468227541696,23542.379670486163,0.0
2016-02-03,17696.93203742686,23542.379670486163,0.0
2016-02-04,17724.681077804722,23542.379670486163,0.0
2016-02-05,17387.026350090502,23542.379670486163,0.0
2016-02-08,17152.97900601793,23542.379670486163,0.0
2016-02-09,17153.898826615987,23542.379670486163,0.0
2016-02-10,17139.101128819522,23542.379670486163,0.0
2016-02-11,16916.155415103778,23542.379670486163,0.0
2016-02-12,17264.91177317483,23542.379670486163,0.0
2016-02-16,17556.316981256125,23542.379670486163,0.0
2016-02-17,17843.0928732618,23542.379670486163,0.0
2016-02-18,17770.009098334853,23542.379670486163,0.0
2016-02-19,17761.685393324336,23542.379670486163,0.0
2016-02-22,18018.860854222854,23542.379670486163,0.0
2016-02-23,17791.285824431496,23542.379670486163,0.0
2016-02-24,17872.693304368957,23542.379670486163,0.0
2016-02-25,18089.17006081297,23542.379670486163,0.0
2016-02-26,18047.53475071299,23542.379670486163,0.0
2016-02-29,17905.998195439453,23542.379670486163,0.0
2016-03-01,18326.91515082992,23542.379670486163,0.0
2016-03-02,18409.240772860692,23542.379670486163,0.0
2016-03-03,18481.404727189587,23542.379670486163,0.0
2016-03-04,18541.537159535146,23542.379670486163,0.0
2016-03-07,18556.334857331614,23542.379670486163,0.0
2016-03-08,18353.744370609722,23542.379670486163,0.0
2016-03-09,18444.4054471842,23542.379670486163,0.0
2016-03-10,18459.196430961703,23542.379670486163,0.0
2016-03-11,18757.075631828953,23542.379670486163,0.0
2016-03-14,18733.027694404955,23542.379670486163,0.0
2016-03-15,18702.495693166555,23504.00915307808,1.0
2016-03-16,18810.730714379075,23504.00915307808,0.0
2016-03-17,18930.069044453172,23504.00915307808,0.0
2016-03-18,19004.460374573344,23504.00915307808,0.0
2016-03-21,19031.425553237164,23537.358682274753,1.0
2016-03-22,19021.196745345642,23537.358682274753,0.0
2016-03-23,18895.668089786814,23537.358682274753,0.0
2016-03-24,18887.299065148294,23537.358682274753,0.0
2016-03-28,18898.457764666324,23551.264657505915,1.0
2016-03-29,19073.27067642976,23769.116569114678,1.0
2016-03-30,19156.952530291248,23873.40092458242,1.0
2016-03-31,19110.464662985105,23815.467728132022,1.0
2016-04-01,19240.644455181184,23977.69783056933,1.0
2016-04-04,19178.345073215023,23900.060319035063,1.0
2016-04-05,18986.78739815558,23661.341077566783,1.0
2016-04-06,19194.1549093703,23919.762542365737,1.0
2016-04-07,18964.473356129012,23633.533310610852,1.0
2016-04-08,19015.61068156767,23697.260663407575,1.0
2016-04-11,18970.98595452401,23697.260663407575,0.0
2016-04-12,19147.655292530973,23697.260663407575,0.0
2016-04-13,19341.067715329194,23936.629114978692,1.0
2016-04-14,19342.000963965176,23937.784109459884,1.0
2016-04-15,19320.610099546146,23911.310638833373,1.0
2016-04-18,19456.365884491755,24079.322866611285,1.0
2016-04-19,19517.737053336154,24155.276217719034,1.0
2016-04-20,19536.3432783899,24178.30340085579,1.0
2016-04-21,19431.262167585675,24048.254345998434,1.0
2016-04-22,19431.262167585675,24048.254345998434,1.0
2016-04-25,19397.792783050565,24006.832421618914,1.0
2016-04-26,19426.61270945317,24042.500146874503,1.0
2016-04-27,19466.5997278975,24091.988336668554,1.0
2016-04-28,19289.92703288106,23873.33707927181,1.0
2016-04-29,19185.77917071282,23744.443018895643,1.0
2016-05-02,19338.27468344021,23933.172440847924,1.0
2016-05-03,19169.969334557543,23724.876664546056,1.0
2016-05-04,19063.043547042984,23724.876664546056,0.0
2016-05-05,19059.322302032233,23720.245395740487,1.0
2016-05-06,19129.062495515154,23807.04042848858,1.0
2016-05-09,19144.867296156208,23826.710264786827,1.0
2016-05-10,19382.911160017054,23826.710264786827,0.0
2016-05-11,19201.59236387758,23603.821639569014,1.0
2016-05-12,19207.16667812237,23610.673942060574,1.0
2016-05-13,19039.791220866206,23404.92535803439,1.0
2016-05-16,19227.624293905417,23404.92535803439,0.0
2016-05-17,19048.160245504725,23404.92535803439,0.0
2016-05-18,19053.74127376848,23404.92535803439,0.0
2016-05-19,18987.72232529631,23404.92535803439,0.0
2016-05-20,19107.673309600865,23404.92535803439,0.0
2016-05-23,19081.64473658251,23404.92535803439,0.0
2016-05-24,19328.98080268941,23404.92535803439,0.0
2016-05-25,19460.09048651199,23563.682428306613,1.0
2016-05-26,19465.669836271005,23570.4383077805,1.0
2016-05-27,19549.358404151455,23671.7744674341,1.0
2016-05-31,19512.161060586626,23626.7332384868,1.0
2016-06-01,19552.146400526217,23675.15037471633,1.0
2016-06-02,19611.656107612875,23747.20902419504,1.0
2016-06-03,19553.076292152724,23676.276354628648,1.0
2016-06-06,19652.571339178972,23796.752140336885,1.0
2016-06-07,19683.257762853544,23833.909477443263,1.0
2016-06-08,19747.415249567966,23911.59599402883,1.0
2016-06-09,19720.448392399405,23878.942576571706,1.0
2016-06-10,19533.550246500923,23652.63280892475,1.0
2016-06-13,19382.911160017054,23470.22812803921,1.0
2016-06-14,19344.78896033995,23424.067016543737,1.0
2016-06-15,19317.822103171387,23391.413599086613,1.0
2016-06-16,19375.47370550978,23461.222321195408,1.0
2016-06-17,19303.31646519985,23373.849125436394,1.0
2016-06-20,19427.626526316722,23373.849125436394,0.0
2016-06-21,19482.778835095796,23440.204207081355,1.0
2016-06-22,19451.001383339593,23401.971983400592,1.0
2016-06-23,19704.299498286447,23706.721094904526,1.0
2016-06-24,18996.737574260107,22855.436166367723,1.0
2016-06-27,18656.499627749523,22855.436166367723,0.0
2016-06-28,18992.992830182982,22855.436166367723,0.0
2016-06-29,19316.402088160517,23244.614413177325,1.0
2016-06-30,19579.98272315061,23561.797199037865,1.0
2016-07-01,19621.109446314065,23611.287513934447,1.0
2016-07-05,19479.975732178365,23441.452637293794,1.0
2016-07-06,19596.811411683662,23582.048194758754,1.0
2016-07-07,19584.655680349497,23567.420455779033,1.0
2016-07-08,19876.28412956134,23918.35490117438,1.0
2016-07-11,19946.385201563564,24002.711831683755,1.0
2016-07-12,20091.258624262173,24177.04692959572,1.0
2016-07-13,20088.46055685896,24173.679843034108,1.0
2016-07-14,20200.621600660634,24308.650123909934,1.0
2016-07-15,20173.51374909383,24276.029579236856,1.0
2016-07-18,20227.727773722694,24341.268648735047,1.0
2016-07-19,20207.162733636225,24316.52147143879,1.0
2016-07-20,20291.28939125408,24417.756251563544,1.0
2016-07-21,20214.643829266774,24325.523933829376,1.0
2016-07-22,20305.30490584125,24434.621982091117,1.0
2016-07-25,20250.162668090616,24368.265936666958,1.0
2016-07-26,20259.505225478908,24379.508410453363,1.0
2016-07-27,20238.011972270677,24353.64425723115,1.0
2016-07-28,20261.378436769835,24381.76256078495,1.0
2016-07-29,20294.09417267625,24421.131417517026,1.0
2016-08-01,20277.26884115268,24400.884461492074,1.0
2016-08-02,20147.34921719146,24244.544189121447,1.0
2016-08-03,20206.23116350498,24315.4004558169,1.0
2016-08-04,20227.727773722694,24341.26864873505,1.0
2016-08-05,20393.17295052673,24540.359003335143,1.0
2016-08-08,20381.015540687822,24525.729244507453,1.0
2016-08-09,20393.172950526736,24540.359003335143,1.0
2016-08-10,20342.69695595603,24479.618135260294,1.0
2016-08-11,20437.104455112367,24593.224484185204,1.0
2016-08-12,20419.340839438588,24571.84843314649,1.0
2016-08-15,20478.224464256855,24642.70671968991,1.0
2016-08-16,20372.60455343078,24515.60778634295,1.0
2016-08-17,20410.92649517206,24561.72293528605,1.0
2016-08-18,20456.727854039145,24616.83852677177,1.0
2016-08-19,20426.816899554906,24580.844835993175,1.0
2016-08-22,20425.88532942366,24579.723820371284,1.0
2016-08-23,20467.007017072894,24629.208075723964,1.0
2016-08-24,20362.325390397025,24503.238237390757,1.0
2016-08-25,20348.301483286148,24486.362407623346,1.0
2016-08-26,20309.979541544868,24440.24725868025,1.0
2016-08-29,20409.98821102186,24560.593840272293,1.0
2016-08-30,20376.3409049842,24520.103967918323,1.0
2016-08-31,20318.393885811394,24450.37275654069,1.0
2016-09-01,20319.330491456858,24451.499831706482,1.0
2016-09-02,20410.92649517206,24561.72293528605,1.0
2016-09-06,20472.62161543147,24635.964467174825,1.0
2016-09-07,20470.746725635803,24633.70829699527,1.0
2016-09-08,20424.015475142216,24577.473709735623,1.0
2016-09-09,19935.174468398574,23989.221267109682,1.0
2016-09-12,20221.186640747103,24333.397301206198,1.0
2016-09-13,19930.4897616665,23983.58387143274,1.0
2016-09-14,19923.015380054923,23974.589488434023,1.0
2016-09-15,20122.107862896617,24214.16971538808,1.0
2016-09-16,20044.322596190188,24120.565920884066,1.0
2016-09-19,20048.08244680998,24125.090380330985,1.0
2016-09-20,20049.02576647441,24126.225534888643,1.0
2016-09-21,20274.480844777914,24397.52949401827,1.0
2016-09-22,20402.236876128016,24551.26618235895,1.0
2016-09-23,20290.450138883585,24416.74632757986,1.0
2016-09-26,20126.055706047402,24218.920397807346,1.0
2016-09-27,20250.99184943266,24369.26374156285,1.0
2016-09-28,20351.51414136038,24490.2283966329,1.0
2016-09-29,20167.38552828451,24268.65511430798,1.0
2016-09-30,20319.570517634816,24451.78866996582,1.0
2016-10-03,20270.720994158117,24393.005034571353,1.0
2016-10-04,20167.385528284507,24268.65511430798,1.0
2016-10-05,20256.631625362337,24376.05043073322,1.0
2016-10-06,20270.72099415811,24393.00503457135,1.0
2016-10-07,20201.204041805744,24309.351011154617,1.0
2016-10-10,20306.42111149398,24435.96518098941,1.0
2016-10-11,20049.95901511038,24127.3485703585,1.0
2016-10-12,20076.26118440151,24158.99958800723,1.0
2016-10-13,20010.50240416419,24079.86800418945,1.0
2016-10-14,20020.84367187336,24092.31228751644,1.0
2016-10-17,19951.321684006765,24008.652204555798,1.0
2016-10-18,20076.2611844015,24158.999588007227,1.0
2016-10-19,20129.812199657685,24223.44081755831,1.0
2016-10-20,20092.23215701192,24178.218441416793,1.0
2016-10-21,20101.620034028212,24189.51545109831,1.0
2016-10-24,20187.11970852418,24292.40246686037,1.0
2016-10-25,20119.477645967487,24211.004613623194,1.0
2016-10-26,20079.082750871097,24162.394952440387,1.0
2016-10-27,20025.536771129136,24097.95978243321,1.0
2016-10-28,19966.345979943268,24026.731863711753,1.0
2016-10-31,19967.2892996077,24027.867018269422,1.0
2016-11-01,19822.622332992236,23853.78036165745,1.0
2016-11-02,19703.31757301296,23710.213607832484,1.0
2016-11-03,19613.126477765956,23601.681117001615,1.0
2016-11-04,19591.52244324482,23575.68365381355,1.0
2016-11-07,20023.65684581924,24095.697552709757,1.0
2016-11-08,20113.83954854254,24204.219944300792,1.0
2016-11-09,20327.091897379127,24460.83960870761,1.0
2016-11-10,20377.81463214676,24521.877394433668,1.0
2016-11-11,20330.83999846573,24465.349929218755,1.0
2016-11-14,20346.814328085624,24484.572822324248,1.0
2016-11-15,20505.57737751582,24675.622162166223,1.0
2016-11-16,20467.060729224588,24629.272710858906,1.0
2016-11-17,20572.27947741757,24755.888900541675,1.0
2016-11-18,20526.24144938201,24700.488510492556,1.0
2016-11-21,20681.24632669716,24887.01541073558,1.0
2016-11-22,20721.641221793554,24935.62507191839,1.0
2016-11-23,20732.915738138712,24949.19239071524,1.0
2016-11-25,20809.9456777117,25041.88725363394,1.0
2016-11-28,20712.253344777266,24924.328062236873,1.0
2016-11-29,20752.63984734995,24972.92762417984,1.0
2016-11-30,20702.855396732524,24913.01893346755,1.0
2016-12-01,20626.762062805003,24821.451145714647,1.0
2016-12-02,20637.093259485733,24833.88330995384,1.0
2016-12-05,20761.094475730264,24983.10159839151,1.0
2016-12-06,20826.856612977066,25062.237221905227,1.0
2016-12-07,21099.28464645685,25390.066626401793,1.0
2016-12-08,21150.949022384175,25452.237546837547,1.0
2016-12-09,21278.715124762715,25605.98635426603,1.0
2016-12-12,21254.29288078148,25576.59756634075,1.0
2016-12-13,21396.14163793684,25747.292898215503,1.0
2016-12-14,21219.53104759581,25534.766514936447,1.0
2016-12-15,21306.893862354267,25639.895561942296,1.0
2016-12-16,21265.223303654733,25589.750816304284,1.0
2016-12-19,21311.53324945833,25645.478421724114,1.0
2016-12-20,21393.738019147764,25744.400475926228,1.0
2016-12-21,21334.211527013696,25672.7685876113,1.0
2016-12-22,21297.351562901804,25628.41272624778,1.0
2016-12-23,21328.539859493925,25665.94352132954,1.0
2016-12-27,21381.4597569675,25729.625288044885,1.0
2016-12-28,21204.745099332526,25516.973674191846,1.0
2016-12-29,21200.023465496157,25511.291841859624,1.0
2016-12-30,21122.535294128887,25418.04556044584,1.0
2017-01-03,21284.121588533406,25612.492284568936,1.0
2017-01-04,21410.75302170706,25764.87567477149,1.0
2017-01-05,21393.73801914776,25744.400475926224,1.0
2017-01-06,21470.28119234587,25836.509582934385,1.0
2017-01-09,21399.41304367701,25751.229581903914,1.0
2017-01-10,21399.41304367701,25751.229581903914,1.0
2017-01-11,21459.88956949447,25824.004704168372,1.0
2017-01-12,21406.022995346982,25759.183743199428,1.0
2017-01-13,21455.161221639126,25818.314792444275,1.0
2017-01-17,21379.568082124417,25727.34891938565,1.0
2017-01-18,21426.812955068744,25784.201580123317,1.0
2017-01-19,21347.433108858382,25688.67893005029,1.0
2017-01-20,21425.869635404317,25783.06642556565,1.0
2017-01-23,21370.11642192797,25715.975155481377,1.0
2017-01-24,21507.13612094353,25880.859384753996,1.0
2017-01-25,21693.289010737026,26104.868603727577,1.0
2017-01-26,21670.6124116864,26077.580457688364,1.0
2017-01-27,21636.594156100982,26036.6441989336,1.0
2017-01-30,21502.407773088187,25875.169473029902,1.0
2017-01-31,21500.521133759332,25872.89916391458,1.0
2017-02-01,21509.022760272386,25883.129693869323,1.0
2017-02-02,21523.197732809953,25900.18730995379,1.0
2017-02-03,21671.557409855563,26078.717632093983,1.0
2017-02-06,21632.8141634243,26032.095501311076,1.0
2017-02-07,21633.75916159347,26033.232675716707,1.0
2017-02-08,21662.107428163858,26067.345888037675,1.0
2017-02-09,21790.625500666363,26221.999587355545,1.0
2017-02-10,21876.61194153722,26325.472359028157,1.0
2017-02-13,21995.67499683379,26468.748254745817,1.0
2017-02-14,22083.554791052466,26574.499414925613,1.0
2017-02-15,22198.836175167617,26713.22459317278,1.0
2017-02-16,22179.936211784196,26690.481105060157,1.0
2017-02-17,22214.901144043524,26732.55655806851,1.0
2017-02-21,22347.200887727453,26891.76097485688,1.0
2017-02-22,22327.355926174867,26867.88031233862,1.0
2017-02-23,22342.47086136738,26886.06904328482,1.0
2017-02-24,22370.822484947254,26920.186295301726,1.0
2017-02-27,22405.787417206575,26962.261748310077,1.0
2017-02-28,22345.307534379634,26889.48258634968,1.0
2017-03-01,22658.0851433278,27265.86711613393,1.0
2017-03-02,22515.3988123067,27094.163880123462,1.0
2017-03-03,22529.573784844262,27111.221496207927,1.0
2017-03-06,22462.482271842608,27030.486153104044,1.0
2017-03-07,22395.389080336212,26949.748790152196,1.0
2017-03-08,22353.812517902174,26899.71715600036,1.0
2017-03-09,22382.160784472562,26933.83036832133,1.0
2017-03-10,22460.600668027975,27028.221903532623,1.0
2017-03-13,22471.92889652484,27041.85385746443,1.0
2017-03-14,22385.939098644503,26938.377046095888,1.0
2017-03-15,22579.660366315067,27171.493759554352,1.0
2017-03-16,22535.243773859293,27118.04454264172,1.0
2017-03-17,22495.667989076497,27070.420567266985,1.0
2017-03-20,22470.993969384115,27040.728802146597,1.0
2017-03-21,22182.47746796204,26693.53915488275,1.0
2017-03-22,22234.67057288277,26756.34632742823,1.0
2017-03-23,22210.94994388326,26727.80183595331,1.0
2017-03-24,22194.81279930349,26708.38301759498,1.0
2017-03-27,22172.035489968413,26680.973680677725,1.0
2017-03-28,22333.3784011855,26875.127526845554,1.0
2017-03-29,22354.25732165853,26900.25241571171,1.0
2017-03-30,22425.432636694986,26985.902048920205,1.0
2017-03-31,22373.232817755295,26923.08679698286,1.0
2017-04-03,22334.326756364153,26876.268740947115,1.0
2017-04-04,22348.568869091356,26893.407150950283,1.0
2017-04-05,22282.128615929196,26813.455508857736,1.0
2017-04-06,22344.768734357778,26888.834215152143,1.0
2017-04-07,22321.988068013216,26861.42083853895,1.0
2017-04-10,22335.27846855228,26877.413994744606,1.0
2017-04-11,22308.701024483616,26845.431722029214,1.0
2017-04-12,22210.949943883254,26727.8018359533,1.0
2017-04-13,22066.69085391985,26554.206002397397,1.0
2017-04-17,22262.19805063481,26789.471834093143,1.0
2017-04-18,22195.762832986875,26709.526251544503,1.0
2017-04-19,22154.953347219463,26660.417687913752,1.0
2017-04-20,22335.278468552275,26877.413994744606,1.0
2017-04-21,22264.094760992113,26791.754262296272,1.0
2017-04-24,22508.95671111081,27086.411703624664,1.0
2017-04-25,22639.925400535147,27244.014380974906,1.0
2017-04-26,22625.690001826904,27226.884050363606,1.0
2017-04-27,22644.673890447375,27249.728530874603,1.0
2017-04-28,22595.31913704364,27190.336921241957,1.0
2017-05-01,22652.260731876602,27258.858243687133,1.0
2017-05-02,22660.804321008178,27269.13926984106,1.0
2017-05-03,22633.281878770347,27236.019822720038,1.0
2017-05-04,22659.85764433426,27268.000075587453,1.0
2017-05-05,22749.068492812534,27375.352975205387,1.0
2017-05-08,22745.273393593176,27370.786098951146,1.0
2017-05-09,22724.389437605925,27345.655150541093,1.0
2017-05-10,22765.205637392304,27394.771793563716,1.0
2017-05-11,22718.70098503875,27338.80988577967,1.0
2017-05-12,22680.7365648073,27293.124964453622,1.0
2017-05-15,22806.020158673935,27443.88641673836,1.0
2017-05-16,22785.13620268668,27418.755468328305,1.0
2017-05-17,22380.828051708206,26932.226609035217,1.0
2017-05-18,22470.993969384097,27040.72880214658,1.0
2017-05-19,22617.146412695325,27216.603024209682,1.0
2017-05-22,22731.984671558857,27354.794962593467,1.0
2017-05-23,22782.287780141247,27415.32778632768,1.0
2017-05-24,22835.43091874537,27479.27819282269,1.0
2017-05-25,22944.5756895275,27610.618806901144,1.0
2017-05-26,22939.828878120014,27604.90667684941,1.0
2017-05-30,22919.893277311414,27580.91694254092,1.0
2017-05-31,22914.20482474424,27574.071677779495,1.0
2017-06-01,23096.423299424867,27793.346373117536,1.0
2017-06-02,23173.29713805695,27885.853390175267,1.0
2017-06-05,23156.216673812753,27865.299417259277,1.0
2017-06-06,23082.192936230855,27776.222102050142,1.0
2017-06-07,23124.894096841348,27827.60703434012,1.0
2017-06-08,23136.287787023106,27841.31776234265,1.0
2017-06-09,23101.170110832347,27799.058503169257,1.0
2017-06-12,23096.423299424863,27793.346373117525,1.0
2017-06-13,23209.36652643584,27929.25790314615,1.0
2017-06-14,23179.93730281226,27893.843908734194,1.0
2017-06-15,23135.332717825495,27840.16846884921,1.0
2017-06-16,23140.39005261006,27846.254270774905,1.0
2017-06-19,23333.038755751135,28078.080301382215,1.0
2017-06-20,23175.680614789137,27888.72157428893,1.0
2017-06-21,23169.95523511765,27881.831872872208,1.0
2017-06-22,23159.46625899128,27869.209842924098,1.0
2017-06-23,23187.121303103642,27902.488858034543,1.0
2017-06-26,23202.38058970388,27920.85129590593,1.0
2017-06-27,23015.460623243765,27695.919006411266,1.0
2017-06-28,23221.4567960851,27943.806868055133,1.0
2017-06-29,23017.367404629513,27698.213553702204,1.0
2017-06-30,23060.283413846853,27749.857026532005,1.0
2017-07-03,23099.38082477847,27796.905345236035,1.0
2017-07-05,23152.78916713167,27861.17488770989,1.0
2017-07-06,22941.074328637817,27606.405404041187,1.0
2017-07-07,23089.843560840232,27785.428569085427,1.0
2017-07-10,23114.64346838819,27815.271822803363,1.0
2017-07-11,23097.47236488798,27794.608778097132,1.0
2017-07-12,23271.046540152573,28003.481256403207,1.0
2017-07-13,23310.14730809367,28050.53361480317,1.0
2017-07-14,23418.870774185816,28181.367247041817,1.0
2017-07-17,23416.005566592965,28177.91936656151,1.0
2017-07-18,23428.404681114574,28192.839983496495,1.0
2017-07-19,23555.242570371356,28345.471814999022,1.0
2017-07-20,23565.7382605167,28358.101924339015,1.0
2017-07-21,23544.75695125447,28332.85382474685,1.0
2017-07-24,23539.038285601957,28325.972202722012,1.0
2017-07-25,23596.25515521244,28394.824780233834,1.0
2017-07-26,23597.210224410053,28395.974073727266,1.0
2017-07-27,23575.2738459502,28369.576680641658,1.0
2017-07-28,23547.615444828356,28336.29362583528,1.0
2017-07-31,23534.26293961388,28320.22573525483,1.0
2017-08-01,23586.716212769457,28383.345984235242,1.0
2017-08-02,23598.16529360767,28397.123367220694,1.0
2017-08-03,23552.389112311706,28342.03807345449,1.0
2017-08-04,23595.300086014824,28393.675486740387,1.0
2017-08-07,23639.171164429783,28446.468253063624,1.0
2017-08-08,23580.994190107467,28376.460322514467,1.0
2017-08-09,23580.04247791933,28375.315068716965,1.0
2017-08-10,23247.200023297493,27974.785276330727,1.0
2017-08-11,23281.538873288442,28016.10732604726,1.0
2017-08-14,23512.334953677735,28293.83844140906,1.0
2017-08-15,23509.47142458963,28290.392580776723,1.0
2017-08-16,23550.475616906995,28339.73544677169,1.0
2017-08-17,23183.30438332267,27897.895723756737,1.0
2017-08-18,23147.070501479164,27854.29326568505,1.0
2017-08-21,23165.181567634318,27876.087425253005,1.0
2017-08-22,23407.42337185235,28167.59188390433,1.0
2017-08-23,23323.498134803427,28066.59948553567,1.0
2017-08-24,23269.139758766836,28001.186709112284,1.0
2017-08-25,23323.498134803423,28066.599485535666,1.0
2017-08-28,23324.453204001038,28067.748779029094,1.0
2017-08-29,23351.154857420523,28099.880520494065,1.0
2017-08-30,23461.785104898427,28233.008700023645,1.0
2017-08-31,23602.92889006257,28402.8556957521,1.0
2017-09-01,23636.310992351155,28443.026432127226,1.0
2017-09-05,23466.55541537228,28238.74910794692,1.0
2017-09-06,23546.665411144968,28335.150391885745,1.0
2017-09-07,23543.803560561595,28331.706551101368,1.0
2017-09-08,23516.145159439748,28298.42349629499,1.0
2017-09-11,23766.974193912625,28600.261497147396,1.0
2017-09-12,23847.07747566635,28696.65470169436,1.0
2017-09-13,23858.52319949508,28710.428044983877,1.0
2017-09-14,23850.89775245681,28701.2518756681,1.0
2017-09-15,23883.004191142238,28739.887527588005,1.0
2017-09-18,23933.800780118476,28801.01418662463,1.0
2017-09-19,23957.754721276982,28829.839436967017,1.0
2017-09-20,23966.382235645615,28840.221455519313,1.0
2017-09-21,23902.171036779477,28762.952171527446,1.0
2017-09-22,23906.96316781497,28768.7188374743,1.0
2017-09-25,23858.086788262415,28709.902884512354,1.0
2017-09-26,23872.461502864157,28727.20086250494,1.0
2017-09-27,23965.427166447997,28839.07216202588,1.0
2017-09-28,23994.17659565148,28873.66811801105,1.0
2017-09-29,24078.51474486669,28975.15739897969,1.0
2017-10-02,24182.988236954683,29100.876776164943,1.0
2017-10-03,24234.739895128536,29163.152728695,1.0
2017-10-04,24263.492681341497,29197.752724376103,1.0
2017-10-05,24407.25829091105,29370.754722629594,1.0
2017-10-06,24379.4605738957,29337.304020441923,1.0
2017-10-09,24339.208351702295,29288.866046336345,1.0
2017-10-10,24403.42290757791,29366.139370024146,1.0
2017-10-11,24441.76331287134,29412.276737294887,1.0
2017-10-12,24405.344795506324,29368.452095946785,1.0
2017-10-13,24435.05600792639,29404.20542481726,1.0
2017-10-16,24467.64249896775,29443.418753255854,1.0
2017-10-17,24484.889135181307,29464.172691120613,1.0
2017-10-18,24508.848111854037,29493.0040010069,1.0
2017-10-19,24515.56045231321,29501.081373028424,1.0
2017-10-20,24642.072711650246,29653.32135402529,1.0
2017-10-23,24546.225055426145,29537.98197554437,1.0
2017-10-24,24589.35927025981,29589.88802860993,1.0
2017-10-25,24467.64249896775,29443.418753255854,1.0
2017-10-26,24499.265528287793,29481.472688961174,1.0
2017-10-27,24699.57157005721,29722.51326599564,1.0
2017-10-30,24607.57104669943,29611.803379055935,1.0
2017-10-31,24645.899702459687,29657.926607390913,1.0
2017-11-01,24678.491229015264,29697.1459953734,1.0
2017-11-02,24688.07549108625,29708.679327267095,1.0
2017-11-03,24770.500144896745,29807.86598155293,1.0
2017-11-06,24808.84390719966,29854.007388519607,1.0
2017-11-07,24791.5888784624,29833.243351415007,1.0
2017-11-08,24833.754596060528,29883.9839522034,1.0
2017-11-09,24743.66588960273,29775.57467209854,1.0
2017-11-10,24736.001836955416,29766.35204627951,1.0
2017-11-13,24758.999030411567,29794.025983280495,1.0
2017-11-14,24701.495136490383,29724.828011766258,1.0
2017-11-15,24577.86319128886,29576.054089881403,1.0
2017-11-16,24786.795068922173,29827.474665620204,1.0
2017-11-17,24713.95635568741,29739.823363076044,1.0
2017-11-20,24756.12878730449,29790.57204325629,1.0
2017-11-21,24918.096102285217,29985.477272867985,1.0
2017-11-22,24896.052299521947,29958.950609512474,1.0
2017-11-24,24953.557871947876,30028.150600874687,1.0
2017-11-27,24941.10504527456,30013.165348804752,1.0
2017-11-28,25194.121171424926,30317.63521155864,1.0
2017-11-29,25178.789709120825,30299.18592022465,1.0
2017-11-30,25399.232772267766,30564.458613323695,1.0
2017-12-01,25346.51765237259,30501.02326806037,1.0
2017-12-04,25315.851370754917,30464.12064569646,1.0
2017-12-05,25224.792488556825,30354.543893466453,1.0
2017-12-06,25229.582941087578,30360.308539565336,1.0
2017-12-07,25309.13567328626,30456.039233978998,1.0
2017-12-08,25447.150725613217,30622.121233096266,1.0
2017-12-11,25523.826500685864,30714.38990809385,1.0
2017-12-12,25568.867496905274,30768.59050845034,1.0
2017-12-13,25565.990539779243,30765.128489034265,1.0
2017-12-14,25461.530475729178,30639.425270632746,1.0
2017-12-15,25673.562551619078,30894.57650556729,1.0
2017-12-18,25836.357369437108,31090.477520226894,1.0
2017-12-19,25737.13759718838,30971.080267179514,1.0
2017-12-20,25723.65081159462,30954.850788761672,1.0
2017-12-21,25776.634492248344,31018.60930969978,1.0
2017-12-22,25769.88690318961,31010.489520870935,1.0
2017-12-26,25739.057806612058,30973.39097325419,1.0
2017-12-27,25751.58280898923,30988.463078786725,1.0
2017-12-28,25804.571525157186,31052.227659268734,1.0
2017-12-29,25707.266926817916,30935.135052752135,1.0
2018-01-02,25891.269652038212,31156.556846479507,1.0
2018-01-03,26055.038002606012,31353.629372960193,1.0
2018-01-04,26164.85417528453,31485.777926225586,1.0
2018-01-05,26339.210533758425,31695.59165368446,1.0
2018-01-08,26387.37858431029,31753.555230804173,1.0
2018-01-09,26447.099782994304,31825.421421483315,1.0
2018-01-10,26406.644461727243,31776.739045773684,1.0
2018-01-11,26599.311628420473,32008.58729470864,1.0
2018-01-12,26772.709560687264,32217.247688978143,1.0
2018-01-16,26681.189089685406,32107.11547855711,1.0
2018-01-17,26935.506057010032,32413.150723485713,1.0
2018-01-18,26890.23846265058,32358.67744365362,1.0
2018-01-19,27012.589708734744,32505.910221539372,1.0
2018-01-22,27232.222054091788,32770.20732807017,1.0
2018-01-23,27290.01465082842,32839.7527134348,1.0
2018-01-24,27279.41992890336,32827.00343306474,1.0
2018-01-25,27290.96972002603,32840.902006928234,1.0
2018-01-26,27606.93984499154,33221.128287546424,1.0
2018-01-29,27423.91065252101,33000.87800564013,1.0
2018-01-30,27142.620114008852,32662.383803875833,1.0
2018-01-31,27156.110256612097,32678.617321989608,1.0
2018-02-01,27125.284517044023,32641.522814068794,1.0
2018-02-02,26534.778156644054,31930.930199907016,1.0
2018-02-05,25425.017962098653,30595.487517798454,1.0
2018-02-06,25925.94755998682,31198.28690548542,1.0
2018-02-07,25785.302290730746,31029.03980460327,1.0
2018-02-08,24818.12603841725,29865.17714777917,1.0
2018-02-09,25190.9303339123,30313.79548057263,1.0
2018-02-12,25560.845922748125,30758.937655014237,1.0
2018-02-13,25624.422646822175,30835.443436474437,1.0
2018-02-14,25970.25001412021,31251.598772736266,1.0
2018-02-15,26301.643919150574,31650.385436326655,1.0
2018-02-16,26309.354969930635,31659.664617888775,1.0
2018-02-20,26144.626514650998,31461.43673837075,1.0
2018-02-21,26014.57093180575,31304.932858314754,1.0
2018-02-22,26048.29041354727,31345.509584131327,1.0
2018-02-23,26463.476953752026,31845.12907810096,1.0
2018-02-26,26770.777601730388,32214.92284396767,1.0
2018-02-27,26436.500025555022,31812.666081569332,1.0
2018-02-28,26168.70130815085,31490.407417766783,1.0
2018-03-01,25788.18764038049,31032.511923259182,1.0
2018-03-02,25921.133608389697,31192.49398151499,1.0
2018-03-05,26220.71984857852,31553.004526123652,1.0
2018-03-06,26287.198707349715,31633.00262471944,1.0
2018-03-07,26277.562411631756,31621.40667753875,1.0
2018-03-08,26404.72425230355,31774.428339698985,1.0
2018-03-09,26864.223317670137,32327.371820007273,1.0
2018-03-12,26830.505514433364,32286.79711403868,1.0
2018-03-13,26657.109260671314,32078.138739617138,1.0
2018-03-14,26520.311124281558,31913.52113027621,1.0
2018-03-15,26491.41230815613,31878.74540782195,1.0
2018-03-16,26520.144952312203,31913.32116532745,1.0
2018-03-19,26161.329315328472,31481.53624549408,1.0
2018-03-20,26205.80969096441,31535.062216629478,1.0
2018-03-21,26155.511617896238,31474.53545243916,1.0
2018-03-22,25501.69709418078,30687.76023249196,1.0
2018-03-23,24958.145225404944,30033.67084536948,1.0
2018-03-26,25640.976060577705,30855.36317712867,1.0
2018-03-27,25204.772962511153,30330.45316675955,1.0
2018-03-28,25130.30106416341,30240.83655214313,1.0
2018-03-29,25451.410770645805,30627.24760723743,1.0
2018-04-02,24902.04456144722,29966.16146675597,1.0
2018-04-03,25221.21223794429,30350.235557752007,1.0
2018-04-04,25491.055374122974,30674.95439637882,1.0
2018-04-05,25692.239273871925,30917.05135390022,1.0
2018-04-06,25119.659344105607,30228.03071602999,1.0
2018-04-09,25243.45913978122,30377.006622711575,1.0
2018-04-10,25644.843335500915,30860.0169068455,1.0
2018-04-11,25510.406855281715,30698.241223594665,1.0
2018-04-12,25720.283731084193,30950.798973739096,1.0
2018-04-13,25644.843335500907,30860.0169068455,1.0
2018-04-16,25855.688708538928,31113.7401092671,1.0
2018-04-17,26132.30461134746,31446.609034442266,1.0
2018-04-18,26151.647699982495,31469.885762418275,1.0
2018-04-19,26006.571178210237,31295.306262902264,1.0
2018-04-20,25786.04922534047,31029.93863694875,1.0
2018-04-23,25782.185307426735,31025.28894692786,1.0
2018-04-24,25434.968138203163,30607.46117654904,1.0
2018-04-25,25497.83317626704,30683.110542471077,1.0
2018-04-26,25757.037949397396,30995.027584680676,1.0
2018-04-27,25781.215131686447,31024.121474802723,1.0
2018-04-30,25582.94175915835,30785.526933656743,1.0
2018-05-01,25628.40238156302,30840.23249600509,1.0
2018-05-02,25456.241507290328,30633.060729687535,1.0
2018-05-03,25400.14420034208,30565.55539076995,1.0
2018-05-04,25728.983421156678,30961.267845754,1.0
2018-05-07,25816.035712538054,31066.023220885887,1.0
2018-05-08,25816.035712538054,31066.023220885887,1.0
2018-05-09,26065.563905836676,31366.29583956358,1.0
2018-05-10,26309.301257778923,31659.59998275384,1.0
2018-05-11,26389.57406851148,31756.1971919455,1.0
2018-05-14,26402.13935500244,31771.317773829254,1.0
2018-05-15,26220.318685945418,31552.52178245947,1.0
2018-05-16,26330.579662380303,31685.205595436226,1.0
2018-05-17,26308.331082038632,31658.43251062869,1.0
2018-05-18,26242.563909277607,31579.29082757107,1.0
2018-05-21,26439.862070551193,31816.711837047995,1.0
2018-05-22,26366.358669439,31728.260674708752,1.0
2018-05-23,26438.90028733461,31815.554464162695,1.0
2018-05-24,26384.731582333752,31750.369930559624,1.0
2018-05-25,26321.86822277462,31674.72258448556,1.0
2018-05-29,26019.139821710687,31310.43088448197,1.0
2018-05-30,26366.358669439,31728.260674708756,1.0
2018-05-31,26204.84958625256,31533.90686359216,1.0
2018-06-01,26462.10897238812,31843.48290200757,1.0
2018-06-04,26587.842405525345,31994.785673547576,1.0
2018-06-05,26607.187172665122,32018.06442137155,1.0
2018-06-06,26829.63437047279,32285.74881294364,1.0
2018-06-07,26826.738949794602,32282.264575199915,1.0
2018-06-08,26906.055012824807,32377.710471050177,1.0
2018-06-11,26941.828984369284,32420.759490778804,1.0
2018-06-12,26976.647886716142,32462.659217013992,1.0
2018-06-13,26890.577520608244,32359.085452943025,1.0
2018-06-14,26958.278330830875,32440.55400085906,1.0
2018-06-15,26923.890804202445,32399.17337555148,1.0
2018-06-18,26868.506861769118,32332.52647202003,1.0
2018-06-19,26765.535631424307,32208.614858765573,1.0
2018-06-20,26811.187603369443,32263.550683782192,1.0
2018-06-21,26643.113888141026,32061.297247265196,1.0
2018-06-22,26691.68813684021,32119.749627593017,1.0
2018-06-25,26328.332144532127,31682.5010190079,1.0
2018-06-26,26386.629971195794,31752.65437861071,1.0
2018-06-27,26168.036620273415,31489.607557971714,1.0
2018-06-28,26317.655175874763,31669.652766087434,1.0
2018-06-29,26355.542384888136,31715.24477440699,1.0
2018-07-02,26411.88307502382,31783.042991279843,1.0
2018-07-03,26318.618637596086,31670.812158820714,1.0
2018-07-05,26533.327928547842,31929.185051263208,1.0
2018-07-06,26757.757440454614,32199.25488328477,1.0
2018-07-09,26998.703439012606,32489.200019305277,1.0
2018-07-10,27095.846900896744,32606.098720417012,1.0
2018-07-11,26897.655775100953,32367.603151821433,1.0
2018-07-12,27141.505586860836,32661.042624825495,1.0
2018-07-13,27162.881344737205,32686.76538869,1.0
2018-07-16,27138.588345621025,32657.53212905821,1.0
2018-07-17,27248.369269699993,32789.638265516296,1.0
2018-07-18,27305.680135575964,32858.60395451429,1.0
2018-07-19,27202.713940745372,32734.698400803736,1.0
2018-07-20,27171.621318923488,32697.282737056114,1.0
2018-07-23,27222.145990131685,32758.08218072202,1.0
2018-07-24,27359.118691014504,32922.909854251564,1.0
2018-07-25,27592.29992664073,33203.511173575,1.0
2018-07-26,27527.199120261874,33125.171370160424,1.0
2018-07-27,27340.668566901666,32900.70768539419,1.0
2018-07-30,27197.861383539217,32728.859020330074,1.0
2018-07-31,27331.925235705916,32890.18629733215,1.0
2018-08-01,27286.25815721811,32835.23229368382,1.0
2018-08-02,27434.91325109814,33014.11810906627,1.0
2018-08-03,27552.46229511835,33155.572101917365,1.0
2018-08-06,27653.508280525257,33277.16694955324,1.0
2018-08-07,27744.815581425013,33387.042639282416,1.0
2018-08-08,27733.17011553211,33373.02893408479,1.0
2018-08-09,27695.27451399503,33327.42682652539,1.0
2018-08-10,27509.71413637511,33104.13061388431,1.0
2018-08-13,27406.734513506588,32980.20890139001,1.0
2018-08-14,27581.60449443122,33190.6407023269,1.0
2018-08-15,27375.64021317996,32942.791217794416,1.0
2018-08-16,27597.152483846905,33209.35055404868,1.0
2018-08-17,27694.307695264226,33326.26339409618,1.0
2018-08-20,27753.56394813499,33397.57008688836,1.0
2018-08-21,27818.654683485398,33475.897771215125,1.0
2018-08-22,27802.14994636736,33456.03660615195,1.0
2018-08-23,27765.227877580055,33411.606010413634,1.0
2018-08-24,27932.326381553954,33612.68591526159,1.0
2018-08-27,28152.863440966397,33878.07171984681,1.0
2018-08-28,28166.471078901508,33894.446627318306,1.0
2018-08-29,28318.023271964466,34076.818700292446,1.0
2018-08-30,28203.381398155627,33938.86308412084,1.0
2018-08-31,28204.344859876946,33940.022476854116,1.0
2018-09-04,28155.77396818725,33881.57413622224,1.0
2018-09-05,28079.99283614155,33790.38204019126,1.0
2018-09-06,27995.471729909572,33688.672595794174,1.0
2018-09-07,27941.07642676868,33623.215382715505,1.0
2018-09-10,27989.654032477338,33681.67180273925,1.0
2018-09-11,28081.92983061264,33792.71294474561,1.0
2018-09-12,28088.737845842054,33800.90544810128,1.0
2018-09-13,28254.881280618334,34000.836059455796,1.0
2018-09-14,28259.732159319763,34006.673420081504,1.0
2018-09-17,28110.12703175634,33826.64437074951,1.0
2018-09-18,28262.635972521653,34010.16775706506,1.0
2018-09-19,28292.765132622222,34046.42402807941,1.0
2018-09-20,28522.042166220937,34322.32718103074,1.0
2018-09-21,28495.97498759354,34290.95894209744,1.0
2018-09-24,28401.317391230798,34177.05163582538,1.0
2018-09-25,28374.971580816396,34145.348102129494,1.0
2018-09-26,28290.066096998733,34043.17611254788,1.0
2018-09-27,28369.113599270382,34138.29883272336,1.0
2018-09-28,28372.044268548132,34141.8254872744,1.0
2018-10-01,28470.61613796684,34260.44307900636,1.0
2018-10-02,28454.022440097528,34240.47486200091,1.0
2018-10-03,28469.642605217075,34259.27156718529,1.0
2018-10-04,28247.126588715026,33991.50436184654,1.0
2018-10-05,28089.028227162253,33801.25488179964,1.0
2018-10-08,28089.028227162253,33801.25488179964,1.0
2018-10-09,28048.03242736859,33751.92211504452,1.0
2018-10-10,27159.9389259263,32683.224595203217,1.0
2018-10-11,26561.709765213087,31963.33866054355,1.0
2018-10-12,26930.601466156917,32407.24872772506,1.0
2018-10-15,26779.3295833857,32225.21396936147,1.0
2018-10-16,27364.886033304527,32929.85005186747,1.0
2018-10-17,27369.772160605517,32935.72982930049,1.0
2018-10-18,26974.516185695138,32460.09401009545,1.0
2018-10-19,26959.88130285855,32442.48295566792,1.0
2018-10-22,26838.86111103399,32296.8519172203,1.0
2018-10-23,26702.234182127813,32132.44033237204,1.0
2018-10-24,25893.201610995096,31158.881691489958,1.0
2018-10-25,26357.741226098846,31717.89077524427,1.0
2018-10-26,25894.17010823064,31160.04714376713,1.0
2018-10-29,25750.711665028677,30987.414777691665,1.0
2018-10-30,26132.299575833273,31446.60297489839,1.0
2018-10-31,26411.411415191636,31782.475414001034,1.0
2018-11-01,26692.482069582722,32120.7050156816,1.0
2018-11-02,26534.38035102047,31930.45149593877,1.0
2018-11-05,26680.77114200492,32106.61253641324,1.0
2018-11-06,26849.606898385733,32309.782983907422,1.0
2018-11-07,27424.429310486004,33001.50213866207,1.0
2018-11-08,27374.644859868575,32941.593447949774,1.0
2018-11-09,27107.250662106984,32619.821567507366,1.0
2018-11-12,26600.743392964545,32010.310225024816,1.0
2018-11-13,26550.96901337556,31950.413653400323,1.0
2018-11-14,26369.450475171914,31731.981234664665,1.0
2018-11-15,26644.65643399802,32063.153487547235,1.0
2018-11-16,26713.948466715097,32146.53685133634,1.0
2018-11-19,26262.098347453146,31602.797818215367,1.0
2018-11-20,25776.082264188568,31017.94477971851,1.0
2018-11-21,25863.91338176975,31123.63736430725,1.0
2018-11-23,25691.18685139935,30915.784909224694,1.0
2018-11-26,26105.95712242835,31414.90348089843,1.0
2018-11-27,26193.781525990573,31520.587986095303,1.0
2018-11-28,26796.90520652848,32246.36379742783,1.0
2018-11-29,26738.347211629964,32175.897361390078,1.0
2018-11-30,26901.331700483726,32372.026618869997,1.0
2018-12-03,27257.53054857628,32800.66259572224,1.0
2018-12-04,26374.328209949195,31737.85091285785,1.0
2018-12-06,26334.31601393375,31689.701777011607,1.0
2018-12-07,25722.4087180863,30953.356101265814,1.0
2018-12-10,25771.206207916028,31012.07712137329,1.0
2018-12-11,25777.064189462046,31019.126390779427,1.0
2018-12-12,25906.86128257718,31175.319214248444,1.0
2018-12-13,25898.077667267644,31164.749349835183,1.0
2018-12-14,25419.87166656284,30589.29466393052,1.0
2018-12-17,24921.17783698966,30589.29466393052,0.0
2018-12-18,24893.853458311263,30589.29466393052,0.0
2018-12-19,24521.049162816213,30589.29466393052,0.0
2018-12-20,24121.897378402024,30589.29466393052,0.0
2018-12-21,23627.651586392425,30589.29466393052,0.0
2018-12-24,23003.34181901389,30589.29466393052,0.0
2018-12-26,24165.575428771772,30589.29466393052,0.0
2018-12-27,24351.112307325326,30589.29466393052,0.0
2018-12-28,24319.692377078944,30589.29466393052,0.0
2018-12-31,24532.708056747055,30589.29466393052,0.0
2019-01-02,24558.228042828894,30589.29466393052,0.0
2019-01-03,23972.201611582594,30589.29466393052,0.0
2019-01-04,24775.163031067186,30589.29466393052,0.0
2019-01-07,24970.509091327018,30589.29466393052,0.0
2019-01-08,25205.118734487816,30589.29466393052,0.0
2019-01-09,25322.909483190728,30589.29466393052,0.0
2019-01-10,25412.239505505615,30589.29466393052,0.0
2019-01-11,25422.058758240335,30589.29466393052,0.0
2019-01-14,25266.95820615495,30589.29466393052,0.0
2019-01-15,25556.54391509702,30589.29466393052,0.0
2019-01-16,25618.385065268893,30589.29466393052,0.0
2019-01-17,25812.74584324577,30589.29466393052,0.0
2019-01-18,26156.305550638746,30589.29466393052,0.0
2019-01-22,25802.9249120063,30589.29466393052,0.0
2019-01-23,25856.919052514106,30589.29466393052,0.0
2019-01-24,25870.657613819014,30589.29466393052,0.0
2019-01-25,26089.56316662322,30589.29466393052,0.0
2019-01-28,25891.273009047713,30589.29466393052,0.0
2019-01-29,25856.9190525141,30589.29466393052,0.0
2019-01-30,26266.25096818233,30589.29466393052,0.0
2019-01-31,26496.934588753982,30589.29466393052,0.0
2019-02-01,26509.69122478542,30589.29466393052,0.0
2019-02-04,26696.196600574513,30589.29466393052,0.0
2019-02-05,26808.10754716978,30589.29466393052,0.0
2019-02-06,26772.758237324768,30548.959461114988,1.0
2019-02-07,26517.546626973195,30257.751171348013,1.0
2019-02-08,26549.940089969346,30294.713615751476,1.0
2019-02-11,26564.66225505247,30311.512289250764,1.0
2019-02-12,26906.26818292695,30701.300504189534,1.0
2019-02-13,26993.642747218586,30800.998936409964,1.0
2019-02-14,26933.75369806047,30732.662752342632,1.0
2019-02-15,27227.263751086946,31067.57134233001,1.0
2019-02-19,27274.379379166214,31121.332460232756,1.0
2019-02-20,27329.350409433267,31184.056956538963,1.0
2019-02-21,27232.17505595905,31073.175369083965,1.0
2019-02-22,27401.010812339868,31265.8248014489,1.0
2019-02-25,27438.307187684408,31308.381696347333,1.0
2019-02-26,27418.683788757626,31285.990487604868,1.0
2019-02-27,27406.897328466468,31272.541589496093,1.0
2019-02-28,27355.85064228383,31214.294951888034,1.0
2019-03-01,27526.653606221073,31409.18905935742,1.0
2019-03-04,27426.52744141222,31294.94045924575,1.0
2019-03-05,27389.23106606767,31252.383564347314,1.0
2019-03-06,27223.32262195513,31063.07433111393,1.0
2019-03-07,26995.591491222858,30803.222543744665,1.0
2019-03-08,26941.6074217435,30741.624215494285,1.0
2019-03-11,27332.297863758424,31187.420138692058,1.0
2019-03-12,27435.371482892435,31305.031920956822,1.0
2019-03-13,27616.970589323646,31512.24492797556,1.0
2019-03-14,27599.292577391658,31492.073496064204,1.0
2019-03-15,27735.64591002505,31647.65897568051,1.0
2019-03-18,27836.22191410449,31762.42086327341,1.0
2019-03-19,27843.113854570947,31770.28488714618,1.0
2019-03-20,27759.309469863372,31674.660195495013,1.0
2019-03-21,28072.847441459206,32032.42156990761,1.0
2019-03-22,27532.548514871385,31415.915423663613,1.0
2019-03-25,27511.849194405637,31392.296538520153,1.0
2019-03-26,27716.91883262995,31626.2905113969,1.0
2019-03-27,27571.99505478912,31460.925756112214,1.0
2019-03-28,27676.498759962447,31580.169332906837,1.0
2019-03-29,27850.999469844068,31779.28274008195,1.0
2019-04-01,28181.29227576435,32156.16215791832,1.0
2019-04-02,28195.10301277312,32171.92084969259,1.0
2019-04-03,28239.47596410563,32222.55244616131,1.0
2019-04-04,28314.404415742916,32308.0492863173,1.0
2019-04-05,28451.45097083434,32464.425764925192,1.0
2019-04-08,28473.137252087785,32489.17081812446,1.0
2019-04-09,28327.218120935555,32322.670318524983,1.0
2019-04-10,28423.839567845243,32432.919872887425,1.0
2019-04-11,28415.95059556265,32423.91818944806,1.0
2019-04-12,28608.209885603814,32643.294960620715,1.0
2019-04-15,28589.481129703978,32621.92458108531,1.0
2019-04-16,28608.209885603814,32643.294960620715,1.0
2019-04-17,28538.216237905006,32563.428960743815,1.0
2019-04-18,28594.405862614007,32627.543929853626,1.0
2019-04-22,28619.056383240015,32655.671317723936,1.0
2019-04-23,28876.394659098405,32949.30623151595,1.0
2019-04-24,28812.305991078363,32876.178087456006,1.0
2019-04-25,28794.55076792829,32855.91855396205,1.0
2019-04-26,28928.636440656628,33008.91652840249,1.0
2019-04-29,28974.0030667958,33060.68195393422,1.0
2019-04-30,28988.787336554342,33077.55149174994,1.0
2019-05-01,28770.897279118424,32828.92882565833,1.0
2019-05-02,28708.77581865481,32758.04535670284,1.0
2019-05-03,28989.77429734203,33078.677659805755,1.0
2019-05-06,28870.47625138172,32942.553053684635,1.0
2019-05-07,28388.345906592513,32392.41995841747,1.0
2019-05-08,28348.907759198475,32347.419202227837,1.0
2019-05-09,28263.12609590602,32249.538343961438,1.0
2019-05-10,28405.104097926436,32411.541832344825,1.0
2019-05-13,27691.266244673578,31597.019718204603,1.0
2019-05-14,27941.71090156077,31882.788692872047,1.0
2019-05-15,28105.38357735834,32069.54681071369,1.0
2019-05-16,28365.669307541888,32366.544906658793,1.0
2019-05-17,28182.289307580493,32157.299817484905,1.0
2019-05-20,27995.951782265496,31944.68005464716,1.0
2019-05-21,28248.345183156962,32232.672636649302,1.0
2019-05-22,28161.583273095777,32133.673271334268,1.0
2019-05-23,27817.483087176202,31741.038992227222,1.0
2019-05-24,27880.579758894328,31813.03522247596,1.0
2019-05-28,27621.28770351744,31517.17095559387,1.0
2019-05-29,27435.918675437984,31305.656293042182,1.0
2019-05-30,27510.858876608454,31391.166539960737,1.0
2019-05-31,27140.134248487477,30968.15253687174,1.0
2019-06-03,27071.130918585844,30889.41653555425,1.0
2019-06-04,27658.75528634556,31559.92320617545,1.0
2019-06-05,27898.328268025434,31833.287094962736,1.0
2019-06-06,28079.7410604304,32040.287509032165,1.0
2019-06-07,28360.751288650816,32360.933218897655,1.0
2019-06-10,28490.88911822837,32509.42652111482,1.0
2019-06-11,28483.9803927145,32501.54334472409,1.0
2019-06-12,28433.702461703222,32444.173892438404,1.0
2019-06-13,28551.023229078666,32578.042331944307,1.0
2019-06-14,28519.48412499568,32542.05475070481,1.0
2019-06-17,28530.320551603436,32554.41961629726,1.0
2019-06-18,28829.06418241229,32895.29996138336,1.0
2019-06-19,28894.143168229508,32969.55810400271,1.0
2019-06-20,29170.20348596877,33284.55573632294,1.0
2019-06-21,29127.80445621166,33236.17647596586,1.0
2019-06-24,29092.142944484825,33195.48503631635,1.0
2019-06-25,28806.80385253743,32869.89989206999,1.0
2019-06-26,28778.077922400324,32837.12227283994,1.0
2019-06-27,28880.11086859493,32953.54659899142,1.0
2019-06-28,29028.72232135169,33123.11916247106,1.0
2019-07-01,29292.260993723252,33423.82901639605,1.0
2019-07-02,29368.55239121021,33510.88104101007,1.0
2019-07-03,29603.355062416227,33778.80178419424,1.0
2019-07-05,29569.67754329323,33740.37417216713,1.0
2019-07-08,29407.198284366506,33554.97779835218,1.0
2019-07-09,29443.84339987155,33596.791575553914,1.0
2019-07-10,29584.532310250892,33757.32415055828,1.0
2019-07-11,29653.881412129158,33836.454693745654,1.0
2019-07-12,29786.64442312161,33987.943449771155,1.0
2019-07-15,29796.54760109338,33999.24343536526,1.0
2019-07-16,29700.453204672358,33889.59527006663,1.0
2019-07-17,29498.337734792163,33658.97214035016,1.0
2019-07-18,29606.33608683621,33782.203271383245,1.0
2019-07-19,29441.86612128668,33594.53540893869,1.0
2019-07-22,29514.176105528033,33677.04445629352,1.0
2019-07-23,29725.204435582833,33917.837573044686,1.0
2019-07-24,29864.91645620292,34077.255471503995,1.0
2019-07-25,29722.240196210263,33914.455238373645,1.0
2019-07-26,29921.391426717895,34141.696033419066,1.0
2019-07-29,29866.883663759352,34079.50014660846,1.0
2019-07-30,29793.573290692373,33995.84960918344,1.0
2019-07-31,29467.621098032258,33623.92303249052,1.0
2019-08-01,29211.02807827886,33331.13849049576,1.0
2019-08-02,28991.08017403051,33080.16772570273,1.0
2019-08-05,28119.227884461925,32085.343807523863,1.0
2019-08-06,28513.535504193656,32535.267098341177,1.0
2019-08-07,28530.384334783597,32554.492395865498,1.0
2019-08-08,29090.155594871518,33193.21737819036,1.0
2019-08-09,28892.001396180032,32967.114242711534,1.0
2019-08-12,28540.290869764856,32565.796211963192,1.0
2019-08-13,28984.144592440785,33072.25390528328,1.0
2019-08-14,28127.155462353578,32094.38954175454,1.0
2019-08-15,28201.44776069403,32179.16050147999,1.0
2019-08-16,28617.575942058476,32653.98206564021,1.0
2019-08-19,28962.344172864963,33047.37861496191,1.0
2019-08-20,28740.415633022254,32794.147853050075,1.0
2019-08-21,28974.22462942161,33060.93476717124,1.0
2019-08-22,28965.318483265975,33050.77244114374,1.0
2019-08-23,28221.270901684977,32201.77962518613,1.0
2019-08-26,28533.34521714668,32557.870900032958,1.0
2019-08-27,28421.395664942374,32430.131266273016,1.0
2019-08-28,28621.533856237686,32658.49822937425,1.0
2019-08-29,28987.108831813348,33075.63623995433,1.0
2019-08-30,28974.224629421595,33060.93476717123,1.0
2019-09-03,28804.82321694307,32867.63989495118,1.0
2019-09-04,29131.7590133814,33240.68880919633,1.0
2019-09-05,29506.270348198024,33668.023620336215,1.0
2019-09-06,29529.04430052362,33694.00975669904,1.0
2019-09-09,29543.91920953817,33710.98271811172,1.0
2019-09-10,29536.973556920002,33703.05740618149,1.0
2019-09-11,29747.01828319658,33942.728185380416,1.0
2019-09-12,29850.054975226296,34060.29783210568,1.0
2019-09-13,29830.23183423534,34037.67870839954,1.0
2019-09-16,29738.102066012496,33932.55436784214,1.0
2019-09-17,29813.389717664362,34018.4610718824,1.0
2019-09-18,29831.228866051486,34038.81636796613,1.0
2019-09-19,29829.238159428685,34036.544879336536,1.0
2019-09-20,29688.310901376113,33875.74033857719,1.0
2019-09-23,29681.338392682093,33867.784382618236,1.0
2019-09-24,29448.44250286183,33602.03936547388,1.0
2019-09-25,29622.61086880473,33800.77355279346,1.0
2019-09-26,29560.915748545325,33730.37655779405,1.0
2019-09-27,29401.655861711795,33548.653636923074,1.0
2019-09-30,29538.004158830965,33704.23337078399,1.0
2019-10-01,29186.672974487254,33303.34818694146,1.0
2019-10-02,28671.096744229304,32715.05178439499,1.0
2019-10-03,28905.99005469133,32983.07595117611,1.0
2019-10-04,29297.14879952898,33429.40622962486,1.0
2019-10-07,29170.740607485874,33285.16861689753,1.0
2019-10-08,28717.88002836986,32768.433682442206,1.0
2019-10-09,28990.596764665093,33079.616133185584,1.0
2019-10-10,29186.672974487243,33303.34818694145,1.0
2019-10-11,29489.240239096045,33648.59147561794,1.0
2019-10-14,29456.401972343538,33611.12148948864,1.0
2019-10-15,29748.02202903168,33943.87350595418,1.0
2019-10-16,29700.245070084464,33889.35777884396,1.0
2019-10-17,29787.839518497167,33989.30710904961,1.0
2019-10-18,29657.446556198993,33840.522688559526,1.0
2019-10-21,29858.50792510185,34069.943040148355,1.0
2019-10-22,29760.973371613072,33958.6515888091,1.0
2019-10-23,29847.560717181193,34057.45176793739,1.0
2019-10-24,29896.331350935066,34113.101324110605,1.0
2019-10-25,30018.75812973256,34252.79595957874,1.0
2019-10-28,30187.96483566113,34445.8686625905,1.0
2019-10-29,30178.998263334823,34435.63738749836,1.0
2019-10-30,30271.571156809267,34541.26735452979,1.0
2019-10-31,30190.94921709058,34449.27398028309,1.0
2019-11-01,30470.631748060885,34768.40472597825,1.0
2019-11-04,30593.041741810972,34908.08020892843,1.0
2019-11-05,30559.203086232843,34869.46873272896,1.0
2019-11-06,30566.178951936352,34877.428519191504,1.0
2019-11-07,30673.67039554862,35000.08124418231,1.0
2019-11-08,30749.31724721504,35086.39781210682,1.0
2019-11-11,30690.59308034716,35019.39081278564,1.0
2019-11-12,30755.292724092924,35093.21610849919,1.0
2019-11-13,30765.236186178485,35104.56206013638,1.0
2019-11-14,30810.025406686753,35155.66863905041,1.0
2019-11-15,31032.98454844042,35410.07536556475,1.0
2019-11-18,31055.865925069447,35436.1840780425,1.0
2019-11-19,31046.912780781066,35425.96812496472,1.0
2019-11-20,30931.458510677596,35294.229445455545,1.0
2019-11-21,30881.70091613603,35237.453721226506,1.0
2019-11-22,30950.3618310705,35315.799011177696,1.0
2019-11-25,31190.240300613234,35589.51147579178,1.0
2019-11-26,31260.908707217917,35670.147406890515,1.0
2019-11-27,31400.258170813955,35829.15161096198,1.0
2019-11-29,31283.80015487538,35696.267610879026,1.0
2019-12-02,31018.04585624572,35393.02962458383,1.0
2019-12-03,30810.025406686764,35155.66863905041,1.0
2019-12-04,31000.132853649997,35372.59005742109,1.0
2019-12-05,31055.86592506945,35436.1840780425,1.0
2019-12-06,31339.53658330431,35759.86546200402,1.0
2019-12-09,31241.004997999386,35647.43635109818,1.0
2019-12-10,31206.169310605117,35607.68721533211,1.0
2019-12-11,31294.75071980552,35708.762713593576,1.0
2019-12-12,31564.483074671298,36016.539846644366,1.0
2019-12-13,31583.38975207368,36038.1132428701,1.0
2019-12-16,31800.373416949467,36285.70167299209,1.0
2019-12-17,31807.335854615045,36293.64613744027,1.0
2019-12-18,31809.336632266295,36295.929117580636,1.0
2019-12-19,31939.716166526552,36444.69821605637,1.0
2019-12-20,32079.740389028462,36604.47235134967,1.0
2019-12-23,32128.746013446078,36660.39004277428,1.0
2019-12-24,32129.753116290667,36661.53919385165,1.0
2019-12-26,32300.782678367945,36856.69186031344,1.0
2019-12-27,32292.78292477244,36847.56377025557,1.0
2019-12-30,32114.753997925283,36644.42450380608,1.0
2019-12-31,32192.770898285973,36733.445407266,1.0
2020-01-02,32493.827508627895,37076.964969326444,1.0
2020-01-03,32247.785569676285,36796.21970011888,1.0
2020-01-06,32370.806539152094,36936.59233472266,1.0
2020-01-07,32279.78794106779,36832.73589085397,1.0
2020-01-08,32451.821248980166,37029.03387788953,1.0
2020-01-09,32671.869863512973,37280.11955779029,1.0
2020-01-10,32577.846741942314,37172.83481320745,1.0
2020-01-13,32801.896911777614,37428.48645338894,1.0
2020-01-14,32751.884184515427,37371.41961088698,1.0
2020-01-15,32825.896172564135,37455.87072356256,1.0
2020-01-16,33098.95532382653,37767.44388567225,1.0
2020-01-17,33201.988658846756,37885.00970189391,1.0
2020-01-21,33136.96674219073,37810.81667783561,1.0
2020-01-22,33140.96158347426,37815.37497710916,1.0
2020-01-23,33178.97635884794,37858.751599776115,1.0
2020-01-24,32883.91201043131,37522.069486625995,1.0
2020-01-27,32356.804452602846,36920.61530424369,1.0
2020-01-28,32695.875838318447,37307.51148897109,1.0
2020-01-29,32668.85862600765,37276.683596068964,1.0
2020-01-30,32774.88977049527,37397.67005199759,1.0
2020-01-31,32179.77591458131,36718.61752786439,1.0
2020-02-03,32418.815131753552,36991.372366580676,1.0
2020-02-04,32912.9199293649,37555.16886815771,1.0
2020-02-05,33292.99718590262,37988.854654251845,1.0
2020-02-06,33405.02394932501,38116.68238959439,1.0
2020-02-07,33226.988308458895,37913.53546213773,1.0
2020-02-10,33475.03102506175,38196.56371148565,1.0
2020-02-11,33533.053576947896,38262.77013555627,1.0
2020-02-12,33749.08720814029,38509.27453316194,1.0
2020-02-13,33713.08999546526,38468.2000431533,1.0
2020-02-14,33767.107635039436,38529.83667643959,1.0
2020-02-18,33680.083878238656,38430.538531844446,1.0
2020-02-19,33841.112909069176,38614.28012810799,1.0
2020-02-20,33702.0857183834,38455.64365238128,1.0
2020-02-21,33355.01793608178,38059.6232080996,1.0
2020-02-24,32248.772530463983,36797.3458681747,1.0
2020-02-25,31271.57056933262,35682.31308629623,1.0
2020-02-26,31156.54599644284,35551.06471124673,1.0
2020-02-27,29757.263876135523,33954.418882340804,1.0
2020-02-28,29632.221986951583,33811.74028457511,1.0
2020-03-02,30915.50264460987,35276.023061886495,1.0
2020-03-03,30030.316313378957,34265.98438344331,1.0
2020-03-04,31292.57873467071,35706.28437777008,1.0
2020-03-05,30252.362348553528,34519.349212980844,1.0
2020-03-06,29752.25521798844,33948.703770982705,1.0
2020-03-09,27428.768245241416,31297.497320392875,1.0
2020-03-10,28848.0581420612,32916.97295070245,1.0
2020-03-11,27441.759871936592,31312.321369290887,1.0
2020-03-12,24816.215900022024,28316.45386657042,1.0
2020-03-13,26937.65622158323,28316.45386657042,0.0
2020-03-16,23990.042438474433,28316.45386657042,0.0
2020-03-17,25285.319369516495,28316.45386657042,0.0
2020-03-18,24005.048270858788,28316.45386657042,0.0
2020-03-19,24056.05802993713,28316.45386657042,0.0
2020-03-20,23019.379931813935,28316.45386657042,0.0
2020-03-23,22430.81560139927,28316.45386657042,0.0
2020-03-24,24463.11892869081,28316.45386657042,0.0
2020-03-25,24829.33677158226,28316.45386657042,0.0
2020-03-26,26279.11670702192,28316.45386657042,0.0
2020-03-27,25496.377912656633,28316.45386657042,0.0
2020-03-30,26324.389336895594,28316.45386657042,0.0
2020-03-31,25932.01367612073,28316.45386657042,0.0
2020-04-01,24764.94932971832,28316.45386657042,0.0
2020-04-02,25336.406339812926,28316.45386657042,0.0
2020-04-03,24970.195210940437,28316.45386657042,0.0
2020-04-06,26647.3470770978,28316.45386657042,0.0
2020-04-07,26674.515354835276,28316.45386657042,0.0
2020-04-08,27569.933850967198,28316.45386657042,0.0
2020-04-09,27989.479467984278,28316.45386657042,0.0
2020-04-13,27733.925442665543,28316.45386657042,0.0
2020-04-14,28551.8725524776,28316.45386657042,0.0
2020-04-15,27945.208905440966,28316.45386657042,0.0
2020-04-16,28080.021370722145,28316.45386657042,0.0
2020-04-17,28838.61487438846,28316.45386657042,0.0
2020-04-20,28330.5382033132,27817.576591089335,1.0
2020-04-21,27470.326344123303,27817.576591089335,0.0
2020-04-22,28080.021370722145,27817.576591089335,0.0
2020-04-23,28078.012200547193,27817.576591089335,0.0
2020-04-24,28469.384115486948,27817.576591089335,0.0
2020-04-27,28879.859092883784,27817.576591089335,0.0
2020-04-28,28747.06251179652,27817.576591089335,0.0
2020-04-29,29499.620112414268,27817.576591089335,0.0
2020-04-30,29224.963024638466,27558.580219394582,1.0
2020-05-01,28451.26969232231,26829.0022299932,1.0
2020-05-04,28529.749859991505,26829.0022299932,0.0
2020-05-05,28793.345601524266,26829.0022299932,0.0
2020-05-06,28598.15564220535,26829.0022299932,0.0
2020-05-07,28943.239431903137,27152.738273644667,1.0
2020-05-08,29422.15040459915,27602.02261614497,1.0
2020-05-11,29428.193021666673,27607.69142181229,1.0
2020-05-12,28841.636182922222,27057.420455685085,1.0
2020-05-13,28331.548663167276,26578.88822527787,1.0
2020-05-14,28670.596549816506,26896.961761934977,1.0
2020-05-15,28802.396099087626,27020.60786154877,1.0
2020-05-18,29679.71024308335,27843.649159041717,1.0
2020-05-19,29374.866926045783,27557.66421179815,1.0
2020-05-20,29873.876314510275,28025.80363181527,1.0
2020-05-21,29667.64179399572,27832.327294389477,1.0
2020-05-22,29723.97241310296,27885.173160554874,1.0
2020-05-26,30090.188577489673,28228.73427735957,1.0
2020-05-27,30537.896147050888,28648.745537261097,1.0
2020-05-28,30481.565527943647,28595.899671095704,1.0
2020-05-29,30617.386774574155,28723.318675814757,1.0
2020-06-01,30741.13621510754,28839.412666545082,1.0
2020-06-02,30995.678102067464,29078.207955944654,1.0
2020-06-03,31408.160571134507,29465.17322814217,1.0
2020-06-04,31325.665420124893,29387.78143343726,1.0
2020-06-05,32128.5412358677,30140.989343781726,1.0
2020-06-08,32516.893520778427,30505.31718534772,1.0
2020-06-09,32274.423439915623,30277.84690993687,1.0
2020-06-10,32094.31988120862,30108.885007685778,1.0
2020-06-11,30244.12760429429,28373.150251071143,1.0
2020-06-12,30606.315357302654,28712.932164097627,1.0
2020-06-15,30892.04721935944,28980.98793875004,1.0
2020-06-16,31486.640738803697,29538.798416414793,1.0
2020-06-17,31355.865077424573,29416.11286442796,1.0
2020-06-18,31367.933526512206,29427.4347290802,1.0
2020-06-19,31188.66250615673,29259.253862276604,1.0
2020-06-22,31388.736914271893,29446.951167258205,1.0
2020-06-23,31533.252815460666,29582.526953465243,1.0
2020-06-24,30728.87641647942,28827.911289713382,1.0
2020-06-25,31058.306470962845,29136.96197735,1.0
2020-06-26,30320.63385038809,28444.92362949245,1.0
2020-06-29,30766.26678808946,28862.9885994482,1.0
2020-06-30,31160.362916223825,29232.704955734636,1.0
2020-07-01,31378.635672740682,29437.47481378433,1.0
2020-07-02,31551.441092833913,29599.590058523892,1.0
2020-07-06,32038.506241561598,30056.524139338602,1.0
2020-07-07,31708.062370214626,29746.522352084467,1.0
2020-07-08,31950.592877248102,29974.049315551987,1.0
2020-07-09,31768.700032487217,29803.408816956067,1.0
2020-07-10,32093.074430690813,30107.716603851022,1.0
2020-07-13,31815.18454278388,29847.017679220204,1.0
2020-07-14,32227.47566231045,30233.80343923825,1.0
2020-07-15,32523.56389861908,30511.574916937163,1.0
2020-07-16,32416.44844006879,30411.085888474387,1.0
2020-07-17,32510.417849487738,30499.242115274254,1.0
2020-07-20,32773.160910612074,30745.73123369897,1.0
2020-07-21,32842.88264054285,30811.139803090457,1.0
2020-07-22,33029.82107055511,30986.51375441859,1.0
2020-07-23,32635.73165643971,30616.803696805116,1.0
2020-07-24,32425.539221745927,30419.61429166723,1.0
2020-07-27,32662.00361264551,30641.45040411205,1.0
2020-07-28,32454.842557513934,30447.10484981727,1.0
2020-07-29,32853.994341928126,30821.56410684537,1.0
2020-07-30,32736.78099885611,30711.6018742452,1.0
2020-07-31,32995.46879252624,30954.28659419985,1.0
2020-08-03,33224.85996444734,31169.487054677425,1.0
2020-08-04,33353.19507993309,31289.883039041957,1.0
2020-08-05,33560.35277805518,31484.22544400026,1.0
2020-08-06,33784.68493668697,31694.67985439969,1.0
2020-08-07,33808.94268720359,31717.43695981751,1.0
2020-08-10,33909.995386629475,31812.238286594074,1.0
2020-08-11,33630.084579014394,31549.64346140118,1.0
2020-08-12,34098.96145036884,31989.514437157242,1.0
2020-08-13,34037.31332824218,31931.680022004603,1.0
2020-08-14,34038.32378809625,31932.627972285638,1.0
2020-08-17,34146.45977752905,32034.0743990389,1.0
2020-08-18,34220.223346876104,32103.274769554522,1.0
2020-08-19,34077.73843642391,31969.604331919007,1.0
2020-08-20,34183.84343512013,32069.145410100748,1.0
2020-08-21,34305.112045646354,32182.912041170992,1.0
2020-08-24,34652.710235446124,32509.006937847356,1.0
2020-08-25,34773.9889170008,32622.783016927053,1.0
2020-08-26,35122.617708711536,32949.84475990335,1.0
2020-08-27,35199.4093006113,33021.885831925596,1.0
2020-08-28,35426.7728388053,33235.184093168136,1.0
2020-08-31,35298.437723319556,33114.788108803594,1.0
2020-09-01,35630.912585403115,33426.69524462925,1.0
2020-09-02,36146.27396705422,33910.175082649446,1.0
2020-09-03,34902.320675477065,32743.175851955093,1.0
2020-09-04,34617.357568591644,32475.841275357023,1.0
2020-09-08,33671.49664798383,31588.493676241236,1.0
2020-09-09,34336.42287308458,32212.285902537173,1.0
2020-09-10,33740.22470310795,31652.970042034103,1.0
2020-09-11,33757.402520627125,31669.085196811713,1.0
2020-09-14,34202.03171249339,32086.208515159393,1.0
2020-09-15,34374.82706155818,32248.314311889513,1.0
2020-09-16,34238.40826723989,32120.334725276694,1.0
2020-09-17,33937.277802689365,31837.83294418205,1.0
2020-09-18,33546.558826093846,31471.28482039635,1.0
2020-09-21,33173.20901655797,31121.031363567723,1.0
2020-09-22,33511.05173680318,31437.97428842785,1.0
2020-09-23,32733.90739873957,30708.906042216735,1.0
2020-09-24,32821.15607517564,30790.757297379943,1.0
2020-09-25,33351.77170791276,31288.547720373655,1.0
2020-09-28,33905.725270568444,31808.23233058917,1.0
2020-09-29,33721.069607003905,31634.99992806869,1.0
2020-09-30,33976.73944914977,31874.85339452616,1.0
2020-10-01,34194.86785425889,32079.487831107126,1.0
2020-10-02,33870.21146725882,31774.915499947703,1.0
2020-10-05,34470.83081872318,32338.379036597365,1.0
2020-10-06,33980.791359594485,31878.654643659745,1.0
2020-10-07,34572.29307330586,32433.56458242472,1.0
2020-10-08,34878.68397171461,32721.001373786414,1.0
2020-10-09,35190.167453507485,33013.21570859107,1.0
2020-10-12,35756.29017553526,33544.316663553276,1.0
2020-10-13,35522.93101840649,33325.39368735416,1.0
2020-10-14,35299.7335289796,33116.003752685596,1.0
2020-10-15,35256.10583375209,33075.07497576751,1.0
2020-10-16,35234.80225157959,33055.08928645371,1.0
2020-10-19,34699.110820505746,32552.537066699446,1.0
2020-10-20,34838.10779810619,32682.935343730325,1.0
2020-10-21,34772.16270384262,32621.06977788092,1.0
2020-10-22,34962.89119756001,32799.99933009706,1.0
2020-10-23,35081.60176686098,32911.36616676813,1.0
2020-10-26,34433.29609570541,32303.16630539383,1.0
2020-10-27,34314.59895444237,32191.812066068684,1.0
2020-10-28,33141.75719472151,31091.525230069296,1.0
2020-10-29,33478.59281212213,31407.523353984867,1.0
2020-10-30,33129.57796432097,31080.099437313158,1.0
2020-11-02,33500.91356816766,31428.463292252673,1.0
2020-11-03,34092.40856786007,31983.366932344674,1.0
2020-11-04,34854.349009979895,32698.171833629498,1.0
2020-11-05,35534.10314596244,33335.87467916575,1.0
2020-11-06,35525.98254002559,33328.256434216164,1.0
2020-11-09,35972.39430392677,33747.052050235696,1.0
2020-11-10,35919.62882888936,33697.55077941403,1.0
2020-11-11,36186.4674415817,33947.88208834661,1.0
2020-11-12,35835.42160304396,33618.55282310338,1.0
2020-11-13,36331.55067737292,34083.99011241907,1.0
2020-11-16,36785.05915931896,34509.44342576124,1.0
2020-11-17,36587.217162509296,34323.84042954006,1.0
2020-11-18,36146.89165679889,33910.75456056211,1.0
2020-11-19,36299.07161063499,34053.52028195721,1.0
2020-11-20,36050.51191457191,33820.337110168286,1.0
2020-11-23,36266.60932894446,34023.066198177745,1.0
2020-11-24,36850.99753956357,34571.30269293769,1.0
2020-11-25,36794.18686810041,34518.00647165538,1.0
2020-11-27,36896.652868518184,34614.13366909081,1.0
2020-11-30,36733.31757217355,34460.902702566535,1.0
2020-12-01,37135.07775295523,34837.80899404103,1.0
2020-12-02,37213.19872060985,34911.097203310084,1.0
2020-12-03,37203.05719496486,34901.58305779842,1.0
2020-12-04,37523.66167152021,35202.35413982426,1.0
2020-12-07,37446.54780671017,35130.010731499744,1.0
2020-12-08,37556.127310220225,35232.8113729402,1.0
2020-12-09,37219.28497880064,34916.806950351674,1.0
2020-12-10,37207.115819428545,34905.390605604975,1.0
2020-12-11,37163.48812420103,34864.46182868689,1.0
2020-12-14,36997.104663246784,34708.371264637106,1.0
2020-12-15,37497.28229101099,35177.60665374991,1.0
2020-12-16,37556.12731022022,35232.8113729402,1.0
2020-12-17,37766.12839537353,35429.82126589863,1.0
2020-12-18,37615.341600472464,35288.362519143506,1.0
2020-12-21,37480.84972959681,35162.19065167127,1.0
2020-12-22,37417.68423918431,35102.93273642883,1.0
2020-12-23,37451.304689146105,35134.473341294535,1.0
2020-12-24,37597.005614682006,35271.16084327966,1.0
2020-12-28,37919.99692497904,35574.17110354409,1.0
2020-12-29,37847.65337064285,35506.30290236029,1.0
2020-12-30,37901.64079713169,35556.95053166134,1.0
2020-12-31,38094.22236008312,35737.61851761546,1.0
2021-01-04,37575.604679234515,35251.083823207875,1.0
2021-01-05,37834.389826179635,35493.859873920504,1.0
2021-01-06,38060.588482083396,35706.065315403845,1.0
2021-01-07,38626.086800347526,36236.58049378042,1.0
2021-01-08,38846.15891394671,36443.03839618438,1.0
2021-01-11,38584.30546033508,36197.38385192735,1.0
2021-01-12,38592.45963636676,36205.03359024176,1.0
2021-01-13,38696.38593590919,36302.530749046775,1.0
2021-01-14,38560.870177141536,36175.39833394757,1.0
2021-01-15,38279.653492837984,35911.578416863245,1.0
2021-01-19,38580.21997979554,36193.55110942894,1.0
2021-01-20,39114.13555285342,36694.43733018431,1.0
2021-01-21,39149.78699355181,36727.88328362153,1.0
2021-01-22,39011.21971316507,36597.888121660326,1.0
2021-01-25,39165.078171742134,36742.228511296344,1.0
2021-01-26,39103.93360103777,36684.866496615985,1.0
2021-01-27,38148.22657161938,35788.28189359895,1.0
2021-01-28,38476.310465300536,36096.06969730634,1.0
2021-01-29,37706.021140599085,35373.43239619116,1.0
2021-02-01,38333.661061383726,35962.24494218321,1.0
2021-02-02,38875.707311406906,36470.75885589761,1.0
2021-02-03,38906.27623974961,36499.43671390131,1.0
2021-02-04,39348.47159974145,36914.27676329965,1.0
2021-02-05,39503.33380415361,37059.558804543725,1.0
2021-02-08,39788.632611987225,37327.20831478998,1.0
2021-02-09,39762.135736146134,37302.350601938764,1.0
2021-02-10,39744.81692422872,37286.10317502891,1.0
2021-02-11,39809.00630253323,37346.32163789831,1.0
2021-02-12,40005.6565609768,37530.80661966843,1.0
2021-02-16,39971.012223123005,37498.30546717577,1.0
2021-02-17,39980.18693003719,37506.91260378066,1.0
2021-02-18,39810.02347640627,37347.27588685232,1.0
2021-02-19,39739.72769785408,37281.32878092244,1.0
2021-02-22,39434.055199474475,36994.56594756786,1.0
2021-02-23,39481.95301076304,37039.500680490855,1.0
2021-02-24,39917.01136859626,37447.64524052879,1.0
2021-02-25,38955.18115388277,36545.31624776886,1.0
2021-02-26,38754.45884293758,36357.011120846255,1.0
2021-03-01,39693.87430534003,37238.31199391689,1.0
2021-03-02,39384.136468477765,36947.73531408279,1.0
2021-03-03,38862.460551991106,36458.33157414024,1.0
2021-03-04,38381.54880164385,36007.17022709675,1.0
2021-03-05,39087.63867701235,36669.5796173331,1.0
2021-03-08,38893.02612332433,36487.00628280745,1.0
2021-03-09,39448.33256080124,37007.96007562515,1.0
2021-03-10,39693.87430534003,37238.31199391688,1.0
2021-03-11,40096.33945811292,37615.87964605256,1.0
2021-03-12,40150.34366964916,37666.54302203604,1.0
2021-03-15,40389.78237094976,37891.16944660378,1.0
2021-03-16,40338.83975206105,37843.37826549175,1.0
2021-03-17,40476.37978754632,37972.409730489504,1.0
2021-03-18,39887.45961412657,37419.921631479076,1.0
2021-03-19,39813.672545713154,37350.69921560808,1.0
2021-03-22,40131.574629635536,37648.93508176603,1.0
2021-03-23,39815.71025046871,37352.61086285257,1.0
2021-03-24,39613.30607777306,37162.72791835255,1.0
2021-03-25,39836.15108120434,37371.78717269053,1.0
2021-03-26,40478.10529042004,37974.028489441174,1.0
2021-03-29,40457.66110267492,37954.84903026672,1.0
2021-03-30,40350.327438508306,37854.15529493263,1.0
2021-03-31,40513.88429747875,38007.5941176647,1.0
2021-04-01,40951.389915224296,38418.0345439979,1.0
2021-04-05,41539.17206242967,38969.455017940985,1.0
2021-04-06,41514.645751154494,38946.44596560461,1.0
2021-04-07,41562.684556841305,38991.51297065984,1.0
2021-04-08,41759.979361105405,39176.60262503447,1.0
2021-04-09,42063.57722762518,39461.41916844328,1.0
2021-04-12,42078.90533291979,39475.799038819394,1.0
2021-04-13,42203.62830620295,39592.80633712946,1.0
2021-04-14,42059.49510409513,39457.58957528137,1.0
2021-04-15,42511.31501027173,39881.45877237315,1.0
2021-04-16,42653.40379360505,40014.75758830381,1.0
2021-04-19,42443.84247669388,39818.160258424505,1.0
2021-04-20,42133.09417997755,39526.63562830937,1.0
2021-04-21,42531.76255502634,39900.64138088408,1.0
2021-04-22,42143.30955983114,39536.21905922363,1.0
2021-04-23,42600.255619486714,39964.89729312321,1.0
2021-04-26,42689.17608664479,40048.31691785437,1.0
2021-04-27,42679.98123767371,40039.69088523059,1.0
2021-04-28,42667.718082036125,40028.18635906242,1.0
2021-04-29,42939.62242203674,40283.27001674611,1.0
2021-04-30,42657.49598816357,40018.59662947519,1.0
2021-05-03,42749.49819002609,40104.9073450967,1.0
2021-05-04,42485.75809708561,39857.482873736866,1.0
2021-05-05,42499.045140615184,39869.94794753202,1.0
2021-05-06,42838.43208522209,40188.33956717379,1.0
2021-05-07,43150.20426983042,40480.82474491589,1.0
2021-05-10,42722.91738894795,40079.97089883344,1.0
2021-05-11,42341.63160899674,39722.27241056173,1.0
2021-05-12,41442.06720615459,38878.3573108671,1.0
2021-05-13,41939.89157027195,39345.38501510613,1.0
2021-05-14,42583.89355527165,39949.5474271107,1.0
2021-05-17,42475.53264620356,39847.889994813166,1.0
2021-05-18,42109.58168556592,39504.57767559053,1.0
2021-05-19,41999.17300071384,39400.99914803907,1.0
2021-05-20,42450.996263899935,39824.87149446734,1.0
2021-05-21,42416.244501742716,39792.269563207265,1.0
2021-05-24,42848.64410806621,40197.91984875157,1.0
2021-05-25,42753.587027575115,40108.74323693159,1.0
2021-05-26,42838.43208522209,40188.33956717379,1.0
2021-05-27,42860.91397772276,40209.43067359272,1.0
2021-05-28,42937.584717281185,40281.35836950162,1.0
2021-06-01,42899.761291447976,40245.87479536065,1.0
2021-06-02,42967.22711100687,40309.16701063633,1.0
2021-06-03,42807.75573257597,40159.56093040267,1.0
2021-06-04,43199.27703443767,40526.86174560753,1.0
2021-06-07,43157.35805703648,40487.53598095871,1.0
2021-06-08,43166.55962002651,40496.168312255446,1.0
2021-06-09,43102.162107134136,40435.75459052417,1.0
2021-06-10,43302.515147036305,40623.71329043377,1.0
2021-06-11,43374.06980414422,40690.84139754434,1.0
2021-06-14,43471.188088457246,40781.95170196418,1.0
2021-06-15,43391.4523992418,40707.14866184734,1.0
2021-06-16,43149.18373894792,40479.867346625404,1.0
2021-06-17,43134.88287855479,40466.451173212736,1.0
2021-06-18,42552.975497942854,39920.54203811289,1.0
2021-06-21,43162.15186657673,40492.033233454786,1.0
2021-06-22,43392.9059843475,40708.51232454398,1.0
2021-06-23,43340.60713362809,40659.44881149328,1.0
2021-06-24,43596.988661784126,40899.96993728491,1.0
2021-06-25,43751.85422320578,41045.25512786549,1.0
2021-06-28,43840.05293332525,41127.99764525307,1.0
2021-06-29,43863.64263895496,41150.12803271101,1.0
2021-06-30,43900.56974325649,41184.77073401133,1.0
2021-07-01,44143.6340147976,41412.798441979474,1.0
2021-07-02,44481.04032381015,41729.33195309695,1.0
2021-07-06,44400.02225697259,41653.325866444044,1.0
2021-07-07,44556.92888015928,41800.525853605584,1.0
2021-07-08,44193.88508973301,41459.94085977623,1.0
2021-07-09,44665.63891821349,41902.51081689724,1.0
2021-07-12,44825.630633114095,42052.605044285585,1.0
2021-07-13,44672.81284747644,41909.24094895895,1.0
2021-07-14,44739.48641279759,41971.789920824915,1.0
2021-07-15,44586.66527015046,41828.4226761618,1.0
2021-07-16,44236.94880736757,41500.340548165375,1.0
2021-07-19,43583.664691150254,40887.4702207885,1.0
2021-07-20,44208.232948258905,41473.40112389965,1.0
2021-07-21,44566.16065623465,41809.186528930666,1.0
2021-07-22,44659.48887684255,41896.7412324625,1.0
2021-07-23,45118.94262258114,42327.77202071401,1.0
2021-07-26,45229.70715043831,42431.68437793255,1.0
2021-07-27,45023.55991217029,42238.28992325529,1.0
2021-07-28,45005.09971702901,42220.97172194161,1.0
2021-07-29,45191.76287226375,42396.08742767823,1.0
2021-07-30,44972.27823532391,42190.180659158585,1.0
2021-08-02,44877.932840842994,42101.67170667276,1.0
2021-08-03,45243.03447808169,42444.187243765475,1.0
2021-08-04,45020.491605503776,42235.411429710875,1.0
2021-08-05,45305.602420806405,42502.88457711415,1.0
2021-08-06,45380.46037524457,42573.11163132286,1.0
2021-08-09,45343.54334197148,42538.478378031985,1.0
2021-08-10,45399.95452930629,42591.399828272944,1.0
2021-08-11,45512.7601189285,42697.226982072454,1.0
2021-08-12,45649.16548520887,42825.19397133935,1.0
2021-08-13,45732.23804184938,42903.127451919136,1.0
2021-08-16,45839.92083500212,43004.14871824735,1.0
2021-08-17,45539.42820225317,42722.245311084254,1.0
2021-08-18,45041.002933438554,42254.65387561498,1.0
2021-08-19,45110.73809140725,42320.075042352386,1.0
2021-08-20,45469.67961624657,42656.811547000936,1.0
2021-08-23,45869.657224993316,43032.045540803556,1.0
2021-08-24,45942.47411766645,43100.35779843131,1.0
2021-08-25,46038.890786997734,43190.80989152643,1.0
2021-08-26,45767.10729933848,42935.83960995609,1.0
2021-08-27,46176.30661313217,43319.72483107435,1.0
2021-08-30,46379.36875968627,43510.22504552479,1.0
2021-08-31,46310.65748960958,43445.764426414346,1.0
2021-09-01,46335.26436911232,43468.84906282629,1.0
2021-09-02,46477.833204801565,43602.598233873854,1.0
2021-09-03,46466.536867894785,43592.000716612434,1.0
2021-09-07,46300.39846863272,43436.140054125826,1.0
2021-09-08,46243.99399531688,43383.22490255784,1.0
2021-09-09,46046.05464523223,43197.53057557868,1.0
2021-09-10,45683.01085480598,42856.945581749336,1.0
2021-09-13,45799.90863898668,42966.6117767202,1.0
2021-09-14,45552.76224391551,42734.75447559014,1.0
2021-09-15,45933.245698600535,43091.70027244269,1.0
2021-09-16,45860.43216293688,43023.39116415142,1.0
2021-09-17,45413.70484014439,42604.299510502584,1.0
2021-09-20,44656.46085428983,41893.90053095586,1.0
2021-09-21,44614.276673139546,41854.32596872497,1.0
2021-09-22,45049.489453408925,42262.61539824107,1.0
2021-09-23,45596.83642140411,42776.102114260306,1.0
2021-09-24,45671.94279454394,42846.56221936867,1.0
2021-09-27,45541.27791447772,42723.98059548574,1.0
2021-09-28,44623.53866230028,41863.01498807839,1.0
2021-09-29,44698.6450354401,41933.47509318675,1.0
2021-09-30,44152.32531234639,41420.95207413096,1.0
2021-10-01,44677.03596540475,41913.2028142531,1.0
2021-10-04,44100.8791420354,41372.68849254665,1.0
2021-10-05,44559.75548214308,41803.17759492328,1.0
2021-10-06,44744.94491021525,41976.91074194438,1.0
2021-10-07,45131.796611887556,42339.83083010299,1.0
2021-10-08,45049.48945340893,42262.61539824107,1.0
2021-10-11,44723.332483170416,41956.635313674255,1.0
2021-10-12,44613.24607122859,41853.35912242504,1.0
2021-10-13,44773.74469456096,42003.92889962215,1.0
2021-10-14,45526.87634380013,42710.46994197861,1.0
2021-10-15,45873.59164010615,43035.73656316026,1.0
2021-10-18,46009.40952972717,43163.15241854282,1.0
2021-10-19,46364.359570292436,43496.144362114435,1.0
2021-10-20,46546.47397767913,43666.99271691816,1.0
2021-10-21,46667.87686858464,43780.885321447684,1.0
2021-10-22,46619.515789987556,43735.51598009019,1.0
2021-10-25,46869.529071156314,43970.06281457575,1.0
2021-10-26,46911.71325230659,44009.63737680664,1.0
2021-10-27,46703.88750929759,43814.668253888456,1.0
2021-10-28,47154.51903411759,44237.42258586568,1.0
2021-10-29,47250.21058940079,44327.194422280736,1.0
2021-11-01,47331.487145968444,44403.44300784272,1.0
2021-11-02,47522.860185506375,44582.97723266337,1.0
2021-11-03,47812.993086994,44855.16178744348,1.0
2021-11-04,48038.31220641347,45066.542102768566,1.0
2021-11-05,48204.987727192645,45222.906659092274,1.0
2021-11-08,48246.14466344144,45261.51752435972,1.0
2021-11-09,48086.669928001065,45111.90829478957,1.0
2021-11-10,47699.82494034774,44748.994505303934,1.0
2021-11-11,47715.25375592681,44763.4688557745,1.0
2021-11-12,48075.34337800894,45101.282433499815,1.0
2021-11-15,48091.81958054639,45116.739376952726,1.0
2021-11-16,48282.16201817337,45295.30675547345,1.0
2021-11-17,48164.86810687378,45185.268938797715,1.0
2021-11-18,48328.445107901105,45338.72665754868,1.0
2021-11-19,48242.03232682605,45257.65958716946,1.0
2021-11-22,48106.22115122398,45130.25003045984,1.0
2021-11-23,48170.00768839065,45190.09057295143,1.0
2021-11-24,48298.60800762547,45310.73535489803,1.0
2021-11-26,47221.4007340266,44300.1668165935,1.0
2021-11-29,47800.639292100386,44843.572229190286,1.0
2021-11-30,46870.563030076744,43971.03281021215,1.0
2021-12-01,46349.95799961482,43482.63370860731,1.0
2021-12-02,47059.87150878326,44148.63019309647,1.0
2021-12-03,46650.38349217412,43764.47412904077,1.0
2021-12-06,47202.88346972412,44282.79507655963,1.0
2021-12-07,48179.26632054189,45198.776442968374,1.0
2021-12-08,48306.84610889419,45318.46382662449,1.0
2021-12-09,47980.695852674646,45012.49004073064,1.0
2021-12-10,48432.36469342458,45436.21751768075,1.0
2021-12-13,48003.33552462097,45033.72916596422,1.0
2021-12-14,47673.069574776535,44723.89429354363,1.0
2021-12-15,48417.96983676594,45422.713162846594,1.0
2021-12-16,47990.98172972736,45022.13960771102,1.0
2021-12-17,47480.22280807602,44542.977510007426,1.0
2021-12-20,46975.34201002758,44069.329900483564,1.0
2021-12-21,47809.57900835084,44851.958912241455,1.0
2021-12-22,48287.61380157206,45300.42127791999,1.0
2021-12-23,48588.06950721671,45582.290042381785,1.0
2021-12-27,49275.68911641548,46227.371783295006,1.0
2021-12-28,49235.42178767941,46189.59549219525,1.0
2021-12-29,49298.40599957989,46248.683343267665,1.0
2021-12-30,49162.11477162191,46120.82343144116,1.0
2021-12-31,49038.21090865235,46004.58457123266,1.0
2022-01-03,49322.143413626814,46270.9523015308,1.0
2022-01-04,49305.63364099455,46255.463864713085,1.0
2022-01-05,48358.85961380765,45367.259646074235,1.0
2022-01-06,48313.42920448832,45324.639675465405,1.0
2022-01-07,48122.41200795548,45145.43928031183,1.0
2022-01-10,48062.53638683529,45089.2677148216,1.0
2022-01-11,48500.30720832993,45499.95693873688,1.0
2022-01-12,48631.4252846762,45622.963723044864,1.0
2022-01-13,47961.3561210491,44994.34671325875,1.0
2022-01-14,47980.97448446166,45012.751435658654,1.0
2022-01-18,47131.24488737917,44215.588236037045,1.0
2022-01-19,46641.85333108049,43756.471665040415,1.0
2022-01-20,46125.619126964084,43272.17299953494,1.0
2022-01-21,45220.14974444319,42422.718216968744,1.0
2022-01-24,45412.184114849064,42602.87286107633,1.0
2022-01-25,44857.74378581849,42082.731597070946,1.0
2022-01-26,44745.206756954845,41977.15639018998,1.0
2022-01-27,44524.25846388088,41769.876510964255,1.0
2022-01-28,45630.037245180676,42807.24905206578,1.0
2022-01-31,46451.88016449654,43578.25071353268,1.0
2022-02-01,46765.76390806901,43872.716823921866,1.0
2022-02-02,47220.04114518643,44298.891335318374,1.0
2022-02-03,46110.139956242776,43257.65140901713,1.0
2022-02-04,46326.949056625504,43461.048156360746,1.0
2022-02-07,46178.27382068858,43321.5703422527,1.0
2022-02-08,46558.22015385649,43678.01224526816,1.0
2022-02-09,47239.66286560846,44317.29920705478,1.0
2022-02-10,46390.96051342745,43521.09970439661,1.0
2022-02-11,45476.19221464153,42662.9212597757,1.0
2022-02-14,45327.51697870461,42523.44344566765,1.0
2022-02-15,46058.509150410275,43209.21461392633,1.0
2022-02-16,46110.13995624277,43257.65140901714,1.0
2022-02-17,45125.15980414172,42333.60459187839,1.0
2022-02-18,44832.96905584164,42059.4894938349,1.0
2022-02-22,44351.83909987805,41608.1234399201,1.0
2022-02-23,43565.09707170553,40870.051240707384,1.0
2022-02-24,44220.71095250334,41485.107207602676,1.0
2022-02-25,45196.395545348845,42400.43351202318,1.0
2022-02-28,45080.75663972386,42291.948318233,1.0
2022-03-01,44394.170989445534,41647.836572956185,1.0
2022-03-02,45210.85754219712,42414.00085358698,1.0
2022-03-03,44985.77677045085,42202.84414115209,1.0
2022-03-04,44620.279006093275,41859.95698235451,1.0
2022-03-07,43304.90533778747,40625.95561800887,1.0
2022-03-08,42976.58981045205,40317.95051008422,1.0
2022-03-09,44128.82960298215,41398.909868094524,1.0
2022-03-10,43929.56423415214,41211.97155320505,1.0
2022-03-11,43370.9880694398,40687.950306654035,1.0
2022-03-14,43054.02259116288,40390.593105374515,1.0
2022-03-15,44000.799975359274,41278.80047334985,1.0
2022-03-16,44976.481211195314,42194.123628433874,1.0
2022-03-17,45539.17642654201,42722.00911084811,1.0
2022-03-18,46037.960895371216,43189.93752532095,1.0
2022-03-21,46024.50600136753,43177.31498470171,1.0
2022-03-22,46563.04753349155,43682.54099112907,1.0
2022-03-23,45963.38828673903,43119.97816471322,1.0
2022-03-24,46656.268329796025,43769.994915893476,1.0
2022-03-25,46884.10856333646,43983.74038291644,1.0
2022-03-28,47217.59724228356,44296.598618359596,1.0
2022-03-29,47801.71689214411,44844.58316620099,1.0
2022-03-30,47506.55183344303,44567.67775603459,1.0
2022-03-31,46775.36495518742,43881.723926259954,1.0
2022-04-01,46907.93997364887,44006.09752260106,1.0
2022-04-04,47309.76729462018,44383.06680080519,1.0
2022-04-05,46712.19275075595,43822.45971234456,1.0
2022-04-06,46245.10516545539,43384.26733293332,1.0
2022-04-07,46478.11855060751,43602.8659274748,1.0
2022-04-08,46353.83870257597,43486.274341580334,1.0
2022-04-11,45561.55089473927,42742.99943849961,1.0
2022-04-12,45392.73024490112,42584.622456164,1.0
2022-04-13,45912.64037440027,43072.36964511709,1.0
2022-04-14,45340.955087660885,42536.05023960446,1.0
2022-04-18,45359.58649028575,42553.52905707872,1.0
2022-04-19,46091.81068447128,43240.45603182624,1.0
2022-04-20,46057.632970935476,43208.39263710455,1.0
2022-04-21,45368.915619636115,42562.28106316178,1.0
2022-04-22,44124.03243643245,41394.40946626195,1.0
2022-04-25,44379.849986995505,41634.40150352463,1.0
2022-04-26,43094.57190869545,40428.633940738735,1.0
2022-04-27,43215.72973790877,40542.29664370507,1.0
2022-04-28,44307.34193919472,41566.37898485321,1.0
2022-04-29,42669.94042231321,40030.27121981342,1.0
2022-05-02,42926.79193179672,40271.233252712496,1.0
2022-05-03,43123.56639959112,40455.83475993245,1.0
2022-05-04,44436.8050098664,41687.83314627565,1.0
2022-05-05,42857.39247477622,40206.12701962328,1.0
2022-05-06,42601.584995241596,39966.14443037005,1.0
2022-05-09,41237.59511561809,39966.14443037005,0.0
2022-05-10,41332.873758735,39966.14443037005,0.0
2022-05-11,40676.25277509262,39966.14443037005,0.0
2022-05-12,40633.79331916482,39966.14443037005,0.0
2022-05-13,41605.261508101,39966.14443037005,0.0
2022-05-16,41436.444215272335,39966.14443037005,0.0
2022-05-17,42288.80570778868,39966.14443037005,0.0
2022-05-18,40584.072651727554,38355.04176635661,1.0
2022-05-19,40335.516312673964,38355.04176635661,0.0
2022-05-20,40353.127184416306,38355.04176635661,0.0
2022-05-23,41108.13540195589,38355.04176635661,0.0
2022-05-24,40794.32215558254,38355.04176635661,0.0
2022-05-25,41154.73405057494,38355.04176635661,0.0
2022-05-26,41977.07716430361,38355.04176635661,0.0
2022-05-27,43007.568293951575,38355.04176635661,0.0
2022-05-31,42766.25302435056,38139.83180188837,1.0
2022-06-01,42420.33333929177,38139.83180188837,0.0
2022-06-02,43228.17417205838,38139.83180188837,0.0
2022-06-03,42518.72728720793,37513.893154725716,1.0
2022-06-06,42648.180286851166,37513.893154725716,0.0
2022-06-07,43057.275533350905,37513.893154725716,0.0
2022-06-08,42589.1539891299,37513.893154725716,0.0
2022-06-09,41576.26030318637,37513.893154725716,0.0
2022-06-10,40370.73134213969,37513.893154725716,0.0
2022-06-13,38837.93088370648,37513.893154725716,0.0
2022-06-14,38720.89881914649,37513.893154725716,0.0
2022-06-15,39272.91538733108,37513.893154725716,0.0
2022-06-16,37973.13502806897,37513.893154725716,0.0
2022-06-17,38054.9957042865,37513.893154725716,0.0
2022-06-21,39012.97878613365,37513.893154725716,0.0
2022-06-22,38942.249953358296,37513.893154725716,0.0
2022-06-23,39323.98221557061,37513.893154725716,0.0
2022-06-24,40574.24668497386,37513.893154725716,0.0
2022-06-27,40419.25355719189,37513.893154725716,0.0
2022-06-28,39593.38222649768,37513.893154725716,0.0
2022-06-29,39561.138150423474,37513.893154725716,0.0
2022-06-30,39239.727991592445,37513.893154725716,0.0
2022-07-01,39654.745002818374,37513.893154725716,0.0
2022-07-05,39729.643241370315,37513.893154725716,0.0
2022-07-06,39863.81955335467,37513.893154725716,0.0
2022-07-07,40460.87376074919,37513.893154725716,0.0
2022-07-08,40427.58901173559,37513.893154725716,0.0
2022-07-11,39965.75514627429,37513.893154725716,0.0
2022-07-12,39612.10091136907,37513.893154725716,0.0
2022-07-13,39404.07039078166,37513.893154725716,0.0
2022-07-14,39308.385549517436,37513.893154725716,0.0
2022-07-15,40059.37542670711,37513.893154725716,0.0
2022-07-18,39728.60592544039,37513.893154725716,0.0
2022-07-19,40802.04327739102,37513.893154725716,0.0
2022-07-20,41062.077231863426,37513.893154725716,0.0
2022-07-21,41480.21626190756,37513.893154725716,0.0
2022-07-22,41095.35862386754,37513.893154725716,0.0
2022-07-25,41145.29078290217,37513.893154725716,0.0
2022-07-26,40658.500908952,37513.893154725716,0.0
2022-07-27,41714.2501779422,37513.893154725716,0.0
2022-07-28,42237.45353374316,37513.893154725716,0.0
2022-07-29,42853.216354980636,37513.893154725716,0.0
2022-08-01,42726.31468254369,37513.893154725716,0.0
2022-08-02,42444.44338139115,37513.893154725716,0.0
2022-08-03,43109.104402742814,37513.893154725716,0.0
2022-08-04,43079.96891744892,37513.893154725716,0.0
2022-08-05,43007.15538178526,37513.893154725716,0.0
2022-08-08,42957.22657976012,37513.893154725716,0.0
2022-08-09,42786.65021396291,37513.893154725716,0.0
2022-08-10,43685.33508032077,37513.893154725716,0.0
2022-08-11,43685.33508032077,37513.893154725716,0.0
2022-08-12,44424.88762620542,37513.893154725716,0.0
2022-08-15,44607.95542428499,37513.893154725716,0.0
2022-08-16,44695.32831007189,37513.893154725716,0.0
2022-08-17,44378.07412897953,37513.893154725716,0.0
2022-08-18,44507.053790285805,37513.893154725716,0.0
2022-08-19,43908.97569499928,37513.893154725716,0.0
2022-08-22,42994.68073455031,37513.893154725716,0.0
2022-08-23,42890.657081732905,37513.893154725716,0.0
2022-08-24,43027.962126554434,37513.893154725716,0.0
2022-08-25,43635.406278295624,37513.893154725716,0.0
2022-08-26,42158.39931745254,37513.893154725716,0.0
2022-08-29,41879.64332109926,37513.893154725716,0.0
2022-08-30,41419.88073048833,37513.893154725716,0.0
2022-08-31,41104.72132331271,37513.893154725716,0.0
2022-09-01,41233.69762760951,37513.893154725716,0.0
2022-09-02,40798.914544553816,37513.893154725716,0.0
2022-09-06,40644.97551774918,37513.893154725716,0.0
2022-09-07,41375.16200717918,37513.893154725716,0.0
2022-09-08,41645.599334036175,37513.893154725716,0.0
2022-09-09,42292.57898644637,37513.893154725716,0.0
2022-09-12,42747.12142731286,37513.893154725716,0.0
2022-09-13,40888.375490238504,37513.893154725716,0.0
2022-09-14,41044.39250591247,37513.893154725716,0.0
2022-09-15,40578.402662712506,37513.893154725716,0.0
2022-09-16,40268.83939034332,37513.893154725716,0.0
2022-09-19,40581.11512637393,37513.893154725716,0.0
2022-09-20,40115.30320467653,37513.893154725716,0.0
2022-09-21,39415.541292181515,37513.893154725716,0.0
2022-09-22,39084.45623202349,37513.893154725716,0.0
2022-09-23,38429.607749387585,37513.893154725716,0.0
2022-09-26,38049.43985359386,37513.893154725716,0.0
2022-09-27,37952.29807021446,37513.893154725716,0.0
2022-09-28,38699.064829475836,37513.893154725716,0.0
2022-09-29,37890.6868751921,37513.893154725716,0.0
2022-09-30,37304.75779722077,37513.893154725716,0.0
2022-10-03,38289.640596046855,37513.893154725716,0.0
2022-10-04,39476.121885292916,37513.893154725716,0.0
2022-10-05,39384.21032268641,37513.893154725716,0.0
2022-10-06,38977.9349641515,37513.893154725716,0.0
2022-10-07,37890.68687519211,37513.893154725716,0.0
2022-10-10,37601.37644102755,37513.893154725716,0.0
2022-10-11,37363.24361641543,37513.893154725716,0.0
2022-10-12,37240.00779833279,37513.893154725716,0.0
2022-10-13,38222.81260828954,37513.893154725716,0.0
2022-10-14,37351.74921594922,37513.893154725716,0.0
2022-10-17,38311.5887240399,37513.893154725716,0.0
2022-10-18,38761.72341145658,37513.893154725716,0.0
2022-10-19,38487.0428246144,37513.893154725716,0.0
2022-10-20,38164.3234320854,37513.893154725716,0.0
2022-10-21,39091.76444166572,37513.893154725716,0.0
2022-10-24,39570.118150787726,37513.893154725716,0.0
2022-10-25,40201.99126052912,37513.893154725716,0.0
2022-10-26,39899.11850805746,37513.893154725716,0.0
2022-10-27,39686.04240221867,37513.893154725716,0.0
2022-10-28,40630.201319019136,37513.893154725716,0.0
2022-10-31,40336.71812206851,37513.893154725716,0.0
2022-11-01,40160.219991545135,37513.893154725716,0.0
2022-11-02,39152.3483917866,37513.893154725716,0.0
2022-11-03,38749.19505206992,37513.893154725716,0.0
2022-11-04,39306.92525039281,37513.893154725716,0.0
2022-11-07,39682.91702639098,37513.893154725716,0.0
2022-11-08,39897.02037713124,37513.893154725716,0.0
2022-11-09,39075.0599624835,37513.893154725716,0.0
2022-11-10,41222.39121967431,37513.893154725716,0.0
2022-11-11,41621.36508258595,37513.893154725716,0.0
2022-11-14,41267.3046495334,37513.893154725716,0.0
2022-11-15,41619.27702268817,37513.893154725716,0.0
2022-11-16,41301.77442289414,37513.893154725716,0.0
2022-11-17,41175.39644393638,37513.893154725716,0.0
2022-11-18,41362.35165899606,37513.893154725716,0.0
2022-11-21,41211.95763420438,37513.893154725716,0.0
2022-11-22,41766.53224361423,37513.893154725716,0.0
2022-11-23,42029.73857204709,37513.893154725716,0.0
2022-11-25,42020.335588488124,37513.893154725716,0.0
2022-11-28,41349.82329960941,37513.893154725716,0.0
2022-11-29,41278.79569299015,37513.893154725716,0.0
2022-11-30,42579.099745731444,37513.893154725716,0.0
2022-12-01,42547.77213324582,37513.893154725716,0.0
2022-12-02,42498.675869572195,37513.893154725716,0.0
2022-12-05,41734.16731519868,37513.893154725716,0.0
2022-12-06,41132.5643599561,37513.893154725716,0.0
2022-12-07,41062.60428235211,37513.893154725716,0.0
2022-12-08,41384.27964493222,37513.893154725716,0.0
2022-12-09,41075.12928472929,37513.893154725716,0.0
2022-12-12,41667.32589940343,37513.893154725716,0.0
2022-12-13,41982.7370822902,37513.893154725716,0.0
2022-12-14,41714.31731813186,37513.893154725716,0.0
2022-12-15,40693.91400197719,37513.893154725716,0.0
2022-12-16,40213.48901800482,37513.893154725716,0.0
2022-12-19,39872.48735183708,37513.893154725716,0.0
2022-12-20,39927.04211292837,37513.893154725716,0.0
2022-12-21,40524.052679199645,37513.893154725716,0.0
2022-12-22,39945.93200528335,37513.893154725716,0.0
2022-12-23,40175.709233294874,37513.893154725716,0.0
2022-12-27,40017.281884812866,37513.893154725716,0.0
2022-12-28,39519.95435809883,37513.893154725716,0.0
2022-12-29,40231.31138134452,37513.893154725716,0.0
2022-12-30,40125.340663027586,37513.893154725716,0.0
2023-01-03,39956.415945895504,37513.893154725716,0.0
2023-01-04,40264.88819018306,37513.893154725716,0.0
2023-01-05,39805.33037715053,37513.893154725716,0.0
2023-01-06,40718.14825342743,37513.893154725716,0.0
2023-01-09,40695.072170248466,37513.893154725716,0.0
2023-01-10,40980.45826032862,37513.893154725716,0.0
2023-01-11,41498.77381032384,37513.893154725716,0.0
2023-01-12,41649.85602205932,37513.893154725716,0.0
2023-01-13,41811.44231646384,37513.893154725716,0.0
2023-01-17,41734.85214513299,37513.893154725716,0.0
2023-01-18,41075.93160999547,37513.893154725716,0.0
2023-01-19,40776.91270440909,37513.893154725716,0.0
2023-01-20,41536.5502380243,37513.893154725716,0.0
2023-01-23,42034.92850870618,37513.893154725716,0.0
2023-01-24,41989.82037229712,37513.893154725716,0.0
2023-01-25,42005.55467573906,37513.893154725716,0.0
2023-01-26,42467.21061969781,37513.893154725716,0.0
2023-01-27,42564.78545730038,37513.893154725716,0.0
2023-01-30,42030.72217582529,37513.893154725716,0.0
2023-01-31,42648.72076537776,37513.893154725716,0.0
2023-02-01,43101.980828622145,37513.893154725716,0.0
2023-02-02,43729.415971828384,37513.893154725716,0.0
2023-02-03,43264.61115297556,37513.893154725716,0.0
2023-02-06,43000.213086176605,37513.893154725716,0.0
2023-02-07,43562.589385622516,37513.893154725716,0.0
2023-02-08,43086.239811161235,37513.893154725716,0.0
2023-02-09,42712.72550816075,37513.893154725716,0.0
2023-02-10,42812.40183369903,37513.893154725716,0.0
2023-02-13,43314.97972324284,37513.893154725716,0.0
2023-02-14,43295.042443929495,37513.893154725716,0.0
2023-02-15,43435.63400103385,37513.893154725716,0.0
2023-02-16,42837.582761823185,37513.893154725716,0.0
2023-02-17,42730.5612995384,37513.893154725716,0.0
2023-02-21,41873.34557131115,37513.893154725716,0.0
2023-02-22,41815.638578316306,37513.893154725716,0.0
2023-02-23,42038.07402659078,37513.893154725716,0.0
2023-02-24,41589.00686818937,37513.893154725716,0.0
2023-02-27,41730.65588328056,37513.893154725716,0.0
2023-02-28,41576.42143964151,37513.893154725716,0.0
2023-03-01,41416.936633172685,37513.893154725716,0.0
2023-03-02,41739.04840698544,37513.893154725716,0.0
2023-03-03,42408.45288273511,37513.893154725716,0.0
2023-03-06,42437.830072711724,37513.893154725716,0.0
2023-03-07,41787.30877529806,37513.893154725716,0.0
2023-03-08,41855.50642292402,37513.893154725716,0.0
2023-03-09,41083.28010375149,37513.893154725716,0.0
2023-03-10,40490.47587036111,37513.893154725716,0.0
2023-03-13,40432.7621633473,37513.893154725716,0.0
2023-03-14,41101.122609148086,37513.893154725716,0.0
2023-03-15,40844.06296507669,37513.893154725716,0.0
2023-03-16,41560.673708161645,37513.893154725716,0.0
2023-03-17,41074.71972957249,37513.893154725716,0.0
2023-03-20,41469.681966153206,37513.893154725716,0.0
2023-03-21,42014.20233216459,37513.893154725716,0.0
2023-03-22,41298.004501245916,37513.893154725716,0.0
2023-03-23,41409.648565587355,37513.893154725716,0.0
2023-03-24,41681.38169810438,37513.893154725716,0.0
2023-03-27,41759.314673228015,37513.893154725716,0.0
2023-03-28,41665.5802544728,37513.893154725716,0.0
2023-03-29,42271.184765017875,37513.893154725716,0.0
2023-03-30,42518.69371711309,37513.893154725716,0.0
2023-03-31,43117.98369282261,37513.893154725716,0.0
2023-04-03,43282.28580789803,37513.893154725716,0.0
2023-04-04,43042.15220563467,37513.893154725716,0.0
2023-04-05,42929.4506833064,37513.893154725716,0.0
2023-04-06,43096.91845832332,37513.893154725716,0.0
2023-04-10,43141.15377226707,37513.893154725716,0.0
2023-04-11,43152.73881198931,37513.893154725716,0.0
2023-04-12,42976.85165719164,37513.893154725716,0.0
2023-04-13,43547.69433455105,37513.893154725716,0.0
2023-04-14,43441.320775096276,37513.893154725716,0.0
2023-04-17,43597.19343936251,37513.893154725716,0.0
2023-04-18,43625.63402369366,37513.893154725716,0.0
2023-04-19,43618.26203087128,37513.893154725716,0.0
2023-04-20,43380.236630562584,37513.893154725716,0.0
2023-04-21,43413.937648751955,37513.893154725716,0.0
2023-04-24,43459.223706663564,37513.893154725716,0.0
2023-04-25,42769.358258121356,37513.893154725716,0.0
2023-04-26,42588.20731245598,37513.893154725716,0.0
2023-04-27,43436.05362721909,37513.893154725716,0.0
2023-04-28,43806.78832636851,37834.081126036384,1.0
2023-05-01,43762.54965541527,37795.87404604497,1.0
2023-05-02,43270.69741116631,37795.87404604497,0.0
2023-05-03,42973.69271126911,37536.447854649654,1.0
2023-05-04,42669.30930453057,37270.57654701903,1.0
2023-05-05,43459.22370666354,37270.57654701903,0.0
2023-05-08,43470.81210339526,37270.57654701903,0.0
2023-05-09,43280.1708919244,37107.12646358738,1.0
2023-05-10,43482.397143117494,37280.50921422434,1.0
2023-05-11,43406.56565592957,37215.49356093519,1.0
2023-05-12,43349.691201286245,37166.7311014184,1.0
2023-05-15,43499.24597370744,37294.95489857771,1.0
2023-05-16,43208.5558086458,37045.72582913621,1.0
2023-05-17,43733.065041135225,37495.42438670213,1.0
2023-05-18,44154.349589063975,37856.62118133086,1.0
2023-05-19,44090.106498607754,37801.54107344674,1.0
2023-05-22,44108.01278718451,37816.89339070931,1.0
2023-05-23,43612.99488299407,37392.47981761129,1.0
2023-05-24,43297.02307952382,37121.57502614046,1.0
2023-05-25,43671.97753959205,37443.04978654706,1.0
2023-05-26,44237.55642608376,37927.96023938675,1.0
2023-05-30,44254.405256673694,37942.40592374012,1.0
2023-05-31,44009.00114952366,37732.003768410395,1.0
2023-06-01,44427.13682255832,38090.500811709484,1.0
2023-06-02,45069.60465422477,38641.33355074754,1.0
2023-06-05,44983.242228291936,38567.28898496257,1.0
2023-06-06,45081.18633693752,38651.26333975314,1.0
2023-06-07,44925.3103156618,38517.61989253657,1.0
2023-06-08,45197.04680518831,38750.598646405415,1.0
2023-06-09,45278.13536922498,38820.1215604432,1.0
2023-06-12,45688.902406446745,39172.30095537496,1.0
2023-06-13,45990.12351025329,39430.55893731228,1.0
2023-06-14,46044.88976294194,39477.513887410074,1.0
2023-06-15,46615.73915432031,39966.94311379725,1.0
2023-06-16,46456.9593198427,39830.81002383,1.0
2023-06-20,46215.929396047664,39624.15816272471,1.0
2023-06-21,45979.125947190405,39421.12995505653,1.0
2023-06-22,46145.09985298784,39563.43102700609,1.0
2023-06-23,45796.242784632326,39264.33139115877,1.0
2023-06-26,45609.136504145965,39103.91205202362,1.0
2023-06-27,46109.16306648349,39532.6198990916,1.0
2023-06-28,46132.417071165,39552.557188495026,1.0
2023-06-29,46314.239418726764,39708.446241283855,1.0
2023-06-30,46860.78406145577,40177.037301757824,1.0
2023-07-03,46914.704347754974,40223.26694552825,1.0
2023-07-05,46844.92890567249,40163.44356451913,1.0
2023-07-06,46478.10176556006,39848.93692561472,1.0
2023-07-07,46360.75078509929,39748.32369829042,1.0
2023-07-10,46478.10176556006,39848.93692561472,1.0
2023-07-11,46774.09936261267,40102.716428800515,1.0
2023-07-12,47150.43691058749,40425.37700748838,1.0
2023-07-13,47524.666256607634,40746.230076757245,1.0
2023-07-14,47495.067504005216,40720.85298989858,1.0
2023-07-17,47659.977237796884,40862.241672539516,1.0
2023-07-18,48014.118239077005,41165.871594733166,1.0
2023-07-19,48120.88792565064,41257.41273656597,1.0
2023-07-20,47801.62960989755,40983.69018757732,1.0
2023-07-21,47801.62960989755,40983.69018757732,1.0
2023-07-24,48015.172340054334,41166.77534944266,1.0
2023-07-25,48146.26020331527,41279.166169987526,1.0
2023-07-26,48153.66240922299,41285.512600351976,1.0
2023-07-27,47834.407450479375,41011.79292956304,1.0
2023-07-28,48302.72034424085,41413.31042395394,1.0
2023-07-31,48394.68897600854,41492.16158325756,1.0
2023-08-01,48256.20562085884,41373.43008874767,1.0
2023-08-02,47584.92457680876,40797.89376158351,1.0
2023-08-03,47448.55278062321,40680.97265469231,1.0
2023-08-04,47233.949235470136,40496.97798171807,1.0
2023-08-07,47646.236997987224,40850.46120111926,1.0
2023-08-08,47439.03901575134,40672.81583670917,1.0
2023-08-09,47121.89561597189,40400.90655353893,1.0
2023-08-10,47138.80822974199,40415.406923686816,1.0
2023-08-11,47111.32103610372,40391.84022444686,1.0
2023-08-14,47371.38184665197,40614.80859971818,1.0
2023-08-15,46819.553270998375,40141.687252897886,1.0
2023-08-16,46475.98684958643,39847.12365979632,1.0
2023-08-17,46121.8492053158,39543.49661580239,1.0
2023-08-18,46144.0457520105,39562.52727229661,1.0
2023-08-21,46444.2698240009,39819.930428919535,1.0
2023-08-22,46318.47932170248,39712.08140751984,1.0
2023-08-23,46834.36103982328,40154.382991826504,1.0
2023-08-24,46185.276542467895,39597.877321156564,1.0
2023-08-25,46510.86617810396,39877.02815480161,1.0
2023-08-28,46805.813031188714,40129.90678147762,1.0
2023-08-29,47482.378008163396,40709.973394988105,1.0
2023-08-30,47677.95402357275,40877.65443199606,1.0
2023-08-31,47608.1752244808,40817.82817278723,1.0
2023-09-01,47696.97819630701,40893.96518976265,1.0
2023-09-05,47490.84102906744,40717.22933646149,1.0
2023-09-06,47171.57935630485,40443.503909273124,1.0
2023-09-07,47026.75796725322,40319.33837370741,1.0
2023-09-08,47097.57743928459,40380.05687482689,1.0
2023-09-11,47407.32534717529,40645.625484032105,1.0
2023-09-12,47147.26789363651,40422.6599869605,1.0
2023-09-13,47202.24563792252,40469.796263640135,1.0
2023-09-14,47609.2326824676,40818.73480569645,1.0
2023-09-15,47035.62047228558,40326.93682094648,1.0
2023-09-18,47063.208376208306,40350.5898661778,1.0
2023-09-19,46965.61003953936,40266.91196595754,1.0
2023-09-20,46533.84155099847,39896.72655362895,1.0
2023-09-21,45764.707037558816,39237.293583066436,1.0
2023-09-22,45661.80798291787,39149.0710055013,1.0
2023-09-25,45853.82556827632,39313.701150814755,1.0
2023-09-26,45180.16776151301,38736.127058254664,1.0
2023-09-27,45198.204973459564,38751.591625306,1.0
2023-09-28,45460.239705583204,38976.25238200783,1.0
2023-09-29,45349.90823194921,38881.657470280836,1.0
2023-10-02,45331.87102000265,38866.192903229494,1.0
2023-10-03,44725.06134305355,38345.932401529855,1.0
2023-10-04,45050.75504598357,38625.172459365975,1.0
2023-10-05,45033.77529202383,38610.61452522384,1.0
2023-10-06,45568.446192215146,39069.02539331728,1.0
2023-10-09,45860.187101244635,39319.15533926856,1.0
2023-10-10,46098.88054644023,39523.803973374466,1.0
2023-10-11,46287.71568680981,39685.70558536118,1.0
2023-10-12,46005.52882676596,39443.76699578959,1.0
2023-10-13,45776.37264550861,39247.29532706482,1.0
2023-10-16,46258.01286691346,39660.23927431145,1.0
2023-10-17,46255.887879911366,39658.41737389389,1.0
2023-10-18,45639.52415397663,39129.965515814554,1.0
2023-10-19,45238.522657337875,38786.15880384433,1.0
2023-10-20,44682.62538619214,38309.549078973374,1.0
2023-10-23,44605.175820433906,38243.14613342316,1.0
2023-10-24,44941.47767332689,38531.48130234845,1.0
2023-10-25,44296.46187146363,37978.46400972917,1.0
2023-10-26,43766.03087424803,37523.68830787169,1.0
2023-10-27,43567.65846994021,37353.60973050384,1.0
2023-10-30,44088.53541817017,37800.19407598162,1.0
2023-10-31,44365.42827426096,38037.593744607744,1.0
2023-11-01,44838.56854765748,38443.25009018417,1.0
2023-11-02,45697.87233578251,39179.9915050048,1.0
2023-11-03,46114.7927713847,39537.44664000824,1.0
2023-11-06,46220.884342043006,39628.40638549928,1.0
2023-11-07,46352.42204457452,39741.182884805516,1.0
2023-11-08,46386.371481465576,39770.290118490644,1.0
2023-11-09,46024.623496699336,39460.138195750136,1.0
2023-11-10,46742.82210526926,40075.90024208598,1.0
2023-11-13,46698.274589443696,40037.70653191081,1.0
2023-11-14,47604.250880396365,40814.463557324154,1.0
2023-11-15,47705.038376073164,40900.87574727059,1.0
2023-11-16,47763.38320086959,40950.898858261135,1.0
2023-11-17,47822.79219767178,41001.83435856031,1.0
2023-11-20,48190.91514344423,41317.45198255346,1.0
2023-11-21,48085.88103077276,41227.39886997163,1.0
2023-11-22,48271.53708316292,41386.574826831304,1.0
2023-11-24,48301.23654604979,41412.03825968132,1.0
2023-11-27,48214.24635934383,41337.45547055025,1.0
2023-11-28,48261.98303417726,41378.38347045161,1.0
2023-11-29,48228.03359728622,41349.27623676649,1.0
2023-11-30,48417.93626667106,41512.093116261545,1.0
2023-12-01,48704.36974370957,41757.67262846852,1.0
2023-12-04,48448.69990156371,41538.4689384202,1.0
2023-12-05,48439.14585257806,41530.27758204051,1.0
2023-12-06,48243.95253624967,41362.924659799704,1.0
2023-12-07,48612.07548202213,41678.542283792856,1.0
2023-12-08,48821.06275031189,41857.72172864931,1.0
2023-12-11,49010.9519916588,42020.52709534552,1.0
2023-12-12,49234.80074092519,42212.44833032598,1.0
2023-12-13,49913.74919463206,42794.55846563182,1.0
2023-12-14,50073.949044120534,42931.90903407714,1.0
2023-12-15,49991.497534234186,42861.21757095638,1.0
2023-12-18,50272.707504518774,43102.31860441184,1.0
2023-12-19,50578.40350196477,43364.41322656495,1.0
2023-12-20,49877.530419331226,42763.50556894154,1.0
2023-12-21,50350.45920113039,43168.98058793613,1.0
2023-12-22,50451.66296598296,43255.74967464683,1.0
2023-12-26,50664.68535967004,43438.38871555684,1.0
2023-12-27,50756.29479142317,43516.9319074913,1.0
2023-12-28,50775.46331556515,43533.3664278455,1.0
2023-12-29,50628.473298388184,43407.34157526599,1.0
2024-01-02,50345.13498409203,43164.41576319327,1.0
2024-01-03,49933.98524778932,42811.90825349437,1.0
2024-01-04,49773.13749547084,42674.00219250467,1.0
2024-01-05,49841.31164403043,42732.452672251275,1.0
2024-01-08,50552.84994578814,43342.50437035897,1.0
2024-01-09,50476.15570716335,43276.7490197439,1.0
2024-01-10,50761.625722480545,43521.50248863359,1.0
2024-01-11,50739.24454026434,43502.31353115523,1.0
2024-01-12,50774.402500568875,43532.456916736584,1.0
2024-01-16,50587.99112104528,43372.63336494177,1.0
2024-01-17,50306.79457879861,43131.54384428516,1.0
2024-01-18,50754.15973339268,43515.101372474615,1.0
2024-01-19,51386.868738495075,44057.56718495056,1.0
2024-01-22,51495.52506439758,44150.72587502139,1.0
2024-01-23,51645.700883572936,44279.48213912737,1.0
2024-01-24,51702.16914006894,44327.89633647903,1.0
2024-01-25,51983.362325306116,44568.98297893594,1.0
2024-01-26,51917.32659178655,44512.36591240574,1.0
2024-01-29,52328.47632808924,44864.87342210463,1.0
2024-01-30,52288.00086476528,44830.17096817983,1.0
2024-01-31,51434.80011987845,44098.6621204352,1.0
2024-02-01,52107.9845883048,44675.83038683593,1.0
2024-02-02,52656.54679373245,45146.15124533666,1.0
2024-02-05,52464.81791118943,44981.768625198405,1.0
2024-02-06,52617.14221643324,45112.36693711992,1.0
2024-02-07,53055.99063797157,45488.62247264062,1.0
2024-02-08,53079.42592116511,45508.71518482848,1.0
2024-02-09,53386.192804635844,45771.72795268964,1.0
2024-02-12,53362.75752144229,45751.635240501775,1.0
2024-02-13,52627.787293500514,45121.49370840593,1.0
2024-02-14,53106.053720375996,45531.54506494223,1.0
2024-02-15,53472.47130533162,45845.700563481805,1.0
2024-02-16,53206.18324219433,45617.393127745156,1.0
2024-02-20,52913.25395180823,45366.24429909591,1.0
2024-02-21,52961.18869020109,45407.34211278026,1.0
2024-02-22,54057.24892905063,46347.071440473104,1.0
2024-02-23,54094.52851934777,46379.0338482723,1.0
2024-02-26,53896.404533741625,46209.16825768313,1.0
2024-02-27,53996.52734154099,46295.01056408663,1.0
2024-02-28,53925.17074799251,46233.83155101327,1.0
2024-02-29,54119.02461753761,46400.03607156908,1.0
2024-03-01,54627.10800263183,46835.65159794531,1.0
2024-03-04,54568.52818717168,46785.42701297494,1.0
2024-03-05,54023.16185477084,46317.84620059981,1.0
2024-03-06,54296.90919297704,46552.548996096004,1.0
2024-03-07,54835.883779324235,47014.64971621993,1.0
2024-03-08,54506.745784665734,46732.45662547954,1.0
2024-03-11,54459.87521827865,46692.271201103824,1.0
2024-03-12,55045.72708503189,47194.56310200289,1.0
2024-03-13,54959.44187031714,47120.58473481129,1.0
2024-03-14,54850.79561544308,47027.434679339596,1.0
2024-03-15,54474.16265063385,46704.52081907711,1.0
2024-03-18,54797.90928806433,46982.0915210804,1.0
2024-03-19,55102.42026116318,47243.17013873524,1.0
2024-03-20,55612.088154732875,47680.14417537541,1.0
2024-03-21,55795.87099583211,47837.71409679592,1.0
2024-03-22,55690.08827004616,47747.01914567837,1.0
2024-03-25,55536.22645445961,47615.10261828886,1.0
2024-03-26,55433.649672728934,47527.15634789605,1.0
2024-03-27,55899.50523554962,47926.567000097944,1.0
2024-03-28,55888.826588387514,47917.411446814804,1.0
2024-04-01,55791.5941657521,47834.04727036313,1.0
2024-04-02,55436.86568781266,47529.91366321993,1.0
2024-04-03,55497.758482805875,47582.121327791705,1.0
2024-04-04,54820.34753944173,47001.32940795385,1.0
2024-04-05,55393.039929025705,47492.338765982786,1.0
2024-04-08,55424.02512654416,47518.904549322404,1.0
2024-04-09,55488.13729363058,47573.87240741777,1.0
2024-04-10,54932.535439319254,47097.515964121456,1.0
2024-04-11,55347.102611274604,47452.95348112694,1.0
2024-04-12,54583.147963465606,46797.96157271967,1.0
2024-04-15,53899.32177498145,46211.66941323264,1.0
2024-04-16,53801.01510931182,46127.38421287319,1.0
2024-04-17,53482.61283097661,45854.39560481104,1.0
2024-04-18,53372.55998912961,45760.039583660124,1.0
2024-04-19,52906.70442630894,45360.62893145824,1.0
2024-04-22,53393.927354482286,45778.359324825535,1.0
2024-04-23,54027.539395135325,46321.599373023935,1.0
2024-04-24,54001.89184269317,46299.609927226025,1.0
2024-04-25,53796.73827923181,46123.7173864404,1.0
2024-04-26,54306.406172801515,46560.69142308059,1.0
2024-04-29,54498.73260303233,46725.58636276755,1.0
2024-04-30,53635.400403528954,45985.391108292795,1.0
2024-05-01,53461.238751605015,45836.070107246225,1.0
2024-05-02,53961.292170018394,46264.8009799119,1.0
2024-05-03,54630.156167241475,46838.26500328359,1.0
2024-05-06,55194.31503872232,47321.95797764521,1.0
2024-05-07,55255.22461876295,47374.18003321555,1.0
2024-05-08,55260.555549820296,47378.750614357836,1.0
2024-05-09,55578.96789918393,47651.747857019116,1.0
2024-05-10,55650.55612638667,47713.12546587259,1.0
2024-05-13,55658.028829493516,47719.532338430996,1.0
2024-05-14,55913.396540786,47938.47699050525,1.0
2024-05-15,56605.78646045863,48532.111437457024,1.0
2024-05-16,56489.30494545368,48432.24366385806,1.0
2024-05-17,56570.51100482223,48501.867314885756,1.0
2024-05-20,56635.67727288598,48557.73892769062,1.0
2024-05-21,56774.583611230395,48676.83307536419,1.0
2024-05-22,56611.09724945908,48536.66474940105,1.0
2024-05-23,56197.61774857589,48182.15976910218,1.0
2024-05-24,56569.44347580695,48500.95204737742,1.0
2024-05-28,56608.962191428545,48534.83421438436,1.0
2024-05-29,56212.566511799036,48194.976392418685,1.0
2024-05-30,55839.67325555271,47875.2688466351,1.0
2024-05-31,56348.27026309767,48311.32473756723,1.0
2024-06-03,56394.21429486774,48350.71577882251,1.0
2024-06-04,56457.25221891993,48404.7626130101,1.0
2024-06-05,57128.251274173526,48980.05717139847,1.0
2024-06-06,57127.190459177225,48979.14766028955,1.0
2024-06-07,57057.74064701449,48919.60346465248,1.0
2024-06-10,57234.037356968955,49070.75500071573,1.0
2024-06-11,57371.86945227915,49188.928124481536,1.0
2024-06-12,57843.06601718562,49592.91799242485,1.0
2024-06-13,57959.54081817161,49692.78000962438,1.0
2024-06-14,57994.80284577008,49723.012619396795,1.0
2024-06-17,58456.371507482305,50118.74781056676,1.0
2024-06-18,58604.8856069641,50246.079365815414,1.0
2024-06-20,58445.67607527279,50109.577866285064,1.0
2024-06-21,58367.32347396392,50042.40068501238,1.0
2024-06-24,58177.59872608163,49879.736350102045,1.0
2024-06-25,58401.6388248885,50071.821642466086,1.0
2024-06-26,58474.52621476076,50134.31311460802,1.0
2024-06-27,58566.7096951353,50213.348478693195,1.0
2024-06-28,58336.24428017998,50015.75431208083,1.0
2024-07-01,58456.30436729269,50118.69024657253,1.0
2024-07-02,58849.705594464285,50455.980714395315,1.0
2024-07-03,59112.3244462378,50681.142277847,1.0
2024-07-05,59453.18847501676,50973.388920180594,1.0
2024-07-08,59521.79232079004,51032.207809490304,1.0
2024-07-09,59579.67387827795,51081.833728920625,1.0
2024-07-10,60169.23859751824,51587.30891870091,1.0
2024-07-11,59650.42621011969,51142.49466604587,1.0
2024-07-12,60026.67983285745,51465.083289740935,1.0
2024-07-15,60191.74398908528,51606.60436956861,1.0
2024-07-16,60548.68809328283,51912.637588521575,1.0
2024-07-17,59699.73396539067,51184.76966341232,1.0
2024-07-18,59240.944907529505,50791.4176216037,1.0
2024-07-19,58847.55039437687,50454.13291018034,1.0
2024-07-22,59454.26943206995,50974.31570048777,1.0
2024-07-23,59361.011708661186,50894.35931249484,1.0
2024-07-24,58015.74387091856,49740.96682919883,1.0
2024-07-25,57713.451881087276,49481.79070155346,1.0
2024-07-26,58359.823914781235,50035.9707868563,1.0
2024-07-29,58394.13255168684,50065.38598791057,1.0
2024-07-30,58098.27259202299,49811.72449091296,1.0
2024-07-31,59042.64635743029,50621.40236462952,1.0
2024-08-01,58206.54957585404,49904.55794441635,1.0
2024-08-02,57122.833060869656,48975.41175706367,1.0
2024-08-05,55459.20322890562,47549.06520410205,1.0
2024-08-06,55970.509343102516,47987.443802201575,1.0
2024-08-07,55596.4075634427,47666.70010452176,1.0
2024-08-08,56881.65207164793,48768.63037697134,1.0
2024-08-09,57132.46767808287,48983.67219023645,1.0
2024-08-12,57162.49277088948,49009.41480845851,1.0
2024-08-13,58102.562850140916,49815.40283014458,1.0
2024-08-14,58285.8689958937,49972.56404720601,1.0
2024-08-15,59284.90158968624,50829.10476862961,1.0
2024-08-16,59417.80559507692,50943.05269521854,1.0
2024-08-19,59985.932451765424,51430.14770163947,1.0
2024-08-20,59888.384470238714,51346.51297441489,1.0
2024-08-21,60094.20272157751,51522.975398743445,1.0
2024-08-22,59622.54960338149,51118.59409563933,1.0
2024-08-23,60256.05757674059,51661.74491964666,1.0
2024-08-26,60112.4178550266,51538.592510379494,1.0
2024-08-27,60194.96000416897,51609.36168489247,1.0
2024-08-28,59845.50874513516,51309.752607696166,1.0
2024-08-29,59850.87324628733,51314.35197083558,1.0
2024-08-30,60422.20940404059,51804.19853618096,1.0
2024-09-03,59178.78651996158,50738.1248757406,1.0
2024-09-04,59057.64547579567,50634.2621609417,1.0
2024-09-05,58914.00575408169,50511.10975167453,1.0
2024-09-06,57922.47943349082,49661.00468480646,1.0
2024-09-09,58570.993239234274,50217.02106152541,1.0
2024-09-10,58826.11253182509,50435.752726821,1.0
2024-09-11,59429.59541237757,50953.16093260628,1.0
2024-09-12,59930.20609436495,51382.36958642411,1.0
2024-09-13,60243.193516405736,51650.71565835117,1.0
2024-09-16,60332.167695715536,51726.9994635119,1.0
2024-09-17,60356.81485933206,51748.131205795704,1.0
2024-09-18,60177.8191137541,51594.66559716418,1.0
2024-09-19,61204.714886246875,52475.09537619545,1.0
2024-09-20,61098.91537541351,52384.38603407934,1.0
2024-09-23,61251.59888067189,52515.29231337001,1.0
2024-09-24,61426.848203667985,52665.5458511232,1.0
2024-09-25,61291.36601499516,52549.38746715563,1.0
2024-09-26,61534.37321737507,52757.73458789116,1.0
2024-09-27,61445.12376328776,52681.214770354076,1.0
2024-09-30,61691.36040878931,52892.33071921232,1.0
2024-10-01,61138.695937774704,52418.4927006638,1.0
2024-10-02,61164.49791265302,52440.61454364846,1.0
2024-10-03,61052.68935484696,52344.753224048276,1.0
2024-10-04,61607.4687418352,52820.40450841522,1.0
2024-10-07,61050.53415475954,52342.905419833325,1.0
2024-10-08,61627.912929580314,52837.93274465989,1.0
2024-10-09,62054.7701132491,53203.907350810165,1.0
2024-10-10,61946.17757052675,53110.80334653385,1.0
2024-10-11,62317.12711828301,53428.844414684325,1.0
2024-10-14,62826.77486979582,53865.80118212624,1.0
2024-10-15,62338.63212102443,53447.28216203792,1.0
2024-10-16,62609.58978435112,53679.59317357364,1.0
2024-10-17,62614.960999522256,53684.198293112466,1.0
2024-10-18,62855.81300181476,53890.69760963304,1.0
2024-10-21,62752.59167426354,53802.19872489557,1.0
2024-10-22,62719.256570107704,53773.6182017577,1.0
2024-10-23,62146.1613393859,53282.263459763366,1.0
2024-10-24,62280.57599904347,53397.50657622259,1.0
2024-10-25,62259.057568264114,53379.05731607015,1.0
2024-10-28,62451.535063921605,53544.08177474413,1.0
2024-10-29,62552.607905404366,53630.738611666064,1.0
2024-10-30,62363.366566887475,53468.48873751423,1.0
2024-10-31,61140.85785188106,52420.34626127818,1.0
2024-11-01,61398.88431468325,52641.570447524166,1.0
2024-11-04,61266.638283151035,52528.18664807874,1.0
2024-11-05,62007.46313562935,53163.347760471916,1.0
2024-11-06,63549.324162654346,54485.29337528854,1.0
2024-11-07,64040.68964052843,54906.575467100156,1.0
2024-11-08,64318.099476079435,55144.41837848189,1.0
2024-11-11,64379.39175520102,55196.96854881937,1.0
2024-11-12,64179.39455830394,55025.496922791026,1.0
2024-11-13,64210.57446237236,55052.229641713944,1.0
2024-11-14,63797.68915216748,54698.23410276406,1.0
2024-11-15,62980.53933210739,53997.63424172411,1.0
2024-11-18,63238.57922294751,54218.869940768935,1.0
2024-11-19,63469.75632391302,54417.07428572019,1.0
2024-11-20,63491.26132665443,54435.51203307378,1.0
2024-11-21,63832.105213376504,54727.7414062091,1.0
2024-11-22,64029.94721018616,54897.365228022485,1.0
2024-11-25,64247.125581611894,55083.56748017566,1.0
2024-11-26,64582.59153914387,55371.18597737273,1.0
2024-11-27,64386.91145644059,55203.41571617372,1.0
2024-11-29,64786.87899415889,55546.33594263271,1.0
2024-12-02,64903.01138017771,55645.90438346164,1.0
2024-12-03,64933.11032719294,55671.710322077364,1.0
2024-12-04,65336.32073607081,56017.410889457926,1.0
2024-12-05,65228.802436382684,55925.22790908939,1.0
2024-12-06,65352.45452364109,56031.24351727268,1.0
2024-12-09,65015.90760905592,55742.698239768426,1.0
2024-12-10,64813.768640109345,55569.39032232397,1.0
2024-12-11,65314.80901931042,55998.967385704906,1.0
2024-12-12,64978.275532763175,55710.43362099949,1.0
2024-12-13,64965.37118831453,55699.36982130745,1.0
2024-12-16,65242.78102386555,55937.21273268919,1.0
2024-12-17,64973.965132588346,55706.73801256958,1.0
2024-12-18,63037.521211054096,54046.48880363163,1.0
2024-12-19,63018.157980362164,54029.887347694144,1.0
2024-12-20,63775.08305031594,54678.85230590496,1.0
2024-12-23,64156.98316300234,55006.282061515216,1.0
2024-12-24,64870.08583117866,55617.6750006886,1.0
2024-12-26,64874.39623135349,55621.37060911851,1.0
2024-12-27,64191.50664851479,55035.88146735105,1.0
2024-12-30,63458.97360945691,54407.829508245944,1.0
2024-12-31,63228.11206738272,54209.8957140676,1.0
2025-01-02,63072.75638257671,54076.698387806355,1.0
2025-01-03,63861.37162204016,54752.83355129627,1.0
2025-01-06,64229.25957714889,55068.249701309614,1.0
2025-01-07,63503.21228041015,54445.75842404765,1.0
2025-01-08,63595.99330847249,54525.30610768152,1.0
2025-01-10,62625.04545600602,53692.84440504659,1.0
2025-01-13,62722.13017022421,53776.081940710945,1.0
2025-01-14,62808.44559802429,53850.08621169995,1.0
2025-01-15,63950.92320698085,54829.61240680741,1.0
2025-01-16,63827.93580759987,54724.16668216705,1.0
2025-01-17,64468.75534761068,55273.586225146624,1.0
2025-01-21,65058.87733042496,55779.53919607906,1.0
2025-01-22,65424.616799465235,56093.11329827687,1.0
2025-01-23,65781.6884700231,56399.25588881889,1.0
2025-01-24,65589.66752765514,56234.62286530571,1.0
2025-01-27,64661.86396105078,55439.15178536643,1.0
2025-01-28,65217.46917237159,55915.51110686246,1.0
2025-01-29,64925.100502568974,55664.84293756508,1.0
2025-01-30,65273.5648008151,55963.60582404612,1.0
2025-01-31,64926.18145962217,55665.769717872274,1.0
2025-02-03,64489.253247507506,55291.16051258669,1.0
2025-02-04,64921.8777734663,55662.079865841784,1.0
2025-02-05,65185.10088694657,55887.75950524159,1.0
2025-02-06,65411.65202884593,56081.99769099002,1.0
2025-02-07,64812.915959700935,55568.65925959718,1.0
2025-02-10,65253.06690091827,55946.03153660605,1.0
2025-02-11,65302.69692909952,55988.58284114484,1.0
2025-02-12,65092.31985888423,55808.2118216077,1.0
2025-02-13,65779.53326993568,56397.408084603914,1.0
2025-02-14,65776.30382681404,56394.6392564812,1.0
2025-02-18,65969.41244025415,56560.20481670099,1.0
2025-02-19,66124.76141104118,56693.3963865628,1.0
2025-02-20,65849.66791203272,56457.539432982194,1.0
2025-02-21,64723.36437476024,55491.88040408602,1.0
2025-02-24,64428.84050487021,55239.36443057369,1.0
2025-02-25,64108.42737785532,54964.65178088418,1.0
2025-02-26,64140.795663280354,54992.403382505065,1.0
2025-02-27,63116.98833951097,54114.62154720862,1.0
2025-02-28,64101.96177759306,54959.10836823932,1.0
2025-03-03,62978.88768344221,53996.21816746587,1.0
2025-03-04,62233.43015787881,53357.08513947047,1.0
2025-03-05,62902.29415510188,53930.54916284216,1.0
2025-03-06,61785.71251728914,52973.22540031127,1.0
2025-03-07,62132.014901428876,53270.13472617793,1.0
2025-03-10,60477.08308103259,51851.2455886695,1.0
2025-03-11,59974.35076905262,51420.21791263384,1.0
2025-03-12,60292.60869598009,51693.08275810837,1.0
2025-03-13,59488.8734858099,51003.984183116656,1.0
2025-03-14,60717.66652256654,52057.51464921313,1.0
2025-03-17,61185.88206305303,52458.9486758124,1.0
2025-03-18,60524.551195107466,51891.94333259391,1.0
2025-03-19,61183.72686296561,52457.10087159743,1.0
2025-03-20,61006.79232120958,52305.40247758894,1.0
2025-03-21,61026.91423604443,52322.654406661284,1.0
2025-03-24,62119.822242990405,53259.68110482477,1.0
2025-03-25,62269.14873876683,53387.709184403684,1.0
2025-03-26,61525.7591310443,52750.34912743072,1.0
2025-03-27,61362.36005151952,52610.25563466008,1.0
2025-03-28,60126.631433173156,51550.77880795908,1.0
2025-03-31,60530.25139720783,51896.83051570449,1.0
2025-04-01,60701.21046208598,52043.40571422603,1.0
2025-04-02,61085.353057106346,52372.75810724374,1.0
2025-04-03,58075.02194435088,49791.790079709186,1.0
2025-04-04,54675.13673729015,46876.83000122155,1.0
2025-04-07,54577.74653520908,46876.83000122155,0.0
2025-04-08,53722.90756969506,46876.83000122155,0.0
2025-04-09,59364.858841527435,46876.83000122155,0.0
2025-04-10,56763.54576405363,44822.73076992021,1.0
2025-04-11,57776.36223877908,45622.490537476995,1.0
2025-04-14,58336.86868394355,46065.08849622399,1.0
2025-04-15,58173.47631843773,45936.06745093253,1.0
2025-04-16,56880.39655010161,44915.00075152165,1.0
2025-04-17,56961.555611337404,44979.0871418686,1.0
2025-04-21,55605.723264755055,43908.46853582488,1.0
2025-04-22,57052.45671408984,45050.86623178481,1.0
2025-04-23,57936.511733125335,45748.95088401452,1.0
2025-04-24,59156.012567635924,46711.91676014511,1.0
2025-04-25,59583.44044291664,47049.430640213526,1.0
2025-04-28,59606.15396907156,47067.36613479855,1.0
2025-04-29,59981.64219364742,47363.866421574116,1.0
2025-04-30,60005.44339087449,47382.660784064174,1.0
2025-05-01,60430.689209991935,47718.45162666876,1.0
2025-05-02,61327.7358557226,48426.79497887541,1.0
2025-05-05,60976.06225641173,48149.09965789738,1.0
2025-05-06,60466.40779087996,47746.65642453819,1.0
2025-05-07,60720.701259138215,47947.456559745864,1.0
2025-05-08,61143.77845013031,48281.53496819408,1.0
2025-05-09,61065.87568809202,48220.01987990855,1.0
2025-05-12,63083.941938170574,49813.56445126293,1.0
2025-05-13,63500.54681488147,50142.53206551076,1.0
2025-05-14,63581.70587611727,50206.6184558577,1.0
2025-05-15,63892.25610927416,50451.84114770973,1.0
2025-05-16,64296.96374438099,50771.4142315394,1.0
2025-05-19,64367.286379009034,50826.943752758285,1.0
2025-05-20,64150.866691726216,50656.05024626893,1.0
2025-05-21,63069.87606844119,49802.45748668843,1.0
2025-05-22,63094.77165075939,49822.11601873727,1.0
2025-05-23,62664.094190300144,49482.03613826119,1.0
2025-05-27,63966.92942819084,50510.806140548826,1.0
2025-05-28,63596.845988880916,50218.57368502982,1.0
2025-05-29,63847.8965859796,50416.81312148356,1.0
2025-05-30,63776.47956626044,50360.419430705886,1.0
2025-06-02,64135.733292981575,50644.10031875057,1.0
2025-06-03,64501.47276202185,50932.902604303126,1.0
2025-06-04,64484.16402113288,50919.23494097467,1.0
2025-06-05,64172.5126888659,50673.142777910114,1.0
2025-06-06,64831.50707821201,51193.510695293706,1.0
2025-06-09,64889.91904319807,51239.635082786954,1.0
2025-06-10,65257.84056840161,51530.160405803326,1.0
2025-06-11,65071.72124870293,51383.19326261938,1.0
2025-06-12,65330.33854517396,51587.40766283232,1.0
2025-06-13,64599.940564146615,51010.656657978514,1.0
2025-06-16,65214.56200216023,51495.985945828455,1.0
2025-06-17,64657.278286098444,51055.93278087419,1.0
2025-06-18,64647.54967261973,51048.25068461237,1.0
2025-06-20,64495.71213375081,50928.3537853986,1.0
2025-06-23,65132.76510912287,51431.39589837669,1.0
2025-06-24,65852.31323550454,51999.579430794955,1.0
2025-06-25,65889.20676971125,52028.712018067985,1.0
2025-06-26,66404.70914576059,52435.77299183024,1.0
2025-06-27,66734.63603764735,52696.29625636108,1.0
2025-06-30,67053.70636086946,52948.246746802644,1.0
2025-07-01,67032.00665157809,52931.1118019316,1.0
2025-07-02,67335.88314988484,53171.06464997119,1.0
2025-07-03,67866.5860648685,53590.128567789165,1.0
2025-07-07,67360.83915837372,53190.770896903654,1.0
2025-07-08,67323.94562416701,53161.63830963062,1.0
2025-07-09,67727.66629848615,53480.432050361254,1.0
2025-07-10,67918.6801380095,53631.26409911791,1.0
2025-07-11,67679.91619561477,53442.726688998955,1.0
2025-07-14,67809.0536363667,53544.69869693518,1.0
2025-07-15,67519.29000592207,53315.889925046264,1.0
2025-07-16,67745.0287515268,53494.14212691959,1.0
2025-07-17,68159.59928049162,53821.50334008576,1.0
2025-07-18,68109.68726351389,53782.09084622084,1.0
2025-07-21,68238.82470426582,53884.06285415706,1.0
2025-07-22,68248.58688783935,53891.771458687545,1.0
2025-07-23,68829.2286758766,54350.26907698537,1.0
2025-07-24,68852.00934222116,54368.25758810774,1.0
2025-07-25,69142.86064373792,54597.9252279017,1.0
2025-07-28,69125.49819069724,54584.215151343364,1.0
2025-07-29,68943.17900573215,54440.24874417335,1.0
2025-07-30,68856.35331249081,54371.68775807419,1.0
2025-07-31,68598.05828893006,54167.72783724054,1.0
2025-08-01,67473.70853117607,53279.89699784033,1.0
2025-08-04,68499.29506997089,54089.7405108008,1.0
2025-08-05,68151.99901102448,53815.5018680579,1.0
2025-08-06,68674.02741350676,54227.71604925043,1.0
2025-08-07,68616.50169902394,54182.29148005019,1.0
2025-08-08,69151.54858427723,54604.78556783461,1.0
2025-08-11,69014.79073200126,54496.796182909326,1.0
2025-08-12,69749.53268329827,55076.97735772958,1.0
2025-08-13,69988.296625693,55265.51476784853,1.0
2025-08-14,69994.80922408799,55270.65737197134,1.0
2025-08-15,69830.92002117884,55141.2440043035,1.0
2025-08-18,69815.73291028247,55129.25166355526,1.0
2025-08-19,69436.9682444522,54830.16416975708,1.0
2025-08-20,69252.48043136176,54684.4853284307,1.0
2025-08-21,68974.64761261603,54465.097595228624,1.0
2025-08-22,70033.86467240108,55301.49709174699,1.0
2025-08-25,69725.65763186259,55058.124677048414,1.0
2025-08-26,70017.59660445152,55288.65118474743,1.0
2025-08-27,70177.12840905308,55414.623779141344,1.0
2025-08-28,70425.65453502134,55610.869793790785,1.0
2025-08-29,70005.65907873369,55279.22484440686,1.0
2025-09-02,69486.89368946788,54869.58726692947,1.0
2025-09-03,69863.48301315383,55166.95702491756,1.0
2025-09-04,70447.36095833169,55628.01004031559,1.0
2025-09-05,70243.32863603729,55466.89808496704,1.0
2025-09-08,70415.89235144781,55603.16118926031,1.0
2025-09-09,70578.68045524688,55731.705085715636,1.0
2025-09-10,70782.71277754128,55892.81704106418,1.0
2025-09-11,71370.93469298878,56357.30022642867,1.0
2025-09-12,71347.05292753414,56338.44224409379,1.0
2025-09-15,71726.8985504176,56638.38330414327,1.0
2025-09-16,71628.14204547738,56560.40127935728,1.0
2025-09-17,71539.14772411069,56490.12785910176,1.0
2025-09-18,71873.41187224814,56754.075991945305,1.0
2025-09-19,72229.39587173384,57035.17497462111,1.0
2025-09-22,72571.11929494019,57305.013244764086,1.0
2025-09-23,72176.07313312242,56993.069240658886,1.0
2025-09-24,71946.43354249967,56811.736777965605,1.0
2025-09-25,71614.51258698064,56549.63892227552,1.0
2025-09-26,72024.79957184648,56873.61768035884,1.0
2025-09-29,72227.22052958953,57033.45723881102,1.0
2025-09-30,72499.28600604527,57248.29085145485,1.0
2025-10-01,72746.32833382249,57443.365200628876,1.0
2025-10-02,72830.11257647318,57509.52453758615,1.0
2025-10-03,72829.04504745793,57508.68157464231,1.0
2025-10-06,73090.22709917316,57714.921206581945,1.0
2025-10-07,72819.24257977061,57500.94116018942,1.0
2025-10-08,73253.4650422428,57843.820313837496,1.0
2025-10-09,73041.2483308314,57676.24564258616,1.0
2025-10-10,71067.10519281476,56117.38448996521,1.0
2025-10-13,72157.56258283892,56978.45258131187,1.0
2025-10-14,72069.40751384273,56908.841867773204,1.0
2025-10-15,72389.36408756807,57161.49217650778,1.0
2025-10-16,71896.37381710473,56772.2076477185,1.0
2025-10-17,72304.48545982626,57094.46866999173,1.0
2025-10-20,73056.48915387949,57688.28039656428,1.0
2025-10-21,73055.40148280734,57687.42152865924,1.0
2025-10-22,72675.5894300187,57387.50697687843,1.0
2025-10-23,73106.54887927444,57727.809526811376,1.0
2025-10-24,73704.01599883525,58199.59308936875,1.0
2025-10-27,74573.55530887077,58886.2155662237,1.0
2025-10-28,74771.61886830624,59042.61435140195,1.0
2025-10-29,74807.54558378214,59070.98350053717,1.0
2025-10-30,73984.79627190615,58421.30824856043,1.0
2025-10-31,74227.47448735683,58612.9365228068,1.0
2025-11-03,74366.78366683908,58722.94053615132,1.0
2025-11-04,73485.2732609909,58026.86521068712,1.0
2025-11-05,73739.92928627321,58227.95163519648,1.0
2025-11-06,72948.74929156555,57603.20475908103,1.0
2025-11-07,73020.56915242253,57659.91654908279,1.0
2025-11-10,74160.00531078843,58559.66020442521,1.0
2025-11-11,74329.77599430997,58693.71782076478,1.0
2025-11-12,74371.14106514663,58726.381309425225,1.0
2025-11-13,73137.02381135161,57751.873733113855,1.0
2025-11-14,73125.04600152,57742.41558285087,1.0
2025-11-17,72443.78121127056,57204.46208002875,1.0
2025-11-18,71835.43066696925,56724.08453676717,1.0
2025-11-19,72112.94792682369,56943.22309224372,1.0
2025-11-20,71013.78245420333,56075.27875600295,1.0
2025-11-21,71721.16477822239,56633.855691853656,1.0
2025-11-24,72776.79655188072,57467.42410527761,1.0
2025-11-25,73461.33106936558,58007.95951346861,1.0
2025-11-26,73968.47449180485,58408.419928330964,1.0
2025-11-28,74372.22202219984,58727.23487567654,1.0
2025-12-01,74032.67394113781,58459.114341343666,1.0
2025-12-02,74169.8010644568,58567.39531722438,1.0
2025-12-03,74426.63914590237,58770.20477919757,1.0
2025-12-04,74481.04955558594,58813.16938106484,1.0
2025-12-05,74622.5340772125,58924.89113021947,1.0
2025-12-08,74398.34626998845,58747.86361035889,1.0
2025-12-09,74334.12667859861,58697.15329238499,1.0
2025-12-10,74827.13037709988,59086.448424481736,1.0
2025-12-11,75001.24503089106,59223.936210787746,1.0
2025-12-12,74194.83764117323,58587.16518400165,1.0
2025-12-15,74082.74038055172,58498.64877324449,1.0
2025-12-16,73880.31942280868,58338.8092147923,1.0
2025-12-17,73067.36586460103,57696.869075614726,1.0
2025-12-18,73619.13065707448,58132.56428119893,1.0
2025-12-19,74286.3698617083,58659.44262936895,1.0
2025-12-22,74749.16718889092,59024.88562131258,1.0
2025-12-23,75090.80332985074,59294.654969956995,1.0
2025-12-24,75354.94626392904,59503.2326311937,1.0
2025-12-26,75347.29899632915,59497.194047589706,1.0
2025-12-29,75078.79194992429,59285.17031142533,1.0
2025-12-30,74987.11202097202,59212.77622967587,1.0
2025-12-31,74431.53366572708,58774.069684770264,1.0
2026-01-02,74567.97595911176,58881.80989197002,1.0
2026-01-05,75064.60522785354,59273.967917083595,1.0
2026-01-06,75511.02706278316,59626.48017556791,1.0
2026-01-07,75267.62373328439,59434.27932271816,1.0
2026-01-08,75259.98317970344,59428.246040767895,1.0
2026-01-09,75757.70683353634,59821.26823544025,1.0
2026-01-12,75876.67253555794,59915.20823796816,1.0
2026-01-13,75724.9692770683,59795.417371829084,1.0
2026-01-14,75352.75749374682,59501.50429207613,1.0
2026-01-15,75557.9647693599,59663.54403682827,1.0
2026-01-16,75494.65157053019,59613.54944210858,1.0
2026-01-20,73957.82605772812,58400.01150550748,1.0
2026-01-21,74811.37257459159,59074.00544316601,1.0
2026-01-22,75202.13519231036,59382.56699218837,1.0
2026-01-23,75229.41425136075,59404.10761131309,1.0
2026-01-26,75611.44193040747,59705.7717088264,1.0
2026-01-27,75912.6999613183,59943.65691190939,1.0
2026-01-28,75905.0526937184,59937.61832830539,1.0
2026-01-29,75754.43039228194,59818.68102841763,1.0
2026-01-30,75528.49022610829,59640.26977693225,1.0
2026-02-02,75903.96502264624,59936.759460400346,1.0
2026-02-03,75262.1652358667,59429.96907823171,1.0
2026-02-04,74897.60743416408,59142.09988373649,1.0
2026-02-05,73962.19017005464,58403.45758043513,1.0
2026-02-06,75381.13765190727,59523.91438241337,1.0
2026-02-09,75744.60778253773,59810.924709003535,1.0
2026-02-10,75544.86571836128,59653.200510391565,1.0
2026-02-11,75527.40255503614,59639.4109090272,1.0
2026-02-12,74360.59334135435,58718.052411407756,1.0
2026-02-13,74412.9761173108,58759.4159138471,1.0
2026-02-17,74533.04291844249,58854.22538758753,1.0
2026-02-18,74908.51771498044,59150.71507105562,1.0
2026-02-19,74710.95770696725,58994.713909907485,1.0
2026-02-20,75251.24824103135,59421.348589258814,1.0
2026-02-23,74482.83548463033,58814.57962095826,1.0
2026-02-24,75024.21368976659,59242.07316821465,1.0
2026-02-25,75657.29867993097,59741.982003835445,1.0
2026-02-26,75237.0615189606,59410.14619491707,1.0
2026-02-27,74875.77344449342,59124.85890579073,1.0
2026-03-02,74918.3470387436,59158.476692123455,1.0
2026-03-03,74257.9897035478,58637.03253903168,1.0
2026-03-04,74781.89803133997,59050.73118326998,1.0
2026-03-05,74364.95073966193,58721.493184681676,1.0
2026-03-06,73390.2363225567,57951.820302070206,1.0
2026-03-09,74033.14392246529,58459.48545710509,1.0
2026-03-10,73914.1580783868,58365.529549615974,1.0
2026-03-11,73821.39047836239,58292.276599961464,1.0
2026-03-12,72700.41115812829,57407.10719073615,1.0
2026-03-13,72288.92236386791,57082.17943663429,1.0
2026-03-16,73024.5975638009,57663.09754132367,1.0
2026-03-17,73216.69236037746,57814.783156331636,1.0
2026-03-18,72195.05366473342,57008.057015767256,1.0
2026-03-19,72017.13887620866,56867.5684934473,1.0
2026-03-20,70984.71075208961,56052.32259533101,1.0
2026-03-23,71730.05413933063,56640.87508139858,1.0
2026-03-24,71489.26927722777,56450.74187350544,1.0
2026-03-25,71887.66573450851,56765.33140282434,1.0
2026-03-26,70603.84459832363,55751.57568391382,1.0
2026-03-27,69399.91357379036,54800.904342794354,1.0
2026-03-30,69167.87707839748,54617.679189717725,1.0
2026-03-31,71178.44376929334,56205.30181385027,1.0
2026-04-01,71714.73274805496,56628.77670757564,1.0
2026-04-02,71779.31489646886,56679.77331485122,1.0
2026-04-06,72118.59441677234,56947.6817830347,1.0
2026-04-07,72150.33158441477,56972.74270023936,1.0
2026-04-08,73987.97200287605,58423.81593077695,1.0
2026-04-09,74414.81575850691,58760.86856697043,1.0
2026-04-10,74365.5684294066,58721.98093682526,1.0
2026-04-13,75092.29384206068,59295.831937086085,1.0
2026-04-14,76007.28706048189,60018.34660972601,1.0
2026-04-15,76607.06380256629,60491.953941168176,1.0
2026-04-16,76795.31146627651,60640.601708586066,1.0
2026-04-17,77723.43730579114,61373.48641593137,1.0
2026-04-20,77568.00776677653,61250.75313196945,1.0
2026-04-21,77060.17951440295,60849.75194842614,1.0
2026-04-22,77840.54322455975,61465.95786037473,1.0
2026-04-23,77538.46608333533,61227.42585553609,1.0
2026-04-24,78139.33049649186,61701.8920548833,1.0
2026-04-27,78273.96000475627,61808.20081557463,1.0
2026-04-28,77893.08042295236,61507.44330084997,1.0
2026-04-29,77881.0354729311,61497.93213404964,1.0
2026-04-30,78655.92725763231,62109.81719820433,1.0
2026-05-01,78873.73003282171,62281.80284536307,1.0
2026-05-04,78584.78551269068,62053.6408752298,1.0
2026-05-05,79215.21175134534,62551.45025597159,1.0
2026-05-06,80316.2571492756,63420.87905525811,1.0
2026-05-07,80070.00036171715,63226.42499957106,1.0
2026-05-08,80731.06266890415,63748.425826304985,1.0
2026-05-11,80914.93279224989,63893.61691548776,1.0
2026-05-12,80792.3549480257,63796.82462325049,1.0
2026-05-13,81244.37627477125,64153.758460949684,1.0
2026-05-14,81885.73965031814,64660.20423562555,1.0
2026-05-15,80900.71250008434,63882.38801287733,1.0
2026-05-18,80843.79776132722,63837.44589416696,1.0
2026-05-19,80305.30658434542,63412.23205801656,1.0
2026-05-20,81128.35802707479,64062.14588441137,1.0
2026-05-21,81289.24606350707,64189.18941285973,1.0
2026-05-22,81608.84008020836,64441.5534322926,1.0
2026-05-26,82150.60769844454,64869.35447546562,1.0
2026-05-27,82136.37397824104,64858.11496954772,1.0
2026-05-28,82589.4896900777,65215.91297680569,1.0
2026-05-29,82795.25422926478,65378.392758817834,1.0
2026-06-01,83020.71098607303,65556.4222912343,1.0
2026-06-02,83133.45279251509,65645.44766075001,1.0
2026-06-03,82550.09182679746,65184.802872689565,1.0
2026-06-04,82862.01843384196,65431.11240355725,1.0
2026-06-05,80723.40197326631,63742.37663939353,1.0
2026-06-08,80906.17771152097,63886.70355901752,1.0
2026-06-09,80668.68271871042,63699.16816145445,1.0
2026-06-10,79396.89310450888,62694.913006036804,1.0
2026-06-11,80746.39077419878,63760.52950178169,1.0
2026-06-12,81183.08399564971,64105.3596640042,1.0
2026-06-15,82614.66726119242,65235.79417831143,1.0
2026-06-16,82122.15368607551,64846.88606693732,1.0
2026-06-17,81096.62085943243,64037.08496720672,1.0
2026-06-18,81939.78078895873,64702.87724653742,1.0
2026-06-22,81681.92217663061,64499.26193319654,1.0
2026-06-23,80495.73630421898,63562.602862898304,1.0
2026-06-24,80458.42650083652,63533.14157309371,1.0
2026-06-25,80574.74016536737,63624.98742239636,1.0
2026-06-26,79992.07745762198,63164.89400632434,1.0
2026-06-29,81309.93195593495,64205.52380801684,1.0
2026-06-30,81943.07737227,64705.480358521236,1.0
2026-07-01,81832.24906123267,64617.96596031997,1.0
2026-07-02,81724.71733350662,64533.05467410251,1.0
2026-07-06,82437.96099608115,65096.25995366374,1.0
2026-07-07,82046.22484561261,64786.92966484982,1.0
2026-07-08,81792.75048766796,64586.77633139781,1.0
2026-07-09,82485.14712135955,65133.51997611232,1.0
2026-07-10,82840.66785353677,65414.25314468043,1.0
2026-07-13,82206.42805211058,64913.43242461724,1.0
2026-07-14,82498.31331254779,65143.91651908637,1.0
2026-07-15,82825.30617814731,65402.12296093508,1.0
2026-07-16,82376.50758050445,65047.733917028614,1.0
2026-07-17,81561.2108296784,64403.94350069757,1.0
2026-07-20,81429.54220377706,64299.972769303306,1.0
2026-07-21,82108.77264628043,64836.31987104376,1.0
2026-07-22,82013.29929661355,64760.930354934106,1.0
2026-07-23,81000.49624992604,63961.18119068479,1.0
2026-07-24,81082.78998036674,64026.16356051293,1.0
2026-07-27,81100.35385397635,64040.03268668331,1.0
2026-07-28,81294.57028054551,64193.393624271506,1.0
2026-07-29,80043.65455130277,63205.621310315524,1.0
2026-07-30,81385.64594779101,64265.310557184835,1.0
2026-07-31,81971.61195286663,64728.0123868944,1.0
2026-08-03,83139.1328525586,65649.93285980975,1.0
2026-08-04,84638.04430027143,66833.5323577701,1.0
2026-08-05,84469.05915696867,66700.09503491751,1.0
2026-08-06,84334.09394775608,66593.52119153943,1.0
2026-08-07,84849.82460045017,67000.76242152866,1.0
2026-08-10,84824.58660316482,66980.83350513934,1.0
2026-08-11,84553.55508562953,66766.81634717066,1.0
2026-08-12,84765.3286717893,66934.0411092755,1.0
2026-08-13,85356.78003035847,67401.07439008645,1.0
2026-08-14,85187.7948870557,67267.63706723385,1.0
2026-08-17,84785.08131558115,66949.63857456346,1.0
2026-08-18,84212.29492973168,66497.34389113542,1.0
2026-08-19,84388.9541967102,66636.84100420694,1.0
2026-08-20,83680.10150253806,66077.1030061883,1.0
2026-08-21,84022.456043527,66347.43963178236,1.0
2026-08-24,83775.56142416697,66152.48191899048,1.0
2026-08-25,84043.30307240995,66363.90126662908,1.0
2026-08-26,84061.96133111067,66378.63456235823,1.0
2026-08-27,84612.80630298605,66813.60344138076,1.0
2026-08-28,84420.77864659912,66661.97084291013,1.0
2026-08-31,84168.39867374559,66462.6816790169,1.0
2026-09-01,83590.12693440262,66006.05554448746,1.0
2026-09-02,83961.00934196924,66298.91889680093,1.0
2026-09-03,84839.94827855425,66992.96368888467,1.0
2026-09-04,84512.95541295472,66734.75724703599,1.0
2026-09-08,84048.79513992244,66368.23801938418,1.0
2026-09-09,83658.16008856396,66059.77720178277,1.0
2026-09-10,83156.69001214919,65663.79668432637,1.0
2026-09-11,83865.54270632136,66223.53468234501,1.0
2026-09-14,83491.36371544345,65928.06821804775,1.0
2026-09-15,83108.40950177971,65625.67249231902,1.0
2026-09-16,82741.9113485965,65336.27111989442,1.0
2026-09-17,83680.10150253803,66077.10300618828,1.0
2026-09-18,83787.79436671922,66162.14153209537,1.0
2026-09-21,85086.92346614183,67187.98502152137,1.0
2026-09-22,85073.72370485877,67177.56197027864,1.0
2026-09-23,84461.0090482309,66693.7383520894,1.0
2026-09-24,84391.70694448538,66639.01468223821,1.0
2026-09-25,84850.41543411897,67001.22896705732,1.0
2026-09-28,84219.0022346766,66502.64024321652,1.0
2026-09-29,83960.49907652797,66298.51597111709,1.0
